kind	p	s1	s1_name	s1_addr	q	q_name	q_addr
false_merge	0.7725386037883412	S1-23274938	Meeniya Events Pvt Ltd	302-1 Near 14-1-86/3 Coastal Bank Road, Salipeta, Jangareddygudem, West Godavari, Andhra Pradesh	S2-278011023	MEENNIYA EVENTS  PVT	302-5 NEAR 14-1-86/3 COASTAL BANK ROAD, SALIPETA, JANGAREDDYGUDEM, <NULL>, Andhra Pradesh
false_merge	0.9735790229839201	S1-71482486	Pranaya Agrotech Limited	Dharam Nagri Road, Firozpur, Plot No. 17, Punjab, Abohar	S2-514529193	Prranaya Agrotech Limited	NO 3-75 DHARAM NAGRI ROAD, PLOT NO. 17, ABOHAR, Punjab
false_merge	0.7196173528215777	S1-543508195	Charla Baker, DPM	1377 Kings Highway, Charlotte County, VA	S3-488423665	Charla Brkle,r DPM	
false_merge	0.9948224037961272	S1-298384039	Nertie K. Hatten, DDS	837 162nd Street, South Holland, IL	S3-538444820	Nertie  Hatten, K. DCDS	837 162nd Strert, South Holland, Illinois
false_merge	0.8383556695801576	S1-560497672	Anchor Education Associates LLC	263 Five Points Road, Unit C, Dudley, NC	S3-688351347	hwworks.com	2271b 263, Five Points, Alabama
false_merge	0.9939846651539254	S1-699257832	Yamuora Industrial Public Limited	B 1201, Floor 12Th, Plot Cs777/778, B, Ratan Central, Dr. Ambedkar Road, Mumbai, Maharashtra	S3-739088061	Yamuoraer Industrial  Public Limited	B 1201, Floor 12Th, Plot Cs777/778, B, Ratan Central, Dr. Ambedkar Road, Mumbai, MH
false_merge	0.931922503940798	S1-905753182	CG Premier Alto L.L.C.	TN, 887 Greenway Drive, Collierville	S3-701101926	CGU Premier L.L.C. Alto	887. Greenway Drive, Collierville, Tennessee
false_merge	0.7659713781696968	S1-735211440	Bright Wellness Systems	6117 Loren Drive, Minneapolis, MN	S2-328654177	Bright Wellness  Systems	
false_merge	0.772643825938217	S1-260608440	Sheba's Industries	Unit 2-4, 83 Pleasant Street, MA, Marlborough	S3-676500425	Lumbeloavi	Marlborough, null, 83 Pleasant Street, Massachusetts
false_merge	0.8523961682516609	S1-393691992	Padgett, Chrysa, DPM	2220 Waterleaf Court, IL, Naperville	S2-343208622	DUM Chrysa, Padgett,	IL, 2220 WATERLEAF COURT, NAPERVILLE
false_merge	0.8635875965827827	S1-846917173	Buffalo Orthopedic Cascade Care P.C.	18 Crestwood Avenue, Fl Floor 2, Buffalo, NY	S2-600923701	Buffalo Orthopedic	
false_merge	0.8955195208774311	S1-88342298	Bangalore South (india) Limited	219, Celebrity Signature Electronic City Phase-1 Doddathoguru, Bangalore South, Bangalore, Karnataka	S3-303547166	Zephfluxlum	219, Celebrity Signature Electronic City Phase-1 Doddathoguru, Bangalore, Karnataka
false_merge	0.9811800268558284	S1-145189913	Vantio Earths L.L.C.	3128 55th Street, Kansas City, KS	S2-171585521	Vanntio Earths Llc	141 55RD ST, KANSAS CITY, KS
false_merge	0.9754889945513732	S1-75509860	Jiya Services Private Limited	2Nd Floor, Tel Mill Gali, Ram Nagar, New Delhi, Central Delhi, H. No. L-312, Delhi	S2-477545123	Jiya Private Limited Services	
false_merge	0.9613800721518206	S1-585350333	Chennai Leisure Pvt Ltd	Ground Floor, 93, Lloyds Road, Royapettah, Chennai, Tamil Nadu	S2-962247234	Chennai Medical Pvt (Ltd) - 9985329864	NO 52 GRUOND FLOOR, 93, LLOYDS ROAD, ROYAPETTAH, CHENNAI, தமிழ்நாடு
false_merge	0.9908652888657822	S1-97313812	Panache Project Private Limited	West View Bldg., Pandurang Wadi, Church, Rd, Mumbai, 3 Big Dots Hospitality Llp Shop No.2, Goregaon (East), Maharashtra	S2-608047978	Panache Proer Private Limited	
false_merge	0.9792672795632269	S1-120406199	Sarasesh Engineers LLP	Sno.12/1 Sambhaji Nagar Ashoka Soc.Thergaon, Pune, Maharashtra	S2-740722794	Saraseyx Engineers LLP	Maharashtra, SNO.12/1 SAMBHAJI NAGAR ASHOKA SOC.THERGAON, PUNE
false_merge	0.849016652571676	S1-757135093	Indrendra Rolling Private Limited	C/O Moon Devi, 1St Floor Bharat Nagar Dudauli Road, Sitapur Road, Lucknow, Uttar Pradesh	S3-618935094	Inndrendra Reolmnig Private Limited	Lucknow, UP, Door No 99 C/o Moon Devi, Lucknow
false_merge	0.7476218166855658	S1-931289683	Shiva Infra Private Limited	F-95A, 1St Floor, Manish Global Mall, Sec 22, New Delhi, South West Delhi, Delhi	S3-787006819	Smt Shiva Infra Private Limited	DL, North Delhi, H.no 6/22 Ground Floor W.e.a
false_merge	0.9873262400232768	S1-199771178	Suryaita Prime Pvt Ltd	Kubde Complex, Sheet No. 67 Ambadevi Road, Amravati, Maharashtra	S3-422568009	Surryaita Prime Pvt	Kubde Complex, Sheet No. 67 Ambadevi Road, Amravati, MH
false_merge	0.8701185644010558	S1-119370556	Pediatric Dental Innovative Physicians	170 Santa Fe Lane, Willow Springs, IL	S2-885573213	Pediatric Dental Innovative  Physicians	
false_merge	0.8832888528539925	S1-545910471	Tree Industries Group Private Limited	4/157, Lucknow, Uttar Pradesh, Vipul Khand Gomti Nagar, Lucknow	S2-774703041	Private Tree Industries Group Industries Ltd	LUCKNOW, Uttar Pradesh, 4/158
false_merge	0.9576005302864937	S1-542227129	Tech Services Private Limited	Flat No.201, Narsi Greens, Plot No.78, Tngos Colony-I, Behind Q City Road, Manikonda Jagir, Financial Dirstrict, Seri Lingampally, K.V.Rangareddy, Telangana	S3-69813270	Tech Private Limited (Services)	H.no 201, Delhi, North West Delhi, DL
false_merge	0.789617424053077	S1-815324303	FRJ Star	3712 Dunham Road, Leon, WV	S3-621898923	FRA Star (Inc.)	3712 Dunham Rd, Leon, West Virginia
false_merge	0.8877030501076385	S1-106450926	Kaverin Software Pvt Ltd	Shree Nikethanam, 222, Mavelipuram, Kakkanad, Cochin, Kerala	S3-997057459	Caverin Software Pvt Ltd	No 35 Shree Nikethanam, 222, Mavelipuram, Kakkanad, Cochin, KL
false_merge	0.8824171766064541	S1-864976773	Brighteon Consulting	16426 4100, Lindale, TX	S2-761153704	Brighteona Partners	##16426 4100, LINDALE CITY, TX
false_merge	0.9741432031595204	S1-263194715	Stone Twelve, Inc	44 Hill Brothers Road, Clancy, MT	S2-802091627	Seliga Twelve, Inc	44 HILL BROTHERS ROAD, CLANCY, MT
false_merge	0.898661883401973	S1-162291239	Novora Onfolio L.L.C.	2037 Arrowood Place, Cincinnati, OH	S3-58044498	NOVVORA ONFOLIO L.L.C.	048 Arrowood Place, Cincinnati, Ohio
false_merge	0.8058787993992338	S1-708147729	Ferrium South LLC	266 S Point Drive, Avon Lake, OH	S2-155931677	Ferritis South LLC	266 S POINT DRIVE, AVON LAKE CIY, OH
false_merge	0.9524232690322224	S1-518482738	Guru Consulting Private Limited	Floor 1, Door # 102, Ramankartha Road, Ernakulam, Kerala	S2-244669227	ഗുരു കൺസൾട്ടിംഗ് പ്രൈവറ്റ് ലിമിറ്റഡ്	FLOOR, ERNAKULAM, Kerala
false_merge	0.7991013979063818	S1-489138912	Urgent Care Complete Associates Inc.	12503 Station Road, Columbia Station, OH	S3-832163109	Urgent Care Complete Associates Inc	12505 Station Rd, Columbia Station, Ohio
false_merge	0.8235638297454834	S1-171733115	Kritesh To Private Limited	C/O Deepak Sakharam Kohakade Sr.No.2 Pl.No.19 & 20 Sopan Bag, Pune, Maharashtra	S3-585058755	Critesh To Limited Services	C/o Deepak Sakharam Kohakade Sr.no.#2 Pl.no.19 & 20 Sopan Bag, Pune, MH
false_merge	0.9950427481923968	S1-160325680	Verrial Portfolio PLLC	1080 Cr 121, Hondo, TX	S2-136427065	P.L.L.C. Verrrial Portfolio	HONDO, 108 CR 121, TX
false_merge	0.9924407808370305	S1-162933276	Shivmangal Services Limited	Satyam Shivam Sundram, Ground Floor, Opp State Bank Of India, University Road, Rajkot, Gujarat	S2-975017097	Shivmangal Services	
false_merge	0.738333777033569	S1-559277539	Madathil Traders Private Limited	Oaisha Complex, C1-185/3/New Santoshpur Road-1, Bidhangarh, Kolkata, Howrah, West Bengal	S3-820329025	Smt Madathil Traders Limited	8 Oaisha Complex, Howrah, Kolkata, WB
false_merge	0.9221579846233521	S1-529810768	Dbs Services Pvt. Ltd.	Unit No. 109, Navnidhi Industrial Estate Acharya Donde Marg, Sewri West, Mumbai, Mumbai City, Maharashtra	S3-854516090	Dbs Ltd Sérvices	
false_merge	0.9997569985009666	S1-18785411	FFE Global Bce LLC	Battle Ground, WA, 19920 104th Avenue	S2-351778855	FE GLOBAL BCE BCE L.L.C.	019920 104TH AVE, BATTLE GROUND, WA
false_merge	0.9970199098914381	S1-782615910	Gangin Global Center	278, Rabindra Sarani, 1St Floor, Kolkata, Kolkata, Howrah, West Bengal	S2-893258524	Ganngin Gcmgnolbal Center	278, RABINDRA SARANI, 1ST FLOOR, KOLKATA, KOLKATA, West Bengal
false_merge	0.7454982186973549	S1-240449062	Lumon Agnc LLC	141 Gallia Bend, Hsb Llano Co, TX	S2-802121141	Lumoyx  Agnc LLC	HORSEESHOE BAY, TX, null, 141 GALLIA BEND
false_merge	0.9909892927001493	S1-581108580	480 Second Road Owners Corp	464 Carl Fox Road, NC, Burnsville	S3-737249877	480 Second Road Owners Corp	47 Carl Fox Rd, Burnsville, North Carolina
false_merge	0.740694723894379	S1-82506829	Clyos Builders	5732 Waverly Lynn Lane, Charlotte, NC	S3-26999094	Klyos Builders	5732 Waverly Lynn Ln, Charlotte, North Carolina
false_merge	0.97955732486076	S1-361549178	Developers Atr Network Limited	124/1 Nayibasti, Bicholi Mardana, Madhya Pradesh, Indore, Janardan Prashant Patra, Indore	S3-825614544	(Limited) Developers Atr Services	No 23 Janardan Prashant Patra, 124/1 Nayibasti, Bicholi Mardana, Indore, MP
false_merge	0.8267194047861537	S1-435181768	Thermax & Co Company	Thane, Maharashtra, Thane, H No.686, Teris Navshibai Compound G B Road, Thane West	S2-732802785	Shri THERMAX & COMPANY	
false_merge	0.9922507189550216	S1-224693954	Compass Enterprises, LLC	4964 Kessler Drive, Frisco, TX	S2-706275698	Compass Llc Enterprises	
false_merge	0.8796637683729528	S1-166230874	Ne & Co	Sy No 178 Jai Maa Jivdani, Chawl, Police Colony, Palghar, Thane, Maharashtra	S2-996416346	Ne Co	
false_merge	0.815507202596422	S1-621878645	Aditya Home Private Limited	R 17 A Sector Rh 098 Life, Republic Mulshi, Mulashi, Pune, Maharashtra	S2-455601135	Adityayn Home Private Limited	R 17 A SECTOR RH 098 LIFE, REPUBLIC MULSHI, MULASHI, Maharashtra
false_merge	0.9618227588630167	S1-329369486	Malappuram Exim Private Limited	C/O Abdul Kader, Bldg No 10/405, Pookkottupalliyalil Opp. Pulluvanpadi Masjid Rd, Kalady P O, Kolatrakunnu, Malappuram, Malapuram, Kerala	S2-697239835	MALAPPURAM EXIM LIMITED	NO 27  C/O ABDUL KADER, BLDG NO 10/405, POOKKOTTUPALLIYALIL OPP. PULLUVANPADI MASJID RD, KALADY P O, KOLATRAKUNNU, MALAPPURAM, Kerala
false_merge	0.9738840115546052	S1-787329465	Shantee Cross, DMD	Unit 111, 3425 Chandler Boulevard, Phoenix, AZ	S2-479964103	Shantee Cross, DLMD	3425 CHANDLER BOULEVARD, PMB 6253, AZ, PHOENIX
false_merge	0.8027164457416055	S1-566315307	Ridge Federation	363 Oxford Street, Unit Unit 8, Rochester, NY	S3-585468134	Evovio	363 Oxford Street, # Unit 8, Rochester, New York
false_merge	0.8782785355516477	S1-793515890	EN Stock Partners	29/65, 4Th Block, Kumarapark West, Bangalore, Karnataka	S2-673210608	EZ Stock Partners	29/65, 4TH BLOCK, KUMARAPARK WEST, BANGALORE, Karnataka
false_merge	0.9704490061447987	S1-366219412	Ferrex Pet Care Inc	2521 64th Street, Town Of Grand Rapids, WI	S2-200425371	Ferrexyn Pet Care-Inc	WI, TOWN OF GRAND RAPIDS, 2521 64ND ST
false_merge	0.8687377205672044	S1-767436189	Bgr Retail Private Limited	No.135, 10Th Road Bengaluru It Park Arebinnamangala Village, Jala Hobli Bangalore, Bangalore, Karnataka	S2-775921549	Bgr Retail Limited	#13 , 10TH ROAD BENGALURU IT PARK AREBINNAMANGALA VILLAGE, JALA HOBLI BANGALORE, Karnataka
false_merge	0.9441454224245703	S1-349499786	Global (India) Marketing Private Limited	Lower Ground Floor, S-327, Greater Kailash - Ii, New Delhi, Delhi	S3-312847059	Global (India) Marketing Limited	##2 Lower Gorund Floor, S-327, Greater Kailash - Ii, New Delhi, DL
false_merge	0.9675458834193327	S1-141509141	Devendra Infra Pvt. Ltd.	Door No. 34/660, Kerala, Malapuram, 661, Main Road Chemmad, Tirurangadi, Malappuram	S2-885038784	Devendix Infra Pvt Ltd	DOOR NO. 34/660, 661, MAIN ROAD CHEMMAD, TIRURANGADI, MALAPPURAM, Kerala
false_merge	0.9297645637983084	S1-215016970	Kate Tang Solid Inc.	43 Pipetown Hill Road, Clarkstown, NY	S2-316936967	Tang, Kate Solid Inc	45 PIPETOWN HILL RD, CLARKSTOWN, NY
false_merge	0.848002935789869	S1-65663163	Interstate League Associates	9 Ocean View Street, Winthrop, MA	S3-483076580	Interstate League Associates	
false_merge	0.8016169367522945	S1-27572713	Varshesh Trading Co	Khasra No.19//14/2/2, Patti Jattan, Nh-152, New Ambala Kaithal Highway, Ambala City, Ambala, Haryana	S3-953574096	Varsheyx Trading  Co	19//14/2/13, Ambala, HR
false_merge	0.8707939372992616	S1-536006470	Jaipur India Private Limited	Rajasthan, Dhay Ka Mohlla, Ward 7, Jaipur	S3-904779131	Jaipur  India Private Limited	T - 7-9, Jaipur, RJ
false_merge	0.7756681923083103	S1-200560192	ANB Startup Ltd	Jodhpur, 10Th E Road Sardarpura, Jodhpur, Alarca House, Rajasthan	S2-454949076	Atnb Startup Ltd	#A-573 ALARCA HOUSE, 10TH E ROAD SARDARPURA, JODHPUR, Rajasthan
false_merge	0.8890609500671215	S1-944010734	Launch Industries Group	Tamil Nadu, Chennai, 5Th Floor, Block A, RatthaâS Tek Meadows, No. 51, Rajiv Gandhi Salai ( Omr ), Shol, Inganallur, Chennai	S3-236384992	M/s Launch Industries Group Group	No 7Th Floor, Chennai, TN
false_merge	0.9815644083403489	S1-95452543	Hitech Foundation Limited	440/4, Palakkadu Main Road Nsp, Kuniyamuthur, Coimbatore, Tamil Nadu	S3-750161843	ஹைடெக் ஃபவுண்டேஷன் பிரைவேட் லிமிடெட்	#733 440/15, Kuniyamuthur, Coimbatore, TN
false_merge	0.8109778513281897	S1-558810436	Peridyx Burtech LLC	1058 22nd Avenue, Longview, WA	S3-480936824	Peridyxyn LLC Services	1058 22nd Ave, Longview, Washington
false_merge	0.8740352154241822	S1-793597920	XLP Enterprises Private Limited	Satara, Plot No-9 Bhurke Colony, Sadar Bazar, 'Shivalahari', Maharashtra, Satara	S3-938714153	Enterprises XLE Private Limited	'Shivalahari', Plot No-9 Bhurke Colony, Sadar Bazar, Satara, महाराष्ट्र
false_merge	0.7419342401389978	S1-358764098	Amber LLC	31 Milner Street, MA, Waltham	S2-738436287	LLC Amber	73 ADAMS ST, MA, WALTHAM
false_merge	0.7984370285950148	S1-660212046	Cascade Partners	1316 Richland Drive, West Memphis, AR	S3-42994769	Cascade Prgesr Partners	West Memphis, 337 Richland Drive, Arkansas
false_merge	0.9063031720163464	S1-48429757	Personal Hospital Corp	Bangalore, Karnataka, Ssvr Tridax, Varthur Hobli B Block, Sy No 195/1, Balagere Village, Flat No 105, Bangalore	S2-492463278	Sri Personal Hospital Corp	
false_merge	0.9997736634073288	S1-675061988	UTT Tech Private Limited	Panipat, Haryana, Plot No. 32 Om Colony, Panipat	S2-701631583	UT  Tech Prvate Limited	PLOT NO. #32 OM COLONY, PANIPAT, Haryana
false_merge	0.9177640193131626	S1-918153260	Orbara Colombier	3523 Crossgate Circle, Colleyville, TX	S3-740941269	Orbaeon Colombier	03523 Crossgate Cir, Colleyvillle CITY, Texas
false_merge	0.9843215326802405	S1-629288945	Pediatric Dental Fresh Care, LLC	4000 14th Street, Unit 234, Phoenix, AZ	S3-455211412	Pediatric Dental Frela Care LLC	
false_merge	0.983088268252683	S1-631427337	Burks Worldwide	1516 Knowlton Street, Cincinnati, OH	S2-835691577	Burks Wormhdide	
false_merge	0.9674947444249252	S1-117218408	Clyara Index PC	19540 Puritas Avenue, Cleveland, OH	S2-866352237	KLYARA PC INDEX	19539 PURITAS AVENUE, CLEVELAND, OH
false_merge	0.9993990090593807	S1-44037033	Peridara Ford LLC	Ontario, CA, 4030 New Haven Drive	S2-904690092	LLC Perridara Ford	4030 NEW HAVEN DRIVE, ONTARIO, CA
false_merge	0.944631090204556	S1-643511938	Jai Technology Private Limited	H No.356, Kh. No-1139, 1 Flr, Bagmali, Ward 11, Hajipur, Vaishali, Bihar	S2-910515519	Jai Technology Limited	H NO.36 , KH. NO-1139, 1 FLR, BAGMALI, WARD 11, HAJIPUR, Bihar
false_merge	0.808476214495084	S1-30878864	Corinne's Productions	814 Saadi Street, Unit B, Houma, LA	S2-463566641	Corinne's Productions	
false_merge	0.8288135147794765	S1-995707665	Premier Travel PC	3640 Pillsbury Avenue, Minneapolis, MN	S2-651346872	Premier Travel  PC	
false_merge	0.9998612822424894	S1-632629181	Taraita Equipments Private Limited	Village - Mastali, P.O. - Labpur P.S. - Labpur, Dist. - Birbhum, Birbhum, West Bengal	S3-95575289	Tarraita Equipments Private Limited	Village - Mastali, P.o. - Labpur P.s. - Labpur, Dist. - Birbhum, Birbhum, WB
false_merge	0.9165539712106554	S1-666000805	Liberty Program IV	1952 Gem Drive, Unit APARTMENT 18, Hebron, KY	S2-495705014	Liberty Program WV	1952 GEM DRIVE, HEBRON, KY
false_merge	0.9287594365955992	S1-476644286	Southern Infrastructure Inc	3340 Dan Hood Road, Mint Hill, NC	S3-453749952	Southern Infrastructure	
false_merge	0.9748979292957727	S1-96138649	Jarlova Tavia LLC	151 72nd Street, Niagara Falls, NY	S3-679368456	Jarrlova Tavia LLC	56 72st Street, Niagara Falls, New York
false_merge	0.8435211531373396	S1-775382687	Devva Promoters Pvt Ltd	150 South Civil Lines, Muzaffarnagar, Uttar Pradesh	S3-669741723	Ltd Devvaer Pvt Services	No 150 Soush Civil Lines, Muzaffarnagar, उत्तर प्रदेश
false_merge	0.775768829605633	S1-170452102	Swarajya & Sons Corporation	1008 Dalamal House, Nariman Point, Mumbai, Maharashtra	S2-310914203	Sri Swarajya & Sons (Corporation)	
false_merge	0.8074831842516891	S1-301890567	Black Exports Private Limited	Uttar Pradesh, Gautam Buddha Nagar, D-11/13, Site-5, Upsidc, Kasna Industrial Area, Dadri	S3-648894970	Limited Black Exports Private (Center)	3X/5, Gautam Budh Nagar, UP, Gautam Buddha Nagar
false_merge	0.9893069228553993	S1-161099480	Dynamic Care Limited	Tamil Nadu, Chennai City Corporation, 2, Chennai, 1St Floor, Sathanipet, 2Nd Street, Maduvinkarai	S3-270307596	டைனமிக் கேர் பிரைவேட் லிமிடெட்	5, 1St Floor, Sathanipet, 2Nd Street, Maduvinkarai, Chennai City Corporation, Chennai, தமிழ்நாடு
false_merge	0.8792185951330268	S1-800544984	Quantari Hcm Corp	6330 Quadrangle Drive, Chapel Hill, NC	S2-595889104	quantaell hcm corp	6330 QUADRANGLE DRIVE, CHAPEL HILL, NC
false_merge	0.7728094303376851	S1-741553972	Eastern Innovation	27/4372 Perumanoor, Kochi, Ernakulam, Kerala	S2-849227407	Eastern Innovation	
false_merge	0.8465383228464609	S1-870923726	Bay Holding Company Inc	351 Andover Road, Billerica, MA	S3-83449873	Bay Holding Cómpany Inc	
false_merge	0.9688801654716369	S1-58514151	Kestrel Enterprises Inc	918 6th Avenue, Unit APT 2S, La Grange, IL	S2-152458646	KESTREL Enterprises	
false_merge	0.8798495704527105	S1-498194304	Sanjeevani & Sons Limited	Plot No. -23, Kh No-549, Mishrapur Lucknow, Lucknow, Uttar Pradesh	S3-372036165	Sanjeevani & Sons	Plot No.23/24, Bangalore, KA
false_merge	0.8351169800785726	S1-562270148	Clyyn Natural LLC	2539 Mayhew Drive, Unit APT, Indianapolis, IN	S3-488638892	Clyyns  Natural LLC	2539 Mayhmw Dr, Unit APT, Indianapolis, Indiana
false_merge	0.9930658135138096	S1-539124804	Marin Highland Nova P.C.	421 Vince Street, Unit 1, Village Of Pardeeville, WI	S3-816923650	Marin Highland (Nova)	
false_merge	0.9751354042659677	S1-203891296	Surgical Crystal Medicine L.L.C.	834 Revere Way, Bartlesville, OK	S2-257360575	bpub.com	834 REVERE WAY, BARTLESVILLE, OK
false_merge	0.9824227186446816	S1-587042926	Zirava Spices Private Limited	No.34, Sri Valli Graha Raman Street, T Nagar, Chennai, Tamil Nadu	S3-544598431	Zirrava Spices Private  Limited	No.34, Sri Valli Graha Raman Street, T Nagar, Chennai, TN
false_merge	0.8983739835707844	S1-431748187	Pediatric Dental Clinic Clinic	530 4th Street, Bremerton, WA	S3-997927480	Pediatric Dental	5th St, Bremerton, Washington
false_merge	0.9556890134518095	S1-201563305	Aurova Maintenance Corp	14217 109th Avenue Court, Puyallup, WA	S2-41703078	Auroari Maintenance Corp	14217 109TH AVENUE COURT, PUYALLUP, WA
false_merge	0.9903300627162167	S1-363143607	Clyan Analytics	49 Np Lake Cherokee Road, Longview, TX	S2-258994646	Klyan (Analytics)	49 NP LAKE CHEROKEE ROAD, LONGVIEW, TX
false_merge	0.7409368272090258	S1-482651326	Metro (India) India	H.No.6 3 1186 5 A, 4Th Floor, Amogh Plaza, Begumpet, Secunderabad, Hyderabad, Telangana	S2-486603366	Metro (India)	
false_merge	0.7174969989338918	S1-759503101	SC Drugs Private Limited	Plot No 63/12 1St Floor, Blk- B, Rama Road, Najafgarh Road, Delhi Industrial Area, New Delhi, West Delhi, Delhi	S2-475112379	GC Drugs Private Limited	63/12  1ST FLOOR, BLK- B, RAMA ROAD, NAJAFGARH ROAD, DELHI INDUSTRIAL AREA, NEW DELHI, Delhi
false_merge	0.7282967604680106	S1-230704358	Horn Institute of Technology	E 43/1, Pocket D, Okhla Phase Ii, Okhla Industrial Area, Delhi, New Delhi, Delhi	S3-84430604	kanwalhospital.com	New Delhi, Lodhi Road, No. 199 E-43/1, दिल्ली, Pocket D, Okhla Phase Ii, Okhla Industrial Area
false_merge	0.9439107812997688	S1-399041562	Kesteus Home Care-Lake Mills	905 Grant, Lake Mills, IA	S2-501300004	Kestex Hóme Care-Lake Mills	905 GRANT, CENTER TOWNSHIP, IA
false_merge	0.7695794657036088	S1-176166063	New Life Methodist Church	1929 Guilford Court, Norman, OK	S3-986530791	New Life Meth0dist Church Corp	1931 Guilford Ct, <NULL>, Norman, Oklahoma
false_merge	0.7746698445439287	S1-841985411	Branding Brothers Private Limited	Marathon Futurex, A-Wing, 31St Floor, Unit-3114, Mafatlal Compound, N M Joshi Marg, Lower, Parel, Mumbai, Mumbai City, Maharashtra	S3-60472657	Branding Brothers Limited	#B3/13 Marathon Futurex, Mumbai, Mumbai City, MH
false_merge	0.85633168687602	S1-838299639	Olanon Navios Inc	1258 Mires Road, Mt Juliet, TN	S3-658516507	Olanonyn Navios Inc	1258 Mires Road, Mt Juliet, Tennessee
false_merge	0.7263903210740789	S1-503311226	Prairie Starlink LLC	2946 Blue Ridge Orchard, Shelbyville, IN	S2-625736227	Prairie Starlink LLC Services	
false_merge	0.9897962366348727	S1-512665538	Paras Group of Companies Care	Tex Centre, L Wing, 3Rd Floor, 26-A Chandivali Road, Off.Saki Vihar Road Andh, Eri (East), Mumbai, Mumbai City, Maharashtra	S3-658050901	M/s Paras Group of Companies Care Company	No 91- Tex Centre, L Wing, 3Rd Floor, 26-A Chandivali Road, Off.saki Vihar Road Andh, Eri (East), Bombay, Mumbai City, MH
false_merge	0.9996431598042745	S1-16154529	Vijay Finance Private Limited	Shop No.-02, Village Khilarpur, Tijara, Alwar, Rajasthan	S2-829137445	विजय फाइनेंस प्राइवेट लिमिटेड	02, ALWAR, Rajasthan
false_merge	0.7110146036011145	S1-506204197	Rithika Logistics-Manwath	House No. 1-7-20/1, At Post Manwat, Manwath, Parbhani, Maharashtra	S3-757027216	Rithika Logistics-Manwath Limited	House No. G-1-7-20/22, At Post Manwat, Manwath, Parbhani, MH
false_merge	0.7194701672148299	S1-9177221	Drayiq Street LP	401 Main Street, Salemburg, NC	S2-96056352	LP Drayiqyn Street	401 MAIN STREET, SALEMBURG, NC
false_merge	0.9812638319783021	S1-951484347	Clyan Semiconductor, Inc.	195 Elm Street, Valley Stream, NY	S2-599793121	Klyan Semiconductor, Inc	195 1/2 ELM STREET, <NULL>, VALLEY STREAM, NY
false_merge	0.9897958227064296	S1-933725172	Bangalore Services Pvt. Ltd.	No.401, Ranka Park Apartment, Richmond Circle Lalbagh Road, Bangalore, Karnataka	S3-265015255	Bangalore  Corp Services	No 401, Bangalore, ಕರ್ನಾಟಕ
false_merge	0.8231685004530217	S1-549433249	Express Analytics Enterprises	100 Cathedral Rock Drive, Sedona, AZ	S3-555502414	Express  Analytics Enterprises	
false_merge	0.836217990745431	S1-310499298	Chandrva Technologies Limited	3-15C, Thachanur, Mallikuttai, Salem, Tamil Nadu	S3-879330612	Khandrva Tfehcsneologties-Limited	3-15C, Thachanur, Mallikuttai, Salem, TN
false_merge	0.9093700517221112	S1-744002212	Bk Rocks (India) Private Limited	Surey No 535/1, Plo No 40-46/4, Mangalam Residency Airport Ring Road, Near Nagor Road, Bhuj, Kachchh, Gujarat	S3-792958047	Bk Rocks (India)  Limited	Surey No 535/8, Bhuj, Kachchh, GJ
false_merge	0.8546104522759399	S1-34400375	Sofia's Physical Therapy	3413 Sublette Street, St Charles, MO	S3-458087471	Rhodia's Physical (Therapy)	
false_merge	0.8284089551929038	S1-397006926	Ivenance Pipeline LLC	4202 13th Street, Unit 208, Washington, DC	S2-950602589	Llc Ivenanke Pipeline	6215 THIRTEENTH STREET, WASHINGTON, DC
false_merge	0.7839897896519751	S1-504905213	Porwal India Private Limited	Plot.No-3, Office No.X-78, Akshar Business Park, Thane, Maharashtra	S3-838210493	Porwal (india) Prívate Limited	#607 Plot.no-12, Thane, Office No.x-78, Akshar Business Park, Thane, MH
false_merge	0.9527422827828103	S1-708657588	Continental Learning Enterprises Inc	5 Forest Ridge Road, Clarkstown, NY	S2-93082418	Continental Learning Enterprises	
false_merge	0.9522172948972812	S1-479550364	Raj Services Limited	912, Addor Aspire, Nr Jahanvee Restaurant, Panjarapole, Ahmedabad, Gujarat	S3-843244110	રાજ સર્વિસીસ લિમિટેડ	Dor No 912 15/217, Vasna, Ahmedabad, ગુજરાત
false_merge	0.8369904222978217	S1-496457813	Frontier Cherry	10611 Baltimore Street, Unit Suite 160, Blaine, MN	S2-183615437	Frontier-Cherry	
false_merge	0.7655660466083357	S1-815789392	Clyeon Ashford	12542 Palmaire Avenue, Glendale, AZ	S2-524196721	Clyeona Clyeona Ashford	12542 PALMAIRE AVE, GLENDALE, AZ
false_merge	0.9898626218189585	S1-388537440	Vaayuita Ng Private Limited	Biprannapara, Domjur, West Bengal, Howrah, N.H.-6 - Domjur	S2-711269899	Vaayuitta Ng  Private Limited	NO 37 BIPRANNAPARA, N.H.-6 - DOMJUR, DOMJUR, পশ্চিমবঙ্গ
false_merge	0.8677861803007584	S1-378682628	Wilmington Youth Star Church	3 8th Avenue, Wilmington, DE	S3-448842687	Wilmington (Youth)	
false_merge	0.9952386993043046	S1-848711073	Shift India Private Limited	11/5, South Tukoganj The Horijan Building, Indore, Madhya Pradesh	S2-34567051	Shri Shift India Limited	11/, SOUTH TUKOGANJ THE HORIJAN BUILDING, INDORE, Madhya Pradesh
false_merge	0.9923257639786143	S1-283826002	Ashlie Barnes, MD	6450 Double Eagle Drive, Unit 315, Woodridge, IL	S3-354290078	Ashlie Barnes,	
false_merge	0.7728314627947209	S1-948896446	Crystal Clean, L.L.C.	Springfield, MA, 55 King's Lane	S2-199022271	Crystal Clean, LLC	56 KING'S LANE, SPRINGFIELD, MA
false_merge	0.749426167290974	S1-357669682	Purdy Holdings Group	90 Glenhart Avenue, Winston, OR	S3-527959606	Purdy Holdings Group	##94 Glenhart Ave, Winston, Oregon
false_merge	0.775040623691014	S1-694641081	Tovar Dental Associates	921 Cleveland Avenue, Sherman, TX	S3-238908914	Tovar Dental	925-929 Cleveland Ave, Sherman, Texas
false_merge	0.9991543372744243	S1-486792378	Peridan Recruiting, Inc	3437 Belmont Boulevard, NC, New Bern	S3-80323649	Perridan Recruiting, Inc	3437 Belmont Blvd, NW BERN, North Carolina
false_merge	0.7677908678820325	S1-191321668	Ar Consultancy	43 A Gopal Bardi Above Sbbj Ajmer Road, Jaipur, Rajasthan	S3-71489392	Aar Consultancy	
false_merge	0.9249110140825696	S1-760620298	Pediatric Dentistry Trusted Group	4306 I8 Sunwest Lane, Carlsbad, NM	S3-67731266	Pediatric Dentistry Trusted  Group Ltd	4306 I15 Snuwest Ln, Carlsbad, New Mexico
false_merge	0.8674082044624994	S1-594863270	Dillon John LLC	9595 Woodhaven Road, Monroe Twp, OH	S2-228051317	Dillon John-LLC	
false_merge	0.8788980235782429	S1-547190702	Baker, Mullis & Robison	143 5th Street, Clinton, IN	S2-46776425	Baker, Mullis and Robison	
false_merge	0.9393273665754385	S1-106832820	Cathyleen's Iron Works Inc.	16 Moody Way, Turner, ME	S3-699011584	Cathyleen's  Works Inc Services	18 Moody Way, Turner CITY, Maine
false_merge	0.8435731095651514	S1-278668767	AI Services Ltd	196/D, Cavel Cross Lane No.7 Kalbadevi Road, Mumbai, Mumbai City, Maharashtra	S2-251101506	AI Ltd Services	
false_merge	0.7583590082239989	S1-236101366	Rosales Liberty Tactical Inc	3124 Lindale Mt Holly Road, OH, Amelia	S2-71865491	Mirairi	OH, AMELIA, LINDALE MT HOLLY RD
false_merge	0.7602705452875224	S1-704489571	Pranva Bridge Pvt Ltd	No 31, First Floor, 1St Cross Rr Layout, Nagadevanahalli, Bangalore, Karnataka	S2-57554910	Pranoro Bridge Pvt  Ltd	H.NO 31 , FIRST FLOOR, 1ST CROSS RR LAYOUT, NAGADEVANAHALLI, Karnataka
false_merge	0.7776815319735036	S1-484103479	4012 Union St Partners	30 Vivian Drive, Tucson, AZ	S2-173790932	4012 Union St Partners	
false_merge	0.9879051317561606	S1-207748532	Jarlent Space Inc	1263 Randolph Goodluck Road, Edmonton, KY	S2-342440864	Jarleix  Space Inc	EDMONTON, 1263 RANDOLPH GOODLUCK RD, KY
false_merge	0.7927470151039321	S1-874519189	Heart Committee	550 Forestview Road, Bay Village, OH	S2-699947837	Heart  Committee Ltd	55 FORESTVIEW RD, OH, BAY VILLAGE
false_merge	0.978845702322611	S1-994196407	Claudia's Foods Inc.	Temple, TX, 512 Downs Avenue	S3-764700923	Claudia's Foods Inc	525 Downs Ave, Temple, Texas
false_merge	0.9826736574516582	S1-502536030	VYD Cottons Private Limited	Kurnool, Flat No - 303, Vbr Nivas Roja Street, Andhra Pradesh, 44/86/A1, Kurnool	S3-179252335	VYYD Clottoes Private Limited (ID: 79600)	44/86/A1, AP, Kurnool
false_merge	0.8761636245992701	S1-903683454	Rapid Coastal	1142 2700, Unit M99, Salt Lake City, UT	S2-867545865	Rapid Coastal	
false_merge	0.805626196713555	S1-862166214	Radisson Group of Companies Private Limited	Sf.No 43/3, 43/4 D.No 7/395-3 First Cross Road, Sipcot Complex, Begapall, Hosur, Krishnagiri, Dharmapuri, Tamil Nadu	S3-391793913	Radisson Group Of Companies Limited	TN, Krishnagiri, Dharmapuri, Sf.no 43/16
false_merge	0.9980393907775125	S1-235852382	Lee Dome Corp	361 Broad Street, Lexington, TN	S3-184042232	Center Dome Corp	361 Broad Street, Lexington Towwnship, Tennessee
false_merge	0.7044400078780338	S1-388323228	Liberty Heritage Inc	8 Bill Brown Way, Bakersville, NC	S3-275105024	Liberty Heritage	
false_merge	0.8835245536700876	S1-35045033	Soliq Saul LLC	1360 Telegraph Street, Unit 101, Washington City, UT	S3-430504821	Solliq  Saul LLC	1362 Telegraph St, Washington City, Utah
false_merge	0.8092191803461629	S1-281087334	Regional Center	120 Stella Loop, Patrick County, VA	S2-786623992	Regional Center	PATRICK COUNTY, VA, FAIRYSTONE PARK HWY
false_merge	0.8476547593408794	S1-526048795	Graham, Bannister & Ramirez, Inc.	2010 Alder Circle, Mesa, AZ	S2-53804155	Graham, Bannister & Ramirez, Inc	2012 ALDER CIRCLE, null, MESA, AZ
false_merge	0.9234162474938884	S1-121753511	Shs International Pvt Ltd	No.2/431, Indra Nagar, Thirisoolam, Chennai, Tamil Nadu	S3-660290699	bsprivate.com	No.2/431, Indra Nagar, Thirisoolam, Chennai, TN
false_merge	0.7519223850194906	S1-197013186	Ravian Br Corp	South Delhi, New Delhi, R-12, Delhi, 2Nd Floor Frontside, Batla House, Okhla	S3-683013307	Ravian Br	
false_merge	0.9398194744152746	S1-778140060	Urgent Care Clinic Group	259 Central Avenue, White Plains, NY	S3-957348970	Urgent Care	Central Ave, PO Box 5837, White Plains, New York
false_merge	0.7900942430929057	S1-196910208	Liberty Omega PLLC	839 59th Place, Merrillville, IN	S3-491758904	Liberty  Omega	
false_merge	0.929434367367211	S1-149907748	Zephex Genetics Group	6333 Muskrat Bay Road, Cicero, NY	S2-311109332	Zephoro Ginbercs Group	6333 MUSKRAT BAY RD, BREWERTON, NY
false_merge	0.7450124318661752	S1-208631400	Creative Solutions Private Limited	29/69-70, West Patel Nagar, New Delhi, Delhi	S2-766116086	creative solutions limited	29/69-75, WEST PATEL NAGAR, Delhi
false_merge	0.9997226548619619	S1-1178598	Vantio Northwest LLC	5727 7th Street, Unit 228, Phoenix, AZ	S3-951057832	VANNTIO NORTHWEST LLC	Unit 228, Arizona, 5727- 7th St, Osborn
false_merge	0.9993919310091955	S1-27659293	Indraya Trucking Private Limited	Plot No:22, H.No.6-6-22, Near Ganesh Temple, Hayathnagar, Hyderabad, Telangana	S2-441265451	INNDRAYA TRUCKING PRIVATE	PLOT NO:22, H.NO.6-6-22, NEAR GANESH TEMPLE, HAYATHNAGAR, Telangana
false_merge	0.8485187652129738	S1-286736301	Drayova Bumrungrad	670 Nikyle Circle, High Point, NC	S3-13192385	Drayovi Bumrungrad	670 Nikyle Cir, High Point, North Carolina
false_merge	0.9978518847834675	S1-201432706	Olaniq James LLC	10 Robins Way, Lansing, NY	S3-292373190	Ollaniq  LLC Partners	10 Robins Way, Lansing, New York
false_merge	0.9972724842093686	S1-565051563	Peridan Cayman LLC	23590 Coleta Road, IL, Chadwick	S3-897998353	Perridan Cayman	3590 Coleta Road, Chadwick, Illinois
false_merge	0.7862484930526211	S1-727313472	Primary Care Green Specialists	1088 Dayton Avenue, Saint Paul, MN	S2-475989874	Arcfluxtavo	1088 B, SAINT PAUL, MN
false_merge	0.9438128145994554	S1-351754537	Life Enterprises Private Limited	Bangalore North, East Of Ngef Layout, 2Nd Main Raod, Kasturi Nagar, Bengaluru, Bangalore, Karnataka, No.317	S3-690147497	ಲೈಫ್ ಎಂಟರ್‌ಪ್ರೈಸಸ್ ಪ್ರೈವೇಟ್ ಲಿಮಿಟೆಡ್	KA, Bangalore, Gf-01 And Gf-02, Bengaluru
false_merge	0.7832156253956706	S1-109292276	Roshni Trading Corp	1316, 13Th Floor, Devika Tower, Nehru Place, New Delhi, South Delhi, Delhi	S2-316976172	Sri Roshni Trading Co	
false_merge	0.9616149506452333	S1-997264924	MF Burtech PLLC	1033 Hopedale Court, Cincinnati, OH	S2-246138625	MFB Burtech PLLC	01033 HOPEDALE CT, CINCINNATI, OH
false_merge	0.8231890863672913	S1-135108000	New Ventures Private Limited	House No 8 & 9 Block C, Ambey Garden, Village - Libaspu, R, Delhi, North West, Delhi	S3-473276134	NEW Ventures Private Limited	Block C-97 Ground Floor, North - West Delhi, DL
false_merge	0.9284857050616165	S1-835508120	Yamuesh Data Private Limited	Cabin No - 4, B8/38, Ansal Tower Nehru Place, New Delhi, Delhi, South Delhi, Delhi	S3-359945244	Yamuosh Data Private Limited	#625 Cabin No - 4, B8/38, Ansal Tower Nehru Place, New Delhi, South Delhi, Delhi, DL
false_merge	0.8772287112040154	S1-161264109	Products Vistaar Instituteprivate Corp	3A 7Th Floor Eco Space 2F/Ii New Town Rajarhat, Kolkata, Howrah, West Bengal	S3-342163138	Products Vistaar Instituteprivate Corp	
false_merge	0.8121110908024439	S1-514009126	Smith Federal	3127 Heathstead Place, Charlotte, NC	S3-52384332	Smith Faoderal	
false_merge	0.9996399518524108	S1-331513203	Suryan Developers Public Limited	83/A/2 Bhavani Nagar, Kodad, Nalgonda, Telangana	S3-962761598	Surryan Dévelopers	Door No 83/A/2 Bhavani Nagar, Kodad, Nalgonda, TG
false_merge	0.9037379955422629	S1-354510384	Solari Auto Glass Inc.	9000 Noontide Drive, Fort Worth, TX	S2-515928841	Solaria  Auto Glass Inc.	9000- NOONTIDE DRIVE, FT. WORTH, TX
false_merge	0.9650642143111666	S1-788894593	Udaan Traders Private Limited	306, Prestige Chamber 15A/1, W.E.A, Karol Bagh, New Delhi, Delhi	S3-538456921	Evoquotavo	Delhi, New Delhi, Prestige Chamber 15A/1, W.E.A Karol Bagh, 306, West Delhi
false_merge	0.7319688352467	S1-911392793	Lumio Telecommunication Inc	2981 Arroyo Drive, Fl 1, Chandler, AZ	S3-836662094	Lummio Lummio Telecommunication Inc	##2982 Arroyo Dr, PMB 9459, Chandler, Arizona
false_merge	0.807411570529791	S1-93982202	Diamond Payroll Holdings	10 Chuck Hollow Drive, Milton, NY	S2-349503975	Ltd Diamond Payroll Holdings	19 CHUCK HOLLOW DR, BALLSTON SPA, NY
false_merge	0.9005042296425724	S1-256221164	East Infotech Limited	No 1A3, Ksr Nagar, 72 Mth Road, Ambattur, Chennai, Tamil Nadu	S2-495655078	ஈஸ்ட் இன்ஃபோடெக் பிரைவேட் லிமிடெட்	#1A4, KSR NAGAR, 72 MTH ROAD, AMBATTUR, CHENNAI, Tamil Nadu
false_merge	0.8157039173953399	S1-148732681	Corner Pilates Inc.	1419 Ash Drive, Layton, UT	S3-365259631	Inc Corner Pilates	1421d Ash Dr, Layton, Utah
false_merge	0.9984015090155317	S1-572846966	Ivenium Supply PLLC	2515 Geiger Boulevard, Unit 17, Spokane, WA	S3-14157295	Ivvenium PLLC Supply	2515 Geiger Boulevard, # 17, Spokane, Washington
false_merge	0.993461063442327	S1-949954287	Ghaziabad Ventures Private Limited	C-87/1 & C-88 Site 1 Bsr Road, Ghaziabad, Uttar Pradesh	S2-409737431	Ghaziabad Ventures Limited	C-87/1 & C-88 SITE 22 BSR ROAD, GHAZIABAD, GHAZIABAD, Uttar Pradesh
false_merge	0.9859900274190471	S1-255646838	Vantify Ready	2065 Airport Road, Kalispell, MT	S3-743746795	Vantifyyn Ready	2065 Airport Rd, Kalisppell Township, Montana
false_merge	0.787985419073241	S1-868187469	Vaayutech Silks Ltd	No.584, 1St A Main Road, Ias Officer Colony, Bangalore South, Bangalore, Karnataka	S3-785407311	Vaayutecha Ltd Silks	#584, 1St A Main Road, Ias Officer Colony, Bangalore Urban, Bangalore South, ಕರ್ನಾಟಕ
false_merge	0.9818759703846194	S1-252629518	Ruiz, Gonzalez and Perez Concepts Partners	259 Parsons Road, Barker, NY	S2-124573629	NOVIHALO	259 PARSONS BOULEVARD, WHITESTOE, NY
false_merge	0.8976512011830552	S1-353608563	W B Kapp Bioscience	2600 -2799 Chamberlain Avenue, Baker City, LA	S3-135765472	W B Kapp Bioscience Co	Baker, 2600 -2810 Chabmerlain Avenue, Louisiana
false_merge	0.9617693234695454	S1-40358832	Aurus Biomedical	669 21st Street Drive, Hickory, NC	S2-626026795	Auruz  Biomedical	669 21ST STREET DR, HICKORY, NC
false_merge	0.8642775045939022	S1-498886290	Jarleus Synchrony LLC	2549 Sheffield Place, Bremerton, WA	S3-934508296	Jarleuz Synchrony	Bremerton, 2549 Sheffield Pl, Washington
false_merge	0.957984251788362	S1-487112322	Apex Neighborhood LLC	497 Road 153, Unit 1, County, WY	S2-666997921	APEX NEIGHB0RHOOD PARTNERS	01 ROAD 153, COUNTY, WY
false_merge	0.9092948622025268	S1-761171334	BSS Energy Private Limited	Gut No. 225, P. No. 17, Sambhaji Nagar, Near Subhadra Mangal Karyalaya, Nanded, Maharashtra	S2-140537928	Irievodelta	GUT NO. 225, P. NO. 17, SAMBHAJI NAGAR, NEAR SUBHADRA MANGAL KARYALAYA, NANDED, Maharashtra
false_merge	0.9682627381534704	S1-427472600	Nagavi Health Pvt Ltd	Milkar No. 42, Dnyaneshwar Colony, Pune City, Pune, Maharashtra	S3-114733584	Nagade Health Pvt Ltd	Milkar No. 42, Dnyaneshwar Colony, Pune City, Pune, MH
false_merge	0.82747250305636	S1-813583305	Anand Enterprises Private Limited	Mumbai City, Maharashtra, C/O. Mr.Mangesh Chaudhary, Mumbai, 24-Indraprasad Co-Op. Hsg Society, Near Teachers Colony, Band, Ra (East)	S3-635741056	Ciradrextavo	C/O. Mr.Mangesh Chaudhary, 24-Indraprasad Co-Op. Hsg Society, Near Teachers Colony, Band, Ra (East), Mumbai, Mumbai City, Maharashtra
false_merge	0.7793428123630459	S1-82914959	Rocky Iheartmedia	1505 24th Place, Eugene, OR	S3-242398204	Rocky Iheartmedia	
false_merge	0.9882392236892937	S1-163980733	New Delhi Placements Private Limited	F-12/1 T/F L/S, Malviya Nagar, Near Bus Tarminal, New Delhi, South Delhi, Delhi	S3-948562461	New Delhi Placements Limited	New Delhi, Malviya Nagar, Near Bus Tarminal, South Delhi, F-c-12/12 T/f L/s, DL
false_merge	0.7909130767270695	S1-241474502	Consolidated Wealth Concepts	633 Hillmeade Road, MD, Fl 0, Edgewater	S3-80288155	Consolidated Wealth Concepts	
false_merge	0.7619968917853618	S1-218135649	Beva	72 Morris Avenue, Brookhaven, NY	S3-360965757	Zephkelo	72-D Morris Ave, Brookhaven, New York
false_merge	0.710402314067009	S1-412117806	Empire Hospital	CT, Stamford, 269 Red Fox Road	S2-210595775	EMPIRE HOSPITAL	
false_merge	0.927103128981274	S1-401953193	Nagraj Consumer Private Limited	C/O Md Kaimuddin, S/O Md Kasim Jhikiya Village-Jajhat, Panch-Jajhat, Sabaila, Block-Singheshwar, Madhepura, Bihar	S2-134170907	NAGGRAJ CONSUMER LIMITED LIMITED SERVICES	NO 9-2 C/O MD KAIMUODIN, S/O MD KASIM JHIKIYA VILLAGE-JAJHAT, PANCH-JAJHAT, SABAILA, BLOCK-SINGHESHWAR, Bihar
false_merge	0.7757327541035357	S1-198101753	Lyrify Crumrine LLC	300 Water Street, Unit 311, Mobile, AL	S3-173747575	LLC Lyrrify Crumrine	03 Water St, # 311, Mobile, Alabama
false_merge	0.9985071489314913	S1-588441137	Devya Deals	A-5/4 Block-A Kalindi Housing Estate South Dumdum(M) Lake Town North 24 Parga, Nas, Kolkata, Parganas North, West Bengal	S3-183754917	Devvya Déals	A-5/4 Block-a Kalindi Housing Estate South Dumdum(m) Lake Town North 24 Parga, Nas, Parganas North, Kolkata, WB
false_merge	0.8130408115725144	S1-917247215	Caldos Purpose Inc.	839 80th Street, Chicago, IL	S3-40228800	Kaldos Inc. Services	839 80nd Street, Chicago, Illinois
false_merge	0.7012418902810348	S1-999019260	Vaayuam India Limited	396/ 14, Ground Floor, Malapparamba Junction, Kozhikode, Kerala	S3-610185349	Limited Vaayuamm India	##396/ 15, Ground Floor, Malapparamba Junction, Kozhikode, KL
false_merge	0.7914879828015402	S1-511071808	Vidyapati (India) India Limited	Meerut, House No. 747 3 Floor, Uttar Pradesh, Sector-3	S3-267750378	Vidyapati (India) Índia LLP	House No. 747 14 Floor, Sector-3, Meerut, UP
false_merge	0.8129364947896421	S1-146648619	Desert Institutions	Conover, 210 Lap Road, NC	S2-886038541	Desert  Institutions	
false_merge	0.8062946358588684	S1-676951806	Kuhn, Dunne and Thomason Stifel	11852 Mt Vernon Avenue, Unit UNIT 431, Grand Terrace, CA	S2-30609651	Kuhn, Dunne and Thomason Stifel	
false_merge	0.9993609866647722	S1-79117481	Drishti Group of Companies	Sirsa, Haryana, C/O Ravi Kumar, Sirsa, H. No 15/246 Barnala Road, U Bansal Colony	S2-622714031	Drishti Group of Companies	44 C/O RAVI KUMAR, H. NO 15/246 BARNALA ROAD, U BANSAL COLONY, SIRSA, Haryana
false_merge	0.9264781797688116	S1-212995828	Brightyn Total	328 Broad Street, Fl Floor 2, Tonawanda, NY	S3-785215748	Brightyns Tótal	328 Broad St, Fl. Floor 2, Tonawanda, New York
false_merge	0.9552913554159329	S1-994225239	ZD Diamond Crest	502 5th Avenue, Texas City, TX	S2-691020029	VIOQUO	502 5TH AVENUE, WATERVLIIET CITY, NY
false_merge	0.892102127067222	S1-490985842	Pahuja Trust	D 203, Skyways Esfera, Porwal Road, Lohegaon, Pune City, Pune, Maharashtra	S2-333843024	Pahuja Company Trust	
false_merge	0.9097687323205349	S1-78596753	KM Supreme Burtech	706 1/2 53rd Street, Austin, TX	S3-950384307	KMV 5upreme	00706 1/3 53st St, Austin, Texas
false_merge	0.9782789882178046	S1-844902383	Brewer Center Inc	42037 Mill Road, Port Orford, OR	S2-218349457	Brewer Center	
false_merge	0.9014924780983322	S1-479167715	Lumari Storage Partners	45 S Temple Street, Unit 403E, Salt Lake City, UT	S2-520677637	Lumaria	20 S TEMPLE STREET, SALT LAKE CITY CDP, UT
false_merge	0.7306989763305439	S1-321846929	Summers Anchor Orange Inc.	17 Telegraph Hill Road, Falmouth, MA	S3-822019328	Summers Anchor Orange Inc.	30 Telegraph Hill Rd, Falmouth, Massachusetts
false_merge	0.8329636246856374	S1-59381864	Noveon Mexico PLLC	13108 Grant Road, Unit 0, Lemont, IL	S2-11035493	The Novveon Mexico PLLC	13109 GRANT ROAD, LEMONT, IL
false_merge	0.9997271559310899	S1-300119988	RB Enterprises Private Limited	H 77/14 3Rd Floor Back Side Batla House Jamia Nagar Okhla South Delhi Delhi, South Delh, South Delhi, Delhi	S3-800747498	RBB Enterprises Pritvne Limited	H 77/14 3Rd Floor Back Side Batla House Jamia Nagar Okhla South Delhi Delhi, South Delh, South Delhi, दिल्ली
false_merge	0.7463996225789652	S1-587753208	Joiner Phoenix Inc.	1128 7th Street, Nashville, TN	S3-405008592	Joiner Phoenix | www.joinerpho.com	
false_merge	0.862913060114876	S1-85925141	Star Infotech Private Limited	Godown No. 101, 102, 103, 104, 201, 202, Building No. Ap-3, Shree Rajlaxmi Commercial Complex, Agra Road, Village Kasheli, Taluka Bhiwandi, Thane, Maharashtra, Bhiwandi, Thane, Maharashtra	S2-468139056	स्टार इंफोटेक प्राइवेट लिमिटेड	H NO 15 (B) DABHAD TALUKA BHIWANDI, BHIWANDI, THANE, Maharashtra
false_merge	0.9831635404319973	S1-198450951	Ivenis Sea PC	522 44th Avenue W, Tulsa, OK	S2-354384470	IVENIZ SEA PC	522 44ND AVE WEST, TULSA, OK
false_merge	0.7883108414431623	S1-317347912	Araujo, Karyn, M.D.	19606 Ellison Avenue, Douglas County, NE	S2-453900961	Araujo, Karyn,	
false_merge	0.9965102788889633	S1-184565755	LLB Holdings	Mahabubnagar, Mahbubnagar, Telangana, 1-5-73/8, New Town, Crown Function Hall Lane, Mgh Ss-Iv-1	S3-170231377	LB Holdings	Mgh Ss-iv-9-12, 1-5-73/8, New Town, Crown Function Hall Lane, Mahbubnagar, TG
false_merge	0.8856365886074508	S1-402949284	Nagraj Shipping Private Limited	Bihar, Patna, Bihar Veterinary College	S3-5188642	Naggraj Limited Private Shipping	No 24 Bihar Veterinary College, Patna, BR
false_merge	0.9005431837325982	S1-594150047	Naina Cotton Private Limited	Telangana, Tejha Residency, Tirumalagiri, Flat No. 401, Sbi Road, Huda Colony, Hyderabad	S2-436781219	>> Naina Cotton (Limited)	NO 84 TEJHA RESIDENCY, TIRUMALAGIRI, HYDERABAD, Telangana
false_merge	0.9949684138470349	S1-149927547	Meraki Engineering Private Limited	West Bengal, Boangaon, Parganas North, Boangaon North 24 Parganas, Hospital Kalibari	S3-294220317	Meraki Engineering (Limited)	H.no 43 Hospital Kalibari, Boangaon North 24 Parganas, Boangaon, Parganas North, WB
false_merge	0.9644534741722751	S1-322180728	Engracia Howard, DPM PC	409 Tapestry Park Drive, Unit 831, Chesapeake City, VA	S3-849758264	Engracia Howard, DM PC	Unit 831, Virginia, Chesapeake, 0411 Tapestry Park Drive
false_merge	0.994426666208947	S1-261031396	South Innovative Liquor Inc.	2431 Wilton Avenue, Dallas, TX	S3-498953524	South Innovative Liquor	
false_merge	0.8494483531234662	S1-233784696	Vanteus Metal Works	MO, Saint Louis, 1 Lynne Court	S2-763413683	VANTEUZ METAL WORKS	1 LYNNE CT, SAINT LOUIS, MO
false_merge	0.9790701280146896	S1-107585328	Simba International Ltd	New Delhi, B-4/13, 2Nd Floor, Main Wali Nagar, Paschim Vihar, H.No., Delhi, West Delhi	S2-474103230	Simba International	
false_merge	0.7568381290056161	S1-791872521	Thiruvananthapuram (india) Private Limited	5Thflr Amstor Annexe Bldg, Technopark Phase 1, Thiruvananthapuram, Thiruvananthapuram, Trivandrum, Kerala	S2-27336280	ITHIRUVANANTHAPURAM.COM	1, THIRUVANANTHAPURAM, TRIVANDRUM, Kerala
false_merge	0.803717854698485	S1-211815632	Katheryn B. Woods, O.D.	Yuma, AZ, 871 4th Avenue	S2-597387136	Katheryn B. Woods, O.D. LLC	87 4TH AVE, null, YUMA, AZ
false_merge	0.9507354983363948	S1-230285166	Internal Medicine Care Associates Care	Eddyville, IA, 18635 63	S3-182769871	Internal Medicine Care Care (Associates)	
false_merge	0.7615204532319321	S1-315092007	Roopendra Lime Private Limited	Unit No B 1 Regency Plaza, Ulhasnagar, Kalyan, Thane, Maharashtra	S2-384525900	ROOPENDRAYN LIME LIME PRVTAE LIMITED	UNIT NO B 1 REGENCY PLAZA, ULHASNAGAR, KALYAN, Maharashtra
false_merge	0.8640777732619475	S1-98543513	Capital Paper	443 Fisher Farm Court, China Grove, NC	S2-872342294	CAPITAL PAPER,	
false_merge	0.7987701580817267	S1-115696685	Oxley Blue Sachs Inc.	5430 Pearl Street, Graceville, FL	S2-806691241	Oxley Blue Sachs Inc	5431 PEARL STREET, GRACEVILLE, FL
false_merge	0.9275834114435755	S1-610431918	SU Modern Madison Clinic	8515 Imperial Court, Florence, KY	S2-978699215	SUW Modern Mádison Clinic - 5693038175	8515 IMPERIAL COURT, PMB 3684, FLORENCE, KY
false_merge	0.799211905299598	S1-686828222	Devva Consultancy Private Limited	H.No. 13489, Gali No. 7 Near Red Cross Balbhawan, Ganesha Basti, Bathinda, Punjab	S2-443359175	Devvaer Consultancy Private Limited	13489 , GALI NO. 7 NEAR RED CROSS BALBHAWAN, GANESHA BASTI, BATHINDA, Punjab
false_merge	0.9099345679523908	S1-803608344	Ivenova Telecommunication	16830 Rankin Avenue, Dunlap, TN	S2-19189243	IVENOVI CENTER	016830 RANKIN AVE, DUNLAP, TN
false_merge	0.7772154384874524	S1-850838285	Daniels Brewing	3741 Edgewater Boulevard, Vermilion, OH	S2-762331512	DANIELS  BREWING,	
false_merge	0.8309120241800528	S1-547101895	Vision Institute of Technology Ltd	F.L. No-4, Bhaskar Plaza, 3Rd Floor, Shahupuri, Kolhapur, Maharashtra	S2-402218926	Mr Vision Institute of Technology [Limited]	
false_merge	0.9525341801772752	S1-40916374	BBQ Traders Private Limited	C/O-Sidhartha Kumar Das, At-Talapada, Dhamnagar Blo, Dhamnagar, Bhadrak, Orissa	S2-505517753	BQ TRADERS PRIVATE  LIMITED	NO 45 C/O-SIDHARTHA KUMAR DAS, AT-TALAPADA, DHAMNAGAR BLO, DHAMNAGAR, Odisha
false_merge	0.8914981347889598	S1-121865781	Gujarat & Sons	Flat No-G 1054 12Th Avenue Gaur City -2, Sector-16 C Greater Noida, Uttar Pradesh, Gautam Buddha Nagar, Uttar Pradesh	S3-876513472	Gujarat & Sóns	
false_merge	0.7187452542290019	S1-676389237	DKD Better Idea	182 Cottonwood Drive, Toquerville City, UT	S3-424223356	DKM  Better Idea	95 Cottonwood Drive, Toquerville City, Utah
false_merge	0.9962246197253538	S1-200605614	Brightay Trailblazer LLC	411 Fifth Street, Toronto, OH	S2-135928740	brrightay trailblazer llc	411. 5TH STREET, TORONTO, OH
false_merge	0.7470140606609483	S1-930749109	Choice Harbors	5728 Jones Valley Drive, Huntsville, AL	S3-347402389	CHOICE HARBORS CO	5729 Jones Valley Dr, PMB 9317, Huntsville, Alabama
false_merge	0.8800484743041962	S1-100228174	Eco & Sons Private Limited	Apte House, 2Nd Floor, Pandita Ramabai Road, Bombay -7., Mumbai, Maharashtra	S3-644939022	Eco & Sons Limited	0079 Apte House, 2Nd Floor, Pandita Ramabai Road, Bombay -7., MH
false_merge	0.9023304109077751	S1-397238010	Family Physicians	1463 Hudson Street, Ogden City, UT	S3-678805770	Family Physicians Corp	1465 Hudson St, Ogden City, Utah
false_merge	0.9749964400650643	S1-871352632	Roopya Memorial Pvt Ltd	Ahmedabad, Nehru Park. Op.H. Society Ltd. Opp. Bhairavnath Mandir, Kankariya, Gujarat, 14, Ahmedabad	S3-369600116	Pvt Roopique Mémorial Ltd	Hn 447 14, Nehru Park. Op.h. Society Ltd. Opp. Bhairavnath Mandir, Kankariya, Ahmedabad, GJ
false_merge	0.977784903343699	S1-911437606	New Delhi (india) Partners	Rz 58 B Khasra No 92/5 And 92/6/1, Gali 13, Sadh Nagar, Palam Colony, New Delhi, South West Delhi, Delhi	S3-180018801	New Delhi India Limited Partners	
false_merge	0.7305185885172962	S1-333527720	# 1 ZB Roman LLC	7416 26th Avenue, City Of Kenosha, WI	S3-39581557	# 1 ZH Róman LLC	7416 26st Avenue, Kenosha, Wisconsin
false_merge	0.9034779541720132	S1-568648538	CBS Products Pvt Ltd	Fl 402 Radhika Chs Ld, Plot 55 Gulmohar Road, Mumbai, Maharashtra	S3-734120891	Mr Cbs Pvt Ltd Partners	
false_merge	0.8508630794603923	S1-907032736	Buchholz Sterling Oil Inc	6950 Mcglade School Road, Dresden, OH	S2-906153062	Buchholz Sterling Services Inc	##6952 MCGLADE SCHOOL ROAD, DRESDEN, OH
false_merge	0.996813190927713	S1-388122677	Sai Energy Private Limited	No.14/2, 3Rd Floor, Parsn Commercial Complex, 600, Mount Road, Chennai, Tamil Nadu	S3-221222694	Nexiribelo	14/2, Chennai, தமிழ்நாடு, 3Rd Floor, Parsn Commercial Complex, 600, Mount Road, Chennai
false_merge	0.9159397847263145	S1-251093177	Valley Media	3298 Fort Lincoln Drive, Unit 215, Washington, DC	S2-401459197	Valley Média	
false_merge	0.8716777739454336	S1-456142542	Indore Collectives Private Limited	30 Manavta Nagar, Indore, Madhya Pradesh	S2-952898389	Novinovivera	DOOR NO 30 MANAVTA NAGAR, INDORE, Madhya Pradesh
false_merge	0.9834964183999736	S1-510511202	ZUO Infrarealty Private Limited	Flat No-A103, Aldea Anexo, Phase 4 Puranik Society N, Haveli, Pune, Maharashtra	S3-795272985	ZUOZ Infrarealty Private (Limited)	Flat No-a103, Pune, MH
false_merge	0.7898197373739165	S1-305785810	Mulund West Services Private Limited	A-1602 Park Royale M M Malviya Road, Mulund West, Mumbai City, Maharashtra	S3-276511013	Mulund (West) Private Limited Services	
false_merge	0.9914688754202167	S1-375755664	Nagan Techno Private Limited	Maharashtra, C/O. Shri. Kiran Sudhakar Karandikar, Ganpur, 414/49, Ganpur, Tal.Chopda, Dist.Jalgaon, Jalgaon	S2-406643328	NAGGAN TECNHO PRIVATE  LIMITED	NO 7 C/O. SHRI. KIRAN SUDHAKAR KARANDIKAR, 414/49, GANPUR, TAL.CHOPDA, DIST.JLAGAON, GANPUR, Maharashtra
false_merge	0.9197733491582681	S1-780663442	United Consulting Private Limited	Howrah, P.K. Guha Road, Flat -3B, Kolkata, Kolkata, West Bengal, 376/4B	S3-246774515	ইউনাইটেড কনসাল্টিং প্রাইভেট লিমিটেড	Fl-4 A, Kolkata Region, Kolkata, WB
false_merge	0.8026070932909452	S1-435020601	Olanent Physical Therapy LLC	132 Arthur Avenue, South Floral Park, NY	S2-747874455	Olanenta Physical Therapy LLC	132 ARTHUR AVE, FLORAL PARK, NY
false_merge	0.7735600367289392	S1-146173080	Sashakt Sangh	C/O Mr. Ashok Kumar, H. No.8, Plot No.18, Vill Sultanpur Colony, Mehrauli, New Delhi, Delhi	S3-704585011	Sashakt LLP Sangh	H. No.8, Plot No.18, Vill Sultanpur Colony, Mehrauli, #D/7 C/o Mr. Ashok Kumar, New Delhi, दिल्ली, New Delhi
false_merge	0.7180492274504022	S1-409622718	J G Robbins Entergy of Alcoa LLC	511 Louisville Road, Alcoa, TN	S2-845151870	hralcoa.com	##1728 LOUISVILLE ROAD, ALCOA, TN
false_merge	0.9846114845802276	S1-238408525	Fresh Valley Argentina Inc	NY, 8857 53, Wheeler	S2-79902788	... FRE	8857 53, BATH, NY
false_merge	0.8308699641114575	S1-197039445	First It Private Limited	N 18-18/1-1, 6Th Floor, Indiqube South Summit, South End Road, Vijayarangam Layout, Bangalore South, Bangalore, Karnataka	S2-707156714	First It Limited	NO 649 N 18-18/1-2, 6TH FLOOR, INDIQUBE SOUTH SUMMIT, SOUTH END ROAD, VIJAYARANGAM LAYOUT, BANGALORE SOUTH, ಕರ್ನಾಟಕ
false_merge	0.8682032885800551	S1-699033806	Innovative Agro Private Limited	Bangalore, Gar, Jenukal Park Ridge Apartment, Karnataka Layout 1St Stage, Kurabarahalli, Vivekna, No.25, Karnataka	S2-671931789	ಇನೋವೇಟಿವ್ ಅಗ್ರೋ ಪ್ರೈವೇಟ್ ಲಿಮಿಟೆಡ್	NO 1/A, BANGALORE, ಕರ್ನಾಟಕ
false_merge	0.9912972922163509	S1-13710716	Alpha Industries Group	C-1/217 Th/F Plot No-217, New Kondli, East Delhi, Delhi	S3-836733153	Shri Alpha Industries Group Group	C-1/217 Th/f Plot No-230, East Delhi, दिल्ली
false_merge	0.7975731674258576	S1-560165273	Mumbai Bellows Private Limited	Maharashtra, Bharat Diamond Bourse, G Block, Bandra Kurla Complex, Bandra (E), Gw 4010, Mumbai, Mumbai City	S2-982202092	Mumbai Belers Private Limited	
false_merge	0.9035982741347915	S1-349978922	Botlagudur Solutions Private Limited	#7-184, Botlagudur, Prakasam, Andhra Pradesh	S3-104584199	Botlagudur Solutions Limited	AP, #7-186, Botlagudur, Prakasam
false_merge	0.9239675095450957	S1-107022966	W & S Harbors LLC	9112 Bradstreet Commons Way, Charlotte, NC	S2-760416763	BBS	N/A, CHARLOTTE, BRADSTREET COMMONS WAY, NC
false_merge	0.9992769984265159	S1-984184924	Indriya Technologies Private Limited	Suite 623 Tower 2A North Annex The Business Quarter, One World Centre Senapati Bapat Marg Lower Parel, Mumbai, Maharashtra	S3-296070550	Inndriya Inndriya Technologies (Private)	Suite 623 Tower 2A North Annex The Business Quarter, One World Centre Senapati Bapat Marg Lower Parel, Mumbai, महाराष्ट्र
false_merge	0.9810134770928779	S1-842454192	Vantora Opportunity, LLC	10 Lagoon Road, Ware, MA	S2-529432223	Vanntora Opportunity,	23 LAGOON RD, WARE, MA
false_merge	0.9994198329944814	S1-203552524	Aarvva Intercontinental Limited	F No.103 T/F Sheikh Sarai, New Delhi, South Delhi, Delhi	S3-995435305	Aarrvva Intercontinental Limited	F No.103 T/f Sheikh Sarai, New Delhi, South Delhi, DL
false_merge	0.9046262584527555	S1-959430867	Ujjaendra Services Private Limited	C-1070 1St Floor, Indira Nagar Aravali Marg, Lucknow, Uttar Pradesh	S3-513881852	Ujjaendra Private Limited Services	
false_merge	0.8643623120490479	S1-510094609	Sarasiya Mind Private Limited	603, 6Th Floor, Barton Centre No. 84, M G Road, Bengaluru, Bangalore, Karnataka	S2-425608510	Saraziya Mind Private Limited	#8-51 603, 6TH FLOOR, BARTON CENTRE NO. 84, M G ROAD, BENGALURU, Karnataka
false_merge	0.8572456537547565	S1-275526442	Trudey's Iron Works	117 Donelson Pike, Unit 201, Nashville, TN	S2-801340524	Vioquojax	117 DONELSON PIKE, NASHVILLE, TN
false_merge	0.8680903017517329	S1-200554536	Mumbai Infracon	Palais Royale, Cs No. 288, 289, Part 1, 1540/2, 1540 Part & 3, 1540 Part, Plot No. 5B 6, Worli Estate, Lower Parel, Mumbai, Maharashtra	S2-588638829	Mumbai Infracon LLP	NO 50 PALAIS ROYALE, CS NO. 288, 289, PART 1, 1540/2, 1540 PART & 3, 1540 PART, PLOT NO. 5B 6, WORLI ESTATE, LOWER PAREL, MUMBAI, महाराष्ट्र
false_merge	0.9379597964092431	S1-236745423	Premier Intelligence Works	15 New Hampshire Street, Unit Apartment 107, Plattsburgh, NY	S3-732757439	Premier Íntelligence Works	
false_merge	0.8330559787093589	S1-434702	Chandransh Services Private Limited	House No. 2C/3342, Court Road, Gill Colony, Saharanpur, Uttar Pradesh	S2-600120529	Khandransh Sfvmies Private Limited	HOUSE NO. 2C/3342, COURT ROAD, GILL COLONY, SAHARANPUR, Uttar Pradesh
false_merge	0.9802711974836219	S1-116254301	Indrtech Home Private Limited	H No 1-9-278/49/C/1/A/1 N Ew Balaji Nagar, Near Ram Nagar Gundu, Musheerabad, Hyderabad, Telangana	S2-542454491	indrtell home private limited	Telangana, H NO 1-9-278/49/C/1/A/ N EW BALAJI NAGAR, NERA RAM NAGAR GUNDU, MUSHEERABAD
false_merge	0.9759962415129678	S1-913312062	Trusted Sterling Fund Inc.	VA, Unit APT 305, Roanoke City, 2554 Orange Avenue	S3-30536516	Inc Trusted Sterling Fund	# APT 305, Virginia, 2565 Orange Avenue, Roanoke City
false_merge	0.9975611224374156	S1-221684922	Mindworks Multitrading Pvt. Ltd.	C-17/2, 1St Floor, Wairpur Industrial Area, Delhi, North West Delhi, Delhi	S2-762487120	Smt Mindworks Service Pvt. Ltd.	C-17/, 1ST FLOOR, WAIRPUR INDUSTRIAL AREA, DELHI, Delhi
false_merge	0.773061917290303	S1-738739298	Vaayutech Cigarettes	Bihar, Ward No-13, 3Rd Floor, Opposite Masjid, Muzaffarpur, Prabhat Nagar	S3-464907234	Vaayutecha Cígarettes	Prabhat Nagar, Ward No-13, 3Rd Floor, Opposite Masjid, Muzaffarpur, BR
false_merge	0.7966908013111705	S1-770144491	4786 Fourth Lane Owners Corp	9512 Cedarhurst Lane, Unit A, Highlands Ranch, CO	S3-588792595	4786 Fourth Lane-Owners Corp Corp	9514 Cedarhurst Ln, Unit A, Highlands Ranch, Colorado
false_merge	0.7198494291678782	S1-370753654	Novay Silverbox LLC	2612 Upper Mountain Road, Lewiston, NY	S3-761968036	NOVAYYN SILVERBOX LLC	261 Upper Mountain Rd, Lewiston, New York
false_merge	0.9450190227477355	S1-592658081	Tarini Foundation	731 10Th Main 34Th Crossjayanagar 4Th Block, Bangalore, Karnataka	S3-8154822	Tarini Foundation LLP	35 10Th Main 34Th Crossjayanagar 4Th Block, Bangalore, KA
false_merge	0.8941365268344246	S1-689374492	Stoltzfus Legacy Australia LLC	11905 Bambi Court, Gaithersburg, MD	S2-835679117	Stoltzfus Legacy	
false_merge	0.9907147404354818	S1-892539543	H+ Leapfrog	IN, 115 State Street, Francesville	S3-673003547	H+ Leapfrog	
false_merge	0.9411700425453885	S1-286719327	Red Ventures Private Limited	Chennai, Tamil Nadu, Chennai 35, 50 1St Main Roadcit Nagar Chennai 35	S3-849921080	Red-Ventures Limited	#63 1St Main Roadcit Nagar Chennai 35, Chennai 35, Chennai, TN
false_merge	0.9995563433764524	S1-203519583	Auriq Dte LLC	18408 E Limestone Road, Athens, AL	S3-561407006	L.L.C. Aurriq Dte	18408 East Limestone Rd, PO Box 8350, Athens, Alabama
false_merge	0.8465723812427389	S1-571035211	NBT Services	2 Russel St, Kolkata, Howrah, West Bengal	S3-921004620	NBTX Services [Ltd]	Door No 2 Russel St, Calcutta, Kolkatta, WB
false_merge	0.9891087996751513	S1-12498517	Indraya Solutions Private Limited	D.No.4-42-21A, Synic School, P&T Colony, Tadepalligudem Wg Dist, Andhra Pradesh	S2-660969004	Inndraya Solutions Private	D.NO.004-42-42A , SYNIC SCHOOL, P&T COLONY, Andhra Pradesh
false_merge	0.9992603303787293	S1-706182609	Lyran Payments LLC	2 Country Way, CT, Wallingford	S2-272101287	Lyrran Páyments LLC	2 COUNTRY WAY, WALLINGFORD, CT
false_merge	0.8927599037244786	S1-992343653	Juliette Langman, DPM	4935 1st Street, Tucson, AZ	S3-252636794	Juliette Langman,	
false_merge	0.9880411875269134	S1-129768167	Bellanca's Diner	602 15th Street, Erwin, NC	S2-113820386	co bellanca's diner	60 15TH STREET, ERWIN, NC
false_merge	0.7607089530230695	S1-929314915	Jarlio Sciences Corporation	7953 Us Highway 60, Republic, MO	S2-710541636	Jarrlio Sciences	7954 US HIGHWAY 60, REPUBLIC, MO
false_merge	0.7301672965127662	S1-616173030	Vantyn Live Corp	1207 Hoffman Road, Unit Apartment 2B, Elmira, NY	S3-911808916	Vanntyn Liive Corp	Elmira, # Apartment 2B, New York, 1210 Hoffman Road
false_merge	0.9543493671475382	S1-836794026	Pediatric Ace Group	Republic, 155 Peach Tree Lane, MO	S2-93634160	Pediatric Ace Group	156 Peach Tree Ln, REPUBLIC, MO
false_merge	0.727745668650499	S1-272199	Halceus Starry	New Bedford, 74 Rockland Street, MA	S2-574124854	halceusyn halceusyn starry	74 ROCKLAND STREET, NEW BEDFORD, MA
false_merge	0.7553260418038582	S1-135084719	Seven Food Private Limited	P. No. 2, F. No. 10, 1St, Marredpally, Secunderabad, Secunderabad, Hyderabad, Telangana	S3-999652794	Haloorbi One	P. No. 2, F. No. 10, 1St, Marredpally, Secunderabad, Secunderabad, Hyderabad, Telangana
false_merge	0.7791873738562506	S1-150294809	Regional, Inc	3601 Prairie Wind Street, SD, Sioux Falls	S2-420808356	Regional Services	OXBOW AVENUE, SIOUX FALLS, SD
false_merge	0.9882175303933264	S1-768260342	Muth, Karlin and Eakins Inc.	2011 Warren St, Davenport, IA	S3-304786921	Muth, Karlin and Eakins Inc	203 Warren St, Davenpoort CITY, Iowa
false_merge	0.775672749864191	S1-721143790	Peridos Taiwan LLC	MT, Glendive, 21 Yucca Lane	S2-300459853	Peridoz Taiwan	21 YUCCA LANE, GLENDIVE, MT
false_merge	0.9479473083343466	S1-730736555	Vaayuora Enterprises Private Limited	1401, Oahfeo Workspace Impose, Tower 2, Dlf Corporate Greens, Sector-74 A, Narsinghpur, Gurgaon, Haryana	S2-482542947	Vaayuoyx Enterprises-Private Limited	1401., OAHFEO WORKSPACE IMPOSE, TOWER 2, DLF CORPORATE GREENS, SECTOR-74 A, NARSINGHPUR, हरियाणा
false_merge	0.9362552281928752	S1-687532967	Great Signature Pegasus LLC	272 Rebecca Drive, Haleyville City, AL	S3-760883103	Great  Signature Pegasus Corp	272 Rebecca Dr, Haleyville City, Alabama
false_merge	0.8229144225096648	S1-16734075	Gabriela Robinson Black LLC	118 Brookmoor Road, West Hartford, CT	S2-898675565	Gabriela [Robinson]	
false_merge	0.9302761648295185	S1-110363248	KU Securities Clinic	68 V O C Colony Ellai Thottam Road, Peelamedu, Coimbatore, Tamil Nadu	S2-276695957	Securities KH Clinic	##68 V O C COLONY ELLAI THOTTAM ROAD, PEELAMEDU, COIMBATORE, Tamil Nadu
false_merge	0.7847404399745296	S1-103990317	Montic Xcel LLC	217 Rita Road, Ortonville, MN	S2-546439573	Montica Xce1 LLC	217 Rita Road, ORTONVILLE, MN
false_merge	0.7239864985800389	S1-445592699	Arihant Systems Private Limited	I-48, Delhi, Jaitpur Road Saurabh Vihar, New Delhi	S3-572336447	Ariacira	048, Delhi, DL, New Delhi
false_merge	0.7335820158117894	S1-948352457	Glyphance Engineering	3426 136th Street, Robbins, IL	S3-290800756	Glyphancea Engineering	#3433 136th Street, Robbins, Illinois
miss:not_in_candidates		S1-476764880	New Delhi Products Public Limited	Sfs No - 210, Pkt B, New Delhi, South Delhi, Delhi	S3-910074578	New Delhi Products Public	
miss:not_selected	0.6878214773993684	S1-995458578	NI Valley Cohen, Inc	1921 Drexel Road, Greensboro, NC	S2-270868028	Nl Valley Cohen, Inc	1921A DREXEL ROAD, GREENSBORO, NC
miss:assigned_elsewhere	0.9780811304656211	S1-340850691	Smith, Gonzalez and Payne Altenergy	Unit 43A, DC, 400 Taylor Street, Washington	S3-761256730	Koravi	400 Taylor Street, # 43A, Washington, District of Columbia
miss:not_in_candidates		S1-245846370	Hitech Ventures Limited	Plot No.22, 1St Street, Esic Nagar, Tiruvallur, Tamil Nadu	S3-771969420	Hitech Limited Services	Plot No.22, Tiruvallur, TN
miss:not_in_candidates		S1-651312009	Commission on Motor Vehicles	121 Prairiesmoke Circle, Whitefish, MT	S2-234674434	Commission on Motor Vehicles [LLC] Enterprises	
miss:not_in_candidates		S1-632245982	Smart Laxmi Constructions	Uttar Pradesh, 6, Saharanpur, Shivaji Nagar Delhi Road	S2-496408158	स्मार्ट लक्ष्मी कंस्ट्रक्शंस	NO. A-519 6, SHIVAJI NAGAR DELHI ROAD, Uttar Pradesh, SAHARANPUR
miss:not_in_candidates		S1-129230365	Al Food Private Limited	63/2180, Corner Space Building, Cherooty Nagar Housing Colony, Puthiyara, Po, Kozhikode, Kerala	S2-682863483	Al Food Limited 5ervice	
miss:not_selected	0.3692796668859188	S1-20277542	XBZ Media	522 State, Unit 0, Belvidere, IL	S2-156224635	DOVAWEX	522-C STATE, BELVIDERE, IL
miss:not_in_candidates		S1-545039712	Patterson Mountain Purecycle Inc	67 Stonybrook Court, Brownsburg, IN	S2-133314908	Patterson Mountain Inc Services	
miss:not_in_candidates		S1-613913855	Premier Printing Global	6310 Spyglassridge Drive, Cincinnati, OH	S3-297391078	Premier  Printing Global	
miss:not_in_candidates		S1-382414196	Sree Software Private Limited	C201, Rainbow Enclave, Rainbow Colony, Myilkal, Coimbatore South, Coimbatore, Tamil Nadu	S2-276815654	ஸ்ரீ சாஃப்ட்வேர் பிரைவேட் லிமிடெட்	Tamil Nadu, C201, COIMBATORE
miss:not_in_candidates		S1-535923989	Redsun Memorial Trust	A-1, 1504, 15Th Floor, Vertex Solitaire, Kalyan, Thane, Maharashtra	S2-535220550	Pyrariza	PLOT 703 A-1, KALYAN, Maharashtra
miss:not_selected	0.35746323804079044	S1-839267857	P V & A Vertical Inc	OR, 92067 Sharewater Lane, Cheshire	S2-959455718	P V & A	
miss:not_in_candidates		S1-356066339	ZKG Constructions Clinic	0, Kodi Colony, Sanjay Nagar Jind Railway Line, Rohtak, Haryana	S2-213013754	ZK6 CLINIC CONSTRUCTIONS	0, MUMBAI, ROHTAK, Haryana
miss:not_selected	0.3423836771740613	S1-83897769	Blue York PLLC	552 Eastern Star Road, Kingsport, TN	S3-773199402	Blue  York PLLC	553 Eastern Star Road, Kingsport, Tennessee
miss:not_in_candidates		S1-649094517	Trinity Cathedral	9444 Limestone Drive, Dallas, TX	S2-311561480	Trinity Cathedral Co	
miss:assigned_elsewhere	0.000010521008011319904	S1-531017960	Downtown Bike Shop	10906 Lowell Court, Ijamsville, MD	S3-526860107	Downtown Bike 5hop	
miss:not_in_candidates		S1-824574441	American Better Kongsberg	466 Mountain Road, Greenville, NY	S3-742572335	American Better	
miss:not_in_candidates		S1-678535212	Foot & Ankle Elite Health	3250 Timineri Lane, Royse City, TX	S3-57001401	Foot + Ankle Elite Health LP	
miss:not_in_candidates		S1-368269467	Grace Baptist Church	730 7th Street, Duluth, MN	S3-373823899	Grace Baptist Church Foundation	
miss:not_in_candidates		S1-926907114	Pioneer Ridge Venture Inc	117 Washington Drive, New Hartford, NY	S2-996018548	VENTURERIDGEPIONEER.COM	NY, NEW HARTFORD, 117 WASHINGTON DRIVE
miss:assigned_elsewhere	0.00005135901991755011	S1-650838125	Crestline Aerospace LLC	8081 773, Ben Wheeler, TX	S3-516331564	Crest1ine LLC Services	Texas, Ben Wheeler, 773
miss:not_in_candidates		S1-215930693	Global Medha Systems Private Limited	S/O Arjun Kamankar, Hno. 239 At Post Bhendali, Niphad, Nashik, Maharashtra	S3-118360403	Cirabrix	H.no 712/8 S/o Arjun Kamankar, Niphad, Nashik, MH
miss:not_in_candidates		S1-729107944	Pranam Technologies Pvt Ltd	Vill-, Ramudiha, Sonbarsa Bazar, Sadar, Uttar Pradesh, Gorakhpur, C/O Swapnil Pathak	S2-855363488	ptechnologies.com	#39 C/O SWAPNIL PATHAK, GORAKHPUR, SADAR, उत्तर प्रदेश
miss:not_selected	0.491545875654148	S1-416507071	Nexic Vendome LLC	9015 Kirkdale Road, Bethesda, MD	S3-183365196	Nexic  Vendome LLC	
miss:not_in_candidates		S1-931980331	Titan, LLC	1115 Ashby Drive, Allen, TX	S2-546713550	#titan	
miss:not_in_candidates		S1-565590585	Physical Therapy Health LP	3333 Dunlap Avenue, Unit 296, Phoenix, AZ	S3-773055067	Nexaviiri	3333 Dunlap Ave, NULL, Phoenix, Arizona
miss:not_in_candidates		S1-976860005	Janvi Business Pvt. Ltd.	28/886, Kadavanthara Junction Kadavanthara Post, Cochin, Kerala	S3-621082989	Janvi Pvt. Ltd. Partners	
miss:not_selected	0.2564186548151908	S1-887376851	Pediatric Dentistry Capital Physicians LLC	6563 Ellsworth Avenue, Dallas, TX	S2-887062826	Pediatric Dentistry Capital Physicians Llc	
miss:not_in_candidates		S1-377863442	Smart Aldabra LLC	4131 Stanleyville Road, Whipple, OH	S2-444401363	SMART LLC SERVICE	4131 STANLYVILLE RD, WHIPPLE, OH
miss:not_selected	0.5854197386569447	S1-893614896	Lewis & Han Development Group	2005 Creeksedge Way, Ellensburg, WA	S2-104369647	Lewis + Han Degvlometn Group	
miss:not_in_candidates		S1-911065660	Frontier Allied Networks	84 Acorn Road, Dennis, MA	S3-81208224	anfrontier.com	Massachusetts, East Dennis, Acorn Rd
miss:not_in_candidates		S1-861129796	Jay Estate Private Limited	No.1/1, Venkateshwara Krupa, Grnd, Flr Shp, 3Rd Mn Rd, Karnataka Layout, Bangalore North, Bangalore, Karnataka	S2-591924164	ಜೇ ಎಸ್ಟೇಟ್ ಪ್ರೈವೇಟ್ ಲಿಮಿಟೆಡ್	DOOR NO 1/1, BANGALORE NORTH, BANGALORE, Karnataka
miss:not_in_candidates		S1-419488681	Pediatric Dental Health LLC	Chicago, IL, 6427 Greenview Avenue	S3-206326135	Pediatric Denta1 [Health-LLC]	6383-6385 Greenview Avenue, Chicago, Illinois
miss:not_in_candidates		S1-983410661	Johansen and Townsend LLC	27 Broadway, Gosnold, MA	S3-166041213	Johansen & Townsend L.L.C.	
miss:not_in_candidates		S1-363554481	Lakshmi Finance Limited	H No 217, Tandali Shirur, Pune, Maharashtra	S3-15174249	लक्ष्मी फाइनेंस लिमिटेड	H No 217, Pune, महाराष्ट्र
miss:not_selected	0.48785970237907694	S1-95328301	Harbor Activate PC	1235 Adams Street, North Chicago, IL	S3-446012751	Dovazeph	1235 Adams St, North Hcicago, Illinois
miss:not_in_candidates		S1-590500225	Pediatric Dentistry Liberty Medicine LLC	IL, 1004 8th Street, Harvard	S3-173433598	Partners Pediatric Liberty Medicine LLC	100 8th St, Harvard, Illinois
miss:not_selected	0.597972486985272	S1-432358780	Urban Ss Agro Private Limited	No.107, No.008, Ground Floor, Mosuvanna Santhu, Erode, Tamil Nadu	S2-579853733	அர்பன் எஸ்எஸ் அக்ரோ பிரைவேட் லிமிடெட்	NO.10, ERODE, தமிழ்நாடு
miss:not_in_candidates		S1-152795171	Sree Investment	J-378, Beta-2, Greaternoida, Gautam Buddha Nagar, Uttar Pradesh	S2-745308593	श्री इन्वेस्टमेंट	J-0378, <NULL>, GREATERNOIDA, GAUTAM BUDDHA NAGAR, Uttar Pradesh
miss:not_selected	0.5536175932891223	S1-41590381	Oncology Supreme Clinic Inc.	5485 Quail Run, Theodore, AL	S2-420485561	Oncology Supreme Inc. Clinic	
miss:not_selected	0.6599611216297846	S1-649466746	Valley Fitness	28 Tonnie Lane, Lake Ozark, MO	S3-308981027	Valley Fitness Fitness	
miss:not_in_candidates		S1-294688351	Bombay & Associates	Chirayath, Chelavoor Post, East Valanjhathu, Kozhikode, Kerala	S3-64930948	Dr Bombay &	H.no 1-32 Chirayath, Kozhikode, KL
miss:not_in_candidates		S1-542837227	Tri-State Network	705 Hilyard Lane, Memphis, TN	S3-300964048	Tri-State Network Ltd	
miss:not_in_candidates		S1-587682715	Nova	Tucson, AZ, 4750 Goldenrod Drive	S2-827882010	Ndtea	GOLDENROD DRIVE, TUCSNO, AZ
miss:not_in_candidates		S1-603762984	Shivam Consultants	Flat 6B, 6Th Floor, Vishnu, Primus, 1/1 Sashisekher, Kolkata, Kolkata, Howrah, West Bengal	S3-651149765	Shivam Consultansts	
miss:not_in_candidates		S1-997166773	Indrya Academy Pvt Ltd	189 Old China Bazar Street, Kolkata, Calcutta, West Bengal	S2-971026687	Indrya Indrya Pvt Ltd Partners	
miss:not_in_candidates		S1-828770838	Latshaw All Park Inc.	10602 Shady River Drive, Houston, TX	S2-278346850	Latshaw All All Park	
miss:not_selected	0.5119304125547656	S1-260793844	Manoj Academy Private Limited	B-360, First Floor, Block- B, Khasra No.-492, Village-Nawada Mazra Hastsal, Mohan Garden, New Delhi, West Delhi, Delhi	S3-557391947	MA	B-360, First Floor, Block- B, Khasra No.-492, Village-Nawada Mazra Hastsal, Mohan Garden, New Delhi, West Delhi, Delhi
miss:not_selected	0.3801288534012737	S1-281632943	Kamal Trading Private Limited	Fairdeal Warehousing Agency Nr. Ujala Circle, Bavla Road, Sarkhej, Ahmedabad, Gujarat, S-344/1/2, Ahmedabad	S3-18071247	Kamal  Trading Private Limited	
miss:not_in_candidates		S1-340623850	Big Energy Private Limited	Office No. 203, Building No. 17, Yusuf Sarai Market, Green Park, New Delhi, South Delhi, Delhi	S2-668755438	BIG ÉEFNGY PRIVATE LIMITED	
miss:not_selected	0.611734555044576	S1-21518028	Vjs Beverages Pvt. Ltd.	B24, Nsic-Software Technology Park Guindy Industrial Estate, Ekkaduthangal, Guindy, Chennai, Tamil Nadu	S2-252542698	Dr VJS-BEHVRAGSE PVT. LTD.	
miss:not_in_candidates		S1-605381894	Family Rocky Center LLC	54241 Kishka Street, Kenai Peninsula Borough, AK	S2-366959751	CENTERROCKYFAMILY.COM	KISHKA STREET, KENNAI, AK
miss:assigned_elsewhere	0.00013393337752872682	S1-223589147	Way Vista Private Limited	New Delhi, E-520, Delhi, Dja Appts, Plot - 1A, Sector - 13, Dwarka, South West Delhi	S3-589802325	Way Private Limited Center	
miss:not_in_candidates		S1-736899097	Coimbatore Supply Company	No.21, Gandhi Nagar, Vinayagapuram Vilankurichi Road, Saravanampatti, Coimbatore, Tamil Nadu	S2-923601013	Coimbatore Sapu Company	
miss:not_in_candidates		S1-134779531	20/20 Eye Care LLC	1872 Waterbrook Lane, Columbus, OH	S3-763365716	20/20 éye Care LLC	
miss:not_selected	0.43620403321944407	S1-710003850	Connelly and Harrison Group	11100 River Heights Drive, Unit C304, South Jordan, UT	S3-479555486	Connelly and Harrison [lnc]	11100 River Heights Drive, PO Box 3090, S. Jordan, Utah
miss:not_in_candidates		S1-643763762	South Preparatory Academy	1326 Bay Street, Orange, TX	S2-963893704	SOUTH PRIEPARATHRY ACADEMY	
miss:not_in_candidates		S1-97499235	Om Developers Private Limited	No 1467, Raghavan Swami Memorial Building Pulamon P O, Kottarakkara, Kollam, Kerala	S3-426810690	ഓം ഡെവലപ്പേഴ്സ് പ്രൈവറ്റ് ലിമിറ്റഡ്	#1467, Kottayam, Kollam, Keralam
miss:not_in_candidates		S1-469063119	Youth Fund Group	Belleville, IL, 1723 Belle Avenue	S2-333160232	Drexbelolyra	BELLE AVE, IL, BELLEVILLE
miss:not_selected	0.28371633729635204	S1-125091390	Cloud Platform LLP	C/O Om Prakash, 360, Dhawa, Merta City, Merta, Nagaur, Rajasthan	S2-194489096	CLOUD CLOUD PLATFORM LLP	
miss:not_in_candidates		S1-102043549	North Cardiology	4898 Westchester Drive, Unit 2, Youngstown, OH	S2-244541187	North Services	WESTCHESTER DR, YOUNGSTOWN, OH
miss:not_in_candidates		S1-948195725	Star Investments Private Limited	312 Jyothi, 2Nd Main Road, Mysore, Karnataka	S3-723255193	Star Private Limited Center	12 Jyothi, Mysore, KA
miss:not_in_candidates		S1-424425291	Jaipur Exim Co	Shop No. 32, Hans Colony, Morija Road, Jaipur, Rajasthan	S3-957526454	jexim.com	Shop No. 32, Jaipur, RJ
miss:not_in_candidates		S1-6377092	Summit Program	3560 Rhodes Avenue, Chicago, IL	S2-75744364	Summit Prógram	
miss:not_in_candidates		S1-788640095	Guru Tech Private Limited	102, Jai Jaawan Colony-Iii Jawahar Lal Nehru Marg, Jaipur, Rajasthan	S3-448245004	गुरु टेक प्राइवेट लिमिटेड	102/9, Jaipur, RJ
miss:not_in_candidates		S1-776856798	Lamb Interests LLC	12054 National Road, South Vienna, OH	S2-4794375	LAMB INTERESTS L.L.C.	
miss:not_selected	0.6688134306026781	S1-313662539	Ss Marketing Limited	20B, Ground Floor, Flat No 13 Krishna Nagar, New Delhi, South Delhi, Delhi	S3-359451567	एसएस मार्केटिंग लिमिटेड	Plot 642 20B, New Delhi, South Delhi, दिल्ली
miss:not_in_candidates		S1-541673789	Literacy Foundation	2011 246th Street, Sheridan, IN	S3-556131036	Literacy  Center	2011 246st St, Sheridan, Indiana
miss:not_in_candidates		S1-567495311	Tabatha Holmes Cap Group	624 Buffalo Club Drive, Unit APT L, Indianapolis, IN	S2-500216205	TABATHA HOLMES CAP	
miss:not_in_candidates		S1-756952460	Jaipur Studies Private Limited	Plot No. - C-133, Gali No, Kumawat Colony, Jaipur, Rajasthan	S3-674427811	psjaipur.com	Plot No. - C-133, Jaipur, राजस्थान
miss:not_selected	0.5407611437010971	S1-894499259	Taraesh Media Private Limited	P.No. 90, F.No. G-1 Ria Homes, Shivaji Nagar Jaipur, Jaipur, Rajasthan	S3-443714285	Taraesh Media Private	
miss:not_in_candidates		S1-534598204	Sun Om Technology Private Limited	#14 10Th Main Road 2Nd Cross 4Th Phase 7Th Block Bsk Iii Stage, Bangalore, Karnataka	S3-339802587	ಸನ್ ಓಂ ಟೆಕ್ನಾಲಜಿ ಪ್ರೈವೇಟ್ ಲಿಮಿಟೆಡ್	KA, 14 10Th Main Road 2Nd Cross 4Th Phase 7Th Block Bsk Iii Stage, Bengaluru, Bangalore
miss:not_selected	0.6590787797635581	S1-476721607	American Gulf Select	Great Mills, 21984 Barkentine Court, MD	S3-635801326	American Gulf Select Corp	22160 Barkentine Court, Grreat Mills CITY, Maryland
miss:not_in_candidates		S1-965404758	Neo of Yucaipa	35147 Hollow Creek Drive, Yucaipa, CA	S3-905911831	Neo of Services	Hollow Creek Drive, Yucaipa, California
miss:not_in_candidates		S1-828523383	Eastern Robinhood LLC	304 Oconnor Road, Babylon, NY	S3-945334205	Eastern LLC Partners	
miss:not_selected	0.04121681347015944	S1-25652501	Baia	4615 Birdsong Drive, Corvallis, OR	S2-772764382	Baia Inc	4613 BIRDSONG DR, CORVALLIS, OR
miss:not_in_candidates		S1-154058912	Bkp Industries Group	# 10, 2Nd Cross, Doddakallasandra, Keb Office Rd, Soudhamini Layout, Bangalore, Karnataka	S3-770866493	Bkp Group Center	KA, # B3/10, Bangalore, Bengaluru Hq Region
miss:not_in_candidates		S1-26442104	Gujarat Infotech Pvt Ltd	201, Vijaya Ratna Apts, 3-6-146, Himayath Nagar. Hyderabad, Andhra Pradesh, Telangana	S2-994769312	గుజరాత్ ఇన్ఫోటెక్ ప్రైవేట్ లిమిటెడ్	HYDERABAD URBAN, ANDHRA PRADESH, 201, Andhra Pradesh
miss:not_in_candidates		S1-104634273	S.A.S.Nagar (Mohali) Cleaners Private Limited	0-H No 81 Block A, Sec 89 Block A Sec 89, S.A.S.Nagar (Mohali), Rupnagar, Punjab	S2-890220688	S.A.S.Nagar (Mohali) Private Limited (Services)	
miss:not_in_candidates		S1-499992585	Indore Space Pvt Ltd	501-A The Mark Building, Anand Bazar Road Saket Square, Old Palasia, Indore, Madhya Pradesh	S2-194104245	Indore  Sepre Pvt Ltd	
miss:not_selected	0.6570497298196826	S1-246450966	Betta's Better Realty	5742 125th Lane, Hugo, MN	S2-844212508	Betta's Better Realty Inc.	5747 125RD LN, PO BOX 7056, HUGO, MN
miss:not_in_candidates		S1-769722204	Nexara Processing Partners	3313 Boyd Mill Pike, Williamson County, TN	S2-136620445	Miramiraflux	3313 BOYD MILL PIKE, WILLIAMSON COUNTY, TN
miss:not_in_candidates		S1-111220253	SA Multiple Private Limited	4-B, Hansalaya, 15, Barakhambaroad, New Delhi, Delhi	S2-505328569	Limited SA Private Services	NEW DELHI, 4-B, Delhi
miss:not_in_candidates		S1-966389121	Continental Alliance LLC	5650 Tall Pines Parkway, Roscoe, IL	S2-547713149	Continental Alliance L.L.C. Enterprises	
miss:assigned_elsewhere	0.000028024692382042763	S1-278449093	Roz Ware Integrated Ingredients LLC	42 Eighth Street, Unit 2519, Boston, MA	S2-507979018	We, Roz Integrated Ingredients LLC	MA, CHARLESTOWN, 42 8TH ST
miss:not_in_candidates		S1-897589621	Jodhpur Travellers LLP	Jodhpur, Z.S.A. Bjs Colony, Rajasthan, Jodhpur, Plot No.253	S2-868252070	KELORIZA	#1-253, Z.S.A. BJS COLONY, JODHPUR, राजस्थान
miss:assigned_elsewhere	0.00003349730557095575	S1-962515018	Explore Multimedia (India) Private Limited	80, Shyam Park Main, Ghaziabad, Ghaziabad, Uttar Pradesh	S3-869533096	Explore (India) Private Limited [Center]	Ghaziabad, UP, Ghaziabad, 80
miss:not_in_candidates		S1-264650331	Kalyan Tech Private Limited	740, B/15, Sai Shradh, Madhav Shrishti, Barave, Kalyan West, Kalyan, Thane, Maharashtra	S3-738408592	Kalyan Private Limited Services	740, Thane, Kalyan, MH
miss:assigned_elsewhere	0.0005516776233149642	S1-80085899	Ho Estate LLP	270, Dda Sfs Flats, Pocket-1, Sector-22, Dwarka, New Delhi, South West Delhi, Delhi	S3-309317025	H0 Esit-LLP	270, New Delhi, DL
miss:not_selected	0.6331340663566837	S1-199099101	Raven World Inc	15033 Cardinal Street, Brookville, IN	S2-336196522	Raven World	
miss:not_in_candidates		S1-12387314	Metropolitan Charities	32 26th Street, Constantia, NY	S2-733490181	mcharities.com	32A 26TH STREET, CONSTNTIA, NY
miss:not_selected	0.17142222089154754	S1-41067038	Back Alley Book Store	5034 Oakwood Road, Huntsville, AL	S2-19078723	Allssye Back Book 5tore	5050 OAKWOOD RD, HUNTSVILLE, AL
miss:assigned_elsewhere	0.001563253213237293	S1-110919759	Vision Logistics Limited	A-14, Mangal Apartments, Vasundhra Enclave, New Delhi, Delhi	S3-55805399	Vision Logistics Ltd	A-2-14, East Delhi, DL
miss:not_in_candidates		S1-734955521	Drayify Materials Co	NE, Denton, 6255 58th Street	S2-573645843	Drayify Materials	
miss:not_in_candidates		S1-844273808	Digital Tech Private Limited	701, 7Th Floor, Regent Chambers Above Status Restaurant, Nariman Point, Mumbai, Maharashtra	S3-878369393	Digital Private Limited Services	70, Greater Mumbai, महाराष्ट्र
miss:not_in_candidates		S1-597704621	Yamuva Online	C/O- Vijay Kumar Singh, Mehiya Basadhi Road, Chapra, Saran, Bihar	S3-430442202	Yamuva Services	Muzaffarpur Region, Block F-649 C/o- Vijay Kumar Singh, BR
miss:not_in_candidates		S1-521589938	Colonial School of Medicine	2107 Miramar Street, Wichita Falls, TX	S2-854455428	Colonial School of  Medicine LP	
miss:not_selected	0.6817887523627104	S1-634939060	Strategic United	23698 Rocky Dell Road, Crestline, CA	S3-623562465	STRATEGIC UNITED	
miss:not_selected	0.6820622334321422	S1-782078644	Quality Software Collective LLC	4560 Lawrence Road, Memphis, TN	S2-149731096	Quality Software Collective Llc	
miss:not_selected	0.42413377189187035	S1-683023971	Herron College Clinic	268 Mallard Loop Drive, Clayton, NC	S2-770688784	Herron Co1lege Center	
miss:not_in_candidates		S1-568263884	Veterans Fund LLC	2 Knightsbridge Road, Middletown, DE	S2-37724199	Veterans LLC Center	2A KNIGHTSBRIDGE RD, MIDDLETOWN, DE
miss:assigned_elsewhere	0.24280050358001026	S1-198061970	Asian Academy	Hyderabad, H.No.16-11-16/M/28, East Prashanth Nagar Moosaram Bagh, Saleem Nagar, Telangana	S3-220984006	Asian-Academy	
miss:not_in_candidates		S1-750954474	Classic Technology Private Limited	Mumbai City, Maharashtra, Room No. 18, Mumbai, 3Rd Floor, Plot-85/87A, Jhaveri Bldg, Dhirubhai Parekh Marg, Ladwadi, Kalbadev, I	S3-338360864	Classic Technology Private	Room No. 1-8, Mumbai, Thakurdwar, MH
miss:not_in_candidates		S1-512011683	Urgent Care Specialists	2105 Paris Road, Unit 6, Columbia, MO	S3-65843904	Urgent Specialists Csar	
miss:not_in_candidates		S1-523446699	Suncity Farmers Private Limited	Navi Mumbai, Maharashtra, 1005, Thane, B, Raveichi Heights, Plot No. 25 Sector 7, Kharghar	S3-869921886	Suncity Private Limited Service	1005, Navi Mumbai, MH
miss:not_in_candidates		S1-931435080	Cordelie Deis, D.C., PC	3 Newport Road, Patterson, NY	S2-603241338	CORDELIE D, D.C., PC	
miss:not_in_candidates		S1-186946186	Sterling Horizon Trading LLC	415 L Street, Unit 1259, Washington, DC	S2-490688309	Sterling Trading LLC  Center	WASHINGTON, DC, 415 L ST
miss:assigned_elsewhere	0.0002888679747715331	S1-652348313	Ne Distribution Care	Shop No. 87, Om Heera Panna Premises C.S.L. M.R.N0.2, Mhada Layout, Oshiwara, Jogesh, Wari West, Mumbai, Mumbai City, Maharashtra	S3-961759752	Ne Care Distributi0n	No 87, Mumbai, महाराष्ट्र
miss:not_selected	0.37200055609065497	S1-590657656	New & Associates Center	Hisar, Haryana, 11 Ground Floor Gali No 3, Adarsh Colony, Azad Nagar, Hisar	S2-305441156	New +  Associates Center	
miss:not_in_candidates		S1-555800405	Pune Trading Private Limited	Plot No.201, Sec.No.26, Srushti Samarth Nagar, Nigdi, Pradhikaran, Pune, Pune, Maharashtra, Pune	S3-636579928	Private Pune Tetradrg Limited	Pune, MH, Pune, Plot No.0201
miss:not_selected	0.3788307644798585	S1-256428874	Mcmillan & Brinley Inc	1311 Jay Street, Rochester, NY	S3-496587324	Mcmillan &-Brinley Inc - 8212490891	
miss:not_in_candidates		S1-779604244	Anderson Airport LLC	1810 Elm Place, Broken Arrow, OK	S3-445708857	Anderson LLC Services	Elm Place, Broken Arrow, Oklahoma
miss:not_in_candidates		S1-294874731	Pediatric Dentistry Group	906 Shannondale Way, Maryville, TN	S3-506876949	Pediatric Dentistry  Group Industries	
miss:not_in_candidates		S1-30089396	Delhi Lighting Limited	95, 4Th Main, Bangalore North, Bangalore, Karnataka	S3-549054996	M/s Delhi  Limited Services	95, Bangalore, KA
miss:not_selected	0.4204790978215387	S1-332912351	Allied Pro	36 Eagles Nest Drive, Scarborough, ME	S2-424404612	ALLIED PRO CORPORATION	
miss:not_in_candidates		S1-984043734	Chiropractic Heritage Group	NC, 635 Patterson Street, Eden	S2-956320313	hchiropractic.com	635 PATTEROSN STREET, EDEN, NC
miss:assigned_elsewhere	0.016274746072596845	S1-701852968	Womens Health Medicine LLC	821 Byrd Road, Hartselle, AL	S2-750072371	Womens Héalth Medicine LLC	
miss:assigned_elsewhere	0.369663509391662	S1-572802269	Superior Strategic Union LLC	12825 Meadow Wind Way, TX, Conroe	S2-836065256	Superior Strategic  Union LLC	
miss:not_selected	0.4241195627963836	S1-982306126	Nonah Wilt, DMD, M.D., P.C.	1205 Lands End Parkway, Unit UNIT 521, Osage Beach, MO	S3-696423432	Nonah Wilt, DMD, M.D., LLC	Missouri, Unit UNIT 521, 120 Lands End Parkway, Osage Beach
miss:not_in_candidates		S1-433545242	Jai Builders Pvt Ltd	Plot No 25 Yudhishthir Marg, C-Scheme, Jaipur, Rajasthan	S2-100002981	जय बिल्डर्स प्रा. लि.	PLOT NO 26 YUDHISHTHIR MARG, C-SCHEME, JAIPUR, राजस्थान
miss:assigned_elsewhere	0.34531977913111706	S1-108492185	Balaji Polytechnic	Wework, Cinnabar Hills, Embassy Golf Link Sy 13/2, Bangalore North, Bangalore, Karnataka	S2-20969788	Balaji Polytechnic	
miss:not_in_candidates		S1-584336092	Jewelle's Petroleum L.L.C.	5317 44, Amenia, NY	S2-2283302	Jewelle's L.L.C. Center	
miss:not_selected	0.6371997381839662	S1-492460190	Shankar India	127/293, U Block Nirala Nagar, Kanpur, Uttar Pradesh	S3-406426849	Shri Shankar India Limited	Door No 96 127/293, U Block Nirala Nagar, Kanpur, UP
miss:not_in_candidates		S1-962705436	Shree Power Limited	2Nd Floor, Ezhava Samajam Shopping Complex, Chethamangalam Junction, North Paravoor, Paravur, Ernakulam, Kerala	S2-18240066	ശ്രീ പവർ ലിമിറ്റഡ്	H.NO 2ND/8 FLOOR, PARAVUR, ERNAKULAM, Kerala
miss:not_in_candidates		S1-637358984	Anchor Metro Sachs, LLC	3685 Willett Road, Jerusalem, NY	S3-369179109	Anchor Metro LLC  Partners	
miss:not_selected	0.5007669246136311	S1-79581702	Nitta Grand Globa, LLC	3 Redway Road, Ossining, NY	S2-893025540	Nitta Globa, Grand LLC	
miss:assigned_elsewhere	0.0004392809402418624	S1-62663807	Alpha Products Private Limited	Room No 3, Sant Kripa Building, Opposite Lic Ofice Yamunanagar, Nigdi, Pune, Maharashtra	S2-744984470	अल्फा प्रोडक्ट्स प्राइवेट लिमिटेड	ROOM NO 3, PUNE, महाराष्ट्र
miss:not_in_candidates		S1-166249599	Citadel	GA, Atlanta, 44 Kirkwood Road	S2-616414291	citadel.com	
miss:assigned_elsewhere	0.00003047200391103823	S1-629328480	Sona Sangh Co	Plot No:117/118, 3Rd Floor, 204, Silicon Valley, Nr Cgr Int School Back, Ayyapa Society, Madhapur, Hyderabad, Telangana	S3-984455867	Sona Co Services	Hyderabad, Block B-887 Plot No:117/118, Hyderabad, TG
miss:not_in_candidates		S1-966477407	Laxmi Foundation Pvt Ltd	43A Netaji Subhash Ch Bose Rd, Kolkata, Calcutta, West Bengal	S2-145832510	লক্ষ্মী ফাউন্ডেশন প্রাইভেট লিমিটেড	H.NO 43A NETAJI SUBHASH CH BOSE RD, KOLKATA, CALCUTTA, West Bengal
miss:not_in_candidates		S1-424744122	Black Estate Pvt Ltd	Flat No C/9 26 Baiganwadi, Nr Flourmill Govandi (W), Mumbai, Maharashtra	S2-626679466	Black Estate Pvt Limited	
miss:assigned_elsewhere	0.000059137709021199655	S1-884749764	Life Laxmi Business Private Limited	C-31, 3Rd Floor, Shriram Industrial Estate, G.D. Ambekar Marg, Wadala, Mumbai, Mumbai City, Maharashtra	S2-344443863	लाइफ लक्ष्मी बिजनेस प्राइवेट लिमिटेड	C-31, 3RD FLOOR, SHRIRAM INDUSTRIAL ESTATE, G.D. AMBEKAR MARG, WADALA, MUMBAI, MUMBAI CITY, Maharashtra
miss:not_in_candidates		S1-926412746	Congregation Presbyterian Church P.C.	17935 Holly See, Hockley, TX	S2-422103559	Congregation Presbyterian Church  P.C.	
miss:not_in_candidates		S1-268581045	Surya Engineering Private Limited	No. 7, Bellary Road, Gangenahalli, Bangalore, Karnataka	S3-109505025	ಸೂರ್ಯ ಇಂಜಿನಿಯರಿಂಗ್ ಪ್ರೈವೇಟ್ ಲಿಮಿಟೆಡ್	No. 7, Bangalore, KA
miss:not_in_candidates		S1-134354321	Chiropractic Care LLC	853 First Street, Boston, MA	S3-712320125	chiropracticcare.com	853-D 1st Street, South Boston, Massachusetts
miss:not_in_candidates		S1-767295914	Hari Producer	Old No.15, New No.24, Vigfin House Yogambal Street, T-Nagar, Chennai, Tamil Nadu	S3-783667008	Hari Center	#15, New No.24, Vigfin House Yogambal Street, T-nagar, Chennai, TN
miss:not_in_candidates		S1-901762156	Shree Infotech Limited	A-9/34Vasant Vihar, New Delhi, South West, Delhi	S2-767655448	श्री इंफोटेक लिमिटेड	A-9/34VASAN VIHAR, NEW DELHI, SOUTH WEST, Delhi
miss:not_in_candidates		S1-609770733	Maa Software Pvt Ltd	B 5 Sheetal Apts 2Nd Floor N M Rd Kurla West Mumbai, Mumbai City, Maharashtra, Mumbai	S3-437803570	मां सॉफ्टवेयर प्रा. लि.	No. 973 B 5 Sheetal Apts 2Nd Floor N M Rd Kurla West Mumbai, Mumbai, Mumbai City, MH
miss:not_selected	0.4629970340203582	S1-361872340	Pnc Trading Private Limited	16-Navneet Vihar Sector-9, Indira Nagar, Lucknow, Uttar Pradesh	S2-610750964	pnc trading private [limited]	
miss:not_selected	0.673901245450244	S1-689782499	Best, Chicky, MD	3730 Black Hawk Avenue, Merced, CA	S3-654695285	Best, Chicky, MD Ltd	3487 Back Hawk Ave, Merced, California, NULL
miss:not_in_candidates		S1-639381552	My Tech Private Limited	A-202, Heritage Skyz, B/H Shivalik, Prahalad Nagar, Ahmedabad, Gujarat	S3-124390863	માય ટેક પ્રાઇવેટ લિમિટેડ	ગુજરાત, Hn 621 A-202, Ahmedabad
miss:not_selected	0.538634334864737	S1-936669304	Uptown Bike Shop	Unit 104, DC, 1001 1st Street, Washington	S2-519258171	uptownbikeshop.com	001 1ST STREET, DC, WASHIGTON
miss:not_in_candidates		S1-842950502	Thomas American Nasdaq LLC	1023 Bruce Street, Memphis, TN	S3-730891330	Thomas (American)	
miss:not_in_candidates		S1-362867657	Internal Medicine Associates LLC	1359 Chestnut Grove Road, Spruce Pine, NC	S2-660856250	Internal Medicine Ássociates LLC	
miss:assigned_elsewhere	4.86722633297532e-6	S1-752238088	South Constructions Private Limited	Ernakulam, 9Th Floor, Pioneer Tower Shanmugham Road, Marine Drive, Ernakulam, No. 903, Kerala	S3-436781295	സൗത്ത് കൺസ്ട്രക്ഷൻസ് പ്രൈവറ്റ് ലിമിറ്റഡ്	KL, No. 903, Ernakulam
miss:not_selected	0.47273066823148113	S1-147285107	Corissa's Peak Produce	5213 Camp Lane, Northampton County, VA	S2-934749409	CORISSA'S PEAK PRODUCE INC.	
miss:not_in_candidates		S1-495800715	Urban Products	Delhi, New Delhi, Plot No. 1 Vardhman Bee Pee Mlu Plaza, Dwarka, Unit No. 208, South West Delhi	S3-621549752	Urban-Center	South West Delhi, ###541 Unit No. 208, DL, New Delhi
miss:assigned_elsewhere	0.9668875542175969	S1-970875356	Ferriq Karman Associates	AR, 407 39th Place, Rogers	S3-192260119	Ferriq Associates Center	
miss:not_in_candidates		S1-475156521	Om Properties Private Limited	Flat No 104, Bldg No 10, Hasmine Mayfair, Agashi Road, Near Virar Gardens, Virar W, Est, Thane, Maharashtra	S3-322840577	Om Properties प्राइवेट लिमिटेड	
miss:not_selected	0.3075247710033241	S1-282862540	Chouinard Alpine Inc.	550 12th, Paris, TX	S2-848028197	Chouinard Inc. Alpine	
miss:not_in_candidates		S1-553200620	Balaji It Private Limited	K 23B, Lower Ground, Opposite Balaji Estate, Kalkaji, New Delhi, Delhi	S3-145500893	Smt Balaji Private Limited Center	K 23B, New Delhi, Kalkaji, DL
miss:not_selected	0.4864233863331542	S1-421781957	Rasonify Staked P.C.	CA, 29219 Village 29, Camarillo	S2-905178662	Ras0nify Sgtaked P.C.	29219 VILLAGE 29, CAMARILLO TOWNSHPI, CA
miss:not_in_candidates		S1-549870298	Dynamic Media Private Limited	30, Jambhulwadi, Room No.404/405, 4Th Floor, Near Edward Cinema, Kalbadevi Road, Mumbai, Maharashtra	S2-555884790	डायनामिक मीडिया प्राइवेट लिमिटेड	30, MUMBAI, Maharashtra
miss:not_selected	0.09142371809047449	S1-767302407	Maa Finishers	Plot No-344, R K Motor Lane Tankapani Road, Bhubaneswar, Bhubaneswar, Khordha, Orissa	S3-524682971	Maa Finishers LLP	Plot No-342, Khordha, Bhubaneswar, OD
miss:not_in_candidates		S1-415788489	Vdc Trading	Villa No 27, The Trails, Pokalwada, Rangareddy, Telangana	S2-914115474	vtrading.com	31 VILLA NO 27, RANGAREDDY, తెలంగాణ
miss:not_in_candidates		S1-509288386	Pancham Softwares Private Limited	G.No 305/1, Manjari Tal Sangola, Solapur, Maharashtra	S2-852333241	Kelobelonex	G.NO 305/1, SOLAPUR, Maharashtra
miss:not_in_candidates		S1-810562286	Natural Technologies Private Limited	1/1B (1), Gandhi Road Avinashi Main Road Anupparpalayam, Tirupur, Coimbatore, Tamil Nadu	S3-89626775	Mr Natural Technologies Private	
miss:not_selected	0.15574694952876397	S1-621059402	Rosoft Vanguard Saratoga LP	KS, Wichita, 4329 Dellrose Circle, Fl 0	S2-215195930	UMBRAXYL0ARIA	329 DELLROSE CIR, WICHITA, KS
miss:not_selected	0.24294355534338033	S1-84320921	Pediatric Dentistry Care	410 117 Bruns Lane, Springfield, IL	S3-922526071	Pediatric Dentistry Care Inc	Springfield, Illinois, 40981 Bruns Ln
miss:not_in_candidates		S1-126217088	The Dent Ice Cream	245 2nd Avenue, Unit 209, Columbus, OH	S2-350380840	The Dent	245 1/2 SECOND AVENUE, COLUMBUS, OH
miss:not_in_candidates		S1-645218320	Karyn Jackson Heritage Battery LLC	3368 6th Street, Unit 102, Washington, DC	S2-357003301	Karyn Jackson Heritage Báttéry LLC	
miss:not_in_candidates		S1-532870396	Premier Producer Private Limited	Flat No 1, Ground Floor, Shobha Co.Op Hsg Soc Ltd, C S Rd, Opp Subway, Dahisar (East), Mumbai, Mumbai City, Maharashtra	S3-338603074	Premier Producer Prvotae Limited	#1, Mumbai Region, Mumbai, महाराष्ट्र
miss:not_in_candidates		S1-953523452	Anand Agro Private Limited	Green Park, Delhi, South Delhi, C-43	S3-614337496	आनंद एग्रो प्राइवेट लिमिटेड	C-43, Green Park, Delhi, South Delhi, DL
miss:not_in_candidates		S1-419646291	Prime Pacific Braves LLC	823 Calle Margarita, Thousand Oaks, CA	S3-750951576	Prime Pacific	
miss:not_in_candidates		S1-8112762	Shiva Power Limited	No-71, 5Th Main, 7Th Cross, Wilson Garden, Bangalore, Karnataka	S2-135922031	ಶಿವ ಪವರ್ ಲಿಮಿಟೆಡ್	Karnataka, BANGALORE, DOOR NO 876 NO-71, BANGALORE
miss:not_in_candidates		S1-86498078	Mcnemar Earths Inc.	1808 Spring Brook Court, Mobile, AL	S2-166106421	Mcnemar Earths	
miss:not_selected	0.014947698865995418	S1-605191584	Summit League Associates	574 Shelly Lane, Chicago Heights, IL	S3-185695895	Summit  League Associates LLC	575 Shelly Ln, Chicago Heights, Illinois
miss:assigned_elsewhere	0.0022253035607445884	S1-823740220	Cardiology Care	1309 52nd Avenue, Portland, OR	S2-313213197	Cardiology Care Inc	
miss:not_in_candidates		S1-95397672	Flawless & Sons Private Limited	No.12A J.R. Complex, Veeravanjinathan Street, P, Erungudi, Chennai, Tamil Nadu	S2-736034763	MIRAQUO	NO.12A J.R. COMPLEX, VEERAVANJINATHAN STREET, P, ERUNGUDI, CHENNAI, Tamil Nadu
miss:assigned_elsewhere	6.115844945087205e-6	S1-86205479	Surya Silver Logistics Limited	C-183, 3Rd Floor, Back Side, Diamond Ap- Artment, Sheheen Bagh, Abul Fazal Enclav, Delhi, South Delhi, Delhi	S3-814805705	Surya	C-183, 3Rd Floor, Back Side, Diamond Ap- Artment, Sheheen Bagh, Abul Fazal Enclav, Delhi, South Delhi, Delhi
miss:not_in_candidates		S1-37943421	Star Food Private Limited	Sy No 46 & 46/4 Redlakunta Village Kodad, Nalgonda, Telangana	S3-82681169	M/s Star Private Limited-Center	Sy No 46 & 46/4 Redlakunta Village Kodad, Nalgonda, TG
miss:not_in_candidates		S1-129497392	Lucknow Solutions Pvt. Ltd.	A-904, Uttar Pradesh, Green Berry Signature, Lucknow	S2-398058094	LUCKNOW PVT. LTD. CENTER	
miss:not_in_candidates		S1-288201194	Great Developers Private Limited	Sn 165 A, Jaiprakash Soc, Malwadi, Hadapsar, Pune City, Pune, Maharashtra	S3-408448244	Limited Great Private Center	Jaiprakash Soc, Malwadi, Hadapsar, महाराष्ट्र, Pune City, Sn 165 A, Pune
miss:not_in_candidates		S1-610207716	Indian Hospitality	3, Madhu Gupta Lane Kolkata, Kolkata, Kolkata, Howrah, West Bengal	S3-947237136	ইন্ডিয়ান হসপিটালিটি	3, Kolkata, Howrah, WB
miss:not_in_candidates		S1-252829238	Eastern Developers Private Limited	Office No. 201, Wing A, Krrishnakunj Society, Pune City, Pune, Maharashtra	S3-158963658	Eastern Private Limited Services	Office No. 01, Pune City, Pune, MH
miss:not_selected	0.5127597587139593	S1-905656927	Ziesmer Analytics	ME, Buxton, 9 Hannaford Drive	S2-525516754	Ziesmer Anayodcdis	
miss:not_in_candidates		S1-370098175	Bangalore Developers Pvt Ltd	Flat No.S-7, Shreekari Residency, No.10 3Rd Floor, Hebbal, Kempapura, Bangalore, Karnataka	S3-578704987	Bangalore Pvt Ltd Center	Block G-31 Flat No.s-7, Shreekari Residency, No.10 3Rd Floor, Hebbal, Kempapura, Bangalore, KA
miss:not_in_candidates		S1-120788042	Ecolife Academy Ltd	C-2, Iind Floor, Nyay Khand-I Indirapuram, Ghaziabad, Uttar Pradesh	S3-344749441	EA	C-2, Iind Floor, Nyay Khand-I Indirapuram, Ghaziabad, Uttar Pradesh
miss:not_in_candidates		S1-91192841	Gold Projects Private Limited	Hajara'S, Savitha Road Near Chalikkivattom Juma Masjid, P O Ven, Nala, Ernakulam, Kerala	S3-919794820	ഗോൾഡ് പ്രോജക്ട്സ് പ്രൈവറ്റ് ലിമിറ്റഡ്	KL, Ernakulam, Hajara's
miss:not_in_candidates		S1-312787310	TK Management Pvt. Ltd.	Plot No . 20, Sy. No 125 & 126 I.D.A. Mallapur, Uppal Mandal, Kapra Mun, Icipality, Hyderabad, Telangana	S2-627796127	Ectosol	36. PLOT NO . 20, HYDERABAD, ICIPALITY, Telangana
miss:not_in_candidates		S1-227668605	North Institute of Technology	1611 27th Street, Fort Dodge, IA	S3-481077582	North of Technology [Services]	27th Saint, Ft Dodge, Iowa
miss:not_selected	0.6450546919643765	S1-499801848	Open Dental Private Limited	Maharashtra, Flat-802, Thane, Floor 8, Wing A, Yamuna Tower A, Jangid Clx, Thane	S2-721426208	Private Open Deantaal Limited	FLAT-802, FLOOR 8, WING A, YAMUNA TOWER A, JANGID CLX, THANE, Maharashtra
miss:not_in_candidates		S1-335396642	Hale First Growth, LLC	20823 Pearl Street, Kenai Peninsula Borough, AK	S3-886279688	Irivantage	20823b Pearl St, Kasilo CDP, Alaska
miss:not_in_candidates		S1-110268918	Silver Exports Private Limited	B/206, Star Classic Co-Op Hsg. Soc. Ltd. Chulna Bhabola Road, Opp. Rajhans Citis, Vasai Road West, Thane, Maharashtra	S2-626110866	Silver Exports Private [Limited]	
miss:assigned_elsewhere	0.42267955876479996	S1-116309151	Urgent Care Optimal Associates	305 Thornton Avenue, Huntsville, AL	S3-520355266	Urgent Urgent Care Optimal Asiosciaates	
miss:not_in_candidates		S1-106290736	R 7 Supreme Air LLC	4610 Parkside Drive, Baltimore, MD	S2-719628670	R 7 Supreme Air	
miss:not_in_candidates		S1-142583596	Cedar	154 Blackjack Road, La Vernia, TX	S3-527376281	Caloquoonyx	Blackjack Rd, La Vernia, Texas
miss:not_in_candidates		S1-71665985	Kolkata Foundation Pvt. Ltd.	N C Dutta Sarani Sagarestate 5Th Floor, Unit No-I, Howrah, West Bengal, 2, Kolkata	S2-301679604	Kolkata Foundation Pvt Limited	
miss:not_in_candidates		S1-182489505	Osprey L.L.C.	Springfield, 3129 Nantucket Street, OH	S3-884267215	Opeeorly L.L.C.	1129 Nantucket Street, Springfield, Ohio
miss:not_in_candidates		S1-205412895	Hill Arts Co	Duxbury, 204 Bianca Road, MA	S3-865760644	Hill Alnts Co	
miss:not_selected	0.4458367215860323	S1-544992343	Bnk Vidyalaya	C/O Kalapati Pushpalatha, Opp:Anna Canteen, Naidupeta, Nellore, Andhra Pradesh	S2-703076632	Bnk Vidylaeya	PLOT #904 C/O KALAPATI PUSHPALATHA, OPP:ANNA CANTEEN, NAIDUPETA, ఆంధ్రప్రదేశ్
miss:not_in_candidates		S1-23010082	Hemp & Co	Plot No-21A, Shriram Stat, Nr Lic Colony Ring Road, Jalgaon, Maharashtra	S3-424291832	Smt Hemp Co Services	Plot No-21a, Jalgaon, MH
miss:not_in_candidates		S1-766628729	QYU Engineers Private Limited	Lg6, Karnataka, Bangalore North, Paramount Apartments, Kundalahalli Gate, 42/6, Marathahalli Main Road, Bangalore	S2-564622961	QYU Private Limited Partners - 7288446571	
miss:not_in_candidates		S1-227018279	Anvil LLP	Fox Lake, IL, 402 Lakeland Avenue	S2-860885439	Anvil LLP	
miss:not_in_candidates		S1-883037947	Star Management Pvt Ltd	89 Budana, Modinagar, Ghaziabad, Uttar Pradesh	S3-961895445	Star-Management Pvt Ltd	
miss:not_in_candidates		S1-145820678	Gold Consulting LLP	No: 1, Neelagandan Street Nungambakkam, Chennai, Tamil Nadu	S2-637803341	கோல்டு கன்சல்டிங் எல்எல்பி	NO: 5-1, MADRAS, N/A, Tamil Nadu
miss:not_in_candidates		S1-520453066	Prime Impex Private Limited	Flat No 314, G/F Janta Flat At 560 Janta House, Pok 7 Ph 1, Nasirpur, Delhi, South West Delhi, Delhi	S3-686421143	Prime Impex  Private Limited	DL, N/A, Flat No 31, South West Delhi, Delhi
miss:not_in_candidates		S1-797139549	Ghaziabad Thread Private Limited	Plot No.- 70, Flat No.-A1, Sector-5, Rajendra Nagar, Ghaziabad, Uttar Pradesh	S3-752503835	Ghaziabad Private Limited Center	Flat No.-a1, Sector-5, Rajendra Nagar, Plot No.- 68, Ghaziabad, UP, Ghaziabad
miss:not_in_candidates		S1-711062720	Candelaria Holdings	606 Manitoba Avenue, Ellensburg, WA, Unit 303	S3-142779278	Irinex	Manitoba Avenue, Ellensburg, # 303, Washington
miss:not_selected	0.14253622779421096	S1-211254043	Sheila-Kathryn's Heritage Painting	10502 East Street, Taylorsville, IN	S3-774720685	5heila-Kathryn's Heritage Painting Ínc.	1050 East Saint, Taylorsville, Indiana
miss:not_in_candidates		S1-942477709	Jones & Cloud Inc.	185 North Street, City Of Sun Prairie, WI	S3-833793467	Brixtav0	185 1/2 North Saint, City Of Sun Prairie, Wisconsin
miss:not_in_candidates		S1-955158918	North Nidhi LLP	901-905, 9Th Floor Vishal Tower, District Tower, Janak Puri, New Delhi, West Delhi, Delhi	S3-204996368	North LLP Center	899-905, 9Th Floor Vishal Tower, District Tower, Janak Puri, New Delhi, West Delhi, DL
miss:assigned_elsewhere	0.000014336700106237802	S1-722444118	Laxmi Investments Private Limited	810, 8Th Floor, Okay Plus Tower, Near Kalyan Jewel, Hathroi, Jaipur, Rajasthan	S3-157329274	लक्ष्मी इन्वेस्टमेंट्स प्राइवेट लिमिटेड	810, 8Th Floor, Okay Plus Tower, Near Kalyan Jewel, Hathroi, Jaipur, RJ
miss:not_in_candidates		S1-470694975	Turkaulia Associated Private Limited	C/O Malti Singh, W No.6, Gandhi Ghat, Turkaulia, East Champaran, Bihar	S3-903800226	taprivate.com	Turkaulia, बिहार, W No.6, Gandhi Ghat, Hn 60 C/o Malti Singh
miss:assigned_elsewhere	0.5568505225451961	S1-424525853	Holzer & Pier LLC	8016 Ashland Avenue, Chicago, IL	S3-537492136	Holzer & Pier	
miss:not_in_candidates		S1-323751759	Delta Automobile, LLC	10215 Coolidge Street, Phoenix, AZ	S3-381826664	Delta Automobile LLC	
miss:not_in_candidates		S1-843598698	Jai Hospitality Private Limited	Vill And P.O.- Chousal Gangajal Ghati, Bankura, West Bengal	S2-194655881	জয় হসপিটালিটি প্রাইভেট লিমিটেড	VILL AND P.O.- CHOUSAL GANGAJAL GHATI, BANKURA, West Bengal
miss:not_in_candidates		S1-316791171	Shine Projects Private Limited	4Th Floor, 9 & 10, A.P.Prohibition & Excise Comp- Lex, Estern M.J.Road, Nampally Hyderabad, Andhra Pradesh	S3-844113626	Orbiiri	No #4Th Floor, Estern M.j.road, Nampally Hyderabad, ఆంధ్రప్రదేశ్
miss:not_in_candidates		S1-361378698	Platinum Medical	13 Goodman Street, NY, Rochester	S3-942335984	platinum medical	
miss:not_in_candidates		S1-5035069	Shree Logistics Pvt Ltd	9-37-16, Mig-47 Pithapuram Colony, Maddilapalem, Visakhapatnam, Vishakhapatnam, Andhra Pradesh	S2-615529911	శ్రీ లాజిస్టిక్స్ ప్రైవేట్ లిమిటెడ్	VISHAKHAPATNAM, VIZAG, Andhra Pradesh, 9-37-16
miss:assigned_elsewhere	0.556629794260765	S1-607438401	Saral Trust	Jhavercentre, 4Thfloor, Rajaannamalaibuilding, 72, Marshallsro, Ad, Chennai, Tamil Nadu	S3-865131	Smt Saral-Trust	
miss:not_in_candidates		S1-938085798	My Investment	Maharashtra, Balaji Garden Chs, Plot-17, Sector-11, Koparkhairane, F-204/4, Thane	S2-999577940	माय इन्वेस्टमेंट	F-204/4., BALAJI GARDEN CHS, PLOT-17, SECTOR-11, KOPARKHAIRANE, THANE, Maharashtra
miss:not_in_candidates		S1-928820726	Narayan and Rogers Shore LLC	Asotin, 1420 4th Street, WA	S3-162358459	Veozeph	001420 Fourth Street, Asotin, Washington
miss:not_in_candidates		S1-79841008	Zephyr	VA, Dinwiddie County, 14267 Glebe Road	S2-47026072	Zephyr & Co	
miss:not_in_candidates		S1-56220424	MH Overseas LLP	Flat 701, Plot 5, 6, 7&8, Sec 10, Sun Darshan Chs, Nerul, Navimumbai, Thane, Maharashtra	S3-279063559	MH LLP (Services)	Flat 701, Plot 5, 6, 7&8, Sec 10, Sun Darshan Chs, Nerul, Navimumbai, Thane, MH
miss:assigned_elsewhere	0.16477921248967006	S1-135716372	Supreme Empire Shanghai	7501 Wooster Pike, Cincinnati, OH	S2-128196108	Supreme Shanghai-Empire	
miss:assigned_elsewhere	0.5092909956684282	S1-384770293	JIJ Papad Private Limited	Gate No.502/1, Waghade Tal-Shirpur, Dist-Dhule, Dhule, Maharashtra	S3-149435510	JIJ Papad Limited Center	
miss:assigned_elsewhere	0.045158164342461275	S1-169211211	Colonial Alliance	3415 Howard Street, Unit 102, Skokie, IL	S3-738908489	Colonial Partners Enterprises	
miss:not_in_candidates		S1-504505067	Shivam Technologies Private Limited	Sahkar Chamber C/O. Gokul Tractor, Mehsana, Mahesana, Gujarat	S3-852781450	Shivam Private  Limited Services	Sahkar Chamber C/o. Gokul Tractor, Mehsana, Mahesana, GJ
miss:assigned_elsewhere	0.00004384335267647967	S1-456956943	Jai Software Pvt Ltd	49-C, Block C New Alipore, Kolkata, Howrah, West Bengal	S3-54036560	জয় সফটওয়্যার প্রাইভেট লিমিটেড	4-9-C, Block C New Alipore, Kolkata, Howrah, পশ্চিমবঙ্গ
miss:not_in_candidates		S1-235975490	Orbex Mae	Delaware, OH, 982 Ballater Drive	S3-243983147	Wexnylanovi	982 Badlater Dr, Delaware, Ohio
miss:assigned_elsewhere	0.09429304998254184	S1-579899515	Shyam Industries Private Limited	No 252, 14Th A Cross Road, Bangalore North, Bangalore, Karnataka	S3-634895384	Synsol	No 252, 14Th A Cross Road, Bangalore North, Bangalore, Karnataka
miss:not_in_candidates		S1-960047277	Delhi Sonic Pvt Ltd	353, North West, Delhi, Bazar Pana Village Karala, Delhi	S3-727721040	Delhi Pvt Ltd Services	Hn 714 353, Delhi, North West, दिल्ली
miss:not_selected	0.37799487733914044	S1-532528231	CMN Communication Private Limited	31, Kolsawala Building 16, Cawasji Patel Street, Fort, Mumbai, Maharashtra	S2-862053135	CMN Commnication Private Limited	
miss:not_selected	0.4597741259751678	S1-62734978	Choice Prime Ridge LLC	20111 Bascom Ridge Drive, Cornelius, NC	S2-196751785	Choice Prime Ridge	##20108 BASCOM RIDGE DRIVE, CORNELIUS, NC
miss:not_in_candidates		S1-333043648	Hyderabad Pharmaceuticals Private Limited	Chennai, 5Th Floor, Poonamallee High Road, (Evr Periyar Salai), Tamil Nadu, No.185, Perambur Purasawalkam	S2-389523051	Hyderabad Private Limited Services	NO.185, 5TH FLOOR, POONAMALLEE HIGH ROA,D (EVR PERIYAR SALAI), PERAMBUR PURASAWALKAM, Tamil Nadu
miss:assigned_elsewhere	0.042408561822630114	S1-248934107	Interstate School of Medicine	KY, 1823 837, Bethelridge	S2-112324161	INTERSTATE SCHOOL OF	
miss:not_in_candidates		S1-300474857	EST Kuries Private Limited	C/O Bapurao Ubale, At Waghala, Parli Vaijinath, Beed, Maharashtra	S3-4635065	EK	C/O Bapurao Ubale, At Waghala, Parli Vaijinath, Beed, Maharashtra
miss:not_selected	0.34963502670302055	S1-993003226	Abhishek India Limited	Varuna-605 Madhapur, Hyderabad, Telangana	S2-189343118	ABHISHEK INDIA	
miss:not_in_candidates		S1-806307755	Indian It Pvt Ltd	#87, 3Rd Cross, 1St Floor, Kanakanagar, Near Goutham Colleg E, Rt Nagar Post, Bangalore, Karnataka	S3-965132554	iindian.com	#87, 3Rd Cross, 1St Floor, Kanakanagar, Near Goutham Colleg E, Rt Nagar Post, Bangalore, ಕರ್ನಾಟಕ
miss:not_in_candidates		S1-356232667	Shree Consultants Private Limited	Flat No. G-2, Plot Nos. 26, 27, Surashaka Aaprtments, Sri Lakshmi Nagar Colony, Road No.4, Manikonda, Rajendranagar, K.V.Rangareddy, Telangana	S2-561176802	శ్రీ కన్సల్టెంట్స్ ప్రైవేట్ లిమిటెడ్	Andhra Pradesh, FLAT NO. G-##2, PLOT NOS. 26, 27, SURASHAKA AAPRTMENTS, SRI LAKSHMI NAGAR COLONY, ROAD NO.4, MANIKONDA, RAJENDRANAGAR, K.V.RANGAREDDY
miss:assigned_elsewhere	0.2397037174176759	S1-440647917	Addy Butterfield Elite Efes Corp	323 3547, Fl 0, Paradise, TX	S2-655074128	Addy Butterfield Elite Efes	
miss:not_selected	0.2529645608088422	S1-359043345	Mumbai Pharmaceuticals Pvt Ltd	Old Amulya, 195, Walkeshwar Road Near Bank Of India, Teenbatti, Maharashtra, Mumbai, Mumbai City	S3-88026455	Mumbai  Pharmaceuticals Pvt	
miss:not_in_candidates		S1-25998392	Sun Institute of Technology	F 202, P 94A, Sai Swathi Residency, Serilingampally, K.V.Rangareddy, Telangana	S3-644716604	Sun	F 202, P 94A, Sai Swathi Residency, Serilingampally, K.V.Rangareddy, Telangana
miss:not_in_candidates		S1-99152808	Downtown Seafood Corp	NY, 773 Barkley Avenue, Hempstead	S2-753900741	Downtown Seafood-Corp	
miss:assigned_elsewhere	7.039789187472291e-6	S1-915407724	One Clinic Limited	Plot No.20A/2, Block-A&B, 3Rd Floor, Block A, 2Nd Floor 1St Cross Road, K.I.A.D.B, 1St, Phase, Peenya Industrial Area Bangaluru, Bangalore, Karnataka	S3-388814037	Shri One Limited Services	Plot No.20a/2, Block-a&b, 3Rd Floor, Block A, 2Nd Floor 1St Cross Road, K.i.a.d.b, 1St, Phase, Bangalore, KA
miss:not_in_candidates		S1-736140182	Ram Healthcare Private Limited	No. 4/461, 2Nd Floor, Suite #1521, Valamkottil Towers, Judgemukku, Kakkanad, Ernakulam, Kerala	S2-588562126	രാം ഹെൽത്ത്‌കെയർ പ്രൈവറ്റ് ലിമിറ്റഡ്	NO. 4/461, ERNAKULAM, Kerala
miss:not_in_candidates		S1-985050908	Jay Consultancy Limited	Santhwana, Ivth Floor, Chittoor Road, Ernakulam, Kerala	S2-149645465	ജയ് കൺസൾട്ടൻസി ലിമിറ്റഡ്	IVTH FLOOR, CHITTOOR ROAD, H.NO 574 SANTHWANA, KOCHI, കേരളം, ERNAKULAM
miss:not_in_candidates		S1-191139805	Hari Management Private Limited	C-2, Shastri Nagar, Jaipur, Rajasthan	S3-613353740	Limited Hari Private 5ervices	C-2., NULL, Jaipur, RJ
miss:not_in_candidates		S1-977931007	Pinnacle Wealth Systems Inc	6628 44th Street, Phoenix, AZ	S2-259679799	Pinnacle Wealth Systems Inc.	
miss:not_selected	0.41898704105038354	S1-985667615	Western Dental Associates	610 Sharp Avenue, Salem, OH	S3-623963856	Western Dental Associates [Ltd]	61 Sharp Avenue, Salem, Ohio
miss:not_in_candidates		S1-851252221	Newport News City Community Services Inc	12723 Sandpebble Circle, Unit 16, Newport News City, VA	S2-971629142	ZETAVEO	12723 SANDPEBBSE CIR, NEWPORT NEWS, VA
miss:not_in_candidates		S1-702442123	Maa Ventures Private Limited	Karnataka, Bangalore, No.29/1C, I Floor, South Block Beratina Agrahara, Electronic City Post, Bangalore	S3-484106466	Limited Maa Private Service	#29/1C, I Floor, South Block Beratina Agrahara, Electronic City Post, Bangalore, Bengaluru, KA
miss:not_selected	0.21718593653119142	S1-225854767	Reyes, Jung and Pletcher Box LLC	2711 Brighton Road, Rockford, IL	S3-840477606	Drexsyn	711 Brighton Rd, Rockford, Illinois
miss:not_selected	0.4981871593579066	S1-335486959	Nakamura, Valerye, D.O.	MT, 1240 Klondyke Loop, Somers	S2-70187048	Solnex	KLONDYKE LOOP, SOMERS, MT
miss:not_selected	0.266070457135184	S1-261795039	Cube Services Pvt. Ltd.	No 105, 17/1, 1St Floor, Md Krupa Bendrenagar, Bangalore South, Bangalore, Karnataka	S3-141298081	Cube Services Pvt.-Ltd	
miss:assigned_elsewhere	0.001085574928198956	S1-740206545	Surgical Group	3485 Saint Charles Place, Eagan, MN	S3-843547445	Nexvantage	Saint Charles Pl, Eagan, Minnesota
miss:not_selected	0.40636892080570663	S1-565609948	OR Texas	9606 Pole Run Road, Prince George County, VA	S3-232468341	OR Texas Ltd	Pole Run Road, PO Box 7399, Prince George County, Virginia
miss:assigned_elsewhere	0.00001217741262428285	S1-293465149	Ram Infrastructure Pvt Ltd	Flat No.4, Iii Floor, F.I., Grafig Apartment Bhopal House, Lalbagh, Lucknow, Uttar Pradesh	S3-118536776	Ram  Infrastructrue Pvt Ltd	H.no 4, Lucknow, UP
miss:not_in_candidates		S1-37096224	CP Lifescience	D 13-1-187/2/B, Borabanda, Snehapuri Colony, Ameerpet, Hyderabad, Telangana	S2-343290997	CP Services	
miss:not_in_candidates		S1-45547180	Bay Bdc Corp	980 Shoreline Circle, Southside, AL	S3-198160904	Bay Corp Center	
miss:not_selected	0.4920596695720363	S1-824405814	Braga, Powell & Jackson Biologics LLC	504 Ash Street, Okawville, IL	S3-650897738	Braga, Powell & Jackson Biologics	
miss:not_in_candidates		S1-706078	Mason, Rea, Ph.D.	64 Doane Street, Quincy, MA	S3-597877169	*** Lyrabrix	Doane St, Quincy, Massachusetts
miss:assigned_elsewhere	1.1969004011900308e-6	S1-3521214	Laxmi Engineering Private Limited	53, Floor-5, Plot-199, Gopal Bhavan Shamaldas Gandhi Marg, Chira Bazar, Kalb, Adevi, Mumbai, Mumbai City, Maharashtra	S3-913379943	लक्ष्मी इंजीनियरिंग प्राइवेट लिमिटेड	053, Mumbai, महाराष्ट्र, Mumbai City, Floor-5, Plot-199, Gopal Bhavan Shamaldas Gandhi Marg, Chira Bazar, Kalb, Adevi
miss:not_in_candidates		S1-504611640	Laxmi North Energy Private Limited	M-5/34/270, Shastri Nagar Ghb, Naranpura, Ahmedabad, Gujarat	S2-189520206	લક્ષ્મી નોર્થ એનર્જી પ્રાઇવેટ લિમિટેડ	H.NO 999  M-5/34/270, AHMEDABAD, ગુજરાત
miss:assigned_elsewhere	0.03621709159403226	S1-423512246	Summit Ministries	383 Silas Deane Highway, Wethersfield, CT	S3-931940273	Summit Minmsies	
miss:not_in_candidates		S1-685460163	Smith Global Inc	538 Six Mile Road, Somerville, AL	S3-774619069	Smith  Inc Center	Six Mile Road, Somerville, Alabama
miss:not_in_candidates		S1-545734648	My Marketing Private Limited	D-8 Shop No11 Cr Road, Laxmi Nagar, East Delhi, Delhi	S2-928855047	माय मार्केटिंग प्राइवेट लिमिटेड	D-8 SHOP NO11 CR ROAD, LAXMI NAGAR, EAST DELHI, Delhi
miss:not_selected	0.4704792254396815	S1-531264785	Cascade LLC	102 Elsmere Avenue, Bethlehem, NY	S3-523566912	cascade.com	106 Elsmere Ave, Bethlehem, New York
miss:not_in_candidates		S1-440834850	Hotel Projects Private Limited	Mahuwa, Vaishali, Bihar, Vill & Tola-Shamaspura, C/O Malti Das	S2-870844481	Hotel Projects Private-Limited	
miss:not_in_candidates		S1-87377036	Urology Care LLC	12414 Aunnic Lane, Spokane, WA	S3-256448987	Urology Care L.L.C.	
miss:not_in_candidates		S1-114248360	Davis Long Inc	11823 Acadian Drive, Houston, TX	S2-585889864	DAVIS LONG [INC] #23526	
miss:not_in_candidates		S1-457981193	Aqua Clinical Private Limited	Plot No.: 816/1, At: Rakanpur Taluka: Kalol, District: Gandhinagar, Ra, Kanpur, Gandhinagar, Gandhinagar, Gujarat, Ground Floor, Gandhi Nagar	S2-636303712	Shri Aqua Private Limited Center	
miss:not_in_candidates		S1-316636358	Anand Projects Private Limited	Gurgaon, Mata Mandir Road Near Tata Motors Auto Link Sec-6, Gurgaon, Haryana, Gurgoan	S3-984742290	आनंद Projects Private Limited	Mata Mandir Road Near Tata Motors Auto Link Sec-6, Delhi, HR
miss:not_in_candidates		S1-725879144	Primary Care Heartland Specialists LLC	WY, Unit 10, 514 Desmet Drive, Cheyenne	S3-901449121	Primary Care Heartland	
miss:not_in_candidates		S1-928631731	Regional Ministries	1452 380th Avenue, Goose Lake, IA	S2-316081051	The Regional Ministries	
miss:not_selected	0.6032094360846028	S1-911282727	Kidwell and Stout P.C.	3482 Sh 294, Harpster, OH	S3-451228137	Kidwell & Stout-P.C. Service	
miss:not_in_candidates		S1-970559653	Dream Solutions LLP	# 7, 6Th Main, Shusruthinagar, Andhrahali, Bangalore, Karnataka	S3-723781603	ಡ್ರೀಮ್ ಸೊಲ್ಯೂಷನ್ಸ್ ಎಲ್ಎಲ್‌ಪಿ	No C-7, Bangalore Rural, ಕರ್ನಾಟಕ
miss:not_selected	0.4922285269008302	S1-160767867	Sarastech Steel Group	Pn.50, G.N 509/B Rukhmini Nivas Swami Samarth Nagar, Adgaon, Nashik, Maharashtra	S2-587307007	Sarastech LLP Steel	PN.10, G.N 509/B RUKHMINI NIVAS SWAMI SAMARTH NAGAR, ADGAON, Maharashtra
miss:not_in_candidates		S1-38481084	Motors Packages LLP	Sy No. 134/2, Shed No 7, Doddamma Doddahanumanthaiah Industrial Area, Machohalli Village, Bapagrama Post, Kadabagere Cross, Magadi Main Road, Bangalore North, Bangalore, Karnataka	S2-721963614	Motors-Packages  LLP	
miss:not_in_candidates		S1-71742029	Jordan Blue Fitness	901 Hidden Valley Drive, Unit 17003, Round Rock, TX	S2-250691170	Quozeta	01 HIDDEN VALLEY DR, ROUND ROCK, TX
miss:assigned_elsewhere	9.030082846496484e-7	S1-518200594	Aditya Finance Pvt Ltd	14, Krishnanagar, Tadepalle, Guntur, Andhra Pradesh	S3-926898398	Ltd Aditya Pvt Center	Block F-367 14, Krishnanagar, Guntur, Tadepalle, AP
miss:not_in_candidates		S1-921302279	Martinez Healthcare, Inc	3874 Brookview Drive, Saint Louis Park, MN	S2-103324497	Martinez  Inc Service	BROOKVIEW DR, SAINT LOUIS PARK, MN
miss:not_in_candidates		S1-390450146	Wade, Miller and Cornwell Group	1314 Leeper Avenue, South Bend, IN	S2-523891324	Wade Miller and Cornwell LLC	
miss:not_in_candidates		S1-654607575	Anand Exports Limited	C/O Kanjiwali Lankri, Fazalpur Moradabad, Moradabad, Uttar Pradesh	S2-607305142	आनंद एक्सपोर्ट्स लिमिटेड	C/O KANJIWALI LANKRI, FAZALPUR MORADABAD, MORADABAD, HARTHLA, Uttar Pradesh
miss:not_selected	0.27845118405815183	S1-883296573	Cascade Choice Manufacturing PC	223 Jones Dancy Street, North Wilkesboro, NC	S2-44413650	Cascade Choice  Manufacturing PC	
miss:not_in_candidates		S1-449531807	Alpha Investments Private Limited	2/1-A5, Bank Madhura Nagar, Karaikudi-Kallal Block, Sivaganga, Tamil Nadu	S3-323136752	Alpha Invaestmbnts  Private Limited	
miss:not_selected	0.6971477608651439	S1-378658767	Fin Broadcasting	65-66 Babji Nagar, Indore, Madhya Pradesh	S2-184663562	FIN BROADCASTING COMPANY	
miss:not_in_candidates		S1-944609315	Pediatric Dental Elite Specialists	210 Planters Run, Elizabeth City, NC	S2-323936494	Pediatric Dental Elite Spécialists	
miss:not_in_candidates		S1-519102765	Gangan Trading Limited	No. 161/1, Sathy Road, Coimbatore South, Coimbatore, Tamil Nadu	S3-703659060	Gangan Limited Center	TN, Sathy Road, Coimbatore, No. 61/1
miss:not_in_candidates		S1-508238860	Real Developers Private Limited	First Floor, 13/474 J, 13/474 K, Kannadiparamba, Pulloopi, Taliparamba, Kannur, Kerala	S3-718523155	Real Drsmeelopers Private Limited	No. 956 First Floor, Calicut Region, KL, Kannur
miss:not_selected	0.5077636050475695	S1-849852188	Downtown Cleaning Service! LLC	2243 300, Kokomo, IN	S2-985158493	Ve0wex	2245 300, KOKOMO, IN
miss:not_in_candidates		S1-894450407	Perfect Power Private Limited	B-5/285, Yamuna Vihar Shahdara, East Delhi, Delhi	S3-841889596	Perfect Power Private Ltd	
miss:assigned_elsewhere	0.5099990394784092	S1-66585454	Vkm Traders Private Limited	Rath, Nathuram Kot Bazar, Uttar Pradesh, Hamirpur	S3-622495326	Vkm  Traders Limited Private	
miss:not_selected	0.686008809115032	S1-97604692	Creative Hospitality Pvt Ltd	P141, 14Th Floor, Tower P, Near Haldiram Dlf Capital Greens Phase 3, Moti Nagar, Delhi, West Delhi, Delhi	S2-107090221	M/s CREATIVE  HOSPITALITY PVT	P0141, 14TH FLOOR, TOWER P, NEAR HALDIRAM DLF CAPITAL GREENS PHASE 3, MOTI NAGAR, DELHI, दिल्ली
miss:not_in_candidates		S1-42539010	Advaita & Brothers Limited	17, Vasuki Society Opp. Vasna Bus-Stand, Vasna, Ahmedabad, Gujarat	S3-491628001	#Advaita	17, Ahmedabad, GJ
miss:not_in_candidates		S1-130496850	Scholarship Coalition	18330 Campbellford Drive, Tomball, TX	S3-370079605	Scholarship Coalition	
miss:not_selected	0.5382130258112023	S1-342290288	In & Brothers	A-133, First Floor, Sector-14, Kauhambi, Ghaziabad, Kaushambi, Uttar Pradesh	S2-899666338	In + Bortnthers	A-133, FIRST FLOOR, SECTOR-14, KAUHAMBI, GHAZIABAD, Uttar Pradesh
miss:not_in_candidates		S1-292283714	Dava Innovative Communications LLC	34 Hunter Street, Ossining, NY	S2-893253495	Dava LLC Communications Innovative	
miss:not_selected	0.4183568801516479	S1-60271679	National Mortgage Partners LLC	5525 Cox Road, Ash, NC	S3-804856904	Fluxverapyra	5525 Cox Road, Ash, North Carolina
miss:assigned_elsewhere	0.005107918914693322	S1-8365705	Star Communications	5801 Hunters Crossing Lane, Charlotte, NC	S3-282740840	Star Services Enterprises	
miss:not_in_candidates		S1-243009723	Urban Estate Private Limited	41/3146A, Mukkadayil House St.Vincent Road, Kacherippady, Ernakulam, Kerala	S2-82987355	അർബൻ എസ്റ്റേറ്റ് പ്രൈവറ്റ് ലിമിറ്റഡ്	41/3146A, MUKKADAYIL HOUSE ST.VINCENT ROAD, ERNAKULAM, Kerala
miss:not_selected	0.22323573163493696	S1-324868454	Ss Healthcare Private Limited	Plot No 10 & 11, Pune, 401, Sr No 23/4A/1, Haveli, Maharashtra	S3-124007972	Ss Healthcare Private Ltd	& 11, Haveli, Nande, MH
miss:not_in_candidates		S1-548496817	Dynamic Integrated Dynamics LLC	4828 Coachmans Landing Court, VA, Henrico County	S2-193328118	Dynamic Integrated Dynamics  LLC	
miss:not_in_candidates		S1-745654651	Golden Five Private Limited	Dongaon, Tal Dharangaon, Dharangaon Jalgaon (Mh) In, Jalgaon, Maharashtra	S2-233622290	Golden Private Limited Center	PLOT 772 DONGAON, TAL DHARANGAON, DHARANGAON JALGAON (MH) IN, JALGAON, महाराष्ट्र
miss:assigned_elsewhere	4.724633265780751e-6	S1-809013387	Modern Finance Pvt Ltd	Holding No-247, Purba Tentulberia, Kolkata, South 24 Parganas, West Bengal	S3-688844886	Modern Pvt Ltd Services	South 24 Parganas, Holding No-247, WB
miss:not_in_candidates		S1-939881756	Raviaksh Polymers Limited	Bangalore, Karnataka, C 1502, Sattva Gold Summit, Hennur Main Road, Kothnur Village	S2-484410138	Raviaksh Limited Center	
miss:not_in_candidates		S1-630852205	My Hospitality Limited	Unit No. 801, 8Th Floor, Village- Badshahpur, Emaar Mgf Collonade, Sector-66, Sadar Bazar, Gurgaon, Haryana	S3-914661686	माय हॉस्पिटैलिटी लिमिटेड	Door No 00801 Unit No. 801, 8Th Floor, Village- Badshahpur, Emaar Mgf Collonade, Sector-66, Gurgaon, Sadar Bazar, HR
miss:not_in_candidates		S1-972467068	Cure Yoga!	1452 17th Drive, AZ, Phoenix	S3-734578907	Cure-Yoga!	
