kind	p	s1	s1_name	s1_addr	q	q_name	q_addr
false_merge	0.8718661296271463	S1-393623328	Jain Surya Care Private Limited	1A, Old Post Office, Street Near Kolkata High Court Kolkata-1, Kolkata, Kolkata, Howrah, West Bengal	S3-SYN2418795	Jain Care Surya Private Limited	9A, Old Post Office, Street Near Kolkata High Court Kolkata-1, Kolkata, Kolkata, Howrah, পশ্চিমবঙ্গ
false_merge	0.9899265502624469	S1-446251078	Galaxy Impex Pvt Ltd	Shop A 4 Narendra Park Bldg No D-1, Naya Nagar Road Opp Narendr Park Jupitar Bldg, Thane, Maharashtra	S3-376992583	गैलेक्सी Impex Limited	Shop A 4 Narendra Park Bldg No D-4, Thane, MH
false_merge	0.9892422464865045	S1-426369193	Sai Management Pvt Ltd	14 Sidco Industrial Estate, 1St Sector, 1St Street Ambattur, Chennai, Tamil Nadu	S3-SYN2539912	Sai Mánagement Pvt Ltd	TN, 1St Sector, 1St Street Ambattur, Madras, 14 Sidco Industrial Estate, Chennai
false_merge	0.9754092341341937	S1-111606755	Regional Charter School	209 Walnut Street, Tremont, IL	S3-SYN1236913	Regional Charter-School Corp	209 Walnut Street, Tremontc ITY, Illinois
false_merge	0.9890974202951087	S1-545338258	Disha Institute of Technology	Flat No.F1, Praneel Vikas, Plot No.16, 5Th Street, Indira Nagar, Menambedu, Amba, Ttur, Chennai, Tamil Nadu	S2-SYN763271	Disha Institute of Technology Limited	தமிழ்நாடு, FLAT NO.F1, PRANEEL VIKAS, PLOT NO.16, 5TH STREET, INDIRA NAGAR, MENAMBEDU, AMBA, TTUR, CHENNAI
false_merge	0.9624202984804673	S1-119448214	Dream Food Private Limited	3468, Ground Floor, 1 G Cross, 7 Main Road, Bangalore North, Bangalore, Karnataka	S2-SYN2567135	ಡ್ರೀಮ್ ಫುಡ್ ಪ್ರೈವೇಟ್ ಲಿಮಿಟೆಡ್	11-68, GROUND FLOOR, 1 G CROSS, 7 MAIN ROAD, CHANDRA LAYOUT, Karnataka
false_merge	0.7428157413146768	S1-874225896	Quality Logistics Consultants LLC	Jefferson City, 546 Mt Horeb Road, TN	S3-SYN2290970	Viodova	547 Mt Horeb Road, Jefferson CITY CDP, Tennessee
false_merge	0.9949152683530732	S1-864113868	Radhey Property Private Limited	Thane, Gala No F-1, Shailesh Industrial Estate, T No 7, Navghar, Vasai Road West., Maharashtra	S3-SYN1905800	Radhey Property Private Ltd	Gala No F-1, Shailesh Industrial Estate, T No 7, Navghar, Vasai Road West., MH, Thane
false_merge	0.8031250113252291	S1-368994678	Pavlick American	309 Main, Franklinton, NC	S2-SYN2518400	Pavlick American	186 MAIN, FRANKLINTON, NC
false_merge	0.9987659624251188	S1-166499608	VE Pattana	1523 Grand Avenue, Fl 1, Medford, OR	S3-SYN1332058	VE Pattana	Grand Avenue, Fl. 1, Medford, Oregon
false_merge	0.8082753551755444	S1-385297784	FJB Life Private Limited	Rangareddy, M/S Savvys Construc, Hyderabad, Survey No.100/A, 100/1, 10, Chanakyapuri Colony, Uppal, Telangana	S3-SYN1459015	FJB LIFE Private Limited	#195 M/s Savays Construc, Survey No.100/a, 100/1, 10, Chanakyapuri Colony, Uppal, Hyderabad, Rangareddy, TG
false_merge	0.9308006665049771	S1-159135848	Bay Pioneer Developments LLC	347 Spring Branch Lane, Kennedale, TX	S2-82176760	VEOCIRA	347 1/2 SPRING BRANCH LANE, KENNEDALE, TX
false_merge	0.9896957480576587	S1-194577568	Haridas Brothers of Channasandra Private Limited	Lakshmi Nivas Flat D1, Bda Double Road, Banashankari 6Th Stage, Bangalore, Channasandra, Karnataka, No. 3	S3-SYN1334498	Haridas Brothers of Channasandra Private Ltd	No. 1, Channasandra, Bangalore, KA
false_merge	0.9590924054316049	S1-185781634	Transworld India Private Limited	6380, Sect C, Pkt-6/7 Vasant Kunj, New Delhi, Delhi	S3-SYN2443110	Transworld Private Limited Sérvices	Door No 1-57 6380, Sect C, Pkt-6/7 Vasant Kunj, New Delhi, Delhi, दिल्ली
false_merge	0.9965031083152014	S1-101383941	Shakti Management Private Limited	# 1-8-240, Mayuri Residency Balasamudram, Hanamkonda, Warangal Urban, Telangana	S2-SYN1419886	Shakti మేనేజ్‌మెంట్ Private Limited	1-8-240 , MAYURI RESIDENCY BALASAMUDRAM, HANAMKONDA, తెలంగాణ
false_merge	0.893411071573056	S1-463857935	Vision Memorial Trust	Survey No. 37, Sartanpar Matel Road, Tita Chokdi, B/H Stone Query, Near M-Bo Granito, Wankaner, Rajkot, Gujarat	S2-SYN2213784	VISION MEMORIAL CENTER	SURVEY NO. B20/37 , SARTANPAR MATEL ROAD, TITA CHOKDI, B/H STONE QUERY, NEAR M-BO GRANITO, WANKANER, Gujarat
false_merge	0.9096457879236781	S1-66562297	Trigen Research (India) Private Limited	Plot No. B-13/7A, Ground Floor, Kh No. 825, New Delhi, South West Delhi, Delhi	S3-SYN1418338	Trigen Résearch (India) Private Limited	Plot No. B-1-3/7a, Ground Floor, Kh No. 825, New Delhi, South West Delhi, DL
false_merge	0.7772702595932497	S1-204912996	Prameela & Sons Ltd	1St Floor Sai Enclave Colony, Icici Bank, Habsiguda, Hyderabad, Telangana, Hyderabad, H.No-7-102/24	S2-SYN1430709	Prameela + Sons Ltd.	H.NO-1-102/24, 1ST FLOOR SAI ENCLAVE COLONY, ICICI BANK, HABSIGUDA, HYDERABAD, తెలంగాణ
false_merge	0.997997370330365	S1-397383982	Jarlyn British LLC	657 Rose Boulevard, Camden, OH	S2-842598706	Jarrlyn Brsioh LLC	657 ROSE BLVD, CAMDEN, OH
false_merge	0.5643149085026917	S1-466704872	Neena (india) Private Limited	C/O Mo Feroz Mo Haji Najeer, Johar Colony, Sillod, Aurangabad, Maharashtra	S3-386920200	M/s Gildvantage	C/o Mo Feroz Mo Haji Najeer, Johar Colony, Aurangabad, Sillod, MH
false_merge	0.8606027710630465	S1-353385861	Yamuavi Traders LLP	Mumbai, Mumbai City, Maharashtra, 38 Prabhat Keluskar Road N Shivaji Park Dadar	S2-95219254	Yamuaex Traders L.L.P.	NO 38 PRABHAT KELUSKAR ROAD N SHIVAJI PARK DADAR, MUMBAI, Maharashtra
false_merge	0.9928132089973756	S1-220065411	Union (India) Concepts Pvt Ltd	M-1, Kalpita Enclave, Sahar Road, Opp. Vijay Nagar, Koldongari, Andheri (E), Mumbai, Mumbai City, Maharashtra	S3-SYN2071245	unionindiaconcepts.com	M-1, Kalpita Enclave, Sahar Road, Opp. Vijay Nagar, Koldongari, Andheri (E), Mumbai City, MH
false_merge	0.7881163262996307	S1-13701288	Midgett Lending LLC	600 14th Street, Bismarck, ND	S3-795870340	Evobrix	14th Street, Bismarck, North Dakota
false_merge	0.9925598822809076	S1-350329771	URQ Developers Private Limited	Khordha, Bhubaneswar, Plot No. N3/50, Orissa, Flat No.32, Kalpana Homes, Nayapalli	S2-106440069	URRQ Developers Private  Limited	NO. ##216 PLOT NO. N3/50, FLAT NO.32, KALPANA HOMES, NAYAPALLI, BHUBANESWAR, Odisha
false_merge	0.8600276704973694	S1-494124602	Velazquez Holdings Inc.	1546 Como Avenue, Saint Paul, MN	S3-SYN1396097	Velazquez (Holdings)	1821 Como Avenue, Saint Paul, Minnesota
false_merge	0.9058773790529397	S1-443605757	Super Fund Private Limited	Flat No-105, Sai Tejas Diamond Palace, Tirumalagiri, Hyderabad, Telangana	S2-SYN2378161	super fund private limited	Telangana, FLAT NO-75, SAI TEJAS DIAMOND PALACE, TIRUMALAGIRI
false_merge	0.9863256355039363	S1-224693954	Compass Enterprises, LLC	4964 Kessler Drive, Frisco, TX	S3-757928167	Cómpass Enterprises	
false_merge	0.8723588131088653	S1-683959105	Seven Impex Private Limited	No. 2509 Sobha Mayflower Balandur Sarjapur Outer Ring Road, Bangalore, Karnataka	S3-SYN2625434	*** Seven-Impex Private Limited	269 Sobha Mayflower Balandur Sarjapur Outer Ring Road, Bangalore, KA
false_merge	0.9888133011672277	S1-921315681	Cn Farming (India) Limited	Gahasad Post- Sahjanwa, Gorakhpur, Uttar Pradesh	S2-SYN1715705	Cn Farming (India)	BLOCK F-1-11 GAHASAD POST- SAHJANWA, GORAKHPUR, उत्तर प्रदेश
false_merge	0.9903687074864712	S1-14077702	Balaji High Infrastructure Private Limited	Kamadhenu Nagar 1St St, Laxmi Nagar K.R.Palayam Token Mem, Erode, Tamil Nadu, Erode, H No 8/451A/258M	S3-SYN2318487	Private Balaji High Infrastructure Limited	H.no 1/451A/258M, Erode, தமிழ்நாடு
false_merge	0.9964058528804505	S1-328941981	Mcclure Royal Pegasus LLC	242 51st Street, Des Moines, IA	S3-SYN1936960	Lumecto Northside DBA Mcclure Royal Pegasus LLC	242 51st Street, Des Moines, IA
false_merge	0.9490275466224588	S1-451663221	GL Services Group	205, Beslde St. Xaviers School, Memnagar, Opp. Memnagar Panchayat Office, Ahmadabad City, Ahmedabad, Gujarat	S2-SYN1350384	GL Sérvices Group	#732 205, BESLDE ST. XAVIERS SCHOOL, MEMNAGAR, OPP. MEMNAGAR PANCHAYAT OFFICE, AHMADABAD CITY, ગુજરાત
false_merge	0.9982133759322902	S1-421146450	Novora Standard Inc	120 Farrell Road, NC, Rowland	S3-576500869	Novvora Standard Inc.	120 Farrell Rd, Rowland, North Carolina
false_merge	0.5687662642810304	S1-877860295	Apex Care Private Limited	Rajasthan, 80, Lavkush Nagar-Ii, Tonk Road, Jaipur	S2-614414465	एपेक्स केयर प्राइवेट लिमिटेड	163, JAIPUR, HEERA NAGAR A, राजस्थान, JAIPUR
false_merge	0.9380155480919622	S1-888041196	Orthopedic Health P.C.	7467 Woodhaven Drive, La Plata, MD	S3-414755944	Co Orthopedic Health	7467 Woodhaven Dr, La Plata, Maryland
false_merge	0.9541812250979108	S1-289707700	Sms Trading Private Limited	Office No. 101 Abh Landmark, Kalpatru Nagar Ashok, Nashik, Maharashtra	S3-SYN2287525	Sms Tradgidng Private Limited	Nashik, MH, Nashik, Kalpatru Nagar Ashok, No. 258 Office No. 101 Abh Landmark
false_merge	0.8470413256815911	S1-562139732	Shakti Technologies Private Limited	6B/1, Bondel Road, Kolkata, Kolkata, Howrah, West Bengal	S3-SYN1500553	শক্তি টেকনোলজিস প্রাইভেট লিমিটেড	A-1b/1, Bondel Road, Kolkata, Kolkata, Howrah, পশ্চিমবঙ্গ
false_merge	0.8686533924454175	S1-255100676	Castellano Sterling Aviation LLC	920 Lake Point Road, Eclectic, AL	S2-SYN2167360	Castellano Sterling Aviation (LLC)	AL, ECLECTIC, 817 LAKE POINT ROAD
false_merge	0.883128444492556	S1-742531092	Olanic Spectral Inc	1200 Blue Bill Way, Normal, IL	S3-482032667	Olanik Inc Spectral	1200 Blue Bill Way, Norrmal, Illinois
false_merge	0.8105780993906028	S1-270327715	Energy Energia Steels of Mumbai Private Limited	Chunabhatti, Mumbai, Mumbai City, Maharashtra	S2-811107825	Energy Energia Livestocks of Mumbai Private Limited	H.NO 9 CHUNABHATTI, MUMBAI, Maharashtra
false_merge	0.9667614230025608	S1-610149899	Underwood, Creary & Buckner Connecticut	105 Tow Away Road, Ripley, WV	S2-SYN1538612	UNDERWOODCREARYBUCKNER.COM	##1 TOW AWAY RD, RIPLEY, WV
false_merge	0.8255513867101902	S1-372032210	Tejaksh Dice Private Limited	1154 /0 Srinivasa Building Hosur Road Electronic City Phase-Ii, Bangalore, Karnataka	S3-428671029	Private Tejiksh Dice Limited	115 /0 Srinivasa Building Hosur Rod Electronic City Phase-ii, Bangalore, KA
false_merge	0.7995991401560303	S1-41468126	Federal Infrastructure	354 Nepperhan Avenue, Unit Apartment 1C, Yonkers, NY	S3-882847001	Federal Infrastructure	
false_merge	0.7889059614861276	S1-152700487	Associated Constructions Private Limited	Tc 42/192(2), Valia Veedu, Mukkolackal, Sreevaraham, Manacaud.P.O, Thiruvananthapuram, Trivandrum, Kerala	S3-958229929	Dr ASSOCIATED CONSTRUCTIONS LIMITED	Tc 42/192-(5), Thiruvananthapuram, Trivandrum, കേരളം
false_merge	0.9985820662818262	S1-13237990	Hitchcock and Belton	33287 Haning Road, OH, Albany	S3-SYN1784030	Evoevo Midtown f/k/a Hitchcock and Belton	33287 Haning Road, Albany, OH
false_merge	0.7891391828040325	S1-270780489	Cure Hair Studio Care	Medford, Unit 416, MA, 35 Bradlee Road	S2-19963089	Cure Hair Studio Center	
false_merge	0.875882235897038	S1-300300052	Vea Dollar	8822 540, UT, Sandy City	S3-840513689	Vea  Dollar Ltd	835 540, Sandy City, Utah
false_merge	0.9857466334183375	S1-258133748	Vantent Jackson LLC	Scottsdale, AZ, Fl 1, 13688 96th Place	S3-SYN2418670	Vantent Jáckson LLC	100th Pl, Fl 1, Scottsdale Airpark, Arizona
false_merge	0.6888596542917158	S1-32551836	Likewise Brothers Private Limited	Agra, Uttar Pradesh, Agra, Flat No 203, 1St Floor, Kn.No, 59, Tulsi Classic	S2-548893491	LIKEWISE BROTHERS PRIVATE LIMITED	
false_merge	0.9611159262203443	S1-490654530	Regional Fuse	15 Lilac Drive, Woodbury, NY	S3-SYN1524053	Regional Fuse	New York, PMB 6452, Woodbury, 15 Lilac Dr
false_merge	0.9983186381376088	S1-630911798	Solelle Alliance, LLC	NC, 8817 Hexham Road, Wake Forest	S3-676015540	Sollelle LLC Alliance,	8817 Hexham Rd, Wake Forest, North Carolina
false_merge	0.9240617035533772	S1-570876142	GJM Agro Private Limited	Kasganj, W/O Dinesh Chand Bidla Novelty Road, Uttar Pradesh, Etah, C/O Smt. Manorma Devi	S2-763737575	TJM PRIVATE AGRO  LIMITED	DOOR NO 99 C/O SMT. MANORMA DEVI, W/O DINESH CHAND BIDLA NOVELTY ROAD, KASGANJ, Uttar Pradesh
false_merge	0.9867473827715632	S1-816837404	Alejandra Vazquez, DDS, DDS PC PC	95 Tamarisk Lane, IL, Deerfield	S2-729097558	Alejandra Vazquez, DDSP, DDS PC PC	095 TAMARISK LN, DEERFIELD, IL
false_merge	0.8640609153698687	S1-228495468	Al Innovative Constructions Private Limited	Shop No. 19, 2Nd Floor Sugra Manzil, 103-105, Chakla Street Lan, E, Mumbai, Maharashtra	S3-SYN1443365	अल इनोवेटिव कंस्ट्रक्शंस प्राइवेट लिमिटेड	Shop No. 1, 2Nd Floor Sugra Manzil, 103-105, Chakla Street Lan, Mumbai, Mumbai (SUBURBAN), MH
false_merge	0.9299718281113082	S1-127004889	Crystal Gulf Enclave Partners	West Chester, OH, 8079 Red Mill Drive	S2-865242608	crystal gulf enclave llc	
false_merge	0.7814408852368359	S1-797134877	Adishakti Enterprises	No. 16, F3, Officers Colony 1St Main Road Adambakkam, Chennai, Tamil Nadu	S3-380357721	Aadishakti Enterprises | www.aadishakti.com	
false_merge	0.9780707146538733	S1-758408997	Batson Sprott Co	206 Tanglewood Drive, Yukon, OK	S2-SYN603936	SPROTT BATSON LLC	OK, 206 TANGLEWOOD DR, YUKON
false_merge	0.8348830356567609	S1-544456436	Nma India Private Limited	Delhi, E-21/245, North West, Delhi, Second Floor, Sector -3, Rohini	S2-102604971	NMA IDNIA LIMITED	E-B3/21/248, SECOND FLOOR, SECTOR -3, ROHINI, DELHI, दिल्ली
false_merge	0.9699295756171307	S1-382374936	Ace Agro Pvt Ltd	Hyderabad, Telangana, H.No 1-2-116/5, Plot No 5, Sapthagiri Enclave Yellareddyguda, Kapra Municipality, Hyderabad	S2-SYN2193616	ఏస్ ఆగ్రో ప్రైవేట్ లిమిటెడ్	1-2-116/5, PLOT NO 5, SAPTHAGIRI ENCLAVE YELLAREDDYGUDA, KAPRA MUNICIPALITY, HYDERABAD, Telangana
false_merge	0.9657242606824601	S1-679029331	Glyphial Innovations, Inc	102 Pierce Avenue, Lakeville, MA	S3-SYN495752	Glyfial Innovations,  Inc	102-115 Pierce Avenue, Lakeville, Massachusetts
false_merge	0.9946001947603275	S1-651621626	Indo Power Private Limited	Metcalfe Street 3Rd Floor, Kolkata, 69, Kolkata, West Bengal, Howrah	S3-250601693	ইন্দো পাওয়ার Private Limited	No 3Rd Floro, Kolkata, WB
false_merge	0.9282550973881158	S1-780567126	Allied Institute	285 County Road 748, Buna, TX	S2-SYN2222074	ALLlED INSTITUTE	287 COUNTY ROAD 748, BUNA, TX
false_merge	0.841561585794973	S1-118090075	Z+ Rate, Inc	520 Sequoyah Trail, Norman, OK	S2-SYN1457068	Z+ Ráte,	385 SEQUOYAH TRAIL, NULL, NORMAN, OK
false_merge	0.7373314672303452	S1-475880699	Spectro Agencies Private Limited	Flat No.-32, Harit Niketan West Enclave, Pitampura, Delhi, North West, Delhi	S2-638190518	SPECTRO AGNMCEIS PRIVATE LIMITED	
false_merge	0.9702622643444297	S1-931745	Marketing Vandan Industries Ltd	D-116-Gf, Sushant Shopping Arcade Sushant Lok Phase-1, Gurgaon, Haryana	S2-SYN1332641	Marketing Vandan	D-1-GF, SUSHANT SHOPPING ARCADE SUSHANT LOK PHASE-1, GURGAON, हरियाणा
false_merge	0.9989207069006435	S1-798614243	Complete Biomedical Worldwide Inc.	18 Landing Road, Kingston, MA	S3-SYN1245123	Complete Worldwide Inc Services	18. Landing Road, Kingston, Massachusetts
false_merge	0.8051307032232	S1-478632769	Seven Consulting Private Limited	306, Third Floor, Unique Metropolis, Nr. Prasang Party Plot, Off R.C Technic, Al Road, Ahmedabad, Gujarat	S2-SYN1579004	સેવન કન્સલ્ટિંગ પ્રાઇવેટ લિમિટેડ	PLOT 522 306, AHMEDABAD, NULL, ગુજરાત
false_merge	0.3972083482142598	S1-362334080	Holzer & Pier LLC	7125 Fair Oaks Boulevard, Unit APT 210, Carmichael, CA	S2-51946560	HOLZER & PIER	
false_merge	0.841262563435485	S1-737085485	Samruddhi & Sons Private Limited	C/O Ratibhan S/O Sh. Bheem Singh Vpo Mundet Khadar, Shamli, Muzaffarnagar, Uttar Pradesh	S2-SYN2434492	Privaboote Samruddhi & Sons Limited	NO. 4 C/O RATIBHAN S/O SH. BHEEM SINGH VPO MUNDET KHADAR, SHAMLI, MUZAFFARNAGAR, Uttar Pradesh
false_merge	0.8768957213530245	S1-918592003	WE Valley Liquidity Inc	4258 Wheelock Road, Wheelock, VT	S3-SYN1661843	Wevalleyliquidity.Com	Wheelock, PO Box 8912, Vermont, ##4258 Wheelock Rd
false_merge	0.9726259824148534	S1-833895960	Indo Marketing Limited	101 B, 1St Floor, Amrut Diamond House, Tata Road No 1, Roxy Cinema, Opera House, Girgaon, Mumbai, Mumbai City, Maharashtra	S3-SYN1661002	Indo Marketing-Ltd	महाराष्ट्र, Greater Bombay, H.no 1 B, 1St Floor, Amrut Diamond House, Tata Road No 1, Roxy Cinema, Opera House, Girgaon, Mumbai
false_merge	0.952910191197432	S1-322500200	Vega, Myers & Starnes Inc.	1500 25th Street, Wichita Falls, TX	S3-SYN1727560	Vega, Myers & Starnes - 1612625223	14th St, PO Box 8682, Wichita Falls, Texas
false_merge	0.9492996701388557	S1-837650446	Fabian Cea	903 Twin Cedar Drive, Clarksville, AR	S2-809308824	FAYERIZA	CLARKSVILLE, AR, TWIN CEDAR DRIVE
false_merge	0.8327239849219914	S1-63650241	Kaveri & Associates	44, Zone-Ii, M. P. Nagar, Bhopal, Madhya Pradesh	S3-SYN2158294	... Kaveri and Associates	Plot 351 44, Zone-ii, Bhopal, M. P. Nagar, MP
false_merge	0.9987008680307802	S1-788576644	Rodriguez Management LLC	1 Lake Street, Rockwood Strip T1 R1 Nbkp, ME	S2-SYN1691820	Rodriguez Management Llc	1 LAKE ST, ROCKWOOD, ME
false_merge	0.9593496758148935	S1-549036415	Arts Program IV PC	1101 Elmshadow Drive, Henrico County, VA	S3-943552558	PC Arts Prógram IL	Henrico, Virginia, #1101 Elmshadow Drive
false_merge	0.9869302638084013	S1-699257832	Yamuora Industrial Public Limited	B 1201, Floor 12Th, Plot Cs777/778, B, Ratan Central, Dr. Ambedkar Road, Mumbai, Maharashtra	S3-739088061	Yamuoraer Industrial  Public Limited	B 1201, Floor 12Th, Plot Cs777/778, B, Ratan Central, Dr. Ambedkar Road, Mumbai, MH
false_merge	0.7646525875573178	S1-783407311	Spp Traders Private Limited	301 302 Bldg No 7 Sector -2 Shani Ga Opp Urya Shopping Centre Mira Road Eas, T, Mira Road, Maharashtra	S2-387918042	SPP TRADERS LIMITED	Maharashtra, #305 302 BLDG NO 7 SECTOR -2 SHANI GA OPP URYA SHOPPING CENTRE MIRA ROAD EAS, T
false_merge	0.9615529353603073	S1-680829685	Lyros Boral	3721 Galbraith Road, Unit 0, Cincinnati, OH	S3-473140718	Lyroz Boral	##3721 Galbraith Rd, Cincinnati, Ohio
false_merge	0.857303406968415	S1-729066637	Om Media Private Limited	Unit No.111, 1St Floor, Kartik Complex, New Link Rd Opp. Laxmi Industrial Estate, Andhei Wes, T, Mumbai, Mumbai City, Maharashtra	S2-SYN765091	ॐ मीडिया प्राइवेट लिमिटेड	SAKAR-1 OFF. NO. 111, SAKAR-10 1ST FLOOR, PUNE, PUNE, Maharashtra
false_merge	0.98413233303003	S1-681767506	City Of Appleton Pediatric Dentistry Beacon Center Associates	525 Layton Avenue, WI, City Of Appleton	S3-SYN758269	City Of Appleton Pediatric Dentistry Beacon Center Associates  Co	525- Layton Avenue, Appleton, Wisconsin
false_merge	0.8666102929354684	S1-486606321	Devya Club Private Limited	Vill-Rosera, Tola-Dhav, Muhlla, Panch, Samastipur, Samastipur, Bihar	S2-SYN746750	Devvya Club Private Limited	NO 43 VILL-ROSERA, TOLA-DHAV, MUHLLA, PANCH, SAMASTIPUR, SAMASTIPUR, बिहार
false_merge	0.9939835460435663	S1-692821865	Udichi Security Private Limited	B-1/10, Lower Ground Floor, Haus Khas, New Delhi, South West Delhi, Delhi	S2-SYN1727182	UDICHISECURITY.COM	Delhi, B-1/10, LOWER GROUND FLOOR, HAUS KHAS, NEW DELHI
false_merge	0.9353398923864532	S1-255146242	Indian Surya Infotech Private Limited	40, 4Th Cross Rajasree Layout, Munnekolalu, Varthur, Bangalore, Karnataka	S3-SYN1496614	ಇಂಡಿಯನ್ ಸೂರ್ಯ ಇನ್‌ಫೋಟೆಕ್ ಪ್ರೈವೇಟ್ ಲಿಮಿಟೆಡ್	Door No 745 40, 4Th Cross Rajasree Layout, Munnekolalu, Varthur, Bangalore, KA
false_merge	0.5774487899889127	S1-256221399	Guzman Family Practice LLC	375 Holyoke Street, Ludlow, MA	S3-802441130	Zetavio	Holyoke St, Ludlow, Massachusetts
false_merge	0.8982648948569243	S1-956720149	Tejansh Max Private Limited	Air Force, Haryana, Gurgaon, Bptp Terra, Sector 37-D, Tower-21/904	S2-947419874	Tejanshyn Máx Private Limited	TOWER-21/925, BTP TERRA, SECTOR 37-D, AIR FORCE, Haryana
false_merge	0.7840425179606239	S1-655705554	Coker Oil	CA, Unit C203, Costa Mesa, 151 Kalmus Drive	S2-SYN1975214	COKER OIL	28 KALMUS DR, COSTA MESA, CA
false_merge	0.9691951756432383	S1-842290636	Laxmi Polytechnic Care	A-2, Udyog Nagar Industrial Area, New Delhi, Delhi	S3-816166533	Nylanylairi	A-#2 Udyog Nagar Industrial Area, North Delhi, New Delhi, DL
false_merge	0.9978789694306064	S1-297140733	Drayon Pizza Inc.	12040 Liebe Street, Portland, OR	S3-125808680	Drrayon Pizza	12040 Liebe St, Porland, Oregon
false_merge	0.9637885722157159	S1-788500744	Kritesh Services LLP	Rasalpur Road, Ujha, Panipat, Haryana	S3-337850380	Critesh Services LLP	Block E-272/1 Rasalpur Road, Ujha, Panipat, HR
false_merge	0.822617852245106	S1-613026427	Becki Gomez Mountain Platinum L.L.C.	1011 22nd Street, Village Of Mount Pleasant, WI	S3-SYN701713	Becki Gomez  Mountain Platinum LLC	1001 22nd Street, Village Of Mount Pleasant, Wisconsin
false_merge	0.9989514719252447	S1-938858210	Monton Quantumsphere	5048 Denver Avenue, Kansas City, MO	S2-273260363	Monnton Qualumpchere	005048 DENVER AVE, KANSAS CITY, MO
false_merge	0.919009277010406	S1-47023037	Gujarat Blue Products Private Limited	D.No.17-8-8 Karuturi Rangarao Nagar, West Godavari, Andhra Pradesh, Tanuku	S3-425018880	Gujarat Blue సర్వీసెస్ Private Limited	D.no.17-8-21 Karuturi Rangarao Nagar, West Godavari, Tanuku, AP
false_merge	0.973405497210448	S1-675210582	Eternal Financial Private Limited	303, H. No. 6/2251-52, Umiya Diamond Complex, Havadiya Sheri, Mahidharpura, Surat, Gujarat	S2-945018676	ETERNAL FINANCIAL FINANCIAL PRIVATE LTD	
false_merge	0.3485176907458382	S1-954361547	American Venture	394 Walnut Street, Putnam, CT	S2-SYN847639	American Venture Ltd.	437 WALNUT STREET, PUTNAM, CT
false_merge	0.7705675553720047	S1-843370291	One Energy Private Limited	Ganjam, Banchanidhi Nagar Berhampur, Orissa, Berhampur	S3-SYN1924502	Smt One Energy Private Limited	No. 384 Banchanidhi Nagar Berhampur, Ganjam, Berhampur, OD
false_merge	0.644832409765896	S1-552385186	Diamond Rocky Bdc	18730 Dupont Way, Farmington, MN	S3-367644144	Diamond Rocky	
false_merge	0.7836091376967356	S1-208923883	Womens Health Group	209 15th Street, Sterling, IL	S3-SYN1762356	Womens Group Health	Sterling, Illinois, 330 15th St
false_merge	0.9505726983018093	S1-731038238	Nedi Bayles Fargo	1319 Noe Street, Bend, OR	S3-SYN1527179	Bayles, Nedi Fargo	PO Box 3841, Bend, Oregon, 1319 Noe Street
false_merge	0.8288218962892986	S1-725868183	Zephance Proshares Inc	2011 Lytham Lane, Katy, TX	S2-650834564	Zefance Inc Proshares	KATY, 2011 LYTHAM LANE, TX
false_merge	0.7662427187455159	S1-865015282	Mk Tours Private Limited	3, Ahmed Dawood Building, Ramseth Naik Road, Mumbai, Maharashtra	S2-SYN1528659	M/s Mk Private Tours Limited	1, AHMED DAWOOD BUILDING, RAMSETH NAIK ROAD, MUMBAI, Maharashtra
false_merge	0.8703013377714076	S1-323335577	Piedmont Fund II	36820 Crooked Hammock Way, Unit 5104, Lewes, DE	S2-988672190	Piedmont Fund BI	DE, 36820 CROOKED HAMMOCK WAY, LEWES
false_merge	0.8826874440964984	S1-294644903	Grand Telecom Digital, LLC	16 Big Sky Drive, Gorham, ME	S3-SYN845481	Grand Telecom Digital, Co	16 Big Sky Drive, Gorham, Maine
false_merge	0.926422396368105	S1-611655527	Sequoia Enterprises, LLC	700 7th Avenue, Galva, IL	S2-752071324	Sequoia  LP Enterprises	
false_merge	0.6074828362574524	S1-888241327	Trusted Bioworks	145-16 19 Avenue, Whitestone, NY	S3-587799324	Trusted Bioworks Corp	145-19 19 Ave, Whitestone, New York
false_merge	0.8890723277041331	S1-452341444	Baba Ram Trading Private Limited	F-1/219, Sec-16, Rhn, New Delhi, Central Delhi, Delhi	S3-412664455	Baba Ram Trading Limited	New Delhi, DL, Sec-16, Rhn, F-1/228.
false_merge	0.6613994755712334	S1-223737552	Rapid Retail Worldwide	5803 Carriage Lane, Greensboro, NC	S3-993336993	rapid retail worldwide worldwide	
false_merge	0.9755655722525608	S1-556785433	Quantus Guaranty Care	4312 Pin Oak Drive, Durham, NC	S3-SYN170743	Quantes Guaranty Ce	4312 Pin Oak Drive, Durham, North Carolina
false_merge	0.9979405125628794	S1-248552265	GOO Auto Limited	C 120 Amoti Nagar, New Delhi, North Delhi, Delhi	S3-74821143	Auto GOD Limited	C 120 Amoti Nagar, New Delhi, North Delhi, DL
false_merge	0.9893872877977925	S1-508733328	Palmer Wilco Inc	W180N8576 Town Hall Road, Village Of Menomonee Falls, WI	S2-957897266	MIPARTNERS.COM	W180N8576 TOWN HALL RD, MENOMONEE FALLS, <NULL>, WI
false_merge	0.8558357594359004	S1-675726763	Harsh Trading Private Limited	601, 6Th Floor Hubtown Solaris, Saiwadi, N.S.Phadke Road, Near Gokhale Bridge, Andheri (E), Mumbai, Mumbai City, Maharashtra	S2-131681353	Dr harsh trading limited	22, 6TH FLOOR HUBTOWN SOLARIS, SAIWADI, N.S.PHADKE ROAD, NEAR GOKHALE BRIDGE, ANDHERI (E), MUMBAI, Maharashtra
false_merge	0.9952799222396156	S1-988125994	Cat Brothers LLP	Lucknow, B-1/21, Sector-H, Aligunj, Lucknow, Uttar Pradesh	S3-SYN2441686	Cat Brothers L.L.P.	B-1/21, Sector-h, Aligunj, Lucknow, उत्तर प्रदेश
false_merge	0.9578491194916887	S1-301401265	Galaxy Eastern Foundation Pvt Ltd	Survey No.175 (Part), Flat No.3108, Block-3, Panchavati Complex, Pragathi Nagar, Opp., Jntuc, Hyderabad, Telangana	S3-SYN1519049	Galaxy Eastern Ltd Pvt Foundation (ID: 54375)	Survey No.1-75 (Part), Jntuc, తెలంగాణ, <NULL>, Hyderabad
false_merge	0.8280576716047369	S1-212875415	Green, Danny, MD	350 Country Club Road, Deming, NM	S3-361379682	Green, Danny, MN	350 Country Club Road, PO Box 2498, Deming, New Mexico
false_merge	0.9773891471193304	S1-15786036	Orbiq Logistics Care	New Braintree, MA, Bldg NEW BRAINTREE GRADE SCHOOL, 15 Memorial Drive	S2-596101810	Cáre Logistics Orbiqa	15 MEMORIAL DR, NEW BRAINTREE CITY, MA
false_merge	0.9920489399615267	S1-22429090	Gujarat Dream Hospitality Private Limited	1-6-202, Bapuji Nagar, Musheerabad, Musheerabad, Hyderabad, Telangana	S3-SYN2308971	గుజరాత్ డ్రీమ్ హాస్పిటాలిటీ ప్రైవేట్ లిమిటెడ్	1-6-202, Bapuji Nagar, Musheerabad, Hyderabad, TG
false_merge	0.9941298715024458	S1-30554295	Physical Therapy Heritage Partners LLC	3307 Durango Street, Tacoma, WA	S2-642473727	Physical Therapy Heritage LLC Partners	
false_merge	0.9910299714183708	S1-171943598	Hyderabad Microfinance Private Limited	1-8-1, Garriage No 1, Block 10, Hig Ii Baghlingampally, Hyderabad, Telangana	S2-SYN1979063	Hyderabad Microfinance Phviiet Limited	1-8-1, GARRIAGE NO 1, BLOCK 10, HIG II BAGHLINGAMPALLY, HYDERABAD, Telangana
false_merge	0.809944061212341	S1-900593786	Forsyth & Frye Battery Group	1130 College Street, Unit 466, Charlotte, NC	S2-SYN1964576	Forsyth & Frye Battery Group	824 COLLEGE ST, CARLOTTE CDP, NC
false_merge	0.9362301970433217	S1-659107003	UUW Homes Inc.	16 1st Avenue, Smithtown, NY	S3-SYN2564181	Inc. Uuw Homes	1st Ave, Kings Park, New York
false_merge	0.9059356831187478	S1-892681482	Netizen (India) International Private Limited	At Madhepura H No 10 Side, Jivan Sadan Rd Ward No 20, Madhepura Mdg, Madhepura, Bihar	S3-SYN1829108	Netizen (Índia) International Private Limited	No. 840 At Madhepura H No 10 Side, Jivan Sadan Rd Ward No 20, Madhepura Mdg, Madhepura, BR
false_merge	0.5426018011062461	S1-60042920	Jupiter Credit (India) Co	Room No. 301, Top Floor, 15-A/1 Wea, Karol Bagh, New Delhi, Central Delhi, Delhi	S3-180754837	Jupiter (India) Services Co	H.no 219 Room No. 303, Top Floor, 15-A/1 Wea, Karol Bagh, New Delhi, Central Delhi, DL
false_merge	0.9883012723709803	S1-740729992	Bh Memorial Trust	Alur Gurappa Ginning Company Complex 1St Floor, Near Old Bus Stand, Gadag, Karnataka	S2-SYN1712418	bhtrustmemorial.com	ALUR GURAPPA GINNING COMPANY COMPLEX 1ST FLOOR, NEAR OLD BUS STAND, GADAG, Karnataka
false_merge	0.7816805714216586	S1-692010748	Tejam Binary Private Limited	Chennai, D.No-127 Tambaram-Mudichur Main Road, Sri Iyappa Bhavan, Chennai, Tamil Nadu	S2-531589061	-- Tejjam Binary Prívate Limited	H.NO 32 SRI IYAPAP BHAVAN, CHENNAI, தமிழ்நாடு
false_merge	0.9264636584412946	S1-62419019	TPJ Good PLLC	404 Buffalo Grass Lane, Draper City (sl Co), UT	S2-41451856	Good TBPJ PLLC	404 BUFFALO GRASS LANE, DRAPEER TOWNSHIP, UT
false_merge	0.7949345461335785	S1-904641995	Mohr, Perkins and Singh Pineapple LLC	13 3 Place, Brooklyn, NY	S2-738942677	VANTAGEONYXCIRA	83D 3 PLACE, BROOKLYN, NY
false_merge	0.9807486258135741	S1-306492178	Solelle Mustang Inc	94-43 240th Street, Hempstead, NY	S3-594160549	*** sollelle mustang inc	4-43 240th St, Floral Park, New York
false_merge	0.704284174621015	S1-51873332	York and Barrera LLC	1984 4th Street, Columbus, OH	S3-716700445	York and Barecma LLC	
false_merge	0.9864368985471171	S1-622418328	Noveus Barclays LLC	58 6th Street, Dunkirk, NY	S3-632177549	Noveuz  Barclays LLC	58 6th St, Dunkirk CITY, New York
false_merge	0.9931419458681772	S1-360507623	TX Services Pvt. Ltd.	Suman, 10 A, Mandleshwar Road, Mhow, Madhya Pradesh	S3-189931565	TT Sérvices Pvt. Ltd.	Suman, 10 A, Mandleshwar Road, Mhow, मध्य प्रदेश
false_merge	0.9360156368957528	S1-243267596	Taraita Resources Private Limited	Unit No-731, Plot No-8, 7Th Floor S.G Shopping Mall, Sector-9, Rohini, North West, Delhi	S2-562857746	Tarraita Limited Private Resources	UNIT NO-33, PLOT NO-8, 7TH FLOOR S.G SHOPPING MALL, SECTOR-9, ROHINI, Delhi
false_merge	0.9997268208295143	S1-430745421	Foundry LLC	2728 Sayre Avenue, Chicago, IL	S2-SYN2402888	LLC Foundry	2728 SAYRE AVE, IL, ELMWOOD PARK
false_merge	0.9074995105624761	S1-770062388	East Smart Homes LLC	3336 Marshall Road, Ridgeway, NY	S3-100511944	Cirazeta	3336 Marshall Rd, California, Vacaville, NULL
false_merge	0.8919088314216455	S1-409347979	Big Consultancy Limited	29/11, Ground Floor, Udaya Sahakara Bhavana 1St Main, Mount Joy Road, Hanumantha Nagar, Bangalore South, Bangalore, Karnataka	S2-SYN2454660	Big Big Consultancy	NO 924 29/11, GROUND FLOOR, UDAYA SAHAKARA BHAVANA 1ST MAIN, MOUNT JOY ROAD, HANUMANTHA NAGAR, BANGALORE SOUTH, Karnataka
false_merge	0.956131161346855	S1-788997298	V 6 Best Waste PLLC	9679 Meadow Drive, Omaha, NE	S2-SYN312638	Inc V 6 Bést Waste	9679- MEADOW DRIVE, OMAHA CITY, NE
false_merge	0.9993040768649832	S1-712951949	Peridan Sunrise LLC	8845 Bradley Road, Hartland, NY	S3-2164091	LLC PERRIDAN SUNRISE	8845 Bradley Road, Hartland, New York
false_merge	0.7515296666843473	S1-98571918	Bright Hospitality	96, Taneja Block Adarsh Nagar, Jaipur, Rajasthan	S2-SYN2524790	ब्राइट हॉस्पिटैलिटी	30-96, TANEJA BLOCK ADARSH NAGAR, JAIPUR, Rajasthan
false_merge	0.9466435641842939	S1-125142507	Verrus Land L.L.C.	3750 Nokomis Road, Port Orchard, WA	S2-250897571	Verruz Land (L.L.C.)	PORT ORCHARD, WA, ##3750 NOKOMIS ROAD
false_merge	0.9963652919347648	S1-254362763	Om Technology Pvt Ltd	1/4, Mariamman Kovil Street M.K.Patty, Pollachi, Coimbatore, Tamil Nadu	S3-SYN2517697	Om Technology-Pvt Ltd	Coimbatore, 1/4, Mariamman Kovil Street M.k.patty, தமிழ்நாடு, Pollachi
false_merge	0.9989006133653843	S1-671098463	Bureau of Housing	509 Big Stone Avenue, Sioux Falls, SD	S3-SYN2380246	Jaxorbivantage Northside Formerly Bureau of Housing	509 Big Stone Avenue, Sioux Falls, SD
false_merge	0.9834845337554188	S1-203891296	Surgical Crystal Medicine L.L.C.	834 Revere Way, Bartlesville, OK	S2-257360575	bpub.com	834 REVERE WAY, BARTLESVILLE, OK
false_merge	0.8386772945474922	S1-601143826	Varshaksh Exporters Private Limited	11, Naskar Para, Kolkata, Kolkata, Howrah, West Bengal	S2-919851324	VARSHAKSHYN EXPORTERS PRIVATE LIMITED	11, NASKAR PARA, KOLKATA, KOLKATA, পশ্চিমবঙ্গ
false_merge	0.81663697688142	S1-224337907	Smart Consulting Private Limited	30/1 Alimuddin Street, Kolkata, West Bengal, Calcutta	S2-149414068	স্মার্ট কনসাল্টিং প্রাইভেট লিমিটেড	01/426, KOLKATA, West Bengal
false_merge	0.9536478950536162	S1-729588432	Balaji Traders Private Limited	1St And 2Nd Floor, Mithran Mall Survey No 81, Hissa No. 7 And 8, Village Tathwade, Pune City, Pune, Maharashtra	S3-SYN2518988	Balaji Traders Prívate Limited	No 1S And 2Nd Floor, Chinchwad, महाराष्ट्र
false_merge	0.8960839479865684	S1-250004307	Hyderabad Security Private Limited	Hyderabad, Buruguchety Secunderabad, Hyderabad, Telangana, 7-1-862/1	S3-SYN1809389	Hyderabad Security Private Ltd	1-1-862/1, Hyderabad, TG
false_merge	0.9562128199178234	S1-211064204	Madhav Elastomers Private Limited	Gangotri Chs, Bldg No. A-11/ 03 Sector-18, Nerul (West), Navi Mumbai, Nerul, Thane, Maharashtra	S2-804383151	Madhav Elastomers Limited	DOOR NO B3/93 GANGOTRI CHS, BLDG NO. A-11/ 03 SECTOR-18, NREUL (WEST), NAVI MUMBAI, NERUL, Maharashtra
false_merge	0.9202414153909813	S1-933511152	Cardiology Physicians of Frederick	6351 Spring Ridge Parkway, Unit 117, Frederick, MD	S3-163985676	CARDIOLOGY PHYSICIANS OF FREDERICK INC	635 Spring Ridge Parkway, Frederick, Maryland, Unit 117
false_merge	0.9081835193580662	S1-464259408	Starling Enterprises Private Limited	5&6 Fancy Lane 6Th Floor, Kolkata, Calcutta, West Bengal	S3-867697966	Starling Enterprises Enterprises [Limited]	5&6 Fancy Lane 17Th Floor, Kolkata, Calcutta, WB
false_merge	0.7743577337951448	S1-76429604	Kolkata Construction Private Limited	Garia Station Road, West Bengal, Kolkata, South 24 Parganas	S2-116034605	Ectowexbelo	West Bengal, KOLKATA, SOUTH 24 PARGANAS, DOOR NO 12 BOLOI DUTTT STREET
false_merge	0.9957894166475447	S1-833451484	MO Orbits	1St Floor, 102, Abhimaan Ii, L.B.S. Road, Opp. Forest Office, Teen Hath Naka, Thane-West, Thane, Maharashtra	S3-SYN2605687	MO Orbits Ltd	1St Floor, 102, Abhimaan Ii, L.b.s. Road, Opp. Forest Office, Teen Hath Naka, Thane-west, Thane, महाराष्ट्र
false_merge	0.780582687797562	S1-927634483	Certified Petroleum Inc	16495 Wallace Road, Dayton, OR	S3-SYN2359092	Certified Petroleum Incorporated	16240. Wallace Rd, Dayton, Oregon
false_merge	0.933307306727643	S1-39090753	Tejavi Fabrics Center	E.P.I. Group Co. Op. Socy, R.H-5, Plt-18, Sec-6, Thane, Maharashtra	S3-390288444	Tejavy Fabrics Center Corp	E.p.i. Group Co. Op. Socy, R.h-5, Plt-18, Sec-6, Thane, Navi Mumbai, महाराष्ट्र
false_merge	0.8223712330460063	S1-782257534	Apex Investment	Sector 14, Sco 103, Haryana, Hisar	S2-430022169	Mirakelo	HISAR, B3/103, Haryana
false_merge	0.9636339633679251	S1-584313962	Food One Private Limited	Plot No-31A Sector 18, Udyog Vihar Sarhol Palam, Dlf Qe, Gurgaon, Haryana	S3-SYN1986012	Food One Privace (Limited)	Plot No-1-31a Sector 18, Gurgaon, Dlf Qe, हरियाणा
false_merge	0.9676121314972526	S1-829490316	NCC Contact Co	F.Pl.No.64/12 Cts No. 105/12, Sankhyadarshan, Fi.N., Pune City, Pune, Maharashtra	S3-517426667	NC  Contact Co	F.pl.no.64/12 Cts No. 105/33, Sankhyadarshan, Fi.n., Pune City, Pune, MH
false_merge	0.9771992928843055	S1-503500826	New Delhi Arts Pvt Ltd	R-672, 3Rd Floor, New Rajender Nagar, New Delhi, Central Delhi, Delhi	S2-SYN1745893	New Delhi Arts Pvt [Ltd]	Delhi, R-92, 3RD FLOOR, NEW RAJENDER NAGAR, NEW DELHI
false_merge	0.9291513325243697	S1-542443673	Dream Green Healthcare Private Limited	4A, 1St Floor, Radha Building, Javji Dadaji Marg, Grant Road, Mumbai, Mumbai City, Maharashtra	S3-SYN2105740	ड्रीम ग्रीन हेल्थकेयर प्राइवेट लिमिटेड	H.no A-831 4A, Mumbai City, MH
false_merge	0.732562608620943	S1-188369292	Freddie Evans Mountain Regency Corp	2523 Kings Highway, Brooklyn, NY	S2-966284998	Lee Evans Mountain Regency Corp	BROOKLYN, NY, 2523 1/2 KINGS HIGHWAY
false_merge	0.8157752371083773	S1-615998598	Sun Media Private Limited	B-263, Chandravardai Nagar, Ajmer, Rajasthan	S3-SYN2604760	Sun-Media Private (Limited)	1-594 B-263, Chandravardai Nagar, Ajmer, RJ
false_merge	0.8268125344860684	S1-426493822	Dorolice Vazquez Neuberger PC	4920 Shiloh View Drive, Dayton, OH	S2-SYN1517237	D0rolice Vazquez Neuberger PC	OH, PO BOX 2026, 4920. SHILOH VIEW DRIVE, DAYTON
false_merge	0.9669489967044138	S1-396084484	Quantis Manulife	7083 Townline Road, Pendleton, NY	S2-921921498	Quantant Manulife	7083 TOWNLINE ROAD, N. TONAWANDA, NY
false_merge	0.8232097059047083	S1-121695810	Eminent Realty (India) LLP	A-11, Sheetal Paradise, Behind Saytam Sweets Govind Nagar, Nashik, Maharashtra	S3-SYN1941553	Pyraorbi One DBA Eminent Realty (India) LLP	A-13, Sheetal Paradise, Behind Saytam Sweets Govind Nagar, Nashik, Maharashtra
false_merge	0.9686542067616037	S1-400935770	Mahakal Services Limited	H No:3-5-83/79, Flat No:102, Narayanadri Towers, Vivekananda Nagar Colony, Kukatpally, Hyderabad, Telangana	S3-SYN2475897	@mahakalservices	H No:-3-83/79, Flat No:102, Narayanadri Towers, Vivekananda Nagar Colony, Krishna, Andhra Pradesh
false_merge	0.8433290803401651	S1-388537440	Vaayuita Ng Private Limited	Biprannapara, Domjur, West Bengal, Howrah, N.H.-6 - Domjur	S2-SYN355863	Vaayuitta Ng  Private Limited	NO 9 BIPRANNAPARA, N.H.-6 - DOMJUR, DOMJUR, পশ্চিমবঙ্গ
false_merge	0.8255771297500415	S1-166979601	Bombay Foods	C-37, Azadpur, Delhi, First Floor Nsm, New Delhi	S2-SYN1886998	बॉम्बे Foods	BOCK G-169 C-37, FIRST FLOOR NSM, NEW DELHI, AZADPUR, Delhi
false_merge	0.8506737407580702	S1-54062913	Sky Foods Private Limited	Ja 0625, 6Th Floor, Dlf Tower A, Jasola District Centre, New Delhi, New Delhi, South Delhi, Delhi	S3-SYN1483543	स्काई फूड्स प्राइवेट लिमिटेड	#34 Ja 0625, New Delhi, South Delhi, दिल्ली
false_merge	0.9008702588873858	S1-831752701	Cochin Merchants LLP	#403, Hallmark Reed Tree Alkapur, Manikonda, Hyderabad, Rangareddy, Telangana	S2-SYN1648153	Cochin LLP Service	NO 1 , HALLMARK REED TREE ALKAPUR, MANIKONDA, HYDERABAD, Andhra Pradesh
false_merge	0.9979298462132933	S1-668019656	Sai & Partners Ltd	18 Rabindra Sarani, Kol, Calcutta, West Bengal	S3-SYN1552975	Iriectonyla Restaurant f/k/a Sai & Partners Ltd	18 Rabindra Sarani, Kol, West Bengal, Calcutta
false_merge	0.8494629601851359	S1-581245805	Midwest Initiative II	12055 Westland Road, Unit 1027, Peoria, AZ	S3-SYN1821263	Midwest Initiative	# 1041, Westland Rd, Arizona, Peorria Township
false_merge	0.6206062996345496	S1-392465995	Annamaria's Media	3301 Great Valley Drive, Cedar Park, TX	S3-618953702	Annamaria's Media	
false_merge	0.9964445957992466	S1-290034317	Nagraj Cap Private Limited	Hd-447, Wework Latitude, 10Th Floor, Rmz Latitude Commercial, No. 69/458/69, Bellary Road, Hebbal, Near Godrej Apt, Bengaluru, Bangalore North, Bangalore, Karnataka	S3-394765937	Naggraj  Cap Private Limited	Hd-447, Wework Latitude, 10Th Floor, Rmz Latitude Commercial, No. 69/458/69, Bellary Road, Hebbal, Near Godrej Apt, Bengaluru, Hebbal, KA
false_merge	0.8804663072324036	S1-797383894	Tirupati Trading Private Limited	Fl A 104 Pl 5 Sec-11 Satya Sai Plaza New Panvel, Panvel, Raigarh, Maharashtra	S3-SYN1984334	तिरुपति ट्रेडिंग प्राइवेट लिमिटेड	Plot 693 Fl A 104 Pl 5 Sec-11 Satya Sai Plaza New Panvel, Panvel, Raigarh, MH
false_merge	0.9902840039879076	S1-528096826	Star Agro Private Limited	A1-202 Parsvnath Exotica Sector-53, Golf Course Road, Gurgaon, Haryana	S2-SYN2519885	स्टार एग्रो प्राइवेट लिमिटेड	A1-202 PARSVNATH EXOTICA SECTOR-53, GOLF COURSE ROAD, GURGAON, हरियाणा
false_merge	0.46928173302677745	S1-514528327	Ziex Strategic Credit LLC	603 Indiana Avenue, Goshen, IN	S2-640254055	Ziex Strategic Credit	
false_merge	0.9423322818632187	S1-218243302	Kritin Training Limited	No. 36 / 37, 5Th Cross, Parvathi Nagara, Laggere Main Road, Bangalore, Karnataka	S3-701764474	Krittis Training  Limited	No. 36 / 37, 5Th Cross, Parvathi Nagara, Laggere Main Road, Bangalore, KA
false_merge	0.9942712704038512	S1-680148977	East Exports Private Limited	B - 1503, Riviera, Siddheshwar Gardens, Kolshet Road, Thane (West), Thane, Maharashtra	S3-SYN1454266	Veranyla Overseas a/k/a East Exports Private Limited	B - 1503, Riviera, Siddheshwar Gardens, Kolshet Road, Thane (West), Thane, Maharashtra
false_merge	0.985848789268545	S1-293849187	Bangalore Energy Pvt Ltd	B3, Ramanachala Apartments 151 Dodda Banaswadi Main Road, Bangalore, Karnataka	S2-SYN1529920	Bangalore Energy	B1-3, RAMANACHALA APARTMENTS 151 DODDA BANASWADI MAIN ROAD, BANGALORE, ಕರ್ನಾಟಕ
false_merge	0.8862683785087393	S1-97364305	Heritage Learning Holdings	270 Guy Park Avenue, Unit Apartment 2, Amsterdam, NY	S3-830660595	Heritage Learning	
false_merge	0.9407525410405233	S1-617267592	Bhandupwest Exim	545, 545/1 And 2 547 Lodha Imperia Tank Road, Bhandupwest, Maharashtra, Flat No. 402 Cts No. 445/A, Mumbai City	S3-803830810	Bhandupwest Services [Company]	9-411 Cts No. 445/A, Bhandupwest, Mumbai City, MH
false_merge	0.8925285915378173	S1-329540751	Clyic Alpha LLC	10307 China Ditch Road, Melba, ID	S2-315432081	Clyiyx Alpha LLC	10307 CHINA DITCH RD, MELBA, ID
false_merge	0.4786108322220608	S1-977539525	Mae Edutech Private Limited	Chandpur Pharidpur Tilpura, Sitapur, Uttar Pradesh	S3-840806839	Mae-Edutech  Limited	###70 Chandpur Pharidpur Tilpura, Sitapur, UP
false_merge	0.8911059283093319	S1-611193959	All Consultants Private Limited	Shop No. 12/13, Ground Floor, Matoshree Nagar, Near Railway Crossing, Neral (E), Karjat, Raigarh, Maharashtra	S3-SYN647632	ऑल कंसल्टेंट्स प्राइवेट लिमिटेड	#12-13, Nagpur, MH
false_merge	0.7935763340650782	S1-613777396	Bainter Stellar	3689 Del Monte Drive, Houston, TX	S3-SYN1568744	Bainter Stéllar	3691 Del Monte Dr, Houston, Texas
false_merge	0.9118221813032313	S1-785136733	Pune Services Pvt. Ltd.	Sn 24/4/2, Hingane Kd Shri Saivaishnav Society, Pune, Maharashtra	S3-SYN2626800	Pune Services Pvt. Ltd	#486 Sn 24/4/2, Pune, महाराष्ट्र
false_merge	0.8258384323016594	S1-323051525	Shiv Projects Private Limited	Visakhapatnam, Cbm Compound, Telangana, Sriram Vinayagar Residency, D.No.9-25-23/104	S2-SYN1366580	శివ్ ప్రాజెక్ట్స్ ప్రైవేట్ లిమిటెడ్	VISAKHAPATNAM, NO 1-25-23/104, CBM COMPOUND, తెలంగాణ, SRIRAM VINAYAGAR RESIDENCY
false_merge	0.9850529835033365	S1-358906044	Devashish Telecom Public Limited	Sf.No. 172/4A1A, Ettayapuram Road, Tuticorin, Tamil Nadu	S2-SYN2336839	Devashish Telec0m Limited Public	BLOCK G-1 SF.NO. 172/4A1A, ETTAYAPURAM ROAD, TUTICORIN, Tamil Nadu
false_merge	0.9807589079676069	S1-206863020	Bgm Hotel (India) Private Limited	Plot No. 49, New Mkt, Jeoni Mandi, Agra, Uttar Pradesh	S3-SYN2112675	Bgm Hotel (India)-Private Limited	1, Agra, UP
false_merge	0.9925617479525147	S1-152539190	Matsya Advisors	Shop No. B/01, Poonam Everest, Opp: Fun Fiesta, Shree Prastha, Station Road, Nallasopara, (West), Nallasopara, Thane, Maharashtra	S2-SYN1553564	Matsya Advisors Co	Maharashtra, SHOP NO. B/1 , POONAM EVEREST, OPP: FUN FIESTA, SHREE PRASTHA, STATION ROAD, NALLASOPARA, (WEST), NALLASOPARA
false_merge	0.8067970154234063	S1-247430580	Msv Services Private Limited	141/ W-5, Kakkakattil Veettoor, Nellad .P. O, Ernakulam District, Ernakulam, Kerala	S3-506477999	Smt Msv Services Limited	141/ W-10, Ernakulam District, Ernakulam, KL
false_merge	0.9568336517493062	S1-134702714	Mumbai Oil Private Limited	Kapildeo Phoolchand Gupta, Bandra Suburban, Maharashtra, Room No Vishnu Nagar Soc, L U Gadkari Marg, Opp Ramji Kirana Store, Chembur (E, Mumbai	S3-323161860	Mumbai Mumbai Oil Prívate Limited	0501, Mumbai (SUBURBAN), MH
false_merge	0.48320142468328525	S1-995828820	Interstate Golden	2417 Forest Creek Drive, Fort Worth, TX	S3-772446906	Interstate Golden	
false_merge	0.8634884611909637	S1-470354857	Kestium North Inc	2376 Ripple Drive, Bullhead City, AZ	S3-598004590	Kestiumyn North Inc	Bullhead City, Arizona, 2375 Ripple Dr
false_merge	0.9964569870717426	S1-851341984	Anilita Mineral Private Limited	New Delhi, Khirki Extension Malviya Nagar, Delhi, Je-5/A-1	S3-569504287	Annilita  Mineral Limited Services	दिल्ली, Je-5/a-1, Gurugram, Khirki Extension Malviya Nagar
false_merge	0.45038543953571336	S1-720600353	South Technologies Pvt. Ltd.	Flat No. 107, Mahaveer Gardenia, 32Nd Crs, Kumara Swamy Lyt, Behind Water Tank, Bangalore, Karnataka	S2-SYN1571162	M/s South Technologies Pvt.	Karnataka, 493, MAHAVEER GARDENIA, 32ND CRS, KUMARA SWAMY LYT, BEHIND WATER TANK, BANGALORE
false_merge	0.8306532728130155	S1-430341120	Levy Molecular Inc	125 Huntington Place, Pearcy, AR	S2-SYN1524774	Levy [Molecular]	AR, PEARCY, 712 HUNTINGTON PL
false_merge	0.9848412180973687	S1-844067062	Precision Trusted Shore Inc	1016 Devonshire Street, Hobart, IN	S2-SYN1469688	PRECISION TRUSTED SHORE INC	116 DEVONSHIRE STREET, HOBART, IN
false_merge	0.9990754580326582	S1-702736880	Gleda Medina Gen Inc.	1 June Ryan Circle, Unit 25, Wilmore, KY	S3-SYN2082378	Medina, Gleda Gen Inc	1 June Ryan Cir, Unit 25, Wilmore Township, Kentucky
false_merge	0.927109713330168	S1-677162324	Vision Infrastructure Limited	Shiv Roy S/O Lt Bhawani Roy M.M Colony Saket Vihar Gardanibagh, Patna, Bihar	S3-SYN2404743	Wexflux Hardware aka Vision Infrastructure Limited	Shiv Roy S/O Lt Bhawani Roy M.M Colony Saket Vihar Gardanibagh, Patna, Bihar
false_merge	0.951649402663689	S1-760635009	Certified Cargo Brands LLC	5439 Lucknow Drive, Clay, NY	S3-SYN443302	Certified Cargo Brands Inc	5439 Lucknow Dr, Clay, New York
false_merge	0.8628634654087549	S1-590134263	Global Financial Global	Unit Suite 235, 10500 Bergtold Road, NY, Clarence	S3-372326642	LLC Global Financial Global	10502 Bergtold Road, # Suite 235, Clarence, New York
false_merge	0.7055332406734722	S1-565430984	Solan Seva Samiti	Delhi, New Delhi, K-1/82 Chittaranjan Park, South Delhi	S3-106945075	Solan Seva Samiti  Limited (ID: 90203)	K-1/84 Chittaranjan Park, South Delhi, दिल्ली
false_merge	0.7838325951219912	S1-626734166	NI Gesher	3600 Mystic Valley Parkway, Unit W209, Medford, MA	S2-121527855	Avibrixonyx	3600 MYSTIC VALLEY PARKWAY, MEDFORD, MA
false_merge	0.952279184740943	S1-279203723	Sarasika Consultants Private Limited	H-609, 6Th Floor, Titanium City Centre, 100 Ft Ring Road, Satellite, Ahmedabad, Gujarat	S3-427894602	Sarasikaer Consultants-Private Limited	H-609, Ahmedabad, GJ
false_merge	0.9681116863074954	S1-244840733	Orbyn Asset LLC	105 Dole Court, Richlands, NC	S3-79580415	Orbny Asset LLC	105-109 Dole Court, Richlands, North Carolina
false_merge	0.9928056606547647	S1-612792356	Brightify Massage	20236 Hillsong Place, Poulsbo, WA	S2-212685457	BRRIGHTIFY  MASSAGE INC	20236 HILLSONG PLACE, POULSBO, WA
false_merge	0.661882859804473	S1-530439859	Jay International Private Limited	10/62, F/F Punjabi Bagh, New Delhi, West Delhi, Delhi	S2-SYN1880487	जय इंटरनेशनल प्राइवेट लिमिटेड	PLOT 809 10/62, WEST DELHI, दिल्ली
false_merge	0.9835040228178866	S1-773077544	Grand Classic Transition	12417 143rd Avenue, Puyallup, WA	S3-628366955	Grand Classic Transition LLC	12417 143rd Avenue, Puyallup, Washington
false_merge	0.7632613358882698	S1-391315338	Marien, Caswell & Denning PC	1767 Lawrence Avenue, Chicago, IL	S2-SYN1997978	PC Marien, Caswell & Denning	156 LAWRENCE AVENUE, CHICAGO, IL
false_merge	0.9865492886617792	S1-343814733	Tirupati Consultants Private Limited	1-8, Corner Stone, 2Nd Cross, Chelliah Nagar 1St Street, Shanthi Nagar, Madurai North, Madurai, Tamil Nadu	S3-SYN2146945	Dr Tirupati Private Limited Service	1-8, Corner Stone, 2Nd Cross, Chelliah Nagar 1St Street, Shanthi Nagar, Madurai, Madurai North, தமிழ்நாடு
false_merge	0.9258613013608458	S1-443634186	Indian Exports Private Limited	Uttar Pradesh, Fatehpur Roshnai, Kanpur Nagar, Bajrang, Kanpur Dehat, C/O Satish Anand	S3-SYN1919955	इंडियन एक्सपोर्ट्स प्राइवेट लिमिटेड	UP, Door No #417 C/o Satish Anand, Kanpur
false_merge	0.8258460764040615	S1-645890175	Bitedyne LLC	10 Winter Street, Unit 5, Hudson, MA	S3-SYN2513480	Bitedyne LLC	1 Winter St, Hudson, Massachusetts
false_merge	0.7593490118889995	S1-501316301	Good It Private Limited	H No. 2-3-228, Flat No. 302, Keerthi Villa, Machabollaram, Hyderabad, Telangana	S2-SYN1362614	గుడ్ ఐటీ ప్రైవేట్ లిమిటెడ్	DOOR NO 1-2-3-228, HYDERABAD, Telangana
false_merge	0.7974447311902885	S1-208581348	Gold Ram Media Pvt Ltd	Sr No - 74/2, Sant Nagar Lane No 6 Lohagaon, Pune City, Pune, Maharashtra	S2-SYN2011669	गोल्ड राम मीडिया प्रा. लि.	BLOCK G-689 SR NO - 74/2, SANT NAGAR LANE NO 6 LOHAGAON, PUNE CITY, PUNE, Maharashtra
false_merge	0.8530716436096328	S1-391546255	Indrora Dynamics	Kerawala Chambersp J Ramchandani Marg, Mumbai, Maharashtra	S3-973614497	Inndrora Dynamics	H.no 60 Kerawala Chfmbersp J Ramchandani Marg, Mumbai, महाराष्ट्र
false_merge	0.8715672039297433	S1-489910166	Montay Coffee	45 Liberty Avenue, Mineola, NY	S2-562120106	Montoro Coffee	45 LIBERTY AVE, MINEOLA, NY
false_merge	0.9068537252031705	S1-665011397	Varshora West Private Limited	24, Wanrai Marg, Prashant Nagar, Rukhmini Nagar, Amravati, Maharashtra	S2-695136697	VARZHORA WEST PRIVATE	24, WANRAI MARG, PRASHANT NAGAR, RUKHMINI NAGAR, AMRAVATI, Maharashtra
false_merge	0.7347237795858744	S1-598516420	Magana Signature Odyssey Inc.	2145 68, Auburn, IN	S2-128259249	MAGANA SIGNATURE ODYSSEY INC.	2154A 68, AUBURN, IN
false_merge	0.9982839868731294	S1-679413937	Hs Mall Private Limited	Ward No.1, Jhabua Naka, Jhabua, Madhya Pradesh	S3-SYN2428296	Hs Mall Private	Jhabua, Jhabua Naka, मध्य प्रदेश, Ward No.1, Jhabua
false_merge	0.7784372300581143	S1-95169266	Orion Inc	3010 Harrison Street, Kansas City, MO	S2-928572539	ORION INC. INC.	5828 HARRISON ST, KANSAS CITY, MO
false_merge	0.9671281849037531	S1-495575542	Satterfield & Foss Associates	7187 Adirondack Drive, Frederick, MD	S2-SYN2391549	Satterfield & Foss	MD, PMB 4202, FREDEICK, 7187 ADIRONDACK DRIVE
false_merge	0.9853758246012827	S1-240866881	Indore Motors Pvt. Ltd.	Unit No. 201, 21 Diamond Colony Indraprasth Tower, Indore, Indore, Madhya Pradesh	S2-SYN1828287	Indore Motors Pvt. Ltd.	UNIT NO. 1, 21 DIAMOND COLONY INDRAPRASTH TOWER, INDORE, INDORE, Madhya Pradesh
false_merge	0.8559031747377196	S1-839450603	Jarlon Payment LLC	406 131 Street, Rockaway Park, NY	S3-106950024	jarlant payment llc	406 131 Saint, Rockaway Park, New York
false_merge	0.9682436733424317	S1-431336964	Yamuan Shipping Pvt Ltd	1/135 Rakshapuram, Meerut, Uttar Pradesh	S2-56052477	Yammuan Shipping Pvt Ltd	DOOR NO G-1/137 RAKSHAPURAM, MEERUT, Uttar Pradesh
false_merge	0.7795841750096834	S1-829428899	Fiore and Caldwell	11435 Glenmora Drive, Chardon, OH	S3-SYN932805	Fiore and Caldwell Partners	11435 Glenmora Dr, Chardon Twp, Ohio
false_merge	0.7418076131369141	S1-281608455	Olanora Newbridge	11220 Claridon Troy Road, Chardon, OH	S3-838951431	Olanoyx  Newbridge	11220 Claridon Troy Road, Claridon Twp, Ohio
false_merge	0.8112451298456101	S1-774064284	Aiello's Therapy	3 Barber Court, Southeast, NY	S3-SYN768959	Aiello'S Therapy Co	1 Barber Ct, Carmel, New York
false_merge	0.9441380500350618	S1-323510353	Iveniq Micro Clinic	Morehead City, 1804 Shepard Street, NC	S3-285272389	Iveniqa Micro	1804 Shepard St, Morehead City, North Carolina
false_merge	0.8761845251720293	S1-107289988	A Cure 2 IT	637 Milton Street, Toledo, OH	S3-408516733	A Cure 2 IVT	Toledo, Ohio, 0637 Milton St
false_merge	0.7233403394196681	S1-309278375	Olive Care (India) Ltd	Door No.Xx/235(I), 1St Floor, Sailers Complex Post Office Jn, Pullut Po, Kodungallur, Thrissur, Kerala	S3-SYN2042445	Olive Care(India) Ltd	Thrissur, Door No.xx/14(i), കേരളം, Thrissur
false_merge	0.9992730703686563	S1-704236735	Frontier Certified Bancorporation	NM, 129 Townsgate Plaza, Clovis	S3-SYN1349864	Noviumbradrex Southside Sys formerly: Frontier Certified Bancorporation	129 Townsgate Plaza, Clovis, NM
false_merge	0.7678926431878469	S1-110884232	Mishra Holdings	Building No. 001, Neelkanth Industrial Estate, Survey No. A/55- 1, 2, 3, 4, 5, Near Mother Nature Studio, Palghar, Vasai, Thane, Maharashtra	S2-SYN380529	Mishra Plantations	BUILDING NO. ##1, NEELKANTH INDUSTRIAL ESTATE, SURVEY NO. A/55- 1, 2, 3, 4, 5, NEAR MOTHER NATURE STUDIO, PALGHAR, VASAI, Maharashtra
false_merge	0.8447200894802729	S1-780942632	KM Steers LLC	4 Industrial Park Road, Medway, MA	S3-SYN2566290	KM Steers L.L.C.	1 Industrial Park Rd, Medway, Massachusetts
false_merge	0.9929884638690247	S1-208709846	Krishna Productions (India)	Vivekanand Pally, Pani Tanky, Raniganj Municipality, Bardhaman, West Bengal	S3-762806573	Yumaquoveraio	Vivekanand Pally, Pani Tanky, Raniganj Municipality, Bardhaman, West Bengal
false_merge	0.8474089500571901	S1-357646254	Renukadevi Service (India) Center	Row House No. 63, Treasure Town, Bijalpur, Indore, Madhya Pradesh	S3-SYN1338443	Renukadevi (India) Service Center	Door No 524 Row House No. 63, Indore, मध्य प्रदेश
false_merge	0.9529795227870584	S1-285076621	Blue Foundation Pvt Ltd	C/O Poonma Ram Dhora, Shivnathpura, Ward No. 19, Sanchore, Jalor, Rajasthan	S3-SYN278472	Blue फाउंडेशन Pvt Ltd	Ward No. 19, Rajgarh, Churu, RJ
false_merge	0.5733494354751142	S1-253087123	YN Communications LLP	15/22 Chinar Park Near Ayush Apartment, Rajarhat Main Road, North 24 Pgs, North 24 Parganas, West Bengal	S3-771740273	YNH Communications L.L.P.	15/22 Chinar Park Near Ayush Apartment, Rajarhat Main Road, North 24 Parganas, WB
false_merge	0.7729471413233459	S1-21647832	Sumangal Advisors	Building No. 24/1701 Old No 14/22 Ab 4 Suite No. 145, Heiley Spaces 2Nd Floor Kc Arcade Csez P.O, Ernakulam, Kerala	S2-116753528	Sumangal Advisors LLP	
false_merge	0.9798197358242644	S1-929371861	Abhishek Capital Pvt Ltd	House No 106 Ground Floor, Nagmatiya Colony, Gaya, Bihar	S3-SYN1869867	Abhishek-Capital Pvt Ltd	House No 1 Ground Floor, Gaya, बिहार
false_merge	0.9823990645165206	S1-598144062	Olaniq Wilco L.L.C.	2332 Blanco Boulevard, Bloomfield, NM	S3-326139503	Ollaniq Wibco L.L.C.	2332a Blanco Blvd, Angustura, New Mexico
false_merge	0.648983602771517	S1-866369494	Malappuram Communications Private Limited	Room No :17/363A(6/473A-Old), Depot, Nilambur Rs P.O, Malappuram, Malappuram, Malapuram, Kerala	S2-SYN2549206	Malappuram Cómmunications	NO. 188 ROOM NO :17/363A(6/473A-OLD), DEPOT, NILAMBUR RS P.O, MALAPPURAM, MALAPURAM, Kerala
false_merge	0.9599283626626558	S1-95576202	Mumbai Services Private Limited	204, Maharashtra, Mumbai, 2Nd Flr, 3 Navjeevan, Society Dr. D B Marg	S3-275196367	Mumbai Services	Mumbai, 204, MH
false_merge	0.9462983206538125	S1-781945964	Gpd Public School	First Floor No 84 Elumalaiyan Street, Pasumpon Nagar, Madurai, Tamil Nadu	S2-SYN1420974	Gpd School Center	FIRST FLOOR NO B9/84 ELUMALAIYAN STREET, PASUMPON NAGAR, Tamil Nadu
false_merge	0.9895328881989395	S1-917187968	Shyambaba Hospitality Pvt Ltd	B-1/3 Emca House289 S B S Marg Fort, Mumbai, Maharashtra	S3-SYN2183390	Zephsolnex formerly known as Shyambaba Hospitality Pvt Ltd	B-1/3 Emca House289 S B S Marg Fort, Mumbai, Maharashtra
false_merge	0.8624502745917998	S1-724381452	Just Products Co	29/117, Old No. 500/2C/1B, G/F, Gali No. 10, Block 29, Vishwas Nagar, Shahdara, Shahdara, Delhi	S2-SYN2245097	Just Prdcts Co	1/117, OLD NO. 500/2C/1B, G/F, GALI NO. 10, BLOCK 29, VISHWAS NGAAR, SHAHDARA, SHAHDARA, Delhi
false_merge	0.9285104816026549	S1-17698744	Vanteus Joint	1200 Byrds View Lane, Hillsborough, NC	S3-517551898	Vanteuz  Joint	North Carolina, Hillsborough, 1200 Byrsd View Ln
false_merge	0.9946535280962	S1-216126376	Global Prasidh Biz Private Limited	1, Near Ram Gopal, Chattari Ward No 21, Fatehpur, Sikar, Rajasthan	S3-SYN1753907	Global Prasidh-Biz Private	1, Jodhpur Region, Sikar, राजस्थान
false_merge	0.862709693529	S1-699081653	Vais LLC	Nashport, 5645 Bishop Court, OH	S2-SYN1972687	THE VAIS LLC	OH, NASHPORT, 5646 BISHOP CT
false_merge	0.9968281350056766	S1-608098412	Great Empire Red	2201 130th Avenue E, Tulsa, OK	S3-SYN398228	Great Red Partners Partners	2201 130th Ave East, Tulsa, Oklahoma
false_merge	0.8349647992215476	S1-716658474	OOT Solutions Private Limited	3Rd Floor, Hind Rajasthan Chamber, 6 Oak Lane, Fort, Mumbai, Maharashtra	S2-319485199	OOT Solutions Limited	H.NO 4RD FLOOR, HIND RAJASTHAN CHAMBER, 6 OAK LANE, FORT, महाराष्ट्र
false_merge	0.8090541353176903	S1-846040239	United Diamond Tge PC	487 Weir Street, Taunton, MA	S2-SYN2355974	United-Diamond United-Diamond Tge PC	771 WEIR STREET, TAUNTON, MA
false_merge	0.8059735918309177	S1-15646294	Digital Developers Limited	C-507, Nirvana Courtyard, Nirvana Country, South City Ii, Gurgaon, Haryana	S3-SYN1588801	डिजिटल डेवलपर्स लिमिटेड	C-1, Nirvana Courtyard, Nirvana Country, South City Ii, Gurgaon, HR
false_merge	0.8280408035570744	S1-476478828	BG Pinnacle Rock LLC	2305 Brookside Parkway, City Of New Berlin, WI	S3-317495048	Shankles Pinnacle LLC Center	2305 Brookside Pkwy, NEW Berlin CCDP, Wisconsin
false_merge	0.9414250185578276	S1-151451734	Vega LLC	1815 Clayfire Drive, Cary, NC	S2-702886940	Veocalo	1815 CLAYFIRE DRIVE, CARY, NC
false_merge	0.8967864568748816	S1-419332872	V+ Mfa LLC	112 Winery Court, Unit 3, Vine Grove, KY	S3-659481701	>> franksmith.com	112 Winery Ct, # 3, Vine Grove, Kentucky
false_merge	0.9678149786491588	S1-588320098	Roberson's Restaurant	9605 Bear Paw Trail, Del Valle, TX	S3-SYN279953	Roberson's Restaurant Corp	9605 Bear Paw Trail, DL Valle, Texas
false_merge	0.9738724803753916	S1-378085089	Hagan Resources	Unit 1, 4705 Oak Park Dr, Louisville, KY	S3-SYN1459018	Hagan Res0urces	# 1, 4705c Oak Park Dr, Louisvilel CITY, Kentucky
false_merge	0.7910777952130463	S1-444617177	Solutions Vakharia Apparels Limited	Block A, 2, Chandney Chawk Street, Kolkata, Kolkata, Howrah, West Bengal	S2-61027156	... Solutions Vakharia Solutions	9-68 BLOCK A, 2, CHANDNEY CHAWK STREET, KOLKATA, HOWRAH, KOLKATA, West Bengal
false_merge	0.8210850753980804	S1-748650642	Sanskar Associates Co	A-5, Shri Krishna Jyot, Plot No.105, Garodia Nagar, Ghatkopar (East), Maharashtra, Mumbai	S2-921317156	SANSKAR SERVICES ([CO])	PLOT 1-5 A-9, SHRI KRISHNA JYOT, PLOT NO.105, GARODIA NAGAR, GHATKOPAR (EAST), महाराष्ट्र
false_merge	0.9560914888351139	S1-900088967	Liberty Management Care	Agawam, 61 Pineview Circle, MA	S3-SYN1309673	Liberty Mánagement Care LLC	Massachusetts, Agawam, 61 Pineview Cir
false_merge	0.5789533990240303	S1-592825333	Atlantic Printing Advisors	TX, 3740 Fm 647 Road, Louise	S3-129973919	Pyratavo	374 Fm 647 Rd, Louise, Texas
false_merge	0.832054018014971	S1-627206677	Super Software Pvt Ltd	Gurgaon, Marc House, Haryana, Gurgaon, C-394 Sushant Lok-1	S3-SYN352521	Super Software Limited	No 1 Marc House, C-394 Sushant Lok-1, Gurgaon, HR
false_merge	0.9928653157751341	S1-660797362	Vijay Bharat Engineering Private Limited	Patelhouse, 1St Fl, Plot48, Gazdarbandh, N Ave Rd, Sant, Mumbai, Maharashtra	S2-SYN2342850	विजय भारत इंजीनियरिंग प्राइवेट लिमिटेड	1ST FL, PLOT48, GAZDARBANDH, N AVE RD, SANT, PATELHOUSE, Maharashtra, MUMBAI
false_merge	0.8888625877456079	S1-440055099	Patil Law Chambers Private Limited	Kh No-27/21 Ground Floor Village Sanoth Landmark Sarvodye School, New Delhi, Delhi	S3-SYN2140710	Pati1 Law Chambers Private Limited	Plot B13/810 Kh No-27/21 Ground Floor Village Sanoth Landmark Sarvodye School, New Delhi, DL
false_merge	0.9304734328715488	S1-295652980	Creative Diagnostic Worldwide	8 Booker Road, Trinity, TX	S2-SYN2504401	Creative Diagnostic	1 BOOKER RD, TRINITY, TX
false_merge	0.9967131671044254	S1-460965272	Ik Services Private Limited	C1-703 Spring Valley, Puranik City Ghodhunder, Thane, Maharashtra	S3-SYN2507128	Sri Ik Services (Private)	Hn 1 C1-703 Spring Valley, Thane, MH
false_merge	0.8329894521200405	S1-596723845	Pinales, Hazlett and Smithey Systems	576 Driftwood Avenue, CA, Rialto	S2-SYN2114930	PINALES, HAZLETT AND	58 DRIFTWOOD AVENUE, RIALTO, CA
false_merge	0.9490054776604064	S1-473212524	Regional Capital Partners, LLC	565 Pennsylvania Avenue, Unit 909, Washington, DC	S3-SYN2032312	Regional Partners, LLC Center	860 Pennsylvania Ave, # 909, Washington, District of Columbia
false_merge	0.6758395958633654	S1-293455147	Ko Medical Centre	B-Wing, 1402, Neel Tower, Devidas Cross Borivali (West), Mumbai, Mumbai City, Maharashtra	S3-922043896	Dr Ko Medical Centre Limited	MH, 1402, Neel Tower, Devidas Cross Borivali (West), 41 B-wing
false_merge	0.8463275061283365	S1-372784364	Al Energy Private Limited	Second Floor Of Prop.No.5/116, North West Delhi, Delhi, Nirankari Colony, Delhi	S3-SYN1636297	अल एनर्जी प्राइवेट लिमिटेड	Second Floor Of Prop.no./117, Nirankari Colony, Delhi, North West Delhi, दिल्ली
false_merge	0.9985537071213046	S1-539147194	Barby Johnson Australian LLC	11503 Chipwood Hollow Court, Sugar Land, TX	S3-840739970	barby johnson australian inc	11503 Chipwood Hollow Ct, Sugar Land, Texas
false_merge	0.9044904984235634	S1-133588763	Medical India Pvt. Ltd.	C/O Nirmal Kumar Pramanik N1951 N1951B South Chakbhani Ghoshpara, Balurghat, Dakshin Dinajpur, West Bengal	S3-SYN1533196	Ltd. Medical India Pvt.	H.no 379 C/o Nirmal Kumar Pramaink N1951 N1951b South Chakbhani Ghoshpara, Balurghat, Dakshin Dinajpur, WB
false_merge	0.9308879261749982	S1-165586909	Spr India Private Limited	Andhra Pradesh, Anantapur, Pamidi, 1/1434 Nagireddy Colony Revenue Ward 1	S3-SYN1439888	Spr India Private	H.no 6/1434 Nagireddy Colony Revenue Ward 1, Anantapur, AP
false_merge	0.9959701595047116	S1-511367277	IPG Services Private Limited	R-366 Katiwala Tank, Indore, Madhya Pradesh	S2-640047934	IPG Services Limited	R-36 KATIWALA TANK, INDORE, Madhya Pradesh
false_merge	0.7858276269184541	S1-389643575	Gengler Bright Acp, Inc.	2345 Atwood Drive, Unit F, Burlington, NC	S2-SYN2318793	>> Gengler Bríght Acp, Ínc.	9334 ATWOOD DRIVE, BURLINGTON, PMB 9359, NC
false_merge	0.9887675208502605	S1-477031758	Sneha Exim Private Limited	No.48/39, Wawoo Mansion First Floor, Rajaji Salai, Chennai, Tamil Nadu	S2-764160324	Sneha Exim Private Ltd Ltd	
false_merge	0.9911450568283106	S1-154720933	Vaayutech Vintners Private Limited	69/1850 Mini Towers, Srm Road, Ernakulam, Kerala	S2-194855867	VAAYUTECHA VINTNERS PRIVATE LÍMITED (ID: 21022)	#69/1850 MINI TOWERS, SRM ROAD, ERNAKULAM, Kerala
false_merge	0.9757995711466885	S1-978315434	Vedaraniam Tradex Private Limited	Nainankuthagai, Nagapattinam, Vedaraniam, Tamil Nadu, 3/98/3	S3-341076624	Vedaraniam Tradex Limited	#3/98/7, Nainankuthagai, Nagapattinam, தமிழ்நாடு
false_merge	0.47552660581408646	S1-439292442	Vetter Chenghe L.L.C.	28515 65th Drive, Phoenix, AZ	S2-223918051	Vetter Chenghe LLC	28528 65TH DR, PHOENIX, AZ
false_merge	0.8012406892429632	S1-271460370	Chandrika Luxury Private Limited	Coimbatore, Tamil Nadu, Coimbatore, 167/5, Annamalai, Nagar, Madukkari Taluk, No 166	S2-608201798	Chandriora Luxury Private Limited	H.NO 166 , 167/5, ANNAMALAI, NAGAR, MADUKKARI TALUK, COIMBATORE, தமிழ்நாடு
false_merge	0.8400086654694099	S1-672726733	National Great Biotech LLC	4N 66 Arbor Creek Road, Saint Charles, IL	S2-SYN2212626	NATIONAL GREAT BIOTECH LLC	3N 66 ARBOR CREEK ROAD, ST. CHARLES, IL
false_merge	0.9931855799908793	S1-95196137	Kameshwar Ventures Private Limited	C/O.-Santosh Kumar, Basantpur Near Court Colony, Birpur, Supaul, Saharsa, Bihar	S3-SYN2065136	Kameshwar Ventures Prívate Limited	Plot B1/426 C/o.-santosh Kumar, Basantpur Near Court Colony, Birpur, Saharsa, BR
false_merge	0.9437555191311126	S1-785902130	TL Royal Metal Works Corp	4521 Berkley Avenue, Fort Smith, AR	S3-423689630	TLE Royal Metal Works Corp.	4521 Berkley Ave, Fort Smith, Arkansas
false_merge	0.995434260695301	S1-756339333	Squire Producer Pvt. Ltd.	R. No. B/1, Mhatre Mansion Dattu Wadi, Mumbra, Thane, Maharashtra	S2-SYN2177596	SQUIRE LTD. PVT. PRODUCER	महाराष्ट्र, R. NO. B/1, MHATRE MANSION DATTU WADI, MUMBRA, THANE
false_merge	0.860766265051683	S1-658561705	Industrial Education Laboratories Inc	Rochester, 705 Woodbine Avenue, NY	S2-SYN2511824	INDUSTRIAL EDUCATION LBORTAORHES INC	707 WOODBINE AVENUE, ROCHESTER, NY
false_merge	0.6465101444770226	S1-642153396	Roper Orion Inc.	Shenandoah County, VA, 393 Slate Spring Lane	S2-260097713	Roper Orion Inc.	
false_merge	0.8699512669889146	S1-659329638	Essy Martin Metro Ribbon LLC	1936 Agnew Street, TX, Bonham	S3-921934263	Solviosol	1936 Agnew Street, Bonnham, Texas
false_merge	0.9354718739210081	S1-895367433	Surya Projects Pvt Ltd	Farm No. 4-A, G/F, Kh No. 281.Min. Sultanpur, Khullar Farms, Delhi, South Delhi, Delhi	S2-SYN1368968	सूर्य प्रोजेक्ट्स प्रा. लि.	H.NO 431 FTRM NO. 4-A, DELHI, SOUTH DELHI, Delhi
false_merge	0.8798174105740952	S1-833726872	Sahebganj Tree Ltd	C/O Dilip Sahni, Panch Gaura, Vill-Nirpur, Sahebganj, Muzaffarpur, Bihar	S3-SYN2479040	Drexrizairi Restaurant a/k/a Sahebganj Tree Ltd	C/O Dilip Sahni, Panch Gaura, Vill-Nirpur, Sahebganj, Muzaffarpur, Bihar
false_merge	0.9988407249435753	S1-344620660	Value Prairie Health Inc.	19961 Half Moon Drive, Surprise, AZ	S2-SYN1359781	Value Prairie Health Incorporated	19961 HALF MOON DRIVE, SURPRISE, AZ
false_merge	0.8462525496802983	S1-207559705	Pacific Piedmont Solar L.L.C.	122 Church Street, Winchester, MA	S3-SYN2560541	Pacific Piedmont Solar L.L.C.	6 Church St, Winchester, Massachusetts
false_merge	0.992938409687861	S1-605595803	Dhariawad Real Ltd	Mangilals/O Dagdar Labana, Salumbar Road, Dhariawad, Udaipur, Rajasthan	S3-SYN1852445	Cirasolx Infratech dba Dhariawad Real Ltd	Mangilals/O Dagdar Labana, Salumbar Road, Dhariawad, Udaipur, Rajasthan
false_merge	0.9196670846976006	S1-556408094	Delcina Morgan Rice Inc	121 Bedford Street, Unit 201, Carlisle Borough, PA	S3-SYN797253	Delcina Morgan Rice LLC	121 Bedford Street, Pennsylvania, # 201, Carlisle
false_merge	0.8273858742797473	S1-33187821	First Smart Finance Private Limited	Flat No. 3, 3Rd Floor-A-Wing Radha Dalvi Nagar Chs Ltd, C P Road, Kand, Ivali East, Mumbai, Mumbai City, Maharashtra	S3-SYN2453309	First Smart Finance Private	#1, 3Rd Floor-a-wing Radha Dalvi Nagar Chs Ltd, C P Road, Kand, Ivali East, Mumbai, Mumbai City, MH
false_merge	0.9939260374374063	S1-35572927	Tirupati Healthcare Private Limited	A-5/24 Krishna Nagar, Delhi, South Delhi, Delhi	S2-903171472	तिरुपति हेल्थकेयर प्राइवेट लिमिटेड	B 05/36, KRISHNA NAGAR DELHI, NEW DELHI, EAST DELHI, Delhi
false_merge	0.9887014970930962	S1-476334102	LOZ Finance Private Limited	Pushalkar Housezakaria Bhunder Road Opp Sevri Railway Station W, Mumbai, Mumbai City, Maharashtra	S3-SYN1482084	Dovaxylo Bakery Sys fka LOZ Finance Private Limited	Pushalkar Housezakaria Bhunder Road Opp Sevri Railway Station W, Mumbai, Mumbai City, Maharashtra
false_merge	0.8215782486030093	S1-279224001	Keystone Retail Union	Merrill, IA, 400 Webster St	S2-SYN1914716	Keystone Retail	55 WEBSTER SAINT, MERRILL, IA
false_merge	0.7472159480051341	S1-828152296	Pinnacle Electronics Corporation	2544 Meridian, Unit #C, Puyallup, WA	S3-395489105	Pinnacle Electronics Corporation Ltd	# #C, 2545 Meridian, Washington, Puyallup
false_merge	0.8665701134101843	S1-822766780	Hart Signature Zeo LLC	309 Garrison Woods Drive, Unit UNIT 2, Stafford County, VA	S3-798701643	Hart Signature Zeo	103. Corral Dr, Frederick County, Virginia
false_merge	0.9419686253793952	S1-503564496	Kaverita Explosives Private Limited	1235, Rk World Tower, Shital Park, 150 Ft Ring Road, Rajkot, Gujarat	S3-976719810	Kaveriova Explosives Private Limited	#971 1235, Rajkot, ગુજરાત
false_merge	0.9222648079890284	S1-726200558	Srv Seva Samiti	Pl No 63, Kishan Ind Area, Near Akshar Sortex, Gondal, Rajkot, Gujarat	S3-SYN1556371	srv seva samiti	Door No 595 Pl No 63, Kishan Ind Area, Near Akshar Sortex, Gondal, Rajkot, ગુજરાત
miss:not_in_candidates		S1-193339546	Malwa Impression Private Limited	4/496(1), Bypass Road Changanacherry, Kottayam, Kerala	S2-319715832	Malwa  Impression Private	
miss:not_in_candidates		S1-347618626	Blue Energy	No. 10 A, Ganapathy Road, First Street Avvai Nagar, Thiruvanmiyur, Chennai, Tamil Nadu	S3-62459231	Blueenergy.Com	#010 A, Ganapathy Road, First Street Avvai Nagar, Chennai, TN
miss:not_in_candidates		S1-624726914	Delhi India Co	House No 1-9, New Aruna Nagar Colony, Delhi, North Delhi, Delhi	S3-832270930	De1hi India  Co	House No 1-9, Delhi, North Delhi, दिल्ली
miss:not_in_candidates		S1-887129810	Red (India) Mills Private Limited	Pune, Lunkad Avenue Society, Maharashtra, Pune, S No 199 Pl No. 89 Fl 19	S3-151584671	RM	S No 199 Pl No. 89 Fl 19, Lunkad Avenue Society, Pune, Maharashtra
miss:assigned_elsewhere	0.6370043243642346	S1-467841252	Pediatric Dentistry Ace Physicians LLC	Sacramento, CA, 2908 Muttonbird Way	S3-129017130	Pediatric Dentistry Ace Physicians [LLC]	
miss:not_in_candidates		S1-214715648	Acme Metalcrafts Pvt Ltd	Mangal Bazar Road, Peeragarhi, Sunder Vihar, Srs - 191, Delhi, New Delhi, Delhi	S2-667154458	Acme Pvt Ltd Center	Delhi, SRS - 19, MANGAL BAZAR ROAD, PEERAGARHI, SUNDER VIHAR, DELHI
miss:not_in_candidates		S1-65270352	Physical Therapy Associates Inc	5609 Southern Pine Drive, Richmond City, VA	S2-775794165	Physical Therapy Associates lncorporated	
miss:not_in_candidates		S1-683005262	Shree & Co	Nh -11C Gram Kukas, Jaipur, Rajasthan	S2-173050373	SEHE CO &	NH -11C GRAM KUKAS, JAIPUR, राजस्थान
miss:not_in_candidates		S1-168912522	Safe Data Brands	12641 88th Place, Kirkland, WA	S3-749332609	Safe Data Center	
miss:not_in_candidates		S1-749716445	Modern International Private Limited	201, Avdhesh House, First Slope Of Pritamnagar, Ellisbridge, Ahmedabad, Gujarat	S3-459697330	Modern Iterntaonla Private Limited	201, Ahmedabad, GJ
miss:not_in_candidates		S1-312752020	Black Enterprises Private Limited	Plot No-6/1, Mig-I, B.D.A. Colony, Chandrasekharpur, Bhubaneswar, Khordha, Orissa	S3-690928579	Black Enterprises Private (Limited)	
miss:not_selected	0.02803216998541849	S1-859214686	Viswa Trexim	Cuttack, Orissa, Sector-10 Cda, Markat Nagar, Plot No- 5D/1411	S3-376602017	... viswa trexim	Cuttack, OD, Plot No- 4-5D/1411, Cuttack
miss:not_in_candidates		S1-526550408	Dream Consulting LLP	A-26, Satyam Co Operative Society, Near Mangal Mandir Society, Subhanpura, Vadodara, Gujarat	S3-242110652	Center Dream LLP	A-26, Vadodara, GJ
miss:not_selected	0.5665135222751457	S1-42619316	Fine Research (India) Company	House No. 153 Floor Ist Block-I Phase-1 Ashok Vihar, Delhi, North West	S3-872140996	Fine (Research)	
miss:not_in_candidates		S1-88231772	Galaxy Management	Unit No.201&202, 2Nd Floor, Plotno.21-23 Ys Viveka Enclave, Sy No.1, Khajaguda, Hyderabad, Telangana	S3-509548041	Galaxy Partners	Hyderabad, Unit No.201&202, TG
miss:assigned_elsewhere	0.03460836271853925	S1-990376489	Prime Systems LLP	Shankar Vihar, Ground Floor Vikas Marg, 16, East Delhi, Delhi	S3-678448915	LLP Prime Systems	16, Delhi, East Delhi, DL
miss:not_in_candidates		S1-416251450	Star Engineering Limited	C/O Ekj Granites, 12/1, N.H. 8 Sukher, Udaipur, Rajasthan	S3-915312485	Shri Star Limited Center	H.no 63 C/o Ekj Granites, Udaipur, Fatehnagr, राजस्थान
miss:not_in_candidates		S1-587634414	Raymond Metropolitan Premium Inc	744 Sawyer Avenue, Chicago, IL	S2-317491592	Raymond Metropolitan Premium	
miss:not_in_candidates		S1-679001679	Asset Building Charities LLC	115 Clover Lane, Graysville, TN	S2-954987621	ASSET BUILDING CHARITIES	
miss:not_in_candidates		S1-960038234	Pacific Archimedes	Osborne, 121 5th Street, KS	S3-944756727	Pacific Center	121 5th St, Osborne, Kansas
miss:not_selected	0.4543457986857181	S1-178167465	Sherley Optimal Broadband Inc	208 Highclere Dr, IA, Council Bluffs	S2-843116886	Sherley Optimal Broadband	
miss:not_selected	0.12223073204517204	S1-107898468	Pacific Family Office LLC	5162 176th Avenue Circle, NE, Douglas County	S3-396600793	Pacific Family Office L.L.C.	
miss:not_in_candidates		S1-641869544	New Delhi Geotech Private Limited	47 Block B 2 Gali No 9, Raja Puri Uttam Nagar, New Delhi, West Delhi, Delhi	S2-24151131	New Geotech Geotech Delhi Private Limited	
miss:not_in_candidates		S1-235340096	Global Defense	800 3rd Avenue, Little Falls, MN	S3-128835065	6lobal Center	800-A 3nd Avenue, Little Falls, Minnesota
miss:not_selected	0.0038078357850133524	S1-835886216	Superior Insurance Technologies Group	9985 Pinal Avenue, Unit 154, Casa Grande, AZ	S2-845439778	SUPERIOR INSURANCE TECHNOLOGIES LLC	9979 PINAL AVENUE, CASA GRANDE, AZ
miss:not_selected	0.3413547123970111	S1-898111731	National Continental Chimera LLC	18570 79th Avenue, Glendale, AZ	S3-676394424	National Chimera LLC Sérvice	
miss:not_selected	0.0878799205580083	S1-163936697	W 4 Z Vii Corp	10883 Ponds Lane, Unit 33, Cincinnati, OH	S2-105674081	W Four Z Vii Corp	OH, 10883 PONDS LN, CINCINNATI
miss:not_in_candidates		S1-107049746	Mountain Committee LLC	WI, 1490 Marhill Road, Village Of Ashwaubenon	S3-930736791	Mountain Committee	
miss:not_in_candidates		S1-838789836	DV Evergreen Limited	C 101/4 Ground Floor Sanjay Colony Block C Bhatti Mines, Newdelhi, South Delhi, Delhi	S2-600718465	DV Limited Services	
miss:not_in_candidates		S1-91433121	Better Capital Kogyo LLC	Unit 385, Selbyville, 38391 Bluebird Lane, DE	S2-220104395	Better Capital	
miss:not_selected	0.4939078641654467	S1-673533811	Golden & Sons Private Limited	C/O Ananad Raj H No 221 Vill Panhar Tola Khodaganj Panahar Islampur Nalanda, Bihar, Nalanda, Bihar	S3-702090286	Golden & Sons Private Ltd	Hn 96 C/o Anaaad Raj H No 221 Vill Panhar Tola Khodaganj Panahar Islampur Nalanda, Nalanda, BR
miss:not_in_candidates		S1-830916565	Blue Federation	2648 Bering Drive, Houston, TX	S2-188402094	Blue Foederftion	2648D BERING DRIVE, HOUSTON, TX
miss:not_in_candidates		S1-921129989	Golden Impex Pvt Ltd	Door No.4/3, Ground Floor, Room No.2, Thiruthani Illam, Vallalar Street, Chool, Aimedu, Chennai, Tamil Nadu	S2-169716366	GOLDEN ÍMPEX PVT LTD	
miss:not_in_candidates		S1-106805099	Unique Media Pvt Ltd	Sriperumbudur, Tamil Nadu, Marimuthu Street, Muthumariamman Nagar, Kanchipuram, 86A	S3-353536955	Unique Media Pvt	
miss:not_in_candidates		S1-110552513	Ernakulam Center Pvt Ltd	Ernakulam, Panadans, Cochin University Road, Kochi University, Ernakulam, Ernakulam, Kerala, India, Kerala, Corrazone 21/152, Ernakulam	S2-25106414	Calodova	CORRAZONE B3/21/152, PANADANS, COCHIN UNIVERSITY ROAD, KOCHI UNIVERSITY, ERNAKULAM, ERNAKULAM, KERALA, INDIA, ERNAKULAM, Kerala
miss:assigned_elsewhere	0.018486803804976047	S1-741192321	Straight Edge Cleaning Service LLC	27865 Bateman Road, Havensville, KS	S3-262186365	Straight Edge Cleaning Service Llc	
miss:not_in_candidates		S1-846351276	Mumbai Facilities	Shiv Asthan Heights, 16Th Road, Near Shri Sagar Hotel, Bandra W, Mumbai, 1003, Maharashtra	S3-885205790	Mumbai Services	1003, Bombay, Mumbai, MH
miss:not_selected	0.35089806255007283	S1-975125990	Coker Dynamics Inc	6525 86th Street, Tulsa, OK	S2-369596623	COKER INC  SERVICES	
miss:not_in_candidates		S1-34269537	Dream Consulting Private Limited	150, Shri Nagar Colony Near Anand Bazar, Indore, Madhya Pradesh	S3-123403794	Ectodelta	Madhya Pradesh, Indore, Shri Nagar Colony Near Anand Bazar, 150, Indore
miss:not_selected	0.4982991626815085	S1-699262543	Colbert Learning Center LLC	439 Walberta Road, Geddes, NY	S2-625387348	THE COLBERT LEARNING CENTER  LLC	
miss:not_in_candidates		S1-73903328	Laxmi Technology Private Limited	H.No. 8-2-686/B/1/5, Plot No. 1296, Road No. 12, Khairatabad, Hyderabad, Telangana	S3-180702893	లక్ష్మీ టెక్నాలజీ ప్రైవేట్ లిమిటెడ్	H.no. 8-2-686/B/1/5, Hyderabad, Khairatabad, TG
miss:not_in_candidates		S1-821847079	Future Services Limited	C/O Ochi Ram Jiwani, Bagn Bijeshar Ayodhya, Faizabad, Uttar Pradesh	S3-745399843	FS	C/O Ochi Ram Jiwani, Bagn Bijeshar Ayodhya, Faizabad, Uttar Pradesh
miss:not_in_candidates		S1-702352091	Oncology Care Associates, Inc	NY, 33-08 212 Street, Bayside	S3-671666769	Oncology-Care Associates, Inc	
miss:not_selected	0.03387449187051791	S1-241272581	Prudential Technologies Private Limited	Fatehpur, H-8, Sikar, Industrial Area, Rajasthan	S3-866013596	Prudential Limited-Private Technologies	H-3, Fatehpur, Sikar, RJ
miss:not_selected	0.46367881529515803	S1-849435472	PW Systems Associates	12/18Vithalbhai Patel Road, Mumbai, Maharashtra	S2-791983752	pw systems associates	01227 PATEL ROAD, MUMBAI, Maharashtra
miss:not_in_candidates		S1-848454561	Protech Inc.	313 Church Street, TX, Blue Ridge	S3-758773403	Prarohebh Inc.	31 Church Street, Blue Ridge, Texas
miss:not_selected	0.37758259895840024	S1-485406016	Jones Smart Archimedes Inc.	6200 Stage Road, Bartlett, TN	S3-47633928	Jones Smart Árchimedes Inc.	
miss:not_in_candidates		S1-754791600	Sun Trading Private Limited	Howrah, West Bengal, Kolkata, 3Rd Floor, Room No - 324 81, N.S.Road	S2-933546046	সান ট্রেডিং প্রাইভেট লিমিটেড	#3RD FLOOR, ROOM NO - 324 81, N.S.ROAD, HOWRAH, KOLKATA, পশ্চিমবঙ্গ
miss:not_in_candidates		S1-651007983	Lucky Massage	39 Geronimo Road, Wimberley, TX	S2-481959587	lucky massage	
miss:not_in_candidates		S1-268278146	Prime Projects Private Limited	No.69, Venkateshwara Layout 5Th A Cross, Abbigere, Bengaluru, Bangalore, Karnataka	S3-669502883	ಪ್ರೈಮ್ ಪ್ರಾಜೆಕ್ಟ್ಸ್ ಪ್ರೈವೇಟ್ ಲಿಮಿಟೆಡ್	No 6-9, Bangalore, KA
miss:not_in_candidates		S1-892894224	Sun Investment Private Limited	B5, First Floor, Calicut Co-Operative House Construction Society Ltd Building, Ymca C, Kerala, 6/924, Ross Road, Calicut	S2-656832031	സൺ ഇൻവെസ്റ്റ്മെന്റ് പ്രൈവറ്റ് ലിമിറ്റഡ്	6/924, B5, FIRST FLOOR, CALICUT CO-OPERATIVE HOUSE CONSTRUCTION SOCIETY LTD BUILDING, YMCA C, ROSS ROAD, N/A, Kerala
miss:not_in_candidates		S1-191053363	Atlantic Foundation	3823 78th Street, Cleveland, OH	S3-402089434	Atlantic Service	3823-B 78th Street, Cleveland, Ohio
miss:not_in_candidates		S1-927063934	Kritita Platforms Limited	H.No. 11-4-22, Ram Nagar, Cidco, Nanded, Maharashtra	S2-710984720	KRITITA PLATFORMS LTD	
miss:not_in_candidates		S1-513991488	Meryl Reyes, DPM	515 Raven Road, Shorewood, IL	S2-422821505	MERY1 REYES, DPM	
miss:not_in_candidates		S1-340316038	One Tech Private Limited	Door No 57/11, Building No 28/85 Capital Towers, Patturaikkal, Thrissur, Kerala	S3-200744916	വൺ ടെക് പ്രൈവറ്റ് ലിമിറ്റഡ്	No 57/11, Thrissur, KL
miss:not_in_candidates		S1-321619943	Ivenic Works Group	CA, Citrus Heights, 77176 Lauppe Lane	S2-534834435	Dovakortavo	77177 LAUPPE LANE, CITRUS HEIGHTS, CA
miss:assigned_elsewhere	0.000016089626597044394	S1-89736601	Hari Builders Private Limited	202, Vedant Enclave Kamla Nehru Cross Road No. 3, Kandivali, West, Mumbai, Mumbai City, Maharashtra	S3-893868846	Hari Builders	20, Mumbai City, MH
miss:not_selected	0.6432258543787319	S1-756913549	Unique Producer Pvt Ltd	Mysore, Bangalore, # 17 K I A D B Housing Society Hebbal, Karnataka	S3-423172663	ಯುನೀಕ್ ಪ್ರೊಡ್ಯೂಸರ್ ಪ್ರೈವೇಟ್ ಲಿಮಿಟೆಡ್	# 18 K I A D B Housing Society Hebbal, Mysore, Bengaluru, KA
miss:not_in_candidates		S1-77044674	Buddha Distribution Co	X/756E, 1St Floor Paimbail Tower, Near Canara Bank, Kanjikuzhy, Idukki, Kerala	S3-891607505	Buddha-Co Cénter	X/56e, Idukki, Kanjikuzhy, KL
miss:not_selected	0.2314214637421706	S1-70896878	Colonial Keystone Biotech	NY, 7 Field Court, Oyster Bay	S2-139753929	COLONIAL KEYSTONE BIOTECH CO	9 FIELD CT, HICKSVILLE TOWNSHIP, NY
miss:not_in_candidates		S1-784604875	Pediatric Center	1250 Grinnell Street, Unit 2401, Mishawaka, IN	S3-779951849	Pediatric Partners	Grinnell Street, # 2401, Granger Township, Indiana
miss:not_selected	0.7027664382351912	S1-642639290	Asha Brothers Group	2F, A/2 Gopal Krishna Soc, Bapunagar, India Colony, Ahmedabad, Gujarat	S2-966950358	Group Brothers Asha	Gujarat, NIKOL, #2F
miss:not_selected	0.008050300074160872	S1-467160861	Eleanore Gilmore, DPM	Columbus, 1387 Glenn Avenue, OH	S3-646311210	Eleanore Gilmore, Partners	1388 Glenn Ave, PO Box 8673, Columbus, Ohio
miss:not_in_candidates		S1-261593357	Patriot Calisa LLC	MT, Missoula, 110 Woodbine Place	S2-564533893	Patriot LLC Services	PMB 6093, MISSOULA, MT, 110 WOODBINE PLACE
miss:not_in_candidates		S1-6377092	Summit Program	3560 Rhodes Avenue, Chicago, IL	S2-75744364	Summit Prógram	
miss:not_in_candidates		S1-894276151	Physical Therapy Health	2111 21st Street, Casper, WY	S3-327796633	Health Thérapy Physica1	Twenty First Street, Casper, Wyoming
miss:not_in_candidates		S1-439103956	Brown Electric	6 Pickeral Ridge Lane, Rappahannock County, VA	S2-650303777	Brown  Eercgrnc	
miss:not_selected	0.49811361134271426	S1-684191278	Gwalior Realcon Pvt. Ltd.	Madhya Pradesh, Gwalior, Gambhir Ka Bagicha, Lal Kunwar	S3-383064248	Gwa1ior Raetcoln Pvt. Ltd.	मध्य प्रदेश, Gambhir Ka Bagicha, Gwalior
miss:not_in_candidates		S1-68986148	Colonial Trust of Winston-salem	3140 Brookhill Drive, NC, Winston-salem	S3-122423157	Colonial Trust & Co	
miss:not_in_candidates		S1-605698779	Pacific League	2153 Farnam Street, City Of La Crosse, WI	S3-535842053	pacific léague	
miss:not_selected	0.5103969205938661	S1-206659607	Gangya India Private Limited	Shop No 63, 64 1St Floor, Mourya Lok, Patna, Bihar	S2-848663597	Gangya India Private	##80, 64 1ST FLOOR, MOURYA LOK, PATNA, Bihar
miss:assigned_elsewhere	0.4852821067882187	S1-734466120	Durham Market PC	109 Kendal Drive, Oberlin, OH	S3-275271513	Durham Market	
miss:not_selected	0.6476669926068632	S1-435613809	Worldlink Consultancy	2Nd Floor Vinayshoppingcentre Nr Maninagar Police Station, Rambaug Maninagar, Ahmedabad, Gujarat	S2-490333062	WORLDLINK  CONSULTANCY	
miss:not_in_candidates		S1-319060656	Jaipur Producer Pvt Ltd	E-44, Gautam Marg, Vaishali Nagar, Jaipur, Rajasthan	S3-608497396	Jaipur Pvt Ltd Services	
miss:not_selected	0.5254003303883591	S1-501717172	Hodgson's Landscaping Inc	20 Charnstaffe Lane, Unit 214, Billerica, MA	S2-404901227	Hodgson's Landscaping Incorporated	
miss:not_in_candidates		S1-178257231	Myers and Fick Inc.	1830 Wilmington Highway, Unit 42, Jacksonville, NC	S2-688866356	Myers &  Frck Inc.	
miss:not_in_candidates		S1-608607157	Jay Investment Private Limited	3Rd Floor, Pkp Empire, Equitas Bank Building E Ward Shahupuri 5Th Lane, Kolhapur, Maharashtra	S2-222005934	जय इन्वेस्टमेंट प्राइवेट लिमिटेड	RD FLOOR, KOLHAPUR, Maharashtra
miss:assigned_elsewhere	0.00003419014535095459	S1-938788442	United Technology Pvt Ltd	Sk Iii699 Sf 2 Indirapuram, Ghaziabad, Uttar Pradesh	S3-245388960	Ltd United Pvt Partners	Sk Iii699 Sf 2 Inirapuram, Ghaziabad, उत्तर प्रदेश
miss:not_in_candidates		S1-639861862	Royal Foundation Private Limited	2Nd Floor, Sai Prasad Building, Nanda Patkar Road, Opp. Dr. Rane Hospital, Vile Parle (E), Mumbai, Mumbai City, Maharashtra	S3-645008541	Limited Royal Private Center	#2Nd Floro, Mumbai, Mumbai City, MH
miss:not_in_candidates		S1-38193129	Hotel Tech Private Limited	Sf-201, Survey No 187/22, Samarpan Arcade, Nr. S.B.I Bank, Sabarmati, Ahmedabad, Gujarat	S3-205349627	Hotel Private Limited Service	Sf-201, Ahmedabad, Sabarmati, ગુજરાત
miss:not_in_candidates		S1-891758583	Cascade Liquidity	703 36th Street, Lafayette, IN	S3-126887048	Cascade Service	703 36st Street, Lafayette, Indiana
miss:not_in_candidates		S1-363382023	Apex Estate Private Limited	A/103 Spectrum Towershahibaug, Ahmedabad, Gujarat	S2-982219215	Apex Estate Limited Center	
miss:not_in_candidates		S1-37485644	Signature Carlyle Inc.	1100 French Street, Unit 16, City Of Peshtigo, WI	S2-998131441	Signature Calmle Inc.	
miss:not_selected	0.42030604433570096	S1-157684654	Epicure Rich Private Limited	C/O Bikash Narayan Naik, Housing Board Badpatrapali, Sundargarh, Odisha, Sundargarh, Orissa	S2-453745188	EPICURE RICH PRIVATE	C/O BIKASH NARAYAN NAIK, HOUSING BOARD BADPATRAPALI, SUNDARGARH, ODISHA-70001, SUNDARGARH, Odisha
miss:not_selected	0.48129121609851916	S1-7997271	New Delhi Technologies Partners	New Delhi, Om Vihar Phase-V, 40 Feet Road Uttam Nagar, E-2A, Delhi, West Delhi	S2-962299365	NEW DELHI TECHNOLOGY [PARTNERS]	#139 E-2A, OM VIHAR PHASE-V, 40 FEET ROAD UTTAM NAGAR, NEW DELHI, Delhi
miss:not_in_candidates		S1-944054654	Green India Private Limited	#Z4/04503, Street No 6 Geeta Bhawan Wali Gali, Harpal Nagar, Bh, Atti Road, Bathinda, Punjab	S2-606404002	Green India Private	
miss:not_selected	0.1956011007617966	S1-956862232	Solutions Agro Udyog LLP	Office 803, S.No. 1723, Pno 29/2 Bhambhurda, City Square, Pune, Maharashtra	S2-720562822	Solutions Agro Udyog	
miss:not_selected	0.38746673071781085	S1-863434055	Global Apparel, LLC	186 Brace Hill Road, Kissee Mills, MO	S3-984589640	Global  Apparel, LLC	
miss:not_selected	0.6989867564534773	S1-714240225	Villarreal Angel of Winton	7065 Suzie Street, Winton, CA	S3-816466962	Villarreal Angel of Winton (Corporation)	6815 Suzie Street, Winon, California
miss:not_selected	0.09146036583192516	S1-208532252	Valley Coalition of Haskell	Haskell, OK, 209 Haskell Boulevard	S2-277809419	VALLEY COALlTION OF HASKELL INC.	HASKELL, OK, 211 HASKELL BLVD
miss:not_selected	0.21070506669866731	S1-555641344	Jan Clothing Private Limited	Rajkot, Capital Market 101, 22 Jagnath Plot, Rajkot, Gujarat	S2-184083142	Jan Clothing	
miss:not_selected	0.47163634652630526	S1-529360934	Spark (India) Laminators Company	138/2A Sarat Bose Road, Kolkata, Howrah, West Bengal	S3-408842810	Spark (India) Lamnftnrs Company	
miss:not_in_candidates		S1-508888579	ZR Capital Company	804 Krupal Pathshala, Shivranjani Char Rasta, Ahmadabad City, Ahmedabad, Gujarat	S3-968134919	ZR Company Center	Krupal Pathsrala, Ahmedabad, GJ
miss:not_in_candidates		S1-237153904	Laxmi Care Private Limited	Desk No.03, Gn-38/5, Anaya Chambers, 9Th. Floor, Salt Lake, Sector-5, Kolkata, Saltlake, North 24 Parganas, West Bengal	S2-945952858	লক্ষ্মী কেয়ার প্রাইভেট লিমিটেড	DESK NO.A-03, NORTH PARGANAS, SALTLAKE, West Bengal
miss:not_in_candidates		S1-418142657	Modern Prime Food Private Limited	7A, Ismail Bldg, A-Block, 33, Pathakwadi Lohar Chawl, Mumbai, Maharashtra	S3-958202214	Zetak0r	##7A, Mumbai, Bilalpada, महाराष्ट्र
miss:not_selected	0.7095649001862059	S1-602400956	(india) Macaw Texchem Private Limited	A-805, Vijaya Residency, Lalbaug Industrial Estate, Opp. Indian Express Office, Dr. Ambedkar, Road, Mumabi, Maharashtra	S3-26157292	(India) Macaw Private Limited Center	A-8-05, Road, महाराष्ट्र
miss:not_selected	0.5220547803639242	S1-781697746	Star Trusted Amc	535 Oak Grove Church Road, Pocahontas, TN	S3-222017348	Star Trusted Amc Inc	661 Oak Grove Church Rd, Pocahontas, Tennessee
miss:assigned_elsewhere	0.00014368411868995596	S1-420017839	Internal Medicine Health of Marysville Inc	492 Allenby Drive, Bldg 20884, Marysville, OH	S2-607504166	Internal  Medicine Health of	49 ALLENBY DR, MARYSVILLE, OH
miss:not_selected	0.5004138617107937	S1-15369904	Magnus Institute of Technology Corporation	12, Ashvin Society Nr Bank Of Baroda, Fatepura, Paldi, Ahmedabad, Gujarat	S2-853776297	Magnus Institute of Technology  Corporation	HN 86 12, ASHVIN SOCIETY NR BANK OF BARODA, FATEPURA, PLADI, AHMEDABAD, Gujarat
miss:not_selected	0.4717447572483881	S1-540395666	Chapman and Williams Dime PC	4710 Polo Gate Boulevard, Charlotte, NC	S2-378923988	Chapman  & Wilillms Dime PC	
miss:not_selected	0.364366742972555	S1-608890240	Cascade Btc Inc	18 Burns Avenue, Huntington, NY	S3-767977256	Ectokordova	1 Burns Ave, Huntington, New York
miss:not_in_candidates		S1-166538295	Global Federation, LLC	100 Mcauley Drive, Unit Apartment 250, Brighton, NY	S3-763018621	LLC Global Fdidratiaoni,	100 Mcauley Drive, # Apartment 250, Rochester CITY, New York
miss:not_in_candidates		S1-482245135	Mithra Enterprises Pvt. Ltd.	S/O Sh. Nagesh Sahani Hno-461 G/F Kh No.51/1, Plot No.56/5 Gali No.14 Ph-6 Shiv Vihar Karawal Nagar, Delhi North East, North West Delhi, Delhi	S2-512443126	MENTERPRISES.COM	S/O SH. NAGESH SAHANI HNO-0461 G/F KH NO.51/1, N/A, DELHI NORTH EAST, NORTH WEST DELHI, Delhi
miss:not_selected	0.17704668321230305	S1-190433290	Prabhukrupa & Sons LLP	Csir-National Environmental Engineering Research Institute(Csir-Neeri), Nehru Marg, Nagpur, Maharashtra	S3-740315793	Prabhukrupa &	
miss:not_in_candidates		S1-63072353	Tesla Traders Ltd	G-17, G/F, Vardhman Sun Rise Plaza, Lsc Plot No.-1 Vasundhra Enclave Near Abhyant Appt., Delhi, East Delhi, Delhi	S2-314883485	ttraders.com	G-17, EAST DELHI, DELHI
miss:not_in_candidates		S1-91198268	Saex Companies	1170 15th, TX, Paris	S3-900390228	Saex  Service	117 15th, Paris, Texas
miss:not_in_candidates		S1-775042304	Builders Aqua Pvt Ltd	South Delhi, Delhi, New Delhi, B-135 Jungpura	S2-604818362	BUILDERS AGRA PVT LTD	
miss:not_in_candidates		S1-870528145	Gramm Siddhi Inc	Henryville, 7707 Deer Run Road, IN	S3-18989039	Gramm Síddhi Inc	
miss:not_selected	0.2545476927232376	S1-513458994	Behavioral Health Better Medicine	AR, Midway, 2818 Baxter County 10 Road	S3-22223934	Behavioral Health  Better Medicine LLC	2819 Baxter County 10 Road, Midway, Arkansas
miss:assigned_elsewhere	0.000010887150830426644	S1-391637463	Heritage Alliance PLLC	912 Springfield Pike, Cincinnati, OH	S3-329691536	Heritage PLLC Services	Springfield Pike, Ohio, Cincinnati
miss:not_in_candidates		S1-512077012	East Learning Center	535 100, Santaquin City (utah Co), UT	S3-849782217	East Learning  Center Enterprises	
miss:not_selected	0.3427040957698584	S1-369108176	India Foundation	Plot No 5 Subhlaxmi Estatemoraiya Tal-Sanand, Ahmedabad, Gujarat	S3-426781209	India Foundation	
miss:not_in_candidates		S1-38125766	Supreme Energy	Shop No. Ug10, Door No. 4-95/101, Veda Tower, Kavoor Junction, Dakshina Kannada, Mangalore, Dakshina Kannada, Karnataka	S3-834535843	Energysupreme.Com	ಕರ್ನಾಟಕ, Shop No. Ug10/1, Dakshina Kannada
miss:not_in_candidates		S1-441484674	Woessner Galata Inc.	8023 Brookpark Avenue, Franklin, TN	S2-709800066	Woessner Galata	
miss:not_in_candidates		S1-1402888	Golden Engineering Services Corp	Carrington, 633 4th Street, ND	S3-922374152	Golden Services Corp Center	633 Fourth Street, Carrington, North Dakota
miss:assigned_elsewhere	0.0007576819793399408	S1-482987517	R/Y Commerce Inc	7114 76th Avenue, Portland, OR	S2-665284131	R/Y INC SÉRVICE	
miss:not_in_candidates		S1-796040418	Scott Elite Third	1323 7900, Unit 200, West Jordan City, UT	S2-581252903	Scott Elite	
miss:not_in_candidates		S1-343585063	Gujarat Construction Pvt Ltd	Paraiya, Gaya, C/O Upendra Prasad Amokhar, Bihar, Gaya	S2-247624272	Gujarat Constsouctoin Pvt Ltd	
miss:not_in_candidates		S1-757368173	Capital Learning Center Inc	311 9th Street, Unit #503, Tacoma, WA	S2-589539376	Capital Center Inc [Services]	WA, 311 9th Street, TACOMA
miss:not_in_candidates		S1-441276950	Happy Travels Limited	No.125, 1St Floor, Hosur Main Road, Madiwala, Bangalore, Karnataka	S2-703732926	Happy Limited Partners	0125 , 1ST FLOOR, HOSUR MAIN ROAD, MADIWALA, BANGLAORE, Karnataka
miss:not_in_candidates		S1-509883620	Golden Bike Shop! Inc	930 Cedar Grove Road, Burna, KY	S3-8201316	Golden	930 Cedar Grove Road, Burna, KY
miss:not_in_candidates		S1-350729392	Vision Premier It LLP	Plot No. Ugf 26, Rai Udyog, Rajat Arcade, Nagpur (Urban), Nagpur, Maharashtra	S2-548305737	TAVOONYX	Maharashtra, NAGPUR (URBAN), HN 847  PLOT NO. UGF 26, NAGPUR
miss:not_in_candidates		S1-154694254	Green Technology LLP	S No. 3994, Naya Bazar, Delhi, North Delhi, Delhi	S3-978076081	Shri Green-Technology LLP	S No. 399, Delhi, Central Delhi, दिल्ली
miss:not_selected	0.131215290997058	S1-730557099	Patriot Liberty Sun PC	5050 91st Street, Ashley, ND	S2-926485616	Patriot Liberty  Sun PC	5052 91ST ST, ASHLEY, ND
miss:assigned_elsewhere	0.0001915060585372813	S1-173357698	Pacific Prime Atlantic Inc	1014 1/2 7th Street, Arkansas City, KS	S3-684414619	Pacific	1014 1/2 7th Street, Arkansas City, KS
miss:not_in_candidates		S1-269307373	Regional Crest LLC	5619 Mainsail Court, Ellicott City, MD	S3-361226203	Regional Crest Llc #76325	
miss:not_selected	0.6534255688835982	S1-377310740	Silver Auto Body	4861 Brewery Road, Town Of Berry, WI	S3-629845401	Silver Auto	Brewery Rd, PMB 2489, Town Of Berry, Wisconsin
miss:not_selected	0.10016363845392116	S1-278148437	Phoenix Medical Center	1435 Monroe Street, Phoenix, AZ	S3-11014886	Phoenix Medical Center Ltd	Arizona, 143 Monroe St, Rio Salado
miss:not_selected	0.7266049273063266	S1-181358816	Integrated Creative Company Partners	7155 Citrus Avenue, Unit UNIT 354, Fontana, CA	S3-920001043	Integrated Creative Company Partners Co	Fontana, 7155-7157 Citrus Avenue, California
miss:not_selected	0.6204700393295017	S1-979520884	Lm Management Private Limited	No.21, Chinnaiah Street, Audisesha Bhavan, T.Nagar, Chennai - 600 017., Tamil Nadu	S2-142039168	Lm Private Limited Services	H.NO 21- , CHINNAIAH STREET, AUDISESHA BHAVAN, T.NAGAR, Tamil Nadu
miss:not_selected	0.44467020113991435	S1-246554620	Aarjay Brothers Private Limited	Door No 15/1733 B59, Kerala, Malapuram, Forza Mall 1, Chembra Road, Tirur, Malappuram	S3-455956946	Aarjay Brothers Private Ltd	Door No 5/1733 B59, Forza Mall 1, Chembra Road, Tirur, Malappuram, Malapuram, Keralam
miss:not_in_candidates		S1-536394923	Lee Holdings Group	106 Steward Drive, Searcy, AR	S3-277075374	LEE HOLDING5 GROUP	106A Steward Dr, Searcy, Arkansas
miss:assigned_elsewhere	0.00003417377978808291	S1-376605070	Silver Lakshmi Technologies Pvt Ltd	Shop No 17, Ground Floor, Mid Town Heritage, Kalyan, Thane, Maharashtra	S3-801043876	सिल्वर लक्ष्मी टेक्नोलॉजीज प्रा. लि.	Shop No ##17, Kalyan, Ground Floor, Mid Town Heritage, Thane, MH
miss:not_in_candidates		S1-326206931	Gopi Properties LLP	Tamil Nadu, Agathiyar Street, Erode, D.No.2, Erode	S3-555643597	GP	D.No.2, Agathiyar Street, Erode, Tamil Nadu
miss:not_in_candidates		S1-826585860	Continental Ampercap LLC	506 High Street, Mcarthur, OH	S3-184254362	Continental Ampercap  LLC	
miss:not_in_candidates		S1-779638765	Jai Impex Pvt Ltd	Kejriwal House7 N Gamadia Rd, Mumbai, Maharashtra	S2-955007212	जय इम्पेक्स प्रा. लि.	KEJRIWAL HOUSE##7 N GAMADIA RD, MUMBAI, Maharashtra
miss:not_selected	0.5577391968132078	S1-14939411	QS Farm Private Limited	West Bengal, Kolkata, Howrah, 3A, Rammohan Mullicks Garden Lane, Unit No. 3B, 3Rd Floor, Kolkata	S2-405375674	QSFARMPRIVATE.C0M	3A, CALCUTTA, West Bengal
miss:not_in_candidates		S1-915820077	Big Infotech	Om Sai Radhe, Govind Chs, Near Hly Cros School, Chikanghar, Kalyan, West, Thane, Maharashtra, Thane, Shop No. 4	S3-907476003	Big Ínfotech	Shop No. 4, Thane, MH
miss:not_selected	0.43286144271924804	S1-487405087	Shabazz, Gibson & Dix LP	4116 Colibri Street, NM, Albuquerque	S3-682402075	Shabazz, Gibson  + Dix LP	
miss:not_in_candidates		S1-309775276	Community Initiative	8917 Macauley Lane, Nashville, TN	S3-854273033	Community Community Center	Macauley Ln, Nolensville, Tennessee
miss:not_in_candidates		S1-133572858	Balaji & Co	Hig/Og/B2/F3 Bagh Lingampally, Hyderabad, Telangana	S2-898940408	Évobrix	HIG/OG/B2/F3 BAGH LINGAMPALLY, HYDERABAD, Telangana
miss:not_in_candidates		S1-542561080	Vision Shree Agro Private Limited	Flat No.202, Pt:245, Ph-1, Sprints Silver Springs, Qutubullapur, Hyderabad, Telangana	S3-77035223	Vision Sghhee Agro-Private Limited	Flat No.202, Hyderabad, Qutubullapur, TG
miss:not_in_candidates		S1-173975981	Sky Agro Private Limited	403 Unique Tower, Near Kamat Club, Gaiwadi Industrial Estate, Off S V Road, Goregao, N West, Mumbai, Mumbai City, Maharashtra	S3-477899387	Sri Sky Aaebro Private Limited	#403 Unique Tower, Bombay, Mumbai City, MH
miss:not_selected	0.6216237660004055	S1-173304709	Horizon Rock LLC	6020 Circula De Hacienda, Lake Havasu City, AZ	S3-516987539	HORIZON ROCK LLC	
miss:not_selected	0.46972146679822113	S1-573036409	Unique Ventures Pvt Ltd	513, Golden Triangle, Opp. Sardar Patel Stadium, Navrangpura, Ahmedabad, Gujarat	S3-682338153	Novizetaevo	Golden Triangle, Opp. Sardar Patel Stadium, Navrangpura, GJ, Ahmedabad, Hn 355 513, Ahmedabad
miss:not_selected	0.34278501748211515	S1-436990127	Golden Superior Esports PC	19929 Abigail Way, Pflugerville, TX	S3-86928751	golden superior esports pc	
miss:not_in_candidates		S1-632250134	XK Willow Inc.	20234 9th Street, Phoenix, AZ	S3-25200143	XK [Willow]	
miss:not_in_candidates		S1-74076280	Super Foundation Limited	Sur-232/45, 2Nd Floor, Rudra Path, Opp. Pakwan Resturant, S.G.Highway, Ahmedabad, Gujarat	S3-367785140	Super Limited Center	Sur-232/45, 2Nd Floor, Rudra Path, Opp. Pakwan Resturant, S.g.highway, Ahmedabad, ગુજરાત
miss:not_in_candidates		S1-981224819	City Investment Limited	Plot No.328, Scheme No.47, Sahayadri Nagar, Belagavi, Belgaum, Karnataka	S3-182286317	City	Plot No.328, Karnataka, Belagavi, Belgaum, Scheme No.47, Sahayadri Nagar
miss:not_in_candidates		S1-712802781	NEL Magic Private Limited	L 148 5Th Main Road, Bangalore, Sector 6, Hsr Layout, Karnataka, Bangalore South	S3-858115141	Viopyradova	L 148 5Th Main Road, Sector 6, Hsr Layout, Bangalore South, Bangalore, KA
miss:assigned_elsewhere	0.28893910485638397	S1-847371816	Apex Mobility Company	212 Beyer Ct, Unit 0159A, Ames, IA	S3-838227068	Apex Mobility	
miss:not_in_candidates		S1-457618276	Mathews Token P.C.	21 1st Street, Bronson, IA	S3-626516665	Umbraaria	21 1nd St, PMB 6684, Bronson, Iowa
miss:not_in_candidates		S1-751714101	Mayer's Trading	Belle Meade, TN, 622 Enquirer Avenue	S3-436208472	Onyxvantage	622 Enqurer Ave, Belle Meade, Tennessee
miss:not_in_candidates		S1-355495289	Jay Industries Private Limited	Flat No. 328, Bldg No. 21, Smruti Chs Ltd Adarsh Nagar, Worli, Mumbai, Mumbai City, Maharashtra	S2-575701936	जय इंडस्ट्रीज प्राइवेट लिमिटेड	FLAT NO. 328, MUMBAI CITY, MUMBAI, Maharashtra
miss:not_in_candidates		S1-256095670	Alfalah Movers (India) Pvt Ltd	27/96-2A, Jwala Nagar Sahadara, Delhi	S3-998191313	AM	27/96-2A, Jwala Nagar Sahadara, Delhi
miss:not_selected	0.661090475700992	S1-388564710	QDQ Destinations Pvt. Ltd.	Flat No-367, Sec-9, Category-2, 2Nd Floor Pocket-1, Dwarka, Delhi, South West Delhi, Delhi	S2-640673850	QDQ QDQ Destinations Pvt. Ltd.	
miss:not_in_candidates		S1-958556036	Shree Producer Pvt Ltd	Flat No.201, Adi Emarald Apartments, Laharis Homes Maseedbanda, Kondapur, Hyderabad, Telangana	S2-665369292	శ్రీ ప్రొడ్యూసర్ ప్రైవేట్ లిమిటెడ్	9-201, HYDERABAD, Telangana
miss:not_in_candidates		S1-997805978	Maan Finance Limited	Ganges Garden, Phase - 2, Flat Gb2-3D 106 Kiran Chandra Singha Road, P.O. - Sh, Ibpur, Howrah, West Bengal	S2-201489994	Maan  Finance	
miss:not_selected	0.4916543580684632	S1-258616659	Master Consultancy	Door No. 6-2-43/2, Near Ladyhill Circle, Kulur Ferry Road, Mangalore, Dakshina Kannada, Karnataka	S3-704537379	Master Conascltancy	Door No. 8-6-2-43/2, Dakshina Kannada, KA
miss:assigned_elsewhere	0.00012607879913729126	S1-324167072	Kritita Contractors Private Limited	Plot No.201, Kathwada Gidc, Kathwada, Dascroi, Ahmedabad, Gujarat	S3-107161499	Kritita Private Limited Center	
miss:assigned_elsewhere	0.023992679316356586	S1-253952784	Memorial Fund	19203 Young Street, Fairhope, AL	S3-600315315	Memorial Fund Trading	
miss:not_in_candidates		S1-827276928	Laxmi Consultancy Private Limited	B-5/3, Okhla Ind Area, Phase Ii, New Delhi, South Delhi, Delhi	S2-899302628	लक्ष्मी कंसल्टेंसी प्राइवेट लिमिटेड	B-5, NEW DELHI, OKHLA IND AREA, PHASE II, SOUTH DELHI, Delhi
miss:not_in_candidates		S1-496463188	Valley Trust	9 Woodedge Road, Plandome, NY	S2-339862129	VALLEY TFT	9 WOODEDGE RD, PO BOX 4922, MANHASSET, NY
miss:not_in_candidates		S1-75468437	Perfect Care Pvt Ltd	Ground Floor, Ward No - 3 Bharpet Galli, Near Jambagi Road, Jamkhandi, Bagalkot, Karnataka	S2-133740192	Ltd Perfect Pvt Sérvices	GROUND FLOOR, BAGALKOT, Karnataka
miss:not_in_candidates		S1-998894257	RS Nippon Inc	Clyde, TX, 522 Elm Street	S3-638647124	RS Nippon	
miss:not_in_candidates		S1-630507636	Jay International Private Limited	Obeya Roses, No. 62, Municipal No. 93/62, 11Th Main Road, Sector 6, Hsr Layout, Bangalore South, Bangalore, Karnataka	S2-496998623	ಜೇ ಇಂಟರ್‌ನ್ಯಾಷನಲ್ ಪ್ರೈವೇಟ್ ಲಿಮಿಟೆಡ್	BLOCK F-173 OBEAY ROSES, NO. 62, MUNICIPAL NO. 93/62, 11TH MAIN ROAD, SECTOR 6, HSR LAYOUT, BANGALORE, BANGALORE SOUTH, Karnataka
miss:not_in_candidates		S1-557238305	Oncology Advanced Group	1053 Montana Avenue, Saint Paul, MN	S3-699046109	Oncology Advanced  LLC	
miss:not_selected	0.5311862903851267	S1-707675108	Spann Biracilik Inc	343 Tanglewood Drive, Amherst County, VA	S3-1829012	Zetatavo	Tanglewood Dr, Amherst County, Virginia
miss:not_selected	0.015171759897018144	S1-286472902	Summit Marshall	2309 Elm Street, Parkersburg, WV	S3-446197984	Summit Marshall Corp	290 Elm Street, Parkersburg, West Virginia
miss:not_in_candidates		S1-833933098	Ajay Consultancy	Chennai, Tamil Nadu, Armenian Street, No.91, Chennai	S2-278792200	Ajay Partners	NO.91, ARMENIAN STREET, CHENNAI, Tamil Nadu
miss:not_in_candidates		S1-494160422	24HR Locksmith	609 Everett Street, Unit 209, Streator, IL	S3-205089369	24HR Lockfsmiht	
miss:not_selected	0.5977618385606115	S1-403562469	Classic Exports Private Limited	S No 127/A, Daulat Vasahat Bld No 6/3, Pune City, Pune, Maharashtra	S3-888072540	क्लासिक एक्सपोर्ट्स प्राइवेट लिमिटेड	S No 327/A, Pune City, Pune, महाराष्ट्र
miss:not_in_candidates		S1-535074894	Opus Cab Pvt Ltd	Building B-U-7, J.K.Park, Kadva Patidar Wadi Road Near Choksiwadi, Adajan, Surat, Gujarat	S2-227548445	OS OS CAB PVT LTD (ID: 95818)	H.NO 36 BUILDING B-U-7, SURAT, ગુજરાત
miss:not_in_candidates		S1-634475238	North Consultants P.C.	7 Main Street, Ballston, NY	S2-17164336	North  Consultants P.C.	
miss:not_in_candidates		S1-92010178	FQ Enhanced PC	1313 Wenonah Avenue, Berwyn, IL	S3-93422033	FQ Enhanced	
miss:not_in_candidates		S1-437073082	Tree (India) Solutions Private Limited	#10/484, Varikozhithazham Koduvally Po, Manipuram, Kannikurumakkan, Kozhikode, Kerala	S2-122759527	Shri Zétaaria	KANNIKURUMAKKAN, KOZHIKODE, Kerala, #10/484
miss:not_in_candidates		S1-56292691	Ziram Mills Private Limited	49, Shama Pally, Ground Floor, Kolkata, Howrah, West Bengal	S2-977490322	Ziram Private Limited Center	
miss:not_selected	0.40239913518047754	S1-874528249	Reliable Agricultural Innovations LLC	5112 Sawgrass Drive, Monee, IL	S2-339732179	Reliable Agricultural Ínnovations LLC	
miss:assigned_elsewhere	0.1324227879541911	S1-232612036	Golden Tattoo	Rialto, 501 Ramona Drive, CA	S3-771226194	tgolden.com	386 Ramona Dr, Rialto, California
miss:not_selected	0.2854912910991845	S1-458927668	Urgent Care Group of Draper City (sl Co)	351 Hedge Hollow Cove, Draper City (sl Co), UT	S2-344149513	Urgent Care Group of Draper Co) (sl City	353 HEDGE HOLLOW CV, DRAPER CITY (SL CO), UT
miss:not_in_candidates		S1-191054568	North Japan LLC	Spokane Valley, WA, 3809 Virginia Lane	S3-515620694	North Jcnchpan LLC	
miss:not_selected	0.621892673507412	S1-356433761	Shahdara Management Limited	House No 383/11 G/F, East Azad Nagar, Shahdara, Delhi	S2-296161687	Shahdara Mánagement Limited	
miss:not_in_candidates		S1-625297505	Sun Developers Pvt Ltd	1-10-34 To 37, Flat No. D Block-402, Welkin Park Apartments, Begumpet, Hyderabad, Telangana	S2-322109470	Haloriza	1-10-34 TO 37, HYDERABAD, Telangana
miss:not_in_candidates		S1-539076823	Sree Technology Private Limited	E 4, Ground Floor, Udyog Nagar, Rohtak Road Near Peeragarhi Metro Station, New Delhi, West Delhi, Delhi	S2-267888531	श्री टेक्नोलॉजी प्राइवेट लिमिटेड	E 4., NEW DELHI, WEST DELHI, Delhi
miss:not_in_candidates		S1-332788495	Raj Producer LLP	Delhi, South West Delhi, E-4/28, Dda Market, Jahangir Puri, New Delhi	S2-59936969	Raj LLP Services	E-4/28, DDA MARKET, JAHANGIR PURI, NEW DELHI, DELHI, Delhi
miss:not_selected	0.06357886658871312	S1-811335207	Impact Services Pvt Ltd	#96, 2Nd Main, 1St Block, Opp Top Mart, Ayyapanagar, Bangalore North, Bangalore, Karnataka	S3-357952322	Impact Services Pvt	413, Bangalore North, Bangalore, KA
miss:not_selected	0.42555407746511137	S1-799452087	Modern Solutions Private Limited	W/O Vijay Kumar, Ananya Jewlers, Dinapur-Cum-Khagaul, Patna, Bihar	S3-354031226	Modern Solutions Private Limited	99 W/o Vijya Kumar, Ananya Jewlers, Dinapur-cum-khagaul, Patna, BR
miss:not_in_candidates		S1-887775826	Vijay Infrastructure Private Limited	# 15, Sy # 49/5, Premier Solitude Apartment Veerana Palya, Nagawara, Bangalore, Karnataka	S2-137023288	ವಿಜಯ್ ಇನ್‌ಫ್ರಾಸ್ಟ್ರಕ್ಚರ್ ಪ್ರೈವೇಟ್ ಲಿಮಿಟೆಡ್	H.NO 15, BANGALORE, BENGALURU, Karnataka
miss:assigned_elsewhere	0.5002479386955802	S1-695326452	Shahdara Consulting Limited	574-C, Ground Floor, Moti Ram Road, Shahdara, Delhi	S3-711529996	Yumadrex	1-574-C, Ground Floor, Moti Ram Road, Shahdara, दिल्ली
miss:not_selected	0.6263234192885935	S1-306431209	Blue Services	B8 Floor 1 Plot 360 Navsahayog Chs Senapati Bapat Marg Matunga Rd Railway Station M, Ahim, Mumbai, Mumbai City, Maharashtra	S2-91547306	Blue Services Co	B4-8 FLOOR 1 PLOT 360 NAVSAHAYOG CHS SENAPATI BAPAT MARG MATUNGA RD RAILWAY STATION M, AHIM, MUMBAI, महाराष्ट्र
miss:not_in_candidates		S1-265216824	Prime Markets	24 Showline Road, Hurricane, WV	S2-941071758	*** Prime  Mraets	WV, HURRICANE, 24 STOWLINE ROAD
miss:not_selected	0.6664516251143725	S1-671070846	Life Healthcare Private Limited	7980, First Floor E-2, Sector-16, Rohini, Delhi	S3-930845196	लाइफ हेल्थकेयर प्राइवेट लिमिटेड	Rohini, दिल्ली, Sector-16, 980, First Floor E-2
miss:not_selected	0.42232080066122496	S1-338444515	Ayala Wheeler LLC	16510 Stedham Circle, Unit UNIT 101, Prince William County, VA	S3-900258351	Ayala Weheeller LLC	16510 Stedham Circle, Unit UNIT 101, Prince William County, Virginia
miss:assigned_elsewhere	0.0001856144987356561	S1-806017455	American Advertising LLC	714 21nd Street, Russellville, AR	S3-362117513	American American LLC Services	714 21th Saint, Russelville CITY, Arkansas
miss:not_selected	0.41300619677723593	S1-953140490	Ridge Cleaning LLC	468 County Road 319, Cleveland, TX	S3-543338760	Ridge Cleaning  LLC	
miss:not_in_candidates		S1-956652198	Swastik Infra Pvt Ltd	Wing A, Floor - Fifth, Statesmen House, New Delhi, Central Delhi, Delhi	S3-876578038	Swastik Infra  Pvt Ltd	Wifg A, New Delhi, DL
miss:not_in_candidates		S1-88070632	Twisted Cleaning Service L.L.C.	7340 Eagle Drive, Lincoln, NE	S3-785334859	Twisted Ciesnng Service LLC	7339 Eagle Dr, Lincoln, Nebraska
miss:not_in_candidates		S1-427204424	Scholarship Charities	3303 Linda Drive, Amarillo, TX	S2-816515546	Scholarship Center Enterprises	
miss:assigned_elsewhere	0.03922827286054654	S1-409584919	Hunger Committee LLC	1 Neillian Way, Bedford, MA	S3-354840369	Hunger Committee Llc	
miss:not_selected	0.4399137198436067	S1-850317503	Global Signature Data, LLC	71 Leafwood Lane, Unit S296, Groton, CT	S2-581145275	Veraorbi	#71 LEAFWOOD LANE, GROTON, CT
miss:not_selected	0.6396896393671575	S1-558589765	Colonial Program	811 Skimmer Court, Sugar Land, TX	S3-39032479	C0lonial Program Foundation	811 1/2 Skimmer Ct, Sugar Laand, Texas
miss:not_in_candidates		S1-109754838	Supreme Consulting Private Limited	C-207, Gopalan Residency, Telecom Layout, Pipeline Vijaya Nagar, Bangalore, Karnataka	S2-458653929	Supreme Consulting	
miss:not_in_candidates		S1-449748221	Chennai Realty Private Limited	No.14, Chennai, Tamil Nadu, Chennai, South Avenue Srinagar Colony, Saidapet	S2-347408870	Chennai Private Limited Services	H.NO 14 , SOUHT AVENUE SRINAGAR COLONY, SAIDAPET, CHENNAI, Tamil Nadu
miss:not_in_candidates		S1-952403129	Midwest Corporation	118 Thorny Grove, San Antonio, TX	S2-635320890	Midiewst Corporation	18 THORNY GROVE, SAN ANTONIO, TX
miss:not_selected	0.69766402564034	S1-267971212	Alpha Energy Private Limited	Darabshaw House Ballard Estate, Mumbai, Maharashtra	S3-178977078	अल्फा एनर्जी प्राइवेट लिमिटेड	Hn 136 Darabshaw House Ballard Estate, Mumbai, महाराष्ट्र
miss:not_selected	0.5118361451717729	S1-457305098	ADC Services Private Limited	No. 9104, Iris Tower 9 Embassy Pristine Apartments, Ibblur Village, Vtc Hsr Layout, Bangalore South, Bangalore, Karnataka	S2-386560067	ADC SERVICES  PRIVATE LIMITED	9416., IRIS TOWER 9 EMBASSY PRISTINE APARTMENTS, IBBLUR VILLAGE, VTC HSR LAYOUT, BANGALORE SOUTH, Karnataka
miss:not_in_candidates		S1-329768300	Physical Therapy Center Corp	35 Lendon Main Street, Huntsville, AL	S3-572505013	Physical Therapy	35 Lendon Main Street, Alabama, Huntsville
miss:not_in_candidates		S1-341238065	Atlantic Veterinary Clinic	227 Janisch Road, Houston, TX	S2-332941616	Atlantic Veterinary Enterprises	
miss:not_in_candidates		S1-640483254	Charles Living PLLC	8429 Anthemis Court, Elk Grove, CA	S2-966684342	CHARLES LIVING	
miss:not_in_candidates		S1-166619162	Chaudhary Foundation	Ahmedabad, 1 Shripath Appartments Opp St Xaveir School Road Navrangpura, Gujarat, Ahmedabad	S3-799991153	Lyrapyra	1 Shripath Appartments Opp St Xaveir School Road Navrangpura, Ahmedabad, Gujarat
miss:not_in_candidates		S1-708325320	Dwarka Thomas Limited	Y-315, Vivekanand Apptt, Plot No - 2, Sector -5, Dwarka, South West Delhi, Delhi	S3-923699858	Brixavinex	Y-315, South West Delhi, Dwarka, DL
miss:not_in_candidates		S1-487407614	Maldonado Summit Keystone	4104 Craighead 318 Road, Bono, AR	S3-78226329	Maldonado Keystone 5ummit	
miss:not_selected	0.3678686870977085	S1-252667344	Ivenos Capstone PLLC	195 Woodlieff Lane, Thomasville, NC	S2-871081821	IVENOS CÁPSTONE PLLC	
miss:not_in_candidates		S1-837610139	Sree Infra Pvt Ltd	E-227A Ugf Rs Bs, E Block, Mansa Ram Park, New Delhi, West Delhi, Delhi	S2-37018309	श्री इंफ्रा प्रा. लि.	Delhi, WEST DELHI, NEW DELHI, E-227A UGF RS BS
miss:not_selected	0.6433171162035947	S1-929310996	Metro & Brothers Private Limited	Main Road, Amit Farm House Opposite Payal Cinema, Delhi Road, Secto, R-14, Gurgaon, Haryana, Gurgaon	S2-84217124	Metro & Brothers Private Ltd	Haryana, H.NO 236 MAIN ROAD, AMIT FARM HOUSE OPPOSITE PAYAL CINEMA, DELHI ROAD, SECTO, R-14, GURGAON
miss:not_in_candidates		S1-134873372	Innovative Data LLC	59 Park Street, Unit 1, Athol, MA	S3-779954198	Innovative LLC Center Enterprises	
miss:not_in_candidates		S1-153892814	Rajkot Smart	Shop No 212, Shivalik 8, Chandan Park Main Road, Rajkot, Gujarat	S3-291116391	Rajkot Service	212, Rajkot, GJ
miss:not_selected	0.5805797684750981	S1-287507184	Rebbecca Silva Property Solutions	26937 Bagley Road, Olmsted Township, OH	S3-980011566	Rebbecca Sciloav Property Solutions	
miss:not_selected	0.618169615501695	S1-698675765	Direct Financial Industries Holdings	22018 Magnolia Hills Drive, Magnolia, TX	S3-772419763	Direct Financial Industries [Holdings]	
miss:not_selected	0.06335168861606737	S1-961642748	Madurai. 625 008. Resort Corporation	Shed No.80, Sidco Industrialestate, Kappalur, Madurai. 625 008., Madurai, Tamil Nadu	S3-184275520	Madurai. 625 008. (Resort)	Madurai, TN, #418 Shed No.80, Madurai, Sidco Industrialestate, Kappalur
miss:not_in_candidates		S1-454563134	Bombay Global	One West, Sy.No 88/Aa, 88/Ee, Unit No L19-06-01 And Unit No. L19-06-02, Nanakramguda, Seri Lingampally, K.V.Rangareddy, Telangana	S3-914282506	Mr Bombay Partners	One West, Seri Lingampally, Hyderabad, Andhra Pradesh
miss:not_in_candidates		S1-829711755	Krishna Investment	D. No. 23-15-3/2D Subhash Nagar, Korukonda Road, Rajahmundry, Guntur, Andhra Pradesh	S2-483204305	Mr Krishna Center	#23-15-3/2D SUBHASH NAGAR, KORUKONDA ROAD, RAJAHMUNDRY, ఆంధ్రప్రదేశ్
miss:not_selected	0.5354854034738666	S1-972508292	Cutting Jewels Ltd	Radha Rani Sinha Marg, Near By Navyug Vidyalay, Opposite Of P Or T Colony, Adampur, Jagdishpur, Bhagalpur, Bihar	S3-558117656	Cutting  Jewels Ltd	
miss:not_selected	0.06440129946615063	S1-855413312	Patriot Project	115-111 220 Street, Cambria Heights, NY	S3-162313216	projectpatriot.com	114893 220 Street, Cambria Heights, New York
miss:not_in_candidates		S1-398073657	Care Medical Centre	Palavila Puthen Veedu, Muthana P.O, Palayamkunnu, Varkala, Thiruvananthapuram, Thiruvananthapuram, Trivandrum, Kerala	S3-610145406	CMC	Palavila Puthen Veedu, Muthana P.O, Palayamkunnu, Varkala, Thiruvananthapuram, Thiruvananthapuram, Trivandrum, Kerala
miss:not_in_candidates		S1-616151478	Meex Company	6601 Highway 297, Pioneer, TN	S3-51157859	Meex Co	
miss:not_selected	0.7411212730055816	S1-204389055	Pacific Strategic Life	1511 Charlottesville Boulevard, Concord, TN	S3-923865547	Pacific Strategic (Le)	
miss:not_selected	0.6881655352565897	S1-719149673	In International Private Limited	21 Seal Lane, In, Calcutta, West Bengal	S2-318533060	In International Limited Center	
miss:not_in_candidates		S1-85481867	K & Y Navigation	1514 Kirkwood Avenue, Unit B, Nashville, TN	S3-867191513	K & Y Nvegstinn	
miss:not_in_candidates		S1-125905635	Dermatology Specialists, Inc.	3200 Westburg Lane, Rocky Mount, NC	S3-318757321	Dermatology Specialists, Inc. Association	
miss:not_in_candidates		S1-533335664	Red Trading	Tamil Nadu, S F 417/2, Coimbatore, Anaipudur, Avanashi	S3-555629706	red trading Enterprises	
miss:not_selected	0.09835554784645062	S1-952228118	Blue Consulting Private Limited	21-23/5 Gf104 Viman Nagar, Honey Bee Residency, Visakhapatnam (Urban), Visakhapatnam, Vishakhapatnam, Andhra Pradesh	S3-535467924	private blue consulting limited	No 1-23/5 Gf104 Viman Nagar, Visakhapatnam, AP
miss:assigned_elsewhere	0.4178090918118209	S1-253430745	Big 55 Hypnosis	1209 Cattail Drive, Gillette, WY	S2-472455820	BIG 55 HYPNOSIS	
miss:not_in_candidates		S1-389342757	H+ International LLC	23 Russell Drive, New Concord, KY	S2-978214397	H+ Inrationl LLC	
miss:not_selected	0.14706330748562718	S1-586800424	Ronius	14259 Bradshaw Road, Mount Vernon, WA	S2-646530256	Ronius Co	014276 BRADSHAW ROAD, SKAGIT COUNTY, WA
miss:not_selected	0.06100921238796902	S1-420612506	Chennai Services LLP	233/1, Kutchery Road Mylapore, Chennai, Tamil Nadu	S3-695468830	Chennai Services Llp	2-33/1, Santhome, தமிழ்நாடு
miss:not_selected	0.3017900570099874	S1-51545777	Dreamland Park Pvt Ltd	16, Netaji Subhas Road 1St Floor, Kolkata, Howrah, West Bengal	S2-388970773	Dream1and Pk Pvt Ltd	পশ্চিমবঙ্গ, 16, NETAJI SUBHAS ROAD 1ST FLOOR, KOLKATA
miss:not_selected	0.5259806258312749	S1-274491712	EZO Urban PLLC	10265 Breininger Road, Hicksville, OH	S2-773138485	EZ0 Uanb PLLC	10265 BREININGER RD, HICKSVILLE, OH
miss:assigned_elsewhere	0.000014325684654098173	S1-488493770	Subham & Co Co	Kerala, Door No. 37/3567, Ernakulam, A10, Asset Corridor, 6Th Floor, Opposite Lulu Mall, Nh66, Ernakulam	S3-300084384	M/s s.com	No 37/356, A10, Asset Corridor, 6Th Floor, Opposite Lulu Mall, Nh66, Ernakulam, KL
miss:not_in_candidates		S1-508743703	Brown Platforms Inc	11249 43, Brookston, IN	S2-204690145	Brown Platforms [Inc] (ID: 91071)	
miss:not_in_candidates		S1-609454059	Frontier Montessori School	3950 Green Mountain Drive, Branson, MO	S3-658999032	Frontier School  Montessori	
miss:not_in_candidates		S1-107812312	Blue Dental Associates	940 Mt Holly Road, Westmoreland County, VA	S3-732729600	Blue  Dental Associates Enterprises	
miss:not_in_candidates		S1-964157045	Green Software Private Limited	Sr. No.49 Pratibha Motors, Dange Chowk, Tathawade, Pune City, Pune, Maharashtra	S3-252171999	Private Green Soitolae Limited	Door No 658 Sr. No.49 Pratibha Motors, Dange Chowk, Tathawade, Pune, Pune City, MH
miss:assigned_elsewhere	0.010201520096394133	S1-446540040	Chiropractic Partners LLC	831 Pertuso Lane, Huffman, TX	S2-263430900	Chiropractic Parnters LLC	
miss:not_in_candidates		S1-803655524	Surya Enterprises	6Th Floor South Block, Park Plaza 71, Kolkata, Kolkata, Howrah, West Bengal	S2-863402239	sénterprises.com	DOOR NO 6TH FLOOR SOUTH BLOCK, PARK PLAZA 71, KOLKATA, KOLKATA, HOWRAH, West Bengal
miss:not_in_candidates		S1-250004307	Hyderabad Security Private Limited	Hyderabad, Buruguchety Secunderabad, Hyderabad, Telangana, 7-1-862/1	S3-208299191	Hyderabad Security Limited-Partners	
miss:not_selected	0.5708244116680219	S1-123968010	Us College	Sanjay Kumar At Rajopuram Coloney, Skp, Sheikhpura, Bihar	S3-627871909	Us  College	
miss:not_in_candidates		S1-940891180	Al Sree Media Private Limited	Chennai, The Futura, Tamil Nadu, Block B, 8Th Floor, No.334, Rajiv Gandhi Salai, Sholinganall, Ur	S2-121802263	அல் ஸ்ரீ மீடியா பிரைவேட் லிமிடெட்	THE FUTURA, CHENNAI, Tamil Nadu
miss:not_in_candidates		S1-112852408	Big Deli	17 10th Street, Woodbine, IA	S3-712582236	Zetaviohalo	17 Tenth Street, Woodlawn Addition, Iowa
miss:not_in_candidates		S1-375876447	Sehgal Holdings	Floor-5, Holy Name School, Colaba Convent Street, Near Electric House, Mumbai, Mumbai City, Maharashtra	S2-336419367	Seghsl Holdings	#945 FLOOR-5, MUMBAI CITY, महाराष्ट्र
miss:not_in_candidates		S1-234262243	My Management Limited	107 F.F, Krishna Complex, Harismruti Owners Asso. Madhuram Cinema, Pitliya Bamba, Ghee Kant, H Road, Ahmedabad, Gujarat	S2-959245464	માય મેનેજમેન્ટ લિમિટેડ	F.F, AHMEDABAD, Gujarat
miss:assigned_elsewhere	0.5627430387619922	S1-23697500	Cardiology Associates of Birmingham Inc	AL, Unit APT 818B, 7278 Cahaba Valley Road, Birmingham	S2-879339235	Cardiology Associates of Birmingham	
miss:not_in_candidates		S1-214861303	Creative Digital Technologies	4353 Fairview Drive, Toledo, OH	S3-439449118	Creative Digital	
miss:not_in_candidates		S1-772124198	Jasper Agencies Ltd	11/22, Palakkad, Ambalapara, Vengassery, Palakkad, Kerala, Ottappalam, Kerala	S3-420808396	Umbraciradova	Palakkad, KL, Block F-925 11/22
miss:not_selected	0.272763745974898	S1-154596681	Operating Engineers Local Union 572	50 Glendale Road, Newport News City, VA	S3-596386189	Operating Engineers Local Union  572 Co	50 1/2 Glendale Rd, Newport NEWS CIY, Virginia
miss:not_in_candidates		S1-558081548	Office of Aging LLC	9975 Encanto Boulevard, Unit H101, Avondale, AZ	S2-571123814	Office of Aaing LLC	9975 ENCANTO BLVD, AVONDALE, AZ
miss:assigned_elsewhere	0.0000778604344723968	S1-453819999	Hyderabad Yarn LLP	Plot No. 8-2-293/82/A/1293 Road No.63, Jubilee Hills, Hyderabad, Telangana	S3-845019276	Hyderabad LLP Services	Road No.63, Hyderabad, TG
miss:not_selected	0.3079052856796243	S1-724264658	Shyam Perfect Media Private Limited	C/O Atul Pandey, Premsingh Radha Raman Rd, Mainpuri, Uttar Pradesh	S3-849749645	Shyam Perfect Media Private	Block G-373 C/o Atul Pandey, Mainpuri, UP
miss:not_selected	0.536965593695017	S1-841596211	Ingunna Francis Tavia, LLC	8624 Jordan Meadow Drive, Fuquay Varina, NC	S2-588441428	Ingunna Francis Tavia, L.L.C.	NC, 8626 JORDAN MEADOW DRIVE, FUQUAY VARINA
miss:not_in_candidates		S1-19749613	My Food Private Limited	N-4565/16 Ansari Road, Daryaganj, New Delhi, Delhi	S2-824382444	माय फूड प्राइवेट लिमिटेड	H.NO 967 N-4565/16 ANSARI ROAD, DARYAGANJ, NEW DELHI, Delhi
miss:not_selected	0.5728484837578321	S1-847088160	Red Guru Finance Pvt Ltd	Plot # 6/Part, Lvr Industrial Estate, Ida Phase - 1, Patancheru, Medak, Telangana	S2-761519815	రెడ్ గురు ఫైనాన్స్ ప్రైవేట్ లిమిటెడ్	PLOT 52 PLOT # 6/PART, LVR INDUSTRIAL ESTATE, IDA PHASE - 1, HYDERABAD, MEDAK, Telangana
miss:assigned_elsewhere	0.000030859793516590385	S1-929817575	Upper Transport Inc	1710 71st Street, Unit APARTMENT  303, Tulsa, OK	S2-233194094	SYNIRI	710 71ND SAINT, TULSA, OK
miss:not_in_candidates		S1-456674495	Prime Investments Private Limited	House No. 10, Road No. 14 East Punjabi Bagh, Delhi, West Delhi, Delhi	S3-390726508	Prime Investments Limited Private	House No. 10, West Delhi, Delhi, DL
miss:not_in_candidates		S1-286532472	Jersey	90-69 202 Street, Hollis, NY	S2-190043758	Jersey	
miss:not_in_candidates		S1-696075401	My Foundation Pvt Ltd	Delhi, A-33, Nehru Gali, Chajjaupur, North, Shahdara, North West	S2-431467447	My My Foundation Pvt Ltd.	
miss:not_in_candidates		S1-608023845	City Of Kenosha Precision Nexera Inc.	City Of Kenosha, WI, 4105 80th Street	S3-469420834	Precision	4105 80th Street, City Of Kenosha, WI
miss:assigned_elsewhere	0.06295221624431911	S1-427377973	Happy Barbershop	116 Oak Hill Lane, Frederick County, VA	S2-59151486	HAPPY  BARBERSHOP LTD	
miss:not_in_candidates		S1-908875399	Bay Coalition II, LLC	211 Churchill Drive, Wilmington, DE	S3-562057818	Bay Coalition	
miss:not_selected	0.42613202020861873	S1-52672530	Enterprises Foray Associates LLP	2/1 B Thanjavur Main Roadopp. Patel Nagar Tiruchirapalli-620 010, Tiruchirapalli-620 010, Tiruchirappalli, Tamil Nadu	S3-784218131	Enterprises Folay Associates LLP	15. B Thanjavur Main Roadopp. Patel Nagar Tiruchirapalli-620 010, Tiruchirapalli-620 010, Tiruchirappalli, TN
miss:not_in_candidates		S1-581361885	Delarosa Calamos Inc.	8501 Antietam Street, Unit UNIT B, Fort Irwin, CA	S3-759607253	Synfaye	8501-8503 Antietam Street, Unit UNIT B, Fort Irwin, California
miss:not_in_candidates		S1-736047667	Chennai Consultants Corp	No-49, Third Street Santhanammal, 2 Rishab Villas, Vengaivasasal, Chennai, Chennai, Tamil Nadu	S2-260055368	Chennai Cosnltacts Corp	
miss:not_in_candidates		S1-116191368	Montes Corporation	Brooklyn, 14 St Felix Street, NY	S2-10472914	Moes Moes Corporation	14 ST FELIX STREET, BROOKLYN, NY
miss:not_selected	0.028410302764248368	S1-483516530	Eye Silver Care Associates	1683 Marion Waldo Road, Unit 18, Marion, OH	S3-226239999	Eye Silver-Care [Associates] [Associates]	1684 Marion Waldo Rd, Unit 18, Marion, Ohio
miss:not_in_candidates		S1-25193351	Meridian Silverbox LLC	7726 Drouet Street, TX, Houston	S3-344873270	Meridian LLC Silverbox	
miss:not_in_candidates		S1-702846529	Anand Premier Investment Private Limited	Sno14, 20, 21, 22, 101, A Blck, Western Plaza, O U Clny, Golconda, Hyderabad, Telangana	S2-566256069	ఆనంద్ ప్రీమియర్ ఇన్వెస్ట్‌మెంట్ ప్రైవేట్ లిమిటెడ్	SNO44, GOLCONDA, HYDERABAD, Andhra Pradesh
miss:not_in_candidates		S1-256640928	TB Building Private Limited	No.637/71, 6Th A Cross, Chinnapanahalli, Bangalore, Karnataka	S3-320067349	... @tbbuilding	No.37/71, Bangalore, ಕರ್ನಾಟಕ
miss:not_in_candidates		S1-518921728	Blue Charter School	4104 Magnolia Drive, Battlefield, MO	S2-420854234	Vantagearia	MO, BROOKLINNE, 410 MAGNOLIA DR
miss:not_in_candidates		S1-743093595	Jay Global Private Limited	C/O Kapil Dev Agarwal, S/O Ayodhiya Prasad, Rang Mahla, Near Khoya Mandi, Shahjahanpur, Uttar Pradesh	S2-43143737	जय ग्लोबल प्राइवेट लिमिटेड	HN 496 C/O KPIL DEV AGARWAL, SHAHJAHANPUR, Uttar Pradesh
miss:not_in_candidates		S1-340291210	Rmz & Brothers	Nh 9, Gouthami Nagar Colony, Hyderabad, Plot.No - 1-144, Tirumalagiri, Telangana	S2-683869485	Ev0orbi	PLOT.NO - 1-144, NH 9, GOUTHAMI NAGAR COLONY, TIRUMALAGIRI, HYDERABAD, Andhra Pradesh
miss:assigned_elsewhere	0.000014412426991422878	S1-900001234	White Educational Society	Shop 45 Sky Avenue Plot 7, 8, 16, 17, 18, Sec34 Kamothe, Raigad, Maharashtra	S2-565852018	White Society Center	SHOP 4-5 SKY AVENUE PLOT 7, 8, 16, 17, 18, SEC34 KAMOTHE, RAIGAD, महाराष्ट्र
miss:not_selected	0.15590447577532265	S1-196577677	All Property Solutions-Sacramento	1619 N Street, Sacramento, CA	S3-983655858	All Solutions-Sacramento Center	
miss:not_in_candidates		S1-689904292	Timmi Vu Science	19212 Village 19, Camarillo, CA	S3-55991650	Timmi Vu Siccege	
miss:not_in_candidates		S1-738104191	Hitech Investments Pvt Ltd	Mig Flat No.25B, Pkt-A, G.T.B Enclave, North East Delhi, Delhi	S2-638303805	Hitech Investments Pvt Ltd	
miss:assigned_elsewhere	0.0001725766011139615	S1-545676377	One Finance Private Limited	No.3D, Kgeyes Sukriti, Tiger Varadachari Road, Chennai City Corporation, Chennai, Tamil Nadu	S2-833140914	ஒன் ஃபைனான்ஸ் பிரைவேட் லிமிடெட்	NO.3D, CHENNAI CITY CORPORATION, CHENNAI, Tamil Nadu
miss:not_in_candidates		S1-230429181	Star Energy Pvt Ltd	729 Masjid Bati Road Milonnagar, Kanchrapara, North Twentyfour Parganas, Parganas North, West Bengal	S2-713572138	STAR EEMRGY PVT LTD	729 MASJID BATI ROAD MILONNAGAR, KANCHRAPARA, NORTH TWENTYFOUR PARGANAS, West Bengal
miss:not_in_candidates		S1-808723964	Kaverendra Producer Ltd	403, Oberoi Splendor-C, Jogeshwari Vikhroli Link, Jogeshwari East, Mumbai, Maharashtra	S2-111207333	Kaverendra-Producer Ltd	
miss:not_in_candidates		S1-207144451	Silver Auto Body	2724 Mistwood Court, Grand Forks, ND	S2-813615606	Silver Atbou Body	2724 MISTWOOD CORT, GRAND FORKS, ND
miss:not_selected	0.6869789337820963	S1-512815050	Moran Road Gondalpara Advance Pvt Ltd	85, Moran Road Gondalpara, Chandannagar, West Bengal	S3-273220648	Moran Pvt Gondalpara Advance Road Ltd	H.no D/372 85, Moran Road Gondalpara, Chandannagar, WB
miss:not_in_candidates		S1-488920286	Colonial Corporation	1232 Ladera Verde Street, El Paso County, TX	S2-175399860	Csgnhial Corporation	1232 LADERA VERDE STREET, EL PASO COUNTY, TX
miss:not_in_candidates		S1-766683741	Hotel Management Private Limited	H No 268, Ward No 3, Daundaj, Tal Purandar, Pune, Maharashtra	S3-522679631	होटल मैनेजमेंट प्राइवेट लिमिटेड	H No 68, Pune, महाराष्ट्र
miss:not_in_candidates		S1-721068972	Larson Value Science	490 Rochelle Road, Eastchester, NY	S2-397540205	Larson Value Science	
miss:not_in_candidates		S1-338557179	Tvr Freight	Tharakan (H), Guruvayoor Road Choondal, Thrissur, Kerala	S3-727719323	Arcdeltariza	Tharakan (H), Thrissur, കേരളം
miss:not_in_candidates		S1-244317277	Saara Engineering Private Limited	Door No 670, Kandirickal Building, Ward 13, Vazhakulam South, Muvattupuzha, Ernakulam, Kerala	S3-987706665	Limited Saara Private Service	Door No 670, Muvattupuzha, KL
miss:not_selected	0.7452361597633457	S1-761579764	Premier Software Labs Center	177 Riverbend Street, Athol, Unit 2, MA	S3-204252260	Software Premier Labs Center	# 2, Massachusetts, 177-181 Riverbend St, Athol
miss:not_selected	0.7545809205061919	S1-971479234	Shree One Industries Private Limited	Pl.1, Sanjevee Nagar, Kattankulathur, 267/2A, Sanjevee Nagar, Kanchipuram, Kancheepuram, Tamil Nadu	S3-453272118	ஸ்ரீ ஒன் இண்டஸ்ட்ரீஸ் பிரைவேட் லிமிடெட்	Block A-276 Pl.1, Sanjevee Nagar, Kattankulathur, 267/2A, Sanjevee Nagar, Kanchipuram, Kancheepuram, தமிழ்நாடு
miss:not_in_candidates		S1-709464769	Vishnu Sales Private Limited	Wing A, Level 3, Tower - Iii, Cybercity, Magarpatta City, Hadpsar I.E., Pune, Maharashtra, Pune City, Pune, Maharashtra	S3-803980331	Gildvio	Wing A, Pune City, Pune, MH
miss:not_in_candidates		S1-751841843	St. Synagogue	1645 Kings Boulevard, Corvallis, OR	S3-55185095	St.  Synagoigdue	164 Kings Boulevard, Corvallis, Oregon
miss:not_in_candidates		S1-879957618	Lakshmi Solutions Private Limited	Maharashtra, C Wing Flat No 11, Pune City, Pune, Kunal, Plaza	S3-114556752	लक्ष्मी सॉल्यूशंस प्राइवेट लिमिटेड	770 C Wing Fltt No 11, Pune, महाराष्ट्र
miss:not_in_candidates		S1-726137684	Vision Smart Health	15407 89th Street, Otsego, MN	S2-702500011	Vision Health Service	15407 89ST ST, ELK RIVER CITY, MN
miss:not_in_candidates		S1-608696402	Jai Constructions Private Limited	West Bengal, Sector-3, 1St Floor, Between Gate No. 1 And 2, Parganas, Kolkata, Salt Lake Stadium, Howrah	S3-261013677	জয় কনস্ট্রাকশনস প্রাইভেট লিমিটেড	Salt Lake Stadium, Kolkata, WB
