kind	p	s1	s1_name	s1_addr	q	q_name	q_addr
false_merge	0.6202857938491748	S1-217533179	Malabar Trust	Puri, Orissa, At-Chhotijodi, Puri, Haladiapada Gadasanput, Kanas	S3-932657475	Malabar Trust Exports	39 At-chhotijodi, Khorda, NULL, Orissa
false_merge	0.8439307033004958	S1-119696529	Ujjaraj Projects	Plot No.2, River Bank Colony 3 Navi Ullah Road, Lucknow, Uttar Pradesh	S3-407202972	Ujjjaraj Projects Córp	#11, River Bank Colony 3 Navi Ullah Road, Lucknow, Aminabad, UP
false_merge	0.9883847908802567	S1-690278634	Parameswara Technology Ltd	Krishnakeval Township Bld N Sn1A/1/2 Kondhwa Kd Pune, Pune, Maharashtra	S3-479926736	Parameswara Technology Overseas [Ltd]	Krishnakeval Township Bld N Sn1a/1/2 Kondhwa Kd Pune, Pune, MH
false_merge	0.6645004049496668	S1-731646147	India Koncept India	Choppa Ramanna Gudemnallajarla Mandalam West Godavari, A.P., Andhra Pradesh, West Godavari	S3-992988448	India Koncept India LLP	H.no 97 Choppa Ramanna Gudemnallajarla Mandalam West Godavari, A.p., West Godavari, AP
false_merge	0.9860000679157446	S1-872682478	India Care Welfare Private Limited	Kesharapartment, Howrah, West Bengal, Kolkata, B-4, Jhowtalaroad	S2-652951313	LLP India Care Wélfare	DOOR NO 97 KESHARPARTMENT, B-4, JHOWTALAROAD, KOLKATA, HOWRAH, West Bengal
false_merge	0.9997216816655925	S1-645072168	Housing Trust	11118 Cedarhurst Drive, Houston, TX	S3-632742637	Housing Trust Inc	11118 Cedarhurst Dr, Houston, Texas
false_merge	0.9825576306114507	S1-98648488	XO Sky Inc	4048 Bruner Avenue, Bronx, NY	S3-981259005	HXO Inc Center	4048 Bruner Avenue, Bronx, New York
false_merge	0.657423543373827	S1-835212736	Family Blue Clinic Inc.	9101 Crowne Springs Cir, Unit 306, Louisville, KY	S2-130603269	Family Blue Clinic Co	9104 CROWNE SPRINGS CIR, LOUISVILLE, KY
false_merge	0.9648168096276108	S1-997424491	Brown & Cross Origin	3040 M Street, Washington, DC	S3-997693635	Jacquez & Cross Origin Origin Ltd	03040 M St, Washington, District of Columbia
false_merge	0.9640769501895747	S1-443932549	Clyyn Vii PC	8 Bullrush Court, Stafford County, VA	S2-37149100	CLYYNS VII [LLC]	VA, STAFFORD COUNTY, 8 BULLRUSH COURT
false_merge	0.974765177368083	S1-548881509	Platinum & Partners Private Limited	C/O Shri Prakash Gangadhar Malekar R1220 Talvani Distnashik Vani, Nashik, Maharashtra	S3-196691051	Limited Platinum + Partners Exports [Services]	C/o Shri Prakash Gangadhar Malekar R1220 Talvani Distnashik Vani, Nashik, महाराष्ट्र
false_merge	0.7988517581302104	S1-885086690	Alchemy Enterprises	Tamil Nadu, Poonamallee, 3Rd Street, Kamaraj Nagar Main Road, No. 1/1 Ground Floor, Tiruvallur	S3-622113729	Alchemy Enterprises [Industries]	No. 1/3/5 Ground Floor, Poonamallee, Tiruvallur, TN
false_merge	0.7692939271401672	S1-798695186	Innovative Technologies Private Limited	W97, Second Floor3Rd Main Road, Ashok Nagar, Chennai - 40, Tamil Nadu	S3-584926719	Innovative Technologies [L.L.P.]	Plot 6-655 W98, Chennai - 40, TN, Ashok Nagar
false_merge	0.9432751177769826	S1-466802275	Orbify Rre	124 44th Street, Van Buren, AR	S3-819500944	Orbix Rre Inc	124 44st Street, N/A, Van Buren, Arkansas
false_merge	0.6695815206335615	S1-20700964	Summit Program	3523 Watson Avenue, Toledo, OH	S2-591025401	Summit Porgrtm LLC	OH, 353 WATSON AVENUE, TOLEDO
false_merge	0.7653918642329268	S1-783082309	Ujjatech Shiromani Private Limited	Gujarat, Shagun Plaza, Opp. Goyal Plaza, Premchandnagar Road, Nr. Swaminarayan Ma, Ndir, Ahmedabad, A301	S3-421389340	Ujjatekh Shíromani Private Limited	Shagun Plaza, Opp. Goyal Plaza, Premchandnagar Road, Nr. Swaminarayan Ma, Ndir, Ahmedabad, GJ, Ahmedabad, Block E-16 A304
false_merge	0.6009509276149239	S1-833628696	South Regional Webster	80 Brennan Beach, Unit Site K59, Richland, NY	S3-967999692	South Regional Co Center	New York, # Site K59, 84 Brennan Beach, Pulaski
false_merge	0.6716806216493906	S1-739180769	New Consultancy Private Limited	2Nd Floor, 2424 Sqft, Flat No 304 & 306, Plot No. 32-34&39-41, Ktc Bldg, Madhapur, St.No.7, Hyderabad, Telangana	S3-881747330	న్యూ కన్సల్టెన్సీ ఎల్‌ఎల్‌పీ	#Nd Floor, 2424 Sqft, Flat No 304 & 306, Plot No. 32-34&39-41, Ktc Bldg, Madhapur, St.no.7, Hyderabad, తెలంగాణ
false_merge	0.8951474035980418	S1-404064213	Arm & Sons	West Bengal, Thakurpukur Mahestola, 3Rd Floor, Flat-3B, E/7/99A New Biren Roy Road, South 24 Parganas, Bl-A	S3-949259377	Arm & Sons Private Limited	#63 Bl-a, Thakurpukur Mahestola, South 24 Parganas, WB
false_merge	0.8250665402085516	S1-882102672	Viral Fasteners Associates	39A/21, Prince Golam Md. Shah Road Golf Green, Kolkata, Kolkata, Howrah, West Bengal	S3-730100637	Shri Viral Fasteners Associates L.L.P.	##39A/23, Kolkata, Howrah, WB
false_merge	0.8852470066650115	S1-38070530	Harbor Yield Group	6320 Oraibi Drive, Glendale, AZ	S3-840053687	HARBOR YIELD LTD	6341-A Oraibi Dr, Glendale, Arizona
false_merge	0.7588363659212768	S1-676555602	Starmark Trading Private Limited	623, Tower-B Ithum, Plot No-A-40, Sector-62, Noida, Gautam Buddha Nagar, Uttar Pradesh	S2-530108301	Starmark Trading Limited	632, TOWER-B ITHUM, PLOT NO-A-40, SECTOR-62, NOIDA, Uttar Pradesh
false_merge	0.7977130611821931	S1-302924377	United Consultancy Pvt Ltd	C/O Ass Mohd, Village Kapoorpur, Ghaziabad, Uttar Pradesh	S2-520232648	यूनाइटेड कंसल्टेंसी एलएलपी	SAMANA, NO 34 C/O ASS MOHD, Uttar Pradesh, GHAZIABAD
false_merge	0.7767851179698286	S1-213546988	Indel Food Private Limited	Baitu, Plot No 110, Barmer, Rajasthan, Behind Phed Xen Office	S2-36920055	Dr Indel  Food LLP	NO 121- , BEIHND PHED XEN OFFICE, BAITU, Rajasthan
false_merge	0.6657685581985265	S1-308138747	Supreme Hitech Infrastructure Limited	C/O Arvind Kumar Singh, Arvind Niwas, Vill-Jiyan, Bandra, Muzaffarpur, Bihar	S2-646255672	सुप्रीम हाईटेक इंफ्रास्ट्रक्चर मोटर्स लिमिटेड	NO 99 C/O ARVIND KUMAR SINGH, ARVIND NIWAS, VILL-JIYAN, MUZAFFARPUR, BANDRA, Bihar
false_merge	0.6740001186958722	S1-209786822	Bl Law Chambers	H.No.5-5 Deepthi Srinagar, Miyapur, Hyderabad, Telangana	S3-4382394	Bl Law Chambers Group	H.no.5-12 Deepthi Srinagar, Hyderabad, Miyapur, TG
false_merge	0.9298484905224453	S1-644104452	Leel Properties Pvt Ltd	S/O Sh.Narayan Singhyadav, Ph-4 Shiv Vihar Karawal, Delhi North East, North West Delhi, Delhi	S2-638124273	Leel Properties LLP	NO 47 S/O SH.NARAYAN SINGHYADAV, PH-4 SHIV VIHAR KARAWAL, DELHI NORTH EAST, Delhi
false_merge	0.9999491971492297	S1-688216085	Saturn Educational Society	Bijnore, Uttar Pradesh, Limited., Noorpur Road, Chandpur, C/O Chandpur Enterprises, Bijnor	S3-575349353	Saturn & Co [Enterprises]	3-92/91/6, Adj. To Nimishambika Devi Temple, Hyderabad, TG
false_merge	0.6872799381080872	S1-786062698	Circle Chiropractic Care Associates	606 11th Street, Circle, MT	S2-401818564	Circle Chiropractic Cae Associates Inc	619 11TH ST, CIRCLE, MT
false_merge	0.6423553525912833	S1-446236463	Chennai Capital Private Limited	New No. 2, Old No. 38B, Ist Floor Palandi Amman Koil Street, Adambakkam, Chennai, Tamil Nadu	S3-162095846	Chennai Capital Limited	H.no 45, Old No. 38B, Ist Floor Palandi Amman Koil Street, Adambakkam, Chennai, TN
false_merge	0.9969544208626109	S1-850274713	Jarlio Pet Care	1233 Kinghorn Circle, Grove City, OH	S2-857454413	Jarrlio Pet Cea	1233 KINGHORN CIR, GROVE CITY, OH
false_merge	0.9135139966565661	S1-198551118	Balaji Consulting	Block D Jawaharlal Nehru Road, Kolkata, Calcutta, West Bengal	S2-416718027	বালাজি কনসাল্টিং লিমিটেড	NO 77 BLOCK D JAWAHARLAL NEHRU ROAD, KOLKATA, CALCUTTA, West Bengal
false_merge	0.6360087712262917	S1-65814921	Star Investment	Kozhikode, Door No 60/1791, Kozhikode, First Floor, Hassan Plaza, Jail Road, Kerala	S3-915855205	സ്റ്റാർ ഇൻവെസ്റ്റ്മെന്റ് എൽഎൽപി	H.no 60/1804, First Floor, Hassan Plaza, Jail Road, Kozhikode, KL
false_merge	0.8830822969390313	S1-150149494	GMA Advisors Private Limited	Plot No 92, 1St Floor, Near, Ganeshchowk Sadashivnagar, Belgaum, Karnataka	S3-445241206	Tandav Brloters Private Limited	Door No 92, 1St Floor, Near, Ganeshchowk Sadashivnagar, Belgaum, ಕರ್ನಾಟಕ
false_merge	0.8798382389325132	S1-757349557	Ambika Management Private Limited	Flat No 203, Hyderabad, Empress Court, Khairatabad Hyderabad-500 004, Hyderabad-500 004, Telangana	S3-238213969	Ambika Health Private Limited	Flat No 204, Hyderabad-500 004, Hyderabad, Andhra Pradesh
false_merge	0.6119939224846285	S1-683417861	India Lotus Services Private Limited	Andhra Pradesh, Gf-501, Lords Court, Near Sunnapubattilu Centre, Ashok Nagar, 2Nd Lane, D.No.59-3-2, Vijayawada, Srikakulam	S2-204559765	India Group Services Lotus Private Limited	NO 59-3-9- , GF-501, LORDS COURT, NEAR SUNNAPUBATTILU CENTRE, ASHOK NAGAR, 2ND LANE, VIJAYAWADA, Andhra Pradesh
false_merge	0.6531966801991812	S1-381599068	Goyal Trading	Apt 01 Coral Tower Duplex, Haryana, Gurgaon, The Verandas, Sector 54	S2-669691719	Mr Goyal Trading  Overseas	APT 10 CORAL TOWER DUPLEX, THE VERANDAS, SECTOR 54, GURGAON, Haryana
false_merge	0.831113088422463	S1-991111889	Parshuram Green Private Limited	4878, Near Math Ka Kuwa, Johari Bazar, Jaipur, Rajasthan	S2-679906868	Mr Parshuram Green Limited	4881, NEAR MATH KA KUWA, JOHARI BAZAR, JAIPUR, राजस्थान
false_merge	0.9663696503180195	S1-42828568	Turbo Stars Private Limited	No: 4/1, Gandhi Street, Kennady Square Sembium, Chennai, Tamil Nadu	S3-128753371	LLP Turbo Starss	Chennai City Region, Chennai, Gandhi Street, TN, No: 4/4
false_merge	0.9989927581158488	S1-78380821	Synmoex Intelligent	110 Dubellette Street, Fl 0, Weatherford, TX	S2-431579830	Synmoex  Intelligent Corp	TX, 110 DUBELLETTE STREET, WEATHERFORD
false_merge	0.9623350311114541	S1-296943616	E+ Anadolu Inc	310 West Street, Fl 1, Maquon, IL	S3-31451777	E+ Anadolu	
false_merge	0.6943563412143964	S1-574703133	Classic Products Private Limited	F 112B 1St Floor Plot 11, Sector 19D Vashi Navi Mum, Thane, Maharashtra	S3-89746433	Classic Products L.L.P.	No. 2-295 F 112B 1St Floor Plot 18, Thane, MH
false_merge	0.713000694413524	S1-896927508	Ennoble Power Private Limited	Sy.130P&115/1P, Wework Rajapushpa Summit (480), Nanakramguda, Ranga Reddy District, Financial District, Manikonda Jagir, Telangana, Seri Lingampally, K.V.Rangareddy, Telangana	S3-87577318	Ennoble Center Private Limited	Sy.130p&115/4p, Seri Lingampally, K.v.rangareddy, తెలంగాణ
false_merge	0.7971668826614392	S1-649563243	Team Trading Limited	2-B, 2Nd Floor, Kh No, 33/8, Vikas Vihar Part-2, New Delhi, West Delhi, Delhi	S3-847278011	Team Trading Group Limited	7-B, 2Nd Floor, Kh No, 33/8, Vikas Vihar Part-2, New Delhi, West Delhi, दिल्ली
false_merge	0.6929466093246206	S1-617231110	Harding Oxford, Inc	7844 186th Avenue E, Owasso, OK	S2-955576511	Harding Óxford, Co	7847 186th Ave East, OWASO, OK
false_merge	0.9590550824326826	S1-1494502	Seven International Private Limited	Smart Avenu, 4Thfloor, 28/A, Michaelpalaya, Indiranagar, Bangalore North, Bangalore, Karnataka	S2-300918135	Seven International Limited	H.NO 72 SMART AVENU, 4THFLOOR, 28/A, MICHAELPALAYA, INDIRANAGAR, BANGALORE NORTH, Karnataka
false_merge	0.9832683065949774	S1-105218568	Nucleus Exports Limited	Prateek Fedora, 903, Tower-A, Prateek Group Plot No.- E-11, Sector-61, Noida, Gautam Buddha Nagar, Uttar Pradesh	S2-11133779	Nucleus Exports Pvt Ltd	Uttar Pradesh, NO 47 PRATEEK FEDORA, 903, TOWER-A, PRATEEK GROUP PLOT NO.- E-11, SECTOR-61, NOIDA
false_merge	0.9588094055535901	S1-573286163	Meenesh Mfg LLP	Flat No 101, B-19, B- Wing, Shivam Building, Film City Road, Gorega, On East, Mumbai, Maharashtra	S3-733406016	Meeneique Mfg LLP	Mumbai, B-19, B- Wing, Shivam Building, Film City Road, Gorega, MH, Door No 101, On East
false_merge	0.8581782266336166	S1-274643464	Devi Vidyalaya Private Limited	S.No.12/1/1, Jaykamal, Morya Park, Lane No-1, Pimple Gurav, Pune, Maharashtra	S3-565081155	Devi Vidyalaya Limited	No. 436 S.no.12/1/14, Pune, MH
false_merge	0.8910507480588076	S1-896754425	Y T & Y Black, Inc	4730 Sergeant Road, Sioux City, IA	S2-747513801	Y T & Y Blfclr, Co	473 SERGEANT ROAD, SIOUX CITY, IA
false_merge	0.7077282538286968	S1-424725465	Infinite Developers Limited	Bright Star Compound, Opp. Patel Industrial Estate Pratapnagar, Baroda, Gujarat	S2-583420511	LLP INFINITE DEVELOPERS	55 BRIGHT STAR COMPOUND, OPP. PATEL INDUSTRIAL ESTATE PRATAPNAGAR, BARODA, ગુજરાત
false_merge	0.9241233641636944	S1-901014368	Black Maa Projects Pvt Ltd	D.No.13-39-2-2, Near Tataiah Sawmill, Gopal Nagar, Kothapet, Chirala, Prakasam, Andhra Pradesh	S2-966392068	బ్లాక్ మా మీడియా ప్రైవేట్ లిమిటెడ్	D.NO.13-39-2-9, CHIRALA, Andhra Pradesh
false_merge	0.9589467090814056	S1-271583517	Padilla & Tovar PC	7212 Rhgato Acres Road, Ponca City, OK	S3-244938297	Padilla & Tovar Ltd	Oklahoma, Ponca City, 722 Rhgato Acres Road
false_merge	0.8396710768236973	S1-350118609	White Investment Private Limited	E-7/1, Shivalik Sulabh Awas, Type 3, Shatabdi Nagar, Panki, Kanpur Nagar, Uttar Pradesh	S2-492784719	व्हाइट फाइनेंस प्राइवेट लिमिटेड	E-7, SHIVALIK SULABH AWAS, TYPE 3, SHATABDI NAGAR, PANKI, KANPUR NAGAR, Uttar Pradesh
false_merge	0.83452982147217	S1-657584539	Beacon Energy Collective	Henrico County, VA, 11535 Nuckols Road, Unit F E	S2-874643238	Beacon Energy Cóllective LLC	HENRICO COUNTY, VA, 11538 NUCKOLS RD
false_merge	0.9435153345505988	S1-773491600	Schmutz Group	2265 St Rte 104, Lucasville, OH	S3-205010874	Schmutz Group Corp	226 St Rte 104, Lucasville, Ohio
false_merge	0.6346185128720101	S1-898527735	White Industries Private Limited	Kosfara Kala Koraon, Kush Fara, Koraon, Allahabad, Uttar Pradesh	S2-407628792	व्हाइट इन्वेस्टमेंट्स प्राइवेट लिमिटेड	DOOR NO 3  KOSFARA KALA KORAON, KORAON, ALLAHABAD, Uttar Pradesh
false_merge	0.8191924869136169	S1-921312477	Genetic Rubber (India) LLP	No. 87/3-4, 87/3-5, 4Th Floor, Sree Lakshmi Building, Chembukavu, Thrissur, Kerala	S3-618742358	Genetic Rubber (India) Ventures LLP	No. #87/3-5, Thrissur, KL
false_merge	0.7248350407884202	S1-920175621	Secure Patriot Trust Co	230 Carolina Industrial Park Drive, Aberdeen, NC	S2-326778744	Secure Patriot Trts LLC	237 CAROLINA INDUSTRIAL PARK DR, NC, ABERDEEN
false_merge	0.9931009152983097	S1-781379621	Ziraita Projects Limited	Gala No 205, 2Nd Floor, Atlanta Estate Premises Chs Ltd, Goregaon Mulund Link Road, Nr. Virwani Ind Estate, Goregaon East, Goregaon East, Mumbai, Maharashtra	S2-369225710	Center Ziraitaer Limited	GALA NO 205, 2ND FLOOR, ATLANTA ESTATE PREMISES CHS LTD, GOREGAON MULUND LINK ROAD, NR. VIRWANI IND ESTATE, GOREGAON EAST, MUMBAI, GOREGAON EAST, Maharashtra
false_merge	0.9290019004686122	S1-720819518	Dream Builders Private Limited	Old No 23, New No : 4, 4Th Street, V.V Nagar Kolathur Main Road, Kolathur, Chennai, Tamil Nadu	S3-707609460	PRIVATE DREAM BUILDERS PROVISION LIMITED	New Delhi, DL, C-23, New Delhi
false_merge	0.995403427547195	S1-365464631	Soleon Infrastructure Inc	1610 Schaefer Circle, Unit Apartment 6, City Of Appleton, WI	S3-774965502	Soleix lnfrastructure Inc	1610 Schaefer Cir, # Apartment 6, Wisconsin, City Of Appleton
false_merge	0.838389501338217	S1-625479561	Brightola Mckinley Inc.	2625 Dover Place, Ontario, CA	S2-591302744	Brightova Mckinley	2625 DOVER PLACE, NULL, ONTARO, CA
false_merge	0.6272750743562849	S1-76027303	Commission on Labor	1794 Manitou Road, Greece, NY	S2-98902780	Commission Labor on Ltd	1815- MANITOU ROAD, GREECE, NY
false_merge	0.951402821264511	S1-627591835	Fogle British	4763 Aldgate Green, Halethorpe, MD	S2-794778213	Lumquo	ALDGATE GREEN, HALETHORPE, MD
false_merge	0.643513495399875	S1-62244899	Shivam Facilities Private Limited	South Delhi, A-41 Hauz Khas, New Delhi, Delhi	S3-566356018	Shivam Facilities  LLP	A-42 Hauz Khas, South Delhi, South West Delhi, DL
false_merge	0.6951687676010783	S1-179633620	JRX Builders Private Limited	Room No. 10, Ground Floor Of Premises No. 8, Old China Bazar Street, Kolkata, Kolkata, Howrah, West Bengal	S2-757545106	JRX Biuledrs  LLP	ROOM NO. C-31, GROUND FLOOR OF PREMISES NO. 8, OLD CHINA BAZAR STREET, KOLKATA, KOLKATA, West Bengal
false_merge	0.8962680997011171	S1-751053880	Pranan Mercantile Limited	204, Shanay Ii Nr. Gandhigram Railway Station, Off. Ash, Ram Road, Ahmedabad, Gujarat	S3-657289559	Pranana Mercantile Limited	204, Ram Road, Ahmedabad, ગુજરાત
false_merge	0.977023546246488	S1-584028969	Lyric Wells Inc	31 Bryant Avenue, Weymouth, MA	S3-925362572	Lyriell Wgeces [Inc]	##31 Bryant Ave, Weymouth, Massachusetts
false_merge	0.8815272037205704	S1-286409583	Hitech Urban Developers Limited	S.No.109/4, Plot No.11, Near Anp One, Balewadi High Street, Baner, Pune, Haveli, Pune, Maharashtra	S3-414206043	Hitech Urban Developers Pvt Ltd	H.no 00433 S.no.109/13, Pune, Haveli, MH
false_merge	0.7332949999359568	S1-414429937	Alpha Enterprises Private Limited	Balaji Tower, Holding No-298 Pulin Pally Block-B, 4Th Floor, Flat-4A, Kolkata, Kolkata, Howrah, West Bengal	S2-555142107	আলফা টেকনোলজিস প্রাইভেট লিমিটেড	H.NO 047 BALAJI TOWER, KOLKATA, West Bengal, HOWRAH, HOLDING NO-298 PULIN PALLY BLOCK-B, 4TH FLOOR, FLAT-4A, KOLKATA
false_merge	0.9141857457784363	S1-832652907	Solutions Ratna Services Pvt Ltd	# A4/524/2, 5Th Cross, Mahalakshmi Layout, Bangalore, Karnataka	S2-497212583	LIMITED SOLUTIONS RGAA SERVICES	# A4/524/3, BANGALORE, NULL, ಕರ್ನಾಟಕ
false_merge	0.7366799327456868	S1-362495112	Anderson Empire Advisory LLC	3959 Electric Road, Unit STE 465, Roanoke County, VA	S3-704532796	Anderson Émpire Advisory Ltd	3960 Electric Rd, # STE 465, Roanoke, Virginia
false_merge	0.7935240913276189	S1-614726282	Guru Producer Private Limited	Goel Marbo Granit Kamta, Near Shaheed Path, Faizabad Road, Lucknow, Uttar Pradesh	S2-736759409	गुरु प्रोड्यूसर लिमिटेड	NO 96 GOEL MARBO GRANIT KAMTA, NEAR SHAHEED PATH, LUCKNOW, FAIZABAD ROAD, Uttar Pradesh
false_merge	0.6094388923546441	S1-607224236	QC Management Private Limited	Gujarat, Ahmadabad City, Shilp Epitom, Next To Infostretch, Rajpath Rangoli Road, Ahmedabad, 1320 13Th Floor	S2-221188000	QC Management LLP	Gujarat, 1341 13TH FLOOR, SHILP EPITOM, NEXT TO INFOSTRETCH, RAJPATH RANGOLI ROAD, AHMADABAD CITY
false_merge	0.8721334737671008	S1-149192113	JDP Industries Ltd	F. No. 101 Near Post Office, Maharashtra, Pune, Pratiksha	S2-654639264	JDP Systems Ltd	38. PRATIKSHA, F. NO. 101 NEAR POST OFFICE, Maharashtra
false_merge	0.9832733252795555	S1-123248410	XXQ Electronics Limited	Plot No. 32, Delhi, New Delhi, Pkt No-7, Block-B, Ph-Ii, Sector-23 Dwarka, Near Pochanpur Village	S2-210848928	XBQ ELECGOEISC (LIMITED)	NO 32 , PKT NO-7, BLOCK-B, PH-II, SECTOR-23 DWARKA, NEAR POCHANPUR VILLAGE, NEW DELHI, Delhi
false_merge	0.8068012841812072	S1-3997675	XY Popular	2850 Lylewood Road, TN, Woodlawn	S2-76254390	XSY Popular Inc. Inc.	2850 LYLEWOOD RD, WOODLAN CITY, TN
false_merge	0.8509065835566664	S1-637442169	WFS Assets Private Limited	Ground Floor, 47 Sahib Nagar, Theri, Patiala, Punjab	S2-110840362	WFS Assets Ventures	NO 49 GROUND FLOOR, 47 SAHIB NAGAR, THERI, PATIALA, Punjab
false_merge	0.7792883101006876	S1-212982144	TAE Telecom Private Limited	Ajmer, 65, Hari Bhaw Upadhay Nagar, Shanti Lal, Rajasthan	S2-790877986	TAE Services Private Limited	39 SHANTI LAL, 65, HARI BHAW UPADHAY NAGAR, AJMER, Rajasthan
false_merge	0.8538098650040868	S1-984211476	Alpha Tech Pvt Ltd	C/O Mr Dhondiram M Kokate, At Post Bavachi, Palus, Sangli, Maharashtra	S3-571377427	Alpha Tech Limited	MH, Sangli, Palus, At Post Bavachi, Door No 69 C/o Mr Dhondiram M Kokate
false_merge	0.9129514682457706	S1-685022443	Gb Music Pvt Ltd	Shop No. 3, Ground Floor, Atul Tower 7/15 A Wing, Plot No. 400, Jagannath Shankarsheth Marg Dhobi Talao 3Rd Lane, Navjivanwadi, Mumbai, Maharashtra	S2-856966	Shri GB MUSIC (LLP)	NO 10 , GROUND FLOOR, ATUL TOWER 7/15 A WING, PLOT NO. 400, JAGANNATH SHANKARSHETH MARG DHOBI TALAO 3RD LANE, NAVJIVANWADI, MUMBAI, Maharashtra
false_merge	0.9884851805454941	S1-740080895	Rpm & Co	F-4, Anshul Tower-1, Lsc, Sainik Vihar, Pitampura, Delhi, West Delhi, Delhi	S3-660751598	#rpm	
false_merge	0.7595049048163415	S1-572063819	Womens Health Royal Associates, Inc	39 Brown Boulevard, Unit D, Havelock, NC	S2-288481844	EN.COM	42 BROWN BLVD, HAVELOCK, NC
false_merge	0.8343809471444706	S1-644744305	Bous Apex Electric Inc	433 White Oak Drive, Morton, IL	S2-183438739	Bous Apex	
false_merge	0.9580100136876507	S1-205295156	Surya Services Limited	Plot No.1, Khasra No.-157, Ram Jori Mandir Sector-1, Behind Petrol Pump, Palam, Delhi, South West Delhi, Delhi	S3-220018627	Surya Private Limited Services	MP, Khasra No. 151/1/2, Indore
false_merge	0.7951644468853653	S1-758223579	Daor Vine, Inc	13700 David O Dodd Road, Little Rock, AR	S2-895035513	Daor Vine, Corp	LITTLE ROCK, 1370 DAVID O DODD ROAD, AR
false_merge	0.7681897560265258	S1-889982525	Pryor & Laycock LLC	11 Victorian Lane, Brookville, NY	S3-709738490	Pryor & Laycock Co	15 Victorian Lane, Brookville, New York
false_merge	0.6525091655230659	S1-454443196	Farmer Cold Private Limited	19A Chowdhury Lane Flat No 2 Block A, Kolkata, West Bengal, Kolkata, Howrah	S2-28841546	Farmer Cold Limited	0032A CHOWDHURY LANE FLAT NO 2 BLOCK A, KOLKATA, KOLKATA, West Bengal
false_merge	0.9529082781949642	S1-863989245	Auris Red P.C.	6721 Glen Oaks Drive, Baton Rouge, LA	S3-547904699	p.c. aurisa red	6721-C Glen Oaks Dr, Baton Rouuge, Louisiana
false_merge	0.9109125752631343	S1-216569902	South Consulting Private Limited	0 Floor 0 Shop Dr., Babasaheb Ambedkar Road, Mumbai, Maharashtra	S2-105559396	साउथ कंसल्टिंग ऑटोमोबाइल्स प्राइवेट लिमिटेड	H.NO #7 FLOOR 0 SHOP DR., <NULL>, MUMBAI, महाराष्ट्र
false_merge	0.7025161383447159	S1-520049608	Hyderabad Electronic Limited	10-5-16/2/203, Svl Heights, Opp Police Officers Mess, Masab Tank, Hyderabad, Telangana	S2-653475355	HYDERABAD ÉLECTRONIC5 PRIVATE LIMITED	
false_merge	0.6610617672992896	S1-703433467	Vrinda Specialities Limited	No. 21, 22, K K Halli, 3Rd Main Road, Old Neelagiri Road, Kammanahalli, Bangalore, Karnataka	S2-706198103	Vrinda Specialities Pvt Ltd	NO. 29 , 22, K K HALLI, 3RD MAIN ROAD, OLD NEELAGIRI ROAD, KAMMANAHALLI, BANGALORE, Karnataka
false_merge	0.7478341803403985	S1-898668897	Alpha Consultancy Ltd	J-4/36B, Kalkaji Ph Ii, New Delhi, South Delhi, Delhi	S3-151737336	Alpha Consultancy Pvt Ltd	J-4/37b, New Delhi, South Delhi, DL
false_merge	0.9025755886437391	S1-645696162	Clyent Cloud, LLC	301 1st Street, Missoula, MT	S3-195299750	Clyont Cloud, Llc	301 First Street, Missoula, Montana
false_merge	0.9726401851565573	S1-509697484	Rimjhim Educational Society	House No. - 6A, Bunglow No. - 6, Cosmos Garden, Plot No. - 460, S.V.P. Road, Borivali (W, ), Mumbai, Mumbai City, Maharashtra	S2-608242820	RIMJHIM  SOCIETY EDUCATIONAL LIMITED	HOUSE NO. - 11A, BUNGLOW NO. - 6, COSMOS GARDEN, PLOT NO. - 460, S.V.P. ROAD, BORIVALI (W, ), MUMBAI, Maharashtra
false_merge	0.9080749267251499	S1-852659334	Industries Trr Housing Private Limited	Iii, K-8 Rakesh City, Ghaziabad, Uttar Pradesh	S2-907543488	Industries Trr Engineers Pribvgte Limited	NO C-30 III, K-8 RAKESH CITY, GHAZIABAD, Uttar Pradesh
false_merge	0.6149919434003713	S1-864369783	Pimple Saudagar Industries Private Limited	Bld E, Fl 702, Vasant Avenue, Pimple Saudagar, Pune, Maharashtra	S2-320495879	Pimple Saudagar Industries Group Private Limited	56 BLD E, FL 702, VASANT AVENUE, PIMPLE SAUDAGAR, Maharashtra
false_merge	0.9302315507323026	S1-766906272	Zephial Legato PLLC	7750 Belvedere Place, Rancho Cucamonga, CA	S3-270105134	Zephiala Legato PLLC	7750 Belvedere Pl, Rancho Cucamonga, California
false_merge	0.9992504466764502	S1-814325390	Orbent Canadian Inc	TN, 2600 Peabody Court, Williamson County	S3-291346068	Orrbent Canadian	Tennessee, 2600 Peabody Court, Williamson County
false_merge	0.8872651825851895	S1-587213502	Bolt's Iron Works LP	569 4th Street, Mansfield, OH	S3-106541818	Lewis LP Works Iron	##569 Fourth St, Mansfield, Ohio
false_merge	0.7182773767775608	S1-799660048	Daum LLC	Lost Nation, IA, 1107 110th Avenue	S3-290607822	Daum Inc	1114 110rd Avenue, Lost Nation, Iowa
false_merge	0.7680335626777213	S1-808923049	Surya Software Pvt Ltd	Survey No 134P, 132P, Office No 303, Block A, The Platina, Gachibowli, Seri Lingampally, K.V.Rangareddy, Telangana	S3-208696589	Surya Software Limited	#135P, Seri Lingampally, K.v.rangareddy, తెలంగాణ
false_merge	0.8663502108757544	S1-907799678	Tech Industries Pvt Ltd	D1/A Golden Tabacco Ltd S V Road, Vile Parle W Cooper Hospital Opp St Joseph School, Mumbai, Maharashtra	S3-812725546	विजन बिल्डर्स लिमिटेड	Mumbai, MH, D##1/a Golden Tabacco Ltd S V Road
false_merge	0.6774880147389464	S1-995736301	Tech North Builders Private Limited	Plot No Rl-92 Milap Nagarmidc Resi Zone Dombivli East, Thane, Maharashtra	S3-363037755	North North Builders Private	
false_merge	0.7409581864056478	S1-386285249	Surya Industries	2008/B11, 20Th Floor, Tower, B 11 Supertech Eco Village I, Greaternoida, Gautam Buddha Nagar, Uttar Pradesh	S3-775057684	सूर्या इंडस्ट्रीज टेक्सटाइल्स	2008/B18, 20Th Floor, Tower, B 11 Supertech Eco Village I, Gautam Buddha Nagar, Greaternoida, UP
false_merge	0.8836118413663354	S1-359317802	BYH Care Private Limited	C-111 3 Bhk Green Bey Parisar-Gram Mubarakpur Shanti Nagar Bhopal, Bhopal, Madhya Pradesh	S3-411957463	BYHX Limited Private Private Care	C-111 3 Bhk Green Bey Parisar-gram Mubarakpur Shanti Nagar Bhopal, Bhopal, MP
false_merge	0.7764147466977267	S1-329055444	Flowers Cornerstone Fields Inc	506 2nd Ave SW, Unit A, Mount Vernon, IA	S2-286603143	THE FLOWERS CÓRNERSTONE FIELDS CO	0509 2ND AVE SW, MOUNT VERNON, IA
false_merge	0.8978124060424448	S1-103269179	Leung & Zavala LLC	5290 Cox Gap Road, Boaz, AL	S2-181676952	Leung & Zdvaa Corp	529 COX GAP RD, BOAZ, AL
false_merge	0.9701931540877268	S1-621080308	Yaeger's Best Laboratories	7035 Kentucky Ave, Louisville, KY	S2-154661824	BRIXZETA	7035 KENTUCKY AVE, LOUISVILLE, KY
false_merge	0.6030796713854202	S1-163821152	Williams Trailblazer	3832 Zechariah Drive, El Paso County, TX	S3-433980789	Martin Tbriasmlzrar	3832 Zechariah Dfive, El Paso County, Texas
false_merge	0.9584214295840174	S1-845564448	Green Hospitality Limited	House No. 104, Gautam Nagar, New Delhi, South Delhi, Delhi	S3-352484125	Quolyrakelo	Plot No. 104, Gautam Nagar, Bhopal, Madhya Pradesh
false_merge	0.7200061395687373	S1-579625979	Dulciana Humphrey Custom Usa LLC	13388 Hollingsworth Street, Bldg 13388, Ft Bliss, TX	S3-778776432	Wilkerson Humphrey Custom	13390-A Hollingsworth St, Bldg 13388, Ft Bliss, Texas
false_merge	0.8909734423018434	S1-326443058	Prairie Industries Inc	12412 Branner Way, Chesterfield County, Unit APT 201, VA	S3-167994697	Prairie LLC Industries	12421 Branner Way, # APT 201, Chester CITY, Virginia
false_merge	0.8828550129418111	S1-443656629	Emm Care Private Limited	Shop No.A3, 1St Floor, Aliens Elite Prashanth Nagar, Miyapur, Serilingampally Mandal, Hyderabad, Telangana	S3-596596376	Emm Cáre Limited	Shop No.a24, Serilingampally Mandal, Hyderabad, TG
false_merge	0.7187728863284382	S1-963869421	Flss's Electric	4840 42nd Avenue, WA, Seattle	S2-1463445	Co Flss's Electric	4843 42RD AVE, SEATTLE TOWNSIP, WA
false_merge	0.793297785926717	S1-132646577	Quartz Lab LLC	Unit B3, 2300 Old Lawson Creek Road, AK, City And Borough Of Juneau	S2-828454405	DELTALUM LAB	AK, JUNEAU, ##2300 Old Lawson Creek Rd
false_merge	0.6885593343345928	S1-966088484	Sunrise Ventures Pvt Ltd	Aqua View, 203, 2Nd Floor, 127/A Deshbandhu Sarani, Bally Jagachha, Howrah, West Bengal	S2-908532581	SUNRISE VGNTÚRES ENGINEERING PVT LTD	NO 60 AQUA VIEW, 203, 2ND FLOOR, 127/A DESHBANDHU SARANI, BALLY JAGACHHA, পশ্চিমবঙ্গ
false_merge	0.968348923680656	S1-923070089	Ferreus Capstone Inc	171 Wells Street, Greenfield, MA	S3-878302958	Ferreuz Inc Center	171 Wells St, Greenfield, Massachusetts
false_merge	0.63429064537047	S1-813323749	Lakshmi Estate Pvt Ltd	Plot No. A 22/21, Road No 12 - Udhna Udyog Nagar, Udhana, Surat, Gujarat	S3-110272382	Lakshmi Ee LLP	Plot No. A 22/25, Surat, ગુજરાત
false_merge	0.6453776142554396	S1-185147169	Yakima Human Rights Unified Council LLC	8 4A 11th Avenue, Bldg BAYHILL ESTATES, Yakima, WA	S2-79805543	YAKIMA HUMAN RIGHTS UNIFIED COUNCIL PARTNERS CORP	8 8A. 11TH AVENUE, YAKIMA, WA
false_merge	0.731128531107537	S1-546990850	Dynamic First Starry	936 Osage Avenue, Mesa, AZ	S2-234723319	DYNAMIC  SEVENTH	AZ, MESA, 936 OSAGE AVE
false_merge	0.7067353693357893	S1-29735503	Smart Investments Pvt Ltd	Warehouse No. 4, A-15, Midc Chikalthana, Aurangabad, Maharashtra	S2-794145373	Smart Investments Pharmacy Pvt Limited	WAREHOUSE NO. 15, A-15, MIDC CHIKALTHANA, AURANGABAD, Maharashtra
false_merge	0.6034375474609328	S1-987143685	54/21 Voya Corporation	Hibbing, MN, 1515 7th Avenue	S3-967292817	54/21 Vbrdoa LLC	1536 7rd Ave, Hibbing, Minnesota
false_merge	0.6480407085488511	S1-781693384	Hunger Society	IA, Orange City, 3530 400th Street	S2-246417275	Hunger S0ciety Co	3532 400TH ST, ORANGE CITY, IA
false_merge	0.9609438265402793	S1-307399555	Jay Products Private Limited	G-5, Pratap Bhawan, 5 Bahadurshah Zafar Marg, New Delhi, Delhi	S3-644414117	Limited Jay Products	G-9, Pratap Bhawan, 5 Bahadurshah Zafar Marg, New Delhi, DL
false_merge	0.7749806983046356	S1-744013319	Silver Columbia Group	250 Gertrude Street, Elgin, IL	S3-3438634	Silver Columbia INC	261 Gertrude Street, Elgin, Illinois
false_merge	0.721926213789052	S1-730540558	Riles Safe Anadolu	Fayetteville, 1268 Ivory Bill Lane, AR	S2-966695680	Wood Services Safe	1268 IVORY BILL LANE, FAYETTEVILLE, AR
false_merge	0.610155653057203	S1-754193007	Mesh & Sons LLP	Block E-2401, Nallagandla, Aparna Sarovar Zenith, Serilingampally, K.V.Rangareddy, Telangana	S2-984976590	Smt Mesh & Sons Private Limited	Telangana, BLOCK B-733 BLOCK E-2414, NALLAGANDLA, APARNA SAROVAR ZENITH, SERILINGAMPALLY
false_merge	0.6137337404213004	S1-609495776	Rudra Traders Company	2 Nd Floor Onden Road, Jubilee Bazar, Kannur, Kerala	S2-524802293	Rudra Traders Industries  (Company)	NO 2-3 ND FLOOR ONDEN ROAD, JUBILEE BAZAR, KANNUR, Kerala
false_merge	0.8398278808829963	S1-750022991	Solus Standard Inc	3400 Dunran Road, Dundalk, MD	S2-66673358	Soluz Standard Inc.	3400- DUNRAN RD, <NULL>, DUNDALK, MD
false_merge	0.7105735679617069	S1-900083122	Cozy Cafe Corporation	1466 Cold Springs Road, Bloomfield, IN	S3-430035045	Ltd Cozy Cáfe	1470 Cold Springs Road, Bloomffield CITY, Indiana
false_merge	0.8610657708399183	S1-692708838	Sankalp Castings Limited	Balanagar, Hno.7-2-1813, Hyderabad, Telangana, Fno S-305, Svss Nivas	S3-729712118	Sankalp  LLP Castings	#007-2-1815, Balanagar, TG
false_merge	0.9753952183166165	S1-303607309	Town Of	113 Fourth Street, City Of Watertown, WI	S2-274069068	Town Of	FOURTH ST, WASHINGTON, DC
false_merge	0.6963990563173511	S1-784559209	High Aditya Engineering Private Limited	21/ A-Hig, Phase - Iii, New Santosh Nagar Colony, Hyderabad, Telangana	S2-412942673	High Aditya Engineering LLP	28/ A-HIG, PHASE - III, NEW SANTOSH NAGAR COLONY, Telangana
false_merge	0.7601472748475979	S1-820926526	Key Line Inc	200 Marshall Street, Unit 17, Casa Grande, AZ	S3-363300804	Key  Line Ltd.	20 Marshall Street, Unit 17, Casa Grande, Arizona
false_merge	0.951785600518655	S1-537295340	Urban Ventures Private Limited	Flat No.6, Pune, S. No. 15/1B, Varad Shree Apartment, Ganesh Nagar, Opposite Tinytots School, Dhayari, Maharashtra	S3-440922717	URBAN VENTURES PRIVATE LIMITED	Office No 6, Pune, Pune City, MH
false_merge	0.7110975258271646	S1-632510048	City Consultancy Pvt Ltd	Mathabhaga, Coochbehar, West Bengal	S2-658303720	সিটি কনসালটেন্সি লিমিটেড	DOAR NO #69 MATHABHAGA, COOCHBEHAR, West Bengal
false_merge	0.6017766284725072	S1-474884478	Mason Medical Center	Flushing, 150-07 Jewel Avenue, NY	S3-616672090	Mason Medical Trusted Inc	
false_merge	0.6009297585467885	S1-914977624	Prime Cargo Corporation LP	124 Bailey Road, IL, Unit H, Naperville	S2-787817087	Prime Cargo Corporation (Corp)	133 BAILEY RD, NAPERVILLE, IL
false_merge	0.8913350719421644	S1-356890215	Bright Eastern Producer Limited	Bhu.No.-6-B/1 & Bh.No.6-B, Kh. No.6/1, Lucknow, Uttar Pradesh	S2-710705752	ब्राइट ईस्टर्न प्रोड्यूसर होटल लिमिटेड	BHU.NO.-G-6-B/1 & BH.NO.10-B, KH. NO.6/1, LUCKNOW, उत्तर प्रदेश
false_merge	0.9786556648776826	S1-259080324	Erickson Valley Mobile LLC	Boyds, MD, 12804 Ethel Rose Way	S3-598243938	Tompkins Valley Mobile	BOYS, 12804 Ethel Rose Way, Maryland
false_merge	0.8221858978744762	S1-770671734	QJ Elite Furniture	10953 Eagle View Place, MN, Woodbury	S3-563060075	YQJ Elite Furniture LP	10953 Eagle View Place, Saint Paul Townhsip, Minnesota
false_merge	0.6093338108147968	S1-157632986	Krishna Services	P.O. P.S.- Kalna, West Bengal, Burdwan, Bardhaman, Vill.- Sashpur	S2-416240349	কৃষ্ণ সার্ভিসেস ট্রেডার্স	P.O. P.S.- KALNA, BURDWAN, KALNA, পশ্চিমবঙ্গ, NO 96 VILL.- SASHPUR
false_merge	0.6082216634298624	S1-201785351	Mahoney, Gerlach and Wright Montreal of Cottonwood Heights Corp	8167 Scandia Way, Cottonwood Heights, UT	S3-199278832	Budd Dynamic	2999 Scandia Way, Cottonwood Heights, Utah
false_merge	0.6684188197472402	S1-81663062	Salazar, Wrennie T., DO	77 Peckham Street, Unit 3, Fall River, MA	S3-579961431	Salazar, Wrennie T., DÓ Corp	80-A Peckham St, Unit 3, Fall River, Massachusetts
false_merge	0.950903202314532	S1-972512081	One Producer Limited	Peerwais, Alamgunj, Po, Guljaarbagh House No. 39, Sampatchak, Patna, Bihar	S3-396036064	वन प्रोड्यूसर प्रा. लि.	85 Peerwais, Alamgunj, Po, Guljaarbagh House No. 39, Patna, BR
false_merge	0.6293985039110467	S1-960550744	Taylor Choice Mustang	11522 N Monticello Drive, Farragut, TN	S2-51371884	Choice  Mustang	
false_merge	0.8163439268680421	S1-307550911	Insignia & Sons Private Limited	1/1 X 46, Ashico House Ice Colony, Surendra Nagar, Aligarh, Uttar Pradesh	S3-106847184	Insignia & Sons Public Limited	1/14 X 46, Ashico House Ice Colony, Aligarh, UP
false_merge	0.6361792403923522	S1-731462362	Everest Inc	Fl 1, AZ, Scottsdale, 9109 118th Place	S3-60688630	Everest Co	Arizona, Scottsdale Fountain Hills, 09110 118th Place
false_merge	0.6638521352756476	S1-306952072	Daor Companies Inc	Unit Apartment 218, 1611 6th Avenue, NY, Troy	S2-539689457	Daor Companies LLC	1618 6TH AVE, TROY, NY
false_merge	0.7662825227132044	S1-577449268	Autism Assistance Institute	North Hempstead, NY, 1 Station Road	S3-933325572	Onyxnex  lnstitute	1 Station Rd, Great Neck, New York
false_merge	0.8075399255807636	S1-971555092	Montero, Lorilyn E., M.D.	39492 St Rt 303, Lagrange, OH	S2-293776580	M0NTERO, LORILYN E., M.D. CORP	39503 ST RT 303, LAGRANGE, OH
false_merge	0.7417175103228478	S1-188215261	Esteem Realty Pvt Ltd	Rz-H-17, F/F, Kh No-62/14/1 Gali No-3, Raj Nagar Part-Ll Palam Colony, New Delhi, South West Delhi, Delhi	S2-227226723	Esteem Realty Limited	RZ-H-20, F/F, KH NO-62/14/1 GALI NO-3, RAJ NAGAR PART-LL PALAM COLONY, NEW DELHI, Delhi
false_merge	0.7625501578577849	S1-842669822	Varshavi Advisers Private Limited	Haryana, Gurgaon, C- 109, Gurgaon, Phase Ii, New Palam Vihar	S3-793297869	Varshavu Advisers Private  Limited	H.no 765 C- 109, Phase Ii, New Palam Vihar, Gurgaon, HR
false_merge	0.7368958043875343	S1-363261473	Hindustan Vision (India) Pvt Ltd	2Nd Floor, Ernakulam, Muthoot Chambers Opp.Saritha Theatre Complex, Banerji Roa, D, Kerala	S2-54390096	Hindustan Point (India) Pvt Limited	#2-3ND FLOOR, MUTHOOT CHAMBERS OPP.SARITHA THEATRE COMPLEX, BANERJI ROA, D, Kerala
false_merge	0.7695920457766767	S1-144862211	Museum Road Ventures Private Limited	Bangalore, Museum Road, 202, Karnataka, Raheja Chambers, No.11	S2-223338599	Museum Road Ventures LLP	205, RAHEJA CHAMBERS, NO.11, MUSEUM ROAD, Karnataka
false_merge	0.9684154392751114	S1-104130425	Urban Urban Developers Pvt Ltd	Flat 12 63/1Ber Sarai Opp Old Jnu Campus, South Delhi, New Delhi, Delhi	S3-191151761	Urban Urban Private Developers Limited	
false_merge	0.9853418260863224	S1-689781369	Super Sangh	Soni Colony, Near Rajeev Park, Guna, Madhya Pradesh	S3-109040323	SUPER SANGH LIMITED	No 8-4 Soni Colony, Guna, MP
false_merge	0.6921242410941728	S1-762492982	Saint Lutheran Church	45 Terrace Lane, Granite City, IL	S2-831665400	Saint Lutheran Church Inc	52 TERRACE LN, GRANITE  CITY, IL
false_merge	0.8478475919709152	S1-370130509	Shiva Sky Consultancy Private Limited	241 Okhla Industrial Estate Phase-Iii, New Delhi, South Delhi, Delhi	S3-360100919	Shiva Sky Cónsultancy LLP	Door No C-243 Okhla Industrial Estate Phase-iii, New Delhi, South Delhi, DL
false_merge	0.8889022689918178	S1-295974635	LJK Shaper Private Limited	F1, Motherland Complex Kathiravan Garden, Kallimadai, Singanallur, Coimbatore, Tamil Nadu	S3-349721931	LHJK Shhdsb Private (Limited)	Coimbatore, F1, Coimbatore, TN
false_merge	0.6694365097089777	S1-740970144	Kali Trading Private Limited	Plot No.1.D.A.Edulapakabonangli Paravada Mandalam A.P., A.P., Vizianagaram, Andhra Pradesh	S2-429453636	KALI TRADING LIMITED	PLOT NO.8.D.A.EDULAPAKABONANGLI PARAVADA MANDALAM A.P., A.P., Andhra Pradesh
false_merge	0.9943700239142913	S1-877208088	Sulphur Springs Scholarship Charities PLLC	2471 County Road 4586, Sulphur Springs, TX	S3-552182852	sulphur springs nexquo charities pllc	2471 County Road 4586, Sulphur Springs, Texas
false_merge	0.9253388477690334	S1-784516577	Ameya Centre Private Limited	Office No.103, Sr No.111/10/7, Opposite D'Mart, Aundh, Pune, Maharashtra, Nasco Estate Victory Landmark, Pune	S2-85659630	AMEYA LIMITED CÉNTER	
false_merge	0.6210920186031312	S1-706325072	Neelkamal India Private Limited	Door No : 40-9-73A, Second Floor, Vijayawada (Urban), Krishna, Andhra Pradesh	S3-212006902	Neelkamal Índia L.L.P.	No 163 Door No : 40-9-75A, Second Floor, Vijayawada (Urban), Krishna, AP
false_merge	0.7879273174452364	S1-593931503	Rodriguez & Crespo Metlife	2723 Zeek Lane, Lanham, MD	S2-181350872	Eaton  & Crespo Metlife	2723 ZEEK LANE, LANAM, MD
false_merge	0.9456750324976558	S1-815323753	JT Foods Co	West Bengal, Nandram Market Shop No S 342Nd Floor P-4 New Howrah Bridge App Rd, Calcutta, Kolkata	S2-72162057	JJ FOODS  CO	NANDRAM MARKET SHOP NO S 342N FLOOR P-4 NEW HOWRAH BRIDGE APP RD, KOLKATA, পশ্চিমবঙ্গ
false_merge	0.6465732192278231	S1-243186212	Unique Properties Pvt Ltd	Flat No-141 A Express View Apartment, Sector-93, Noida, Gautam Buddha Nagar, Uttar Pradesh	S3-319660334	यूनिक प्रॉपर्टीज स्टील प्रा. लि.	Flat No-150 A Express View Apartment, Dayantpur, Noida, Sector-93, UP
false_merge	0.8688941236335631	S1-595701050	Solstice Devices Group	725 Melpark Drive, Unit 166, Berry Hill, TN	S2-697956775	Solstice Devices Inc	732 MELPARK DRIVE, NASHVILLE, TN
false_merge	0.6583281952388851	S1-205084696	Pushkaraj Vee Private Limited	Andhra Pradesh, Vishakhapatnam, C/O Vanthala Sahadev, M1, Kusumaguda, Aruku, Visakhapatnam	S3-575552816	Pushkaraj Vee Limited	AP, Visakhapatnam, No 63 C/o Vanthala Sahadev, Vishakhapatnam
false_merge	0.7184374612812459	S1-805361918	Arndt & Grigsby LLC	3 Main Street, Penn Yan, NY	S3-616053121	Arndt & Grigsby Co	06 Main Street, PENN YN, New York
false_merge	0.8947992503769302	S1-467787470	Herry Foundation-Haldia	Khanjanchak, Durgachak, Haldia, Midnapore, West Bengal	S3-135964253	Herry Foundation-Haldia  Limited	No 46 Khanjanchak, Haldia, Midnapore, পশ্চিমবঙ্গ
false_merge	0.9997126650425913	S1-533900982	Frontier Project III	Riverton, WY, 3108 Riverview Road	S2-522920864	Frontier Project II	3108 RIVERVIEW RD, N/A, RIVERTON, WY
false_merge	0.9853518699854242	S1-412297945	Apaar Travel	Everest, 18Thfloor, 46Cjlnehrurd, Kolkata, Howrah, West Bengal	S3-181450150	LLP Apaar Travel	Door No 88 Everest, 18Thfloor, 46Cjlnehrurd, Kolkata, Howrah, WB
false_merge	0.6492403263487744	S1-835700193	Pediatric Dental Unified Health	5482 Brick Church Pike, Nashville, TN	S2-621254554	Pediatric Dental Unified Health Inc	5484 BRICK CHURCH PIKE, UNION HILL, TN
false_merge	0.9785339630695439	S1-469887422	Halcola Airlines	879 Center Road, Conneaut, OH	S2-819484811	Halcoari  Aillinse	879 CENTER RD, CONNEAUT, OH
false_merge	0.663799929839344	S1-203364126	Jasper Mobile Pvt Ltd	2, Chennai, 3Rd Street, Parameswari Nagar, Chennai City Corporation, Tamil Nadu	S2-289456510	jasper engineering pvt ltd	23, 3RD STREET, PARAMESWARI NAGAR, CHENNAI CITY CORPORATION, Tamil Nadu
false_merge	0.7210512839184263	S1-146735428	Ravindra Publications LLP	Nandi Ii Floor Bowring Complex Hospital Road, Bangalore, Karnataka	S2-659422349	Ravindra Publications Private Limited	15 NANDI II FLOOR BOWRING COMPLEX HOSPITAL ROAD, BANGALORE, Karnataka
false_merge	0.9334695308624259	S1-796666301	Construction Micron Private Limited	Patna, Bihar, Agamkuan, Patna	S2-751862956	M/s CONSTRUCTION MICRON HOLDINGS LIMITED CENTER	NO 90 AGAMKUAN, PATNA, Bihar
false_merge	0.6427336583699658	S1-986607375	Total All Limited	9612 Amberwood Court, Broadview Heights, OH	S2-965393854	Total Total Al	
false_merge	0.7621849223851249	S1-209399040	Rejoice Films Private Limited	Ramganj Nh. New More, Ramganj, Islampur, North Dinajpur, West Bengal	S2-743300716	Rejoice Film [Limited]	DOOR NO 89 RAMGANJ NH. NEW MORE, RAMGANJ, ISLAMPUR, পশ্চিমবঙ্গ
false_merge	0.7051469080328966	S1-84940116	Consulting Fairdeal Fisheries Associates	Plot No -180 Gali-10, Zaffrabad Shahdara, East Delhi, Delhi	S3-841724688	Consulting Fairdeal  Infra Associates LLP	Plot No -180 Gali-21, East Delhi, दिल्ली
false_merge	0.735825628134579	S1-574410100	Cantrell Biosciences LLC	11313 Rockridge Lane, Fontana, CA	S3-266825678	The Cottrell [Biosciences]	
false_merge	0.8410344244654027	S1-957911119	Ziraora Power Pvt. Ltd.	Door No.41/2395, First Floor, Market Road, Palakkad, Palakkad, Kerala	S3-216059447	Ziraori Power Pvt. [Ltd.]	Door No.41/2395, First Floor, Market Road, Palakkad, Palakkad, KL
false_merge	0.9711055026526711	S1-278402560	HTE Fund Pvt Ltd	Delhi, Lajpat Nagar-Ii, M-51, New Delhi	S3-547672705	HTV Fund Pvt Ltd	Plot 963 M-51, New Delhi, Lajpat Nagar-ii, DL
false_merge	0.8331559937748676	S1-953745429	Telephone Nagar Kanadia Road Solutions Private Limited	6, Gyanspark, Telephone Nagar Kanadia Road, Indore, Madhya Pradesh	S2-658397534	Telephone Nagar Kanadia Road	
false_merge	0.8928400444792807	S1-835508120	Yamuesh Data Private Limited	Cabin No - 4, B8/38, Ansal Tower Nehru Place, New Delhi, Delhi, South Delhi, Delhi	S3-359945244	Yamuosh Data Private Limited	#625 Cabin No - 4, B8/38, Ansal Tower Nehru Place, New Delhi, South Delhi, Delhi, DL
false_merge	0.7803580195813157	S1-123564368	Satguru Educational Society	#H. No: 24A-10-4/1, Undavalli Residency, Ashok Nagar, Eluru Corporation, Eluru Town, West Godavari, Andhra Pradesh	S3-64523237	సూర్య కన్సల్టింగ్ ప్రైవేట్ లిమిటెడ్	D. No:24a-10-4/1 Undavalli Residency, West Godavari, AP
false_merge	0.6609580830193659	S1-894849247	Phulwari Lal Private Limited	C/O Nand Sharma, 15E, Patliputra Colony, Phulwari, Patna, Bihar	S3-379859145	Phulwari Fashion Private Limited	#29. C/o Nand Sharma, 15E, Patliputra Colony, Phulwari, Patna, BR
false_merge	0.986873141428911	S1-10215577	Desoto Industries Inc	8424 Edgewater Drive, Kemp, TX	S2-633395107	QJM Prime	##8424 EDGEWATER DRIVE, KEMP, TX
false_merge	0.9382949278540188	S1-666663055	Emlyn Alston, DDS, PC	563 Cedar Court, Lawrenceburg, TN	S2-323081332	Emlyn Alston, VDS, Inc	563 CEDAR CT, LAWRENCEBURG, TN
false_merge	0.6098439178264249	S1-952119253	S Z Hernandez Social L.L.C.	14101 Rock Canyon Drive, Fairfax County, VA	S3-603818930	S Z Hernandez Social Inc	14108- Rock Canyon Drive, Centreville, Virginia
false_merge	0.7984872072116399	S1-648141273	Keis Group	1400 Brookway Drive W, Unit 1412, Lewisville, NC	S3-188960391	Keis Inc	401 Brookway Dr W, Unit 1412, Lewisville, North Carolina
false_merge	0.6446468193991919	S1-857111237	Shiv Construction Private Limited	C/O S.S. Birade, 1895 B Ward, Sambhaji Nagar, Mangalwar Peth, Kolhapur, Maharashtra	S2-686174280	शिव कंस्ट्रक्शन एलएलपी	NO 52 C/O S.S. BIRADE, KOLHAPUR, Maharashtra
false_merge	0.971831644985046	S1-411638471	Gen Vimal	C/O: Rabiya Bano, Kheri, 90, Hathipur, Durbal Ashram, Uttar Pradesh, Lakhimpur	S2-423754407	Gen Vimal Pvt Ltd	H.NO 28 C/O: RABIYA BANO, 90, HATHIPUR, DURBAL ASHRAM, LAKHIMPUR, Uttar Pradesh
false_merge	0.627982781045741	S1-508895010	Tanna & Brothers Company	41, Damji Shamji Industrial Estate, Lbs Marg, Vikhroli (West), Mumbai, Maharashtra	S2-73171528	Tanna & Brothers Private Limited	43, DAMJI SHAMJI INDUSTRIAL ESTATE, LBS MARG, VIKHROLI (WEST), महाराष्ट्र
false_merge	0.9838578018764206	S1-53398844	India Forefront (india)	Harsh Villa, Plot No. 157, Rsc Road No. 50, Gorai 2, Borivali West, Mumbai, Borivali West, Mumbai, Maharashtra	S2-598135702	India Forefront (india) Pvt Ltd	Maharashtra, #40 HARSH VILLA, PLOT NO. 157, RSC ROAD NO. 50, GORAI 2, BORIVALI WEST, MUMBAI, BORIVALI WEST
false_merge	0.9213709976148312	S1-824363934	Halcex Four Inc	54 Odnr Road, Wilmington, OH	S2-592054145	Inc Halceks Four	54 ODNR ROAD, WILMINGTON, OH
false_merge	0.8133657127461308	S1-224864862	Enterprises Vinsun Interiors Pvt. Ltd.	A-217, Okhla Industrial Area, Phase I, New Delhi, South Delhi, Delhi	S2-658462225	टेक टेक प्राइवेट लिमिटेड	A-217, OKHLA INDUSTRIAL AREA PHASE - I, NEW DELHI, Delhi
false_merge	0.8974976375111194	S1-608926511	No & Co	6-5-103/6 Babul Reddy Ngr, Shivarampally Railway St., Rajendranagar, Hyderabad, Telangana	S3-682267049	No & Co Pvt Ltd	6-5-103/17 Babul Reddy Ngr, Shivarampally Railway St., Rajendranagar, Hyderabad, Andhra Pradesh
false_merge	0.9935036446075148	S1-45988326	Miller's Keystone Advisors of Springfield	21 Millesons Riverside Drive, Springfield, WV	S3-724437426	Barth Springfield Advisors of Keystone	21 Millesons Riverside Dr, West Virginia, Springfield
false_merge	0.953762483269923	S1-428074894	Lyron Electronic LLC	14614 63rd Street, Phoenix, AZ	S2-80364203	Lyran Electronic	SCOTTSDALE CITY, AZ, 14614 63RD ST
false_merge	0.6121516677253818	S1-21315860	Dwarka Solutions Private Limited	C/O Shushil Sarkar Puran, Bajar Fulbari Cob, Dhupguri, Jalpaiguri, West Bengal	S2-255483807	Shri Express Digital Public  Limited	C/O SHUSHIL SARKAR PURAN, BAJAR FULBARI COB, DHUPGURI, West Bengal
false_merge	0.766871588450469	S1-101421172	Riley, Katrina, DDS, P.C.	7115 Boxford Road, Baltimore, MD	S2-177410439	Riley, Katrina, DDS, P.C. LLC	120 Boxford Rd, BALTIMORE, MD
false_merge	0.6596286999508479	S1-323876014	Sapphire LLC	4921 Sweetbriar Drive, Raleigh, NC	S2-950745379	Sapphire LLC Service	HAMMELL DRIVE, RALEIGH, NC
false_merge	0.7311927584388853	S1-28714013	Wada Developers Private Limited	C/O Laxmi Narayan, Ward, No 4, Kasara Market, Jhalawar, Rajasthan	S2-964648101	Wada Developers Public Limited	#G-87 C/O LAXMI NARAYAN, WARD, NO 4, KASARA MARKET, JHALAWAR, Rajasthan
false_merge	0.8044671466812215	S1-437896127	Mccurdy For	11522 Sunburst Falls Drive, Humble, TX	S2-585783519	bennett for	11522 SUBNURST FALLS DRIVE, HUMBLE, TX
false_merge	0.9732774590080737	S1-145823313	Aarvita Commercial Private Limited	Kongu Nagar Main Road Ramanathapuram, Coimbatore, 52/1, Tamil Nadu, Coimbatore	S3-715549122	AARVITAER COMMERCIAL PRIVATE PRIVATE LIMITED	1-52/5, Coimbatore, TN
false_merge	0.7911107315945719	S1-290802690	Payyanur Energy Private Limited	Ou#215, Forum Galleria, 2Nd Floor, Area 7&8, Civil Township, Rourkela, Sundargarh, Orissa	S2-61734159	Payyanur Énergy Limited	OU#236, FORUM GALLERIA, 2ND FLOOR, AREA 7&8, CIVIL TOWNSHIP, ROURKELA, Odisha
false_merge	0.9523975863156952	S1-296545445	Aurify Associated	420 Main Street, Unit Apartment D, Elma, NY	S3-637078527	Aurufy Associated Corporation	420 Main St, # Apartment D, Elma, New York
false_merge	0.9414693683265755	S1-212025933	Dps (india) Corporation	103 103, Mahalaxmi, Appartment, Pune, Haveli, Maharashtra	S3-293853438	Dps (india) Public Limited	114 103, Pune, Haveli, महाराष्ट्र
false_merge	0.622301778674475	S1-712518885	Topflow Bites Private Limited	Flat No. 8, Maharashtra, Sant Nagar, Pune, Bhagirath Apartment, 4Th Floor, Above Modern General Stores	S2-843814935	Topflow Bis LLP	FLAT NO. 11, BHAGIRATH APARTMENT, 4TH FLOOR, ABOVE MODERN GENERAL STORES, SANT NAGAR, महाराष्ट्र
false_merge	0.945816118427512	S1-872495966	Classic Solutions Private Limited	C/O Prabhat, High Court, 1284, Shanti Mohan Apt., Gird, Gwalior, Madhya Pradesh	S3-881829743	क्लासिक सॉल्यूशंस लिमिटेड	Gird, MP, 0014 C/o Prabhat, High Court, 1284, Shanti Mohan Apt., Gwalior
false_merge	0.6299412553626935	S1-669317638	Carpenters Local Union 114	94 Sandlick Branch Road, Bruno, WV	S2-598494610	Carpenters Local Unino 114 Co	115B SANDLICK BRANCH ROAD, BRUON, WV
false_merge	0.7301960584717577	S1-175002158	Bang Engineering Pvt Ltd	B702, Somerset Apartments, 18 Mg Road, Bangalore North, Bangalore, Karnataka	S2-646040537	Bang Engieerig LLP	B704, SOMERSET APARTMENTS, 18 MG ROAD, BANGALORE NORTH, Karnataka
false_merge	0.9213759465802188	S1-417264483	VN Development Private Limited	D-4, Vasant Vihar New Delhi, New Delhi, South West Delhi, Delhi	S3-625049758	Cirawexaria	D-g-4, Vasant Vihar, New Delhi, दिल्ली
false_merge	0.7857091359367195	S1-840304254	UKN Trusteeship Private Limited	P-4, Iiird Fliir, Plot No. 19, Sector-10, Central Market, Dwarka, New Delhi, Delhi	S2-401155671	UKN Trusteeship Public Limited	P-10, IIIRD FLIIR, PLOT NO. 19, SECTOR-10, CENTRAL MARKET, DWARKA, Delhi
false_merge	0.7481278322456482	S1-218135649	Beva	72 Morris Avenue, Brookhaven, NY	S3-360965757	Zephkelo	72-D Morris Ave, Brookhaven, New York
false_merge	0.915749516799894	S1-352715301	Keon Melar	2020 54th Street, Lubbock, TX	S3-381491471	The Kornex Melar	2020 54th St, Lubbock, Texas
false_merge	0.9398020954516648	S1-579457997	Lyrova Rail	43 Manchester Lane, Vernon Hills, IL	S2-338893942	Lyrovayn Service	43 MANCHEETER LN, VERNON HILLS, IL
false_merge	0.928789181765306	S1-691474330	Smart Federal	1036 Pine Mountain Way, Indianapolis, IN	S2-729082550	Smart Federal	
false_merge	0.999999999999639	S1-894160013	XJI Mills	C/O Sri. Ashutosh Jha, Flat No-301, Ram Niketan Apartment, Sahdeo Path, Patel Nagar, Phulwari, Patna, Bihar	S2-757210233	Mr SHIVAJI MILLS LTD	
false_merge	0.9802071476539608	S1-605470160	Orban Cell Inc.	35 Riverwalk Way, Unit 318, Lowell, MA	S3-549104555	Inc. Orbaex Cell	35 Riverwalk Way, # 318, Lowell CDP, Massachusetts
false_merge	0.689574413303107	S1-23098517	Laxmi Food Pvt Ltd	Delhi, New Delhi, 40-41, Bakshi House, Wolk, South Delhi	S3-522445055	लक्ष्मी फूड कंस्ट्रक्शंस प्रा. लि.	40-41, Bakshi House, South Delhi, Door No 42 Wolk, DL, New Delhi
false_merge	0.7928205699781511	S1-251767145	Petronilla F. Langston, D.C., M.D., P.C.	405 Regency Ct, Unit 1, Saint Matthews, KY	S2-649064772	Petronilla F. Lángston, D.C., M.D., P.C. Inc	406 REGENCY CT, SAINT MATTHEWS, KY
false_merge	0.9827741493940906	S1-386564437	Internal Medicine Liberty Clinic L.L.C.	11641 Midlothian Turnpike, VA, Chesterfield County	S3-41386803	Internal  Medicine Liberty Clinic LLC	
false_merge	0.9809898623313341	S1-124038896	Clyola Space, LLC	309 Falmouth Trng, Hampton City, VA	S3-117818781	Clyoade Socaah,  LLC	309 Falmouth Trgg, Hampton City, Virginia
false_merge	0.6654175010276422	S1-633281143	Fortune Logistics Private Limited	4Th Floor Shop No 4054, Retail Park Mall, Sanand, Ahmedabad, Gujarat	S2-788794309	ફોર્ચ્યુન લોજિસ્ટિક્સ લિમિટેડ	#3TH FLOOR SHOP NO 4054, RETAIL PARK MALL, SANAND, AHMEDABAD, Gujarat
false_merge	0.8949903754480071	S1-933231014	Mumbai Telecom Limited	18 Ghanshyam Co-Op Industrial Estate, Veera Desai Road Andheri West, Mumbai, Maharashtra	S2-195615838	MUMBAI TÉLECOM LLP	3-1 GHANSHYAM CO-OP INDUSTRIAL ESTATE, VEERA DESAI ROAD ANDHERI WEST, MUMBAI, Maharashtra
false_merge	0.7680994087786306	S1-317274689	Amita Nursing Home	C/O M/S Alliance Tubes & Galvanizers, Backside, Focal Point, Village Ajnali, Mandi Gobindgarh, Amloh (P), Fatehgarh Sahib, Punjab	S2-237405349	Amita Nursing Home Private Limited	NO 27 C/O M/S ALLIANCE TUBES & GALVANIZERS, BACKSIDE, FOCAL POINT, VILLAGE AJNALI, MANDI GOBINDGARH, AMLOH (P), Punjab
false_merge	0.9636430913514704	S1-735661033	Gurgaon India LLP	H No 3270 Sector 23, Gurgaon, Haryana	S2-634509326	Gurgaon Projects Private	हरियाणा, 3270, SECTOR 23, GURGAON
false_merge	0.961780275620073	S1-625083098	Royal Producer (India) Associates	C-2/68-A Lawrence Road, Delhi, North Delhi, Delhi	S3-815791640	Pvt Royal Producer (India) Associates Ltd	C-2/71-a Lawrence Road, Delhi, <NULL>, DL
false_merge	0.8403883249345961	S1-36741437	Metropolitan Council	22-24 78 Street, East Elmhurst, NY	S3-25395426	Metropolitan-Cobil Ltd	New York, EAS Elmhurst CITY, 22-27. 78 St
false_merge	0.8526210775547652	S1-508015473	Greenglobe Traders Private Limited	No 3C, Eldorado, 112, Nungambakkam High Road, Chennai, Tamil Nadu	S3-472458145	Dr Greenglobe Traders Limited	##24C, Eldorado, 112, Nungambakkam High Road, Chennai, TN
false_merge	0.8933146852475581	S1-419432777	Ujjaraj Technology	309-310 Brough Road, Erode, Tamil Nadu	S2-523665778	Ujjjaraj Technology LLP	Tamil Nadu, NO A-309-319 BROUGH ROAD, ERODE
false_merge	0.718078115796192	S1-532863531	2590 Ocean Road Company	4002 55, Kinston, NC	S2-84011924	2590 Ogena Road Company Co	402 55, KINSTON, NC
false_merge	0.9421423348204845	S1-949689070	XG Rapid Portfolio LLC	Avon, 7164 Sycamore Drive, IN	S2-970709115	XKG Rapid Portfolio LLC	AVON, 7164 SYCAMORE DR, IN
false_merge	0.8511044183670997	S1-31893569	Purnea Systems Limited	Krishna Mandir Chowk, Tatma Toli Sudin Chowk, Purnea, Purnia, Bihar	S3-775481238	Purnea Home Private-Limited	Krishna Mandir Chowk, Purnisa, null, बिहार
false_merge	0.7345063943982622	S1-948073395	Sky Developers Private Limited	Plot No. G-8/1, Midc, Tarapur, Mumbai City, Maharashtra	S2-234451251	स्काई वेंचर्स प्राइवेट लिमिटेड	PLOT NO. G-8/8, MIDC, TARAPUR, MUMBAI CITY, महाराष्ट्र
false_merge	0.9383311412707008	S1-417319909	Solic Capital	2199 160th Street, Fort Dodge, IA	S3-40596988	The Solik  Capital	2199 160nd Street, Fort Dodge, Iowa
false_merge	0.8818840761758752	S1-63514425	Velque-Epping	4795 119th Road, Epping, ND	S2-444621267	KLPA	4795 119ND ROAD, EPPING, ND
false_merge	0.8332375348117155	S1-507809402	Great Developers	H.No.76/76 A, Bellary Road, Kurnool, Andhra Pradesh	S3-426516617	Great Developers Constructions (Co)	AP, Kurnool, #76/97 A, Kurnool
false_merge	0.8232783789280043	S1-970234866	Bill's Laboratories	112 Lincoln Avenue, City Of Oshkosh, WI	S3-284162882	Bill's Laboratories Ltd.	125 Lincoln Avenue, City Of Oshkosh, Wisconsin
false_merge	0.6892277302676428	S1-538578725	Bishop, Ayala and Person Inc	2 Petersburg Lane, West Chester, OH	S3-980908208	Bishop, Aya1a and Person [Co]	5. Petersburg Ln, West Chester, Ohio
false_merge	0.8800177328156268	S1-21875220	Nexelle Tsakos LLC	1039 Sage Street, Grants, NM	S2-691451551	Nexellea Tsakos	1039 Sage Street, GRANTS, NM
false_merge	0.9654579150495678	S1-134136866	Vaayuin Electricals	31/B Sagar Manna Road, Kolkata, Howrah, West Bengal	S3-349273706	Vaayuon Electricals	No 0031/B Sagar Manna Road, Howrah, Kolkata, পশ্চিমবঙ্গ
false_merge	0.9259597157971037	S1-273925009	CS (india)	Ground Floor, Shop- 08, B Wing, Ashtvinayak Vihar, Tardobach, Shirur, Pune, Maharashtra	S3-589958162	LLP CS (india)	Pune, MH, Shop- 08, B Wing, Ashtvinayak Vihar, Tardobach, #19 Ground Floor
false_merge	0.74783955195597	S1-459203843	Monaghan's Plumbing Inc	23 Glenn Haven, Ogden, NY	S2-531909619	The Monaghan's Plumbing Co	34 GLENN HAVEN, OGDEN, NY
false_merge	0.7286060970692221	S1-950023449	Indran Developer Private Limited	Central Delhi, 6958 3Rd Floor, New Delhi, Delhi, Front Side Multani Dhanda	S3-627208917	Indrana Developer Private	6958 3Rd Floor, Front Side Multani Dhanda, New Delhi, Central Delhi, दिल्ली
false_merge	0.6681322869618209	S1-782087809	Sris Software Pvt Ltd	Kishanganj, Kachahari Basti, Vill-Jahangirpur, Bihar	S2-586874966	M/s Sris Software Limited	बिहार, #041 VILL-JAHANGIRPUR, KACHAHARI BASTI, KISHANGANJ
false_merge	0.8509826752812393	S1-453530479	Stephenson, Tackett & Meggs	43-07 54 Street, Woodside, NY	S2-295904306	Stephenson, Tket & Meggs Co	43-28-47 54 STREET, WOOODSIDE CDP, NY
false_merge	0.7684951580699804	S1-523214523	IK Shipping Private Limited	35/1584 South Janatha Road, Palarivattom, Ernakulam, Kerala	S3-6163656	IK Shipping L.L.P.	Door No 35/1591 South Janatha Road, Palarivattom, KL
false_merge	0.646807250519349	S1-355026519	Affinity (India) Power Clinic	C/O, Jothi, No.3/192, Ramiyampatti, Pappireddipatti, Dharmapuri, Tamil Nadu	S2-343350276	Affinity Affinity (India) Rubber Clinic	NO 78 C/O, JOTHI, NO.3/192, RAMIYAMPATTI, PAPPIREDDIPATTI, Tamil Nadu
false_merge	0.6412253519337507	S1-97724316	Cindi Mendoza American Generation	8 Westbrook Lane, Hempstead, NY	S3-426954333	Mendoza, Cindi American Generation Ltd	17 Westbrook Ln, Hempstead, New York
false_merge	0.9361667970572427	S1-567154571	Intouch Agritech Pvt Ltd	Door No. 7 / 173, Wayanad, Kerala, Sulthan Bathery, C/O Mathew Moolencheril Building, Cheeral Post, Kaz, Hambu Road	S3-972975095	Intouch-Agritech Limited	No 20 / 173, Wayanad, Sulthan Bathery, KL
false_merge	0.9920726883504087	S1-975213314	Shree Technical Private Limited	Dattaguru Society Deonar Village Road, Deonar, Maharashtra, Mumbai City, Mumbai, A-15	S3-230469934	Shree Technical Limited Private Ventures	A-15, Dattaguru Society Deonar Village Road, Deonar, Mumbai, Mumbai City, MH
false_merge	0.982117380367627	S1-655526744	Montic Bitcoin Clinic	201 Harbor Drive, Hampton City, VA	S2-708785822	montica bitcoin clinic	201 HARBOR DRIVE, HAMPTON CITY, VA
false_merge	0.624470066222354	S1-303942690	Optimal Insurance Group	1600 Maryland Avenue, Unit 28, Washington, DC	S3-717275935	Optimal Insurance-Group Inc	613 Maryland Avenue, Unit 28, Washington, District of Columbia
false_merge	0.6034853165322291	S1-886131589	Baba Hospitality Private Limited	R B Arcade, No. 2 Koramangala, Bengaluru, Bengaluru, Bangalore, Karnataka	S2-802940527	ಬಾಬಾ ಹಾಸ್ಪಿಟಾಲಿಟಿ ಪ್ರೈವೇಟ್ ಲಿಮಿಟೆಡ್	#101, BENGALURU URBAN, BANGALORE, Karnataka
false_merge	0.6715681314016518	S1-339245859	Ivenola Mines	400 Wise Avenue, Unit TRAILER 12, Dundalk, MD	S3-276531622	Ivenolayn  Mines	400 Wsie Ave, # Trailer 12, Dundalk, Maryland
false_merge	0.9908642087186009	S1-580457443	Kelly (India) Instruments LLP	1/1 Kali Kissen Tagore St, Kolkata, Calcutta, West Bengal	S2-438587080	Kelly (India) Instruments Limited	1/10 KALI KISSEN TAGORE ST, KOLKATA, West Bengal
false_merge	0.6724698588934436	S1-566490959	Orthopedic Legacy Partners	NY, Astoria, 29-16 Astoria Boulevard	S2-21813909	GROUP ORTHOPEDIC LEGACY PÁRTNERS	29-27B ASTORIA BLVD, ASTORIA, NY
false_merge	0.9409830291146654	S1-19032364	Chandrva Tools Limited	A1.92/1, Ix Main Road Annanagar, Madras, Chennai, Tamil Nadu	S3-853285914	Khandrva Tools Límited	A1.92/14, Madras, Chennai, TN
false_merge	0.6024399256342865	S1-822013146	Federal League	635 Grandview Avenue, Wormleysburg Borough, PA	S3-936264705	federal league northside	65 Grandview Ave, Wormleysburg Borough, Pennsylvania
false_merge	0.9828687128746872	S1-784864553	Lucknow India Limited	Okas Residency, Tower-22, Flat 106Sushant Golf City, Lucknow, Uttar Pradesh	S2-567124464	LUCKNOW INDIA L.L.P.	Uttar Pradesh, H.NO 97 OKAS RESIDENCY, TOWER-22, FLAT 106SUSHANT GOLF CITY, LUCKNOW
false_merge	0.6393093779127182	S1-177498805	Yoder Titan PC	1218 Us Route 2, Rumford, ME	S2-196060421	Tavodelta	1218C US ROUTE 2, RUMFORD, ME
false_merge	0.9409196561021484	S1-689637549	Aarvendra Services Private Limited	17-437/E Thodaparambu, Koovappady Po Perumbavoor, Kunnathunad, Ernakulam, Kerala	S2-761813695	Aarvendri Services Private Ltd	H.NO 17-437/E THODAPARAMBU, KOOVAPPADY PO PERUMBAVOOR, KUNNATHUNAD, Kerala
false_merge	0.61179076281798	S1-325156513	Liberty Edison	25 Mudford Avenue, East Hampton, NY	S3-256227395	Liberty Edison LLC	32 Mudford Ave, East Hampton, New York
false_merge	0.8411564915029416	S1-970976121	Firefly Services Limited	Hyderabad, Telangana, 3Rd Floor King Koti, 'Kamineni'	S3-326531923	Firefly Services Exports Limited	Door No 60. 'Kamineni', 3Rd Floor King Koti, Hyderabad, Koti, TG
false_merge	0.6975327254684794	S1-394825938	Prerana It Private Limited	No.1A, Murugeshan Street, Bala Vinayagar Nagar, Arumbakkam, Chennai, Tamil Nadu	S2-3217382	PRERANA-IT LIMITED	தமிழ்நாடு, H.NO 10 , MURUGESHAN STREET, BALA VINAYAGAR NAGAR, ARUMBAKKAM, CHENNAI
false_merge	0.7348623008212373	S1-317347912	Araujo, Karyn, M.D.	19606 Ellison Avenue, Douglas County, NE	S2-453900961	Araujo, Karyn,	
false_merge	0.9437648797848346	S1-760812725	Vishnu Associates (India) Center	Bus Stand Merta Road, Nagaur, Merta, Nagaur, Rajasthan	S3-131461144	Vishnu Associates (India) Center Private Limited	Door No 7 Bus Stand Merta Road, RJ, Nagaur, Merta
false_merge	0.6578912889868794	S1-981136426	Swastik International (India) Pvt. Ltd.	Ug-F03 Rise Shoplex, Tech Zone-Iv, Greater Noida, Bishrakh, Gautam Buddha Nagar, Uttar Pradesh	S2-69008431	Swastik (India) International  Limited	UG-FB3/8 RISE SHOPLEX, TEHC ZONE-IV, GREATER NOIDA, BISHRAKH, उत्तर प्रदेश
false_merge	0.8746791199170826	S1-109283332	Print Technology Pvt Ltd	Plot No 11 Zorabianindustrial Estate Palghar, Thane, Maharashtra	S3-29974347	PRINT TECHNOLOGY LIMITED	#14 Zorabianindustrial Estate Palghar, Thane, MH
false_merge	0.606919651809043	S1-654684329	Hitech It Private Limited	28 Bldg 13 Samhita Warhousingcomplex K A Road, Mumbai, Maharashtra	S3-406879080	हाईटेक आईटी एलएलपी	35 Bldg 13 Samhita Warhousingcomplex K A Road, Mumbai, महाराष्ट्र
false_merge	0.7393540807337222	S1-973867827	Ahmadabad City Solutions Private Limited	Gujarat, Ahmedabad, Ahmadabad City, S.F.-17, Shangrila Arcade, Opp. Shyamal 3A Row House	S2-240696589	AHMADABAD CITY SOLUTION PRIVATE	S.F.-D/38, SHANGRILA ARCADE, OPP. SHYAMAL 3A ROW HOUSE, AHMADABAD CITY, <NULL>, ગુજરાત
false_merge	0.6311185024606667	S1-263599873	Loveland Continental Health Inc	Fl 0, Saint Louis, MO, 312 Poplar Forest Drive	S3-321543630	Ltd Loveland Health Continental	Saint Louis, Missouri, 31 Poplar Forest Drive, Floor 0
false_merge	0.7502206814522823	S1-320808234	CH Consulting	315, Lake View Appartment Sector-9, Rohini, New Delhi, Delhi	S2-402355128	CH Consulting Private Limited	336/9, LAKE VIEW APPARTMENT SECTOR-9, ROHINI, NEW DELHI, Delhi
false_merge	0.8962943321694653	S1-656691277	Vaayuaksh Castors Pvt Ltd	Cts No 2008 Airport Serviceroad W Exp Highway Vile Parle-E, Mumbai, Maharashtra	S2-207370774	VAAYUIKSH  CASTORS LTD PVT	CTS NO 2008 ACRPORT SERVICEROAD W EXP HIGHWAY VILE PARLE-E, MUMBAI, Maharashtra
false_merge	0.9551282067015714	S1-662362021	Gomti Traders Limited	Mumbai, Goregaon East, Third Floor, Apml Tower, Plot No. 53 & 53/1, Vishweshwar Nagar Road, Opposite Pravasi Industrial Estate Goregaon East, Maharashtra	S2-417966819	Gomti LLP Traders	NO 42 THIRD FLOOR, APML TOWER, PLOT NO. 53 & 53/1, VISHWESHWAR NAGAR ROAD, OPPOSITE PRAVASI INDUSTRIAL ESTATE GOREGAON EAST, GOREGAON EAST, Maharashtra
false_merge	0.7168864344327054	S1-113074323	Aditya Power Limited	Tamil Nadu, Grn Sannidhanam, 14 & 16, Madhavan Road, Mahalimgapuram, Chennai, Flat- D, Chennai	S2-745632180	ஆதித்யா புராப்பர்ட்டீஸ் லிமிடெட்	NO 2 FLAT- D, GRN SANNIDHANAM, 14 & 16, MADHAVAN ROAD, MAHALIMGAPURAM, MADRAS, CHENNAI, Tamil Nadu
false_merge	0.6342174481273476	S1-699433890	Regional School of Medicine	240-43 Knollwood Avenue, Little Neck, NY	S3-963962516	Regional School of Medicine Inc	0240-47 Knollwood Ave, PO Box 1373, Little Neck, New York
false_merge	0.9908123016238363	S1-500758027	Technologies First Zaika Private Limited	16/2 Min, 16/3 Min, 16/4 Min 25/1 Min Area, Village Kundli, Kh. No. 47/ 16/1 Min, Haryana, Sonepat, Haryana	S2-712803689	Techno1ogies First Zaika Holdings Private Ltd	हरियाणा, KH. NO. 47/ 16/2 MIN, 16/2 MIN, 16/3 MIN, 16/4 MIN 25/1 MIN AREA, VILLAGE KUNDLI, HARYANA
false_merge	0.6027138089632855	S1-257119479	Roopaya Buildcon Associates	Door No 3-212 2Nd Floor 3Rd Room Anl School Building, High School Road Kirlampudi Kakinada District, Kirlampudi, East Godavari, Andhra Pradesh	S2-823762904	BÚILDCON ROOPAYAYN ASSOCIATES	3-233 2ND FLOOR 3RD ROOM ANL SCHOOL BUILDING, EAST GODAVARI, Andhra Pradesh
false_merge	0.8072475196748938	S1-383240026	Alpha Shakti Impex Private Limited	Plot No.8, 9 And 14, 15 Road No. 18, Sai Aishwary Layout, Khajaguda, Hyderabad, Rangareddy, Telangana	S2-755994439	ఆల్ఫా శక్తి ఇన్వెస్ట్‌మెంట్ ప్రైవేట్ లిమిటెడ్	PLOT NO.15, 9 AND 14, 15 ROAD NO. 18, SAI AISHWARY LAYOUT, KHAJAGUDA, HYDERABAD, RANGAREDDY, Telangana
false_merge	0.8575044469008815	S1-247814081	Classic Gold Software Private Limited	Shri Vishwakarma Nilaya, 1St Cross, Hosamane Extension, Opp Sri Vidyalaya, Shimoga, Karnataka	S3-215849296	ಕ್ಲಾಸಿಕ್ ಗೋಲ್ಡ್ ಸಾಫ್ಟ್‌ವೇರ್ ಲಿಮಿಟೆಡ್	Shimoga, Mumbai, 1St Cross, Hosamane Extension, Opp Sri Vidyalaya, No ##6 Shri Vishwakarma Nilaya, KA
false_merge	0.8353536743871371	S1-631986211	Prantech International Private Limited	12 To 15 Rainbow Hsg Soc., Pune, Maharashtra, Pune City, Flata/1204, Rahatani	S2-422779036	Fluxlum	DOOR NO 12 TO 15 RAINBOW HSG SOC, PUNE, Maharashtra
false_merge	0.8121900814780486	S1-489910166	Montay Coffee	45 Liberty Avenue, Mineola, NY	S2-562120106	Montoro Coffee	45 LIBERTY AVE, MINEOLA, NY
false_merge	0.7093156839691377	S1-995221518	Violette, Weaver and Calderon LLC	6 Millstone Campus Drive, Unit APT N423, Saint Louis, MO	S3-802163214	Violette, Weaver And Calderon Co	9 Millstone Campus Dr, # APT N423, Saint Louis, Missouri
false_merge	0.6204178738354712	S1-284755604	Mumbai Services Private Limited	Mumbai City, 13, Maharashtra, Ground Floor, Kaliandas Udyog Bhavan, S H Tandel Marg, Near Century Bhavan, Prabhadevi, Mumbai	S2-35459546	Mumbai Services Limited	DOOR NO 89 15, GROUND FLOOR, KALIANDAS UDYOG BHAVAN, S H TANDEL MARG, NEAR CENTURY BHAVAN, PRABHADEVI, MUMBAI, महाराष्ट्र
false_merge	0.7074620552015555	S1-857644522	Kamadgiri Soil Limited	Indiqube South Summit, First Floor Vijayarangam Layout S End Road, Karnataka, Bangalore, Bangalore South	S2-801956700	Smt Kamadgiri LLP Soil	DOOR NO 12 INDIQUBE SOUTH SUMMIT, FIRST FLOOR VIJAYARANGAM LAYOUT S END ROAD, BANGALORE SOUTH, Karnataka
false_merge	0.982945884806808	S1-589585911	JAP Elite Galata	4117 Townhouse Road, Brimfield, IL	S3-243537423	JAPL Galata Elite	4117 Townhouse Road, Brimfield, Illinois
false_merge	0.8929965735087037	S1-918884799	Kestance Reserve	MA, Holliston, Unit B, 310 Woodland Street	S3-202915140	KESTANCEYN RESERVE	Massachusetts, 310 Woodland St, Unit B, Holliston
false_merge	0.990740075654051	S1-867092258	DWN Steel Private Limited	Xl/216 H13 Jewel Arcadeground Floor Layam Road Behind Woodlands Hotel, Ernakulam, Kerala	S3-545573656	DWNL 5teel Private Limited	Xl/216 H13 Jewel Arcadeground Floor Layam Road Behind Woodlands Hotel, Ernakulam, Keralam
false_merge	0.611521400061996	S1-41196704	Futura Farmer Corporation	5Th Floor, Raj Sanskruti Complex, Opp. St Bus Stand, Summair Club Road, Jamnagar, Gujarat	S3-763207868	Futura  Farmer LLP	No 14Th Floor, Raj Sanskruti Complex, Opp. St Bus Stand, Summair Club Road, Jamnagar, ગુજરાત
false_merge	0.7737572466498843	S1-489049047	Pranraj Chemicals Company	Hyderabad, Secunderabad, Telangana, Sanmarinahouse, 222/B, Westmarredpally, Secunderabad	S2-747248258	Pranraja Company Service	H.NO ##12 SANMARINAHOUSE, 222/B, WESTMARREDPALLY, SECUNDERABAD, SECUNDERABAD, Telangana
false_merge	0.9689309194894943	S1-653001485	Chandrya Transports Ltd	Hyderabad, Shaikpet, Flat No 301, Srisai Sudha Sadan Blockb, Plot No 215, Telangana	S3-264289046	Chandryaer Transports Ltd	No 6-215, Shaikpet, Hyderabad, Andhra Pradesh
false_merge	0.7037737565983968	S1-149648192	Indian Hospitality	Hyderabad, Tirumalagiri, Telangana, Pt.No-163/C, Addagutta, Bhagyanagar	S3-612076611	ఇండియన్ హాస్పిటాలిటీ ప్రైవేట్ లిమిటెడ్	Pt.no-68/c, Addagutta, Bhagyanagar, Tirumalagiri, Hyderabad, TG
false_merge	0.9570990157642315	S1-82263919	Shreyash Institute	S/O. S.C. Khetan, B-38/1-10, Birdopur, Varanasi, Uttar Pradesh	S3-505473714	Mr Shreyash Institute Pvt-Ltd. Pvt-Ltd.	No 71 S/o. S.c. Khetan, B-38/1-10, Birdopur, Varanasi, UP
miss:assigned_elsewhere	0.0008398135789770305	S1-345872919	Big Investment Private Limited	Shop No. 8, Opposite Lal Dwara Mandir Sector-11D, Main Market, Faridabad, Haryana	S2-192604903	बिग इन्वेस्टमेंट प्राइवेट लिमिटेड	NO 8, FARIDABAD, Haryana
miss:not_in_candidates		S1-771558786	Lucknow Services Corp	31A Sector-M, Lucknow, Uttar Pradesh, Aashiyana Colony, Lucknow	S3-898834990	Lucknow  Corp Center	
miss:assigned_elsewhere	0.00020532874502706777	S1-744146453	Smith, Pardo & Funk Home Care Inc	13950 Mount Pleasant Road, Rockvale, TN	S3-700342604	Smith	13950 Mount Pleasant Road, Rockvale, TN
miss:assigned_elsewhere	0.11876502222025838	S1-952962733	Cascade Value Hills	4710 Yarrow Trail, Farmington, NM	S2-552706505	Cascade Value	
miss:not_in_candidates		S1-835721197	Pediatric Care Associates LLC	1211 1500, Logan City, UT	S3-614270464	Pediatric Care Associates & Co	
miss:not_in_candidates		S1-351792337	Future International Limited	307, 3Rd Floor, Business Classic, S.V. Road, Chincholi Bunder Junction, Malad (West), Mumbai, Mumbai City, Maharashtra	S3-448811233	Future Limited Center & Co	
miss:below_threshold	0.38718625845425036	S1-934945377	North Estate Private Limited	C/O Sunil Kumar, Vill, Wazidpurjansath, Jansath, Muzaffarnagar, Uttar Pradesh	S2-661621789	नॉर्थ Estate Private Limited	H.NO 55 C/O SUNIL KUMAR, JANSATH, MUZAFFARNAGAR, उत्तर प्रदेश
miss:below_threshold	0.1673476170438789	S1-323225667	Fresh Massage	1312 Gamma Court, Pendleton, OR	S2-557587416	fresh massage	1320 GAMMA COURT, OR, PENDLETON
miss:not_in_candidates		S1-167151553	Raj Good Trading Private Limited	2, 3 Rd Floor, S No 726/1, Pl No 2 3, Harshanand, Nashik (M Corp.), Nashik, Maharashtra	S2-552593729	राज गुड ट्रेडिंग प्राइवेट लिमिटेड	2, NASHIK, महाराष्ट्र
miss:not_in_candidates		S1-647695533	Rev It Up Bike Shop! Inc.	306 Village Trail, Mchenry, IL	S3-741805988	Rev It Up Bike (Shop!)	
miss:below_threshold	0.5640589425106887	S1-475913153	Boehm & Dahlman L.L.C.	1903 Oakview Road, Ashland, KY	S2-248380878	Boehm-& Dahlman L.L.C.	190 OAKVIEW RD, ASHLAND CITY, KY
miss:not_in_candidates		S1-114442236	My Institute Corp	A-9/B-16, Arya Vihar, Village Sarfabad Gautam Buddha Nagar, Noida, Gautam Buddha Nagar, Uttar Pradesh	S2-327081963	Institute My Corp	A-9/B-16/7, GHAZIABAD, NOIDA, उत्तर प्रदेश
miss:below_threshold	0.5084836399446393	S1-722790522	Advanced Unified Couriers	15714 Flackwood Trail, Apple Valley, MN	S2-954241790	Advanced Cóuriers Unified	15724  FLACKWOOD TRL, APPLE VALLEY, MN
miss:assigned_elsewhere	0.0000459963330078115	S1-165702900	Aditya Energy	B-70, 1St Floor Naraina Industrial Area, Phase-Ii, Delhi, New Delhi, Delhi	S3-118038337	आदित्य एनर्जी	Hn 250 B-70, Delhi, DL
miss:below_threshold	0.42163381524545895	S1-204903058	Best Freight Associates Care	342 Whitton Avenue, Phoenix, AZ	S3-247302560	freightassocbest.com	343 Whitton Ave, Phoenix, Arizona
miss:below_threshold	0.02609892029942253	S1-924944831	Mint Venture Ltd	Hno-349 At/Po Kanagala, Tal-Hukkeri Sanke, Belgaum, Karnataka	S2-533018408	Mint Vcegnture Ltd	HNO-34 AT/PO KANAGALA, TAL-HUKKERI SANKE, BELGAUM, <NULL>, Karnataka
miss:below_threshold	0.32794667837832986	S1-680727854	Bhargava Institute of Technology Private Limited	B-81, 2Nd Floor, Sector-64, Noida, Uttar Pradesh	S2-31090607	Shri >> BHARGAVA INSTITUTE OF  TECHNOLOGY PRIVATE LTD	HN 225 B-81, NOIDA, Uttar Pradesh
miss:below_threshold	0.47933630054549425	S1-602496980	West Jeevan Chhaya Nagar Wellness Public Limited	Plot No 15, West Jeevan Chhaya Nagar, Nagpur, Maharashtra	S3-56095045	West Jeevan Chhaya Nagar Wellness (Public)	Nagpur, West Jeevan Chhaya Nagar, MH, #1-5
miss:not_in_candidates		S1-518331342	Highland Society	6910 New River Highway, Briceville, TN	S2-7207998	Highland Society  Co Enterprises	
miss:not_in_candidates		S1-422711392	City Developers Private Limited	Building No. 450, Neovantage Science & Technology Park, Genome Valley, Shamirpet Mandal, Hyd, Hyderabad, Telangana	S3-780389969	City Developers Limited Center	
miss:not_in_candidates		S1-794571179	Sunrise Food Pvt Ltd	New No.18, Old No48, K.B.Dasan Road 1St Floor Alwarpet, Chennai, Tamil Nadu	S2-343459797	சன்ரைஸ் ஃபுட் பிரைவேட் லிமிடெட்	CHENNAI, NO 18, MADRAS, தமிழ்நாடு
miss:not_in_candidates		S1-603455765	Tri-State Excavation Inc	7706 20th Drive, Phoenix, AZ	S3-660185298	Tri-State Inc Center	Arizona, 20th Dr, Phoenixcdp
miss:not_in_candidates		S1-704436946	XFX Bridge Corp	96/5 Dharmtalla Road Salkia, Howrah, West Bengal	S2-248151155	XFX Bridge	
miss:not_in_candidates		S1-106096152	Oralia Tomei Private Group	876 Overlook Ridge Drive, Cleveland, OH	S2-135388305	Oralia [Tomei]	
miss:not_in_candidates		S1-597822848	Multi Brothers	Dno31-10-4, Ananda Samraj, Kurmannapalem, Pedagantyada, Visakhapatnam, Vishakhapatnam, Andhra Pradesh	S3-789207124	Mu1ti Brothers Brothers	Dno31-10-4, Visakhapatnam, Vishakhapatnam, AP
miss:not_in_candidates		S1-415672616	Innovative Big Care Pvt Ltd	Flat No. C.301, Plot 279, Sec 23, Suyog Arcade Gavdevi Chawk, Juinagar, Sanpada, Navi Mumbai, Mumbai City, Maharashtra	S3-281674845	इनोवेटिव बिग केयर प्रा. लि.	Mumbai City, Navi Mumbai, Flt No. C.301, MH
miss:below_threshold	0.32624607801048366	S1-173398592	Ibg Software Limited	B Wing, 3Rd Floor, Soul Space Paradigm, Marathahalli, Bangalore North, Bangalore, Karnataka	S3-492764660	Ibg Software	Block G-358 B Wing, Bangalore, Bangalore North, ಕರ್ನಾಟಕ
miss:not_in_candidates		S1-82573069	O/D Eaton LLC	618 Mclaw Drive, Newport News City, VA	S3-730900578	O/D LLC  Center	
miss:not_in_candidates		S1-530439859	Jay International Private Limited	10/62, F/F Punjabi Bagh, New Delhi, West Delhi, Delhi	S2-655370680	Jay  Private Limited Services	PLOT 793 10/62, F/F PUNJABI BAGH, NEW DELHI, Delhi
miss:below_threshold	0.5814615099657412	S1-849540943	Shyam Management Private Limited	2 Khetra Das Lane Mission Roadextended, Kolkata, Calcutta, West Bengal	S3-82206791	shyam management private limited	#1 Khtra Das Lane Mission Roadextended, Calcutta, Kolkata, WB
miss:not_in_candidates		S1-193603753	City Systems Private Limited	Shop No 5 Basement 5, Vitrag Vhertx, Rly Lines, Solapur North, Solapur, Maharashtra	S2-498550141	सिटी सिस्टम्स प्राइवेट लिमिटेड	Maharashtra, SOLAPUR, BASEMENT 5
miss:below_threshold	0.4151584826069458	S1-747296194	Coastal Coalition LLC	6927 Camden Drive, New Albany, OH	S3-235618146	Coastal Cóalition LLC	Ohio, New Albany, 6929 Camden Drive
miss:below_threshold	0.09094236856286185	S1-748581494	Miahat Telecommunication Private Limited	C/O.Mazharul Gous. Vill., Rashidpur Mihahat H C Pur, Miahat, Malda, West Bengal	S3-677815656	Miahat Telecommunication Pirvate Limited	Hn 603 C/o.mazharul Gous. Vill., Malda, Miahat, পশ্চিমবঙ্গ
miss:not_in_candidates		S1-425196968	Sai Mills Corporation	1St Floor, Bihar, Biharsharif, Nalanda, Waris Manzil, 0.9 Km North Naisarai-Emadpur Road, Chhajju Shahkamal	S2-404743089	SAI CORPORATION  SERVICES	H.NO 1ST FLOOR, WARIS MANZIL, 0.9 KM NORTH NAISARAI-EMADPUR ROAD, CHHAJJU SHAHKAMAL, BIHARSHARIF, Bihar
miss:below_threshold	0.4333055091201288	S1-672300730	Rhonda Lopez, P.A.	557 1/2 Avenue, Town Of Vance Creek, WI	S2-390561335	Rhonda-Loep, P.A.	55 1/2 AVE, PO BOX 3610, PRAIRIE FARM, WI
miss:below_threshold	0.423351659336345	S1-495953784	Shiva Estate Private Limited	No. 94, R -2, R T Nagar, 3Rd Main, 1St Block, Bangalore North, Bangalore, Karnataka	S3-326002603	ಶಿವ ಎಸ್ಟೇಟ್ ಪ್ರೈವೇಟ್ ಲಿಮಿಟೆಡ್	No. 93, R -2, R T Nagar, 3Rd Main, 1St Block, Bangalore North, Bangalore, ಕರ್ನಾಟಕ
miss:below_threshold	0.1980170669892022	S1-173238415	Smith Collective Inc	301 Ferndale Drive, Mckinney, TX	S3-770999289	Smith Collective	
miss:not_in_candidates		S1-401425359	Urban Consultants Private Limited	House No. 4, Block-C, Pkt-1 Sector-11, Rohini, Delhi, North Delhi, Delhi	S3-38359096	अर्बन कंसल्टेंट्स प्राइवेट लिमिटेड	House No. ##4, null, North Delhi, Delhi, DL
miss:not_in_candidates		S1-11538124	PXB Techinfra Private Limited	Shop No.7, Shah Heritage Chs Ltd. Plot No.9 Sector-42A, Seawoods, Nerul, Navi Mumbai, Thane, Maharashtra	S2-778568696	PXB Techinfra Private Ltd	
miss:below_threshold	0.033953884732663586	S1-331546222	India Solution (India) Corp	061, Sarathi C H Society, Nr Drive-In-Cinema, Memna, Ahmadabad City, Ahmedabad, Gujarat	S2-32896869	Dr INDIA (INDIA) CORP SERVICES	161, SARATHI C H SOCIETY, NR DRIVE-IN-CINEMA, MEMNA, AHMADABAD CITY, Gujarat
miss:not_in_candidates		S1-555641344	Jan Clothing Private Limited	Rajkot, Capital Market 101, 22 Jagnath Plot, Rajkot, Gujarat	S2-184083142	Jan Clothing	
miss:not_in_candidates		S1-568635069	Dynamic Learning Global Inc	6249 Eagles Roost Drive, Tucson, AZ	S2-956491789	Ciranyla	TUCSON, EAGLES ROOST DRIVE, AZ
miss:assigned_elsewhere	0.14185135329898899	S1-122085168	Ram Energy Private Limited	Sn-28/1B, Tiny Industrial Estate, Kondhwa Kondhwa Bk. Punyadham Asharam Road, Pune, Maharashtra	S3-400252603	Ram Ram Energy Limited Center	
miss:not_in_candidates		S1-446896672	New Management LLP	Unit 201, 2Nd Floor, 8-2-686/Dc/8/201, Dev Dhanuka Prestige, Plot No 8, Road No 12, Banjara, Hills, Hyderabad, Telangana	S3-220540460	*** New-Managemient LLP	Unit C-201, Hyderabad, తెలంగాణ
miss:not_in_candidates		S1-919247494	Desert Society	212 Valladolid Avenue, Laredo, TX	S3-703236226	Desert Society Trading	
miss:below_threshold	0.27379558845628915	S1-44897487	Brookston Berkley Clinic	6774 700, Brookston, IN	S2-898008262	Brookston Berkley Clinic  LLC	700, PMB 7409, BROKSTON, IN
miss:assigned_elsewhere	0.43731812438455403	S1-608683955	Sales Pediatrics PC	1885 19th Street, City Of Fennimore, WI	S2-671525932	SALES PEDIATRICS	
miss:not_in_candidates		S1-907503845	Dental Health Inc	OH, 111 Quail Road, Perrysburg	S2-551792443	Dental Inc Services	111 QUAIL RD, PERRSBURG CITY, OH
miss:not_in_candidates		S1-48644058	White It Limited	Tamil Nadu, Natham, 114 D1/B N Kovilpatty, Natham Madurai Main Road, Dindigul	S3-516690912	White It லிமிடெட்	
miss:below_threshold	0.29152013797931436	S1-409549098	Gilda P. Warren, O.D., DDS PC	AZ, Green Valley, 5802 Henderson Canyon Drive	S2-77907565	GILDA-P. WARREN, O.D., DDS	5791 HENDERSON CANYON DRIVE, GREEN VALLEY, AZ
miss:below_threshold	0.09709757705231481	S1-874601001	Om All International Private Limited	Plot No-1637, At-Ambiligaon, Kakatpur, Puri, Orissa	S3-989015320	Om-All International Pravate Limited	Plot No-163, Kakatpur, Puri, ଓଡ଼ିଶା
miss:not_in_candidates		S1-708166164	Primary Care Clinic PLLC	1405 Madison Street, City Of Waukesha, WI	S3-480376503	Primary Cerrae Clinic PLLC	
miss:not_in_candidates		S1-620022868	Gulf Summit Kimco	1551 Rigby Lane, Pueblo West, CO	S2-26122261	Gulf Sdbt Kimco	
miss:not_in_candidates		S1-262471486	Cornerstone Allstate LLC	6 Jordan Avenue, Unit Apartment B, Liberty, NY	S2-782777778	Comerstone LLC Partners	NY, LIBERTY, 6 JORDAN AVE
miss:not_in_candidates		S1-559995332	Premier Inpoint LLC	4001 Camelback Road, Unit 19, Phoenix, AZ	S2-271154884	Premier Inp0int  L.L.C.	
miss:below_threshold	0.095840669866185	S1-351860277	English Runway	122 Kings Road, Carpentersville, IL	S3-132458927	English Center	123 Kings Rd, Carpentersville, Illinois
miss:below_threshold	0.5452753043575359	S1-303389485	Cardiology Dynamic Care LLC	212 Franklin Avenue, Dayville, OR	S3-959971919	Cardiology Dshynamic  Care LLC	
miss:below_threshold	0.0574882211969457	S1-684983790	Rutz Sachem LP	3100 11th Avenue, Unit Lot A15, Minot, ND	S2-548919685	Rutz LP [Center]	3101 ELEVENTH AVE, MINOT, ND
miss:below_threshold	0.44156351402902766	S1-501136410	Classic Technology Limited	Flat No. 901, Plot No. 12, Vraj Building Vithal Naga, Mumbai, Maharashtra	S2-287946888	क्लासिक टेक्नोलॉजी लिमिटेड	FLAT NO. 701, PLOT NO. 12, VRAJ BUILDING VITHAL NAGA, RAIGAD, MUMBAI, Maharashtra
miss:below_threshold	0.5287722924131649	S1-828302204	Mac Foundation	214 C R Avenue, Kolkata, Calcutta, West Bengal	S3-673341637	Mac Cénter	214- C R Avenue, Kolkata, Hatibagan, WB
miss:below_threshold	0.4140633412915583	S1-637644988	OPQ Pipe Private Limited	C/O Om Shanker Panday, Bhagwant Nagar Mallawan, Hardoi, Uttar Pradesh	S2-372599311	OPQ Pipe Prcivabse Limited	PLOT 5-332 C/O OM SHANKER PANDAY, BHAGWANT NAGAR MALLAWAN, HRADOI, Uttar Pradesh
miss:below_threshold	0.2282468238119786	S1-61835224	Bell, Sher, DDS	760 Kostner Avenue, Chicago, IL	S2-507189173	Bell, Sher, DDS Inc.	IL, CHICAGO, 758 KOSTNER AVENUE
miss:below_threshold	0.1362413434148738	S1-274341146	Muller, Perkins & Hogue LLC	2142 9th Avenue, City Of Oshkosh, WI	S3-864538724	Deltapyranyla	2142-2146 Ninth Ave, City Of Oshkosh, Wisconsin
miss:assigned_elsewhere	0.0032425183362116837	S1-289408333	Prime Trust	C/O Md Answar Ali 6 Mile, Burdwan - I, Bardhaman, West Bengal, More, Mahachanda, Bhatar	S3-734366878	Prime Tdtu	
miss:not_in_candidates		S1-85403984	Bolinex Spa LLC	2612 Kashaya Drive, Fairfield, CA	S2-203929742	BOLINEX 5PA LLC	
miss:not_in_candidates		S1-404029719	Peak Paceline, PLLC	IN, 2585 950, Owensville	S2-626422553	Peak PLLC Center	2585-2589 950, OWENSVILLE CITY, IN
miss:assigned_elsewhere	0.007764153578732831	S1-405521359	Innovative Travel Pvt Ltd	12, Bharat Smurti, M P Road, Thane, Maharashtra	S3-162254664	IT	Thane, Maharashtra, Bharat Smurti, M P Road, 12
miss:below_threshold	0.3880616697915034	S1-34138117	Tejya Construction Private Limited	Ahvan 42A, Biplabi Anukul Chandra Street, 2Nd Floor, Room No - 21, Kolkata, Kolkata, Howrah, West Bengal	S3-648043778	Prvggte Tejya Construction Limited	No 678 Ahvan 42A, Kolkata, Howrah, WB
miss:not_in_candidates		S1-941357875	Gold Energy Limited	Kurji Kothiya, Vikash Nagar, Road No-6, Po- Sadaquat Ashram, Digha, Patna, Patna, Bihar	S2-286443292	गोल्ड एनर्जी लिमिटेड	HN 460 KURIJ KOTHIYA, PATNA, Bihar
miss:below_threshold	0.21908036996241906	S1-530418491	Delta Precision Thayer	681 High Street, Unit Suite 387, Victor, NY	S3-167774454	Delta Thayer  Precision	PO Box 9380, 68 High Saint, Victor, New York
miss:not_in_candidates		S1-733770430	Aspen P.C.	1 Hillcrest Circle, Oneonta, AL	S2-290156125	Aspen LLC LLC	
miss:assigned_elsewhere	0.0007683091273457231	S1-614448082	Smart Developers	Flat No 6, Kanchwala Tower, Near Rangubai Junnare School, Kathe Galli, Dwarka, Nashik, Maharashtra	S3-820884471	Smart Developers	6, Nashik, MH
miss:assigned_elsewhere	0.000055487661120609984	S1-513709736	Secure Defense Industries LLC	253 Dayton Yellow Springs Road, Unit 315, Fairborn, OH	S3-60394487	Partners Secure Industries LLC	281 Dayton Yellow Springs Rd, # 315, Fairborn, Ohio
miss:below_threshold	0.05400099308556413	S1-798852559	Clear Biomedical Corporation	9376 Tartan View Drive, Fairfax County, VA	S3-843204869	Clear Biomedical | www.clearbiom.com	9376 1/2 Tartan View Dr, Fairfax, Virginia
miss:not_in_candidates		S1-849358862	Engineering Relax Consultants Private Limited	C/O Ramachandran, Pattamundakkal House, Koyilandi, Kozhikode, Kerala	S3-586013328	Engineering Relax Consultants Private Ltd	
miss:below_threshold	0.5706846703555662	S1-37960933	Ideal & Brothers	1No. Dabgram (Udayan) Colony Back Side Of Boba School, Siliguri, Darjeeling, West Bengal	S2-476355518	Ideal Brothers Center	BLOCK C-830 1NO. DABGRAM (UDAYAN) COLONY BACK SIDE OF BOBA SCHOOL, SILIGURI, পশ্চিমবঙ্গ
miss:not_in_candidates		S1-32292777	Ava Vanijya Private Limited	Pl No 1 Sno 719, B/H H.D.F.C Office, Sharanpur Road, Nashik, Maharashtra	S3-649940868	Sri Ava Private Limited Partners	Pl No 1 Sno 719, Nashik, <NULL>, MH
miss:not_in_candidates		S1-620832315	Tripp Heartland Black Clinic	14706 Grant Avenue, Lakewood, WA	S3-69432747	heart1andtripp.com	Washington, Lakewood, 14706-B Grant Ave
miss:assigned_elsewhere	7.104770491258154e-6	S1-907496409	Global Urban Infotech Private Limited	Old Sy.No.1, New No.1482/, 2Paiki Plot-2 Sec Flr, Surat City, Surat, Gujarat	S2-690782985	ગ્લોબલ અર્બન ઇન્ફોટેક પ્રાઇવેટ લિમિટેડ	OLD SY.NO.G-1, MUMBAI, SURAT, Gujarat
miss:below_threshold	0.3851200249164678	S1-251000724	Lay Allied Wholesale Inc	10305 Friendship Court, Fairfax County, VA	S3-528679292	The  Lay Allied Wholesale Inc	10312 Friendship Court, Fairfax, Virginia
miss:assigned_elsewhere	0.00007006933323861857	S1-349256851	Saint Lutheran Church PLLC	5001 College Street, Unit 301, Lacey, WA	S2-337573450	Saint Church PLLC Partners	5001 COLLEGE SAINT, LACEY, WA
miss:below_threshold	0.3057465586609869	S1-246450966	Betta's Better Realty	5742 125th Lane, Hugo, MN	S2-844212508	Betta's Better Realty Inc.	5747 125RD LN, PO BOX 7056, HUGO, MN
miss:below_threshold	0.315285897223774	S1-552783578	International International Pvt Ltd	J-001, Shriram Adithya Apartments, Chikalsandra Banashankari 3Rd Stage, Bangalore, Karnataka	S2-11049346	Sri International International International	Karnataka, J-2-001, SHRIRAM ADITHYA APARTMENTS, CHIKALSANDRA BANASHANKARI 3RD STAGE, BANGALORE
miss:not_in_candidates		S1-901092888	Harbor College	1401 Johnson Street, South Bend, IN	S2-228175186	Harbor Cfombge	
miss:below_threshold	0.5178791570706786	S1-675627628	Eway Enterprises Co	Gokul Nagar, Nr. Shastri Nagar, Ravapar Road, Village Morbi, Morbi, Gujarat	S3-856202012	Eway Co  Services	Morbi, #0972 Gokul Nagar, GJ, Village Morbi
miss:not_in_candidates		S1-679791583	Vijayawada (Rural) Estate Private Limited	Vijayawada (Rural), Neelam, Sanjeevaiah Reddy Nagar, 8-245/Fof-2, Andhra Pradesh, Krishna	S3-546119628	Vijayawada Private Estate  (Rural) Limited	
miss:not_in_candidates		S1-952332325	Li Ultra Inc	7233 Procopio Circle, Columbia, MD	S2-482600752	Li Inc Services	MD, COLUMBIA, PROCOPIO CIR
miss:below_threshold	0.012941700615472933	S1-123005698	Seal Learning Ltd	401, Mahavir House, Basheerbagh, Opp;Uti Bld., Hyderabad-29., Telangana	S2-421979713	Seal Learning Learning	PLOT 2-851 401, MAHAVIR HOUSE, BASHEERBAGH, OPP;UTI BLD., Telangana
miss:assigned_elsewhere	0.0003418041936443808	S1-993891940	Good It	1St Second Cross, 80 Feet Road, K R Garden, Bangalore South, Bangalore, Karnataka	S2-551917025	ಗುಡ್ ಐಟಿ	H.NO 1ST SECOND CROSS, BANGALORE SOUTH, Karnataka
miss:below_threshold	0.4602633009790681	S1-725753204	Sarria, Day and Reinert Fifth LLC	315 Youngstown Kingsville Road, Unit B, Vienna, OH	S3-945056631	Sarria, Day-And Reinert Fifth (LLC)	315 1/2 Youngstown Kingsville Road, # B, Vienna, Ohio
miss:not_in_candidates		S1-416844781	Gonzalez Animal Hospital PLLC	155 Martin Road, Kinston, AL	S2-207462691	Gonzalez Animal Hóspital PLLC	
miss:assigned_elsewhere	0.21423833257425745	S1-323144686	Family Quality Care Associates Inc	Cincinnati, 5550 Little Flower Avenue, OH	S2-428540112	FAMILY-QUALITY INC ASSOCIATES ASSOCIATES CARE	
miss:not_in_candidates		S1-355416606	Mumbai Multipurpose Private Limited	1St Flr, Sai Shradha Parsiwadi Santacruz (East) Nr Shiv Hanuman Mandir, Kalina, Mumbai, Mumbai City, Maharashtra	S3-631881346	Belowex	#1St Flr, Mumbai Ii, Mumbai, MH
miss:below_threshold	0.25352717071652286	S1-910563810	R & H Infrastructure LLC	416 Limerick Drive, Lynchburg, OH	S2-775727990	R & H Infrastructure	741B LIMERICK DR, LYYNCHBURG, OH
miss:below_threshold	0.2577932954320649	S1-114847403	Horizon Energy Dynamics LLC	32694 Belmont Drive, Avon Lake, OH	S3-172806622	Horizon Energy Dynamics LLC	3245 Belmont Drive, Avon Lake, Ohio
miss:not_in_candidates		S1-184670639	Human Rights Trust	3797 370 Road, Spaulding, OK	S3-301697470	Human Relghts Trust	
miss:below_threshold	0.34755207826780443	S1-966707777	Creative Electronics Studios, Inc.	12621 Matherson Avenue, Cleveland, OH	S2-934791272	CREATIVE ELECTRONICS SRTUO, INC.	
miss:not_in_candidates		S1-175418004	Warn, Garrison and Baker Inc.	1603 Early View Drive, Unit COND, Anchorage, AK	S2-55656667	WARN, GARRISON AND BAKER INCORPORATED	
miss:below_threshold	0.4166704493870512	S1-157069779	Northern Edison Care	Leon, IA, 27707 215th Street	S2-239000723	Northern Edison  Care	27519 215TH STREET, LEON, IA
miss:below_threshold	0.4094235906960502	S1-476427005	Kagdaspura Road C.V. Raman Nagar India Limited	Bangalore, Kagdaspura Road C.V. Raman Nagar, 68, Rama Kutir, Versova Layout, Karnataka	S2-351637533	KAGDASPURA ROAD C.V. RAMAN INDIA LIMITED (SERVICES)	PLOT 691 68, RAMA KUTIR, VERSOVA LAYOUT, KAGDASPURA ROAD C.V. RAMAN NAGAR, N/A, Karnataka
miss:not_in_candidates		S1-67385557	Abra Estate Corporation	No 19, Krishna Nagar Industrial Layout Hosur Road, Bangalore, Karnataka	S3-291992984	M/s Abra Estate Corp	
miss:below_threshold	0.07674837591603761	S1-945493787	Anand Constructions LLP	A 5 Cuttack Road, Bhubaneswar, Puri, Orissa	S2-109577505	ଆନନ୍ଦ କନଷ୍ଟ୍ରକସନ୍ସ୍ ଏଲ୍‌ଏଲ୍‌ପି	A ##5 CUTTACK ROAD, PURI, BHUBANESWAR, Odisha
miss:below_threshold	0.358939051575026	S1-31270578	Foot & Ankle Partners of Huntington	NY, Huntington, 29 Wagon Wheel Lane	S2-139081809	Foot & Ankle Partners of Huntington Inc.	#1 WAGON WHEEL LN, DIX HILLS, NY
miss:not_in_candidates		S1-932223563	Sree Energy (India) Ltd	# 1392, 3Rd Main, 4Th Cross Prakash Nagar, Bangalore, Karnataka	S2-873320941	Sree Energy (India)  Limited	
miss:not_in_candidates		S1-86883302	Great Mae Corp	Seattle, WA, 5543 34th Avenue	S3-784496533	Great	5543 34th Avenue, Seattle, WA
miss:not_in_candidates		S1-312664369	Jain Sree Impex Private Limited	921, 9Th Floor, Maker Chamber - V 221 Nariman Point, Mumbai, Mumbai City, Maharashtra	S2-868732046	जैन श्री इम्पेक्स प्राइवेट लिमिटेड	G-976 921, MUMBAI, MUMBAI CITY, महाराष्ट्र
miss:below_threshold	0.3611980714506516	S1-259670204	Torres Newhold	8668 State Rt 41, Troy, OH	S3-372547280	Torres Nehold	
miss:assigned_elsewhere	0.000039498048938670384	S1-970267239	Nguyen Mountain Internet LLC	444 Port William Road, Wilmington, OH	S2-193630932	Zephorbi	444A PORT WILLIAM RD, WILMINGTO TOWNSHIP, OH
miss:below_threshold	0.2751624570885206	S1-230393646	Kolkata Services Private Limited	109 N S Road, Room No 48 4Th Floor, Kolkata, Howrah, West Bengal	S3-243714988	Kolkata Services Private Ltd	09 N S Road, Kolkata, Howrah, WB
miss:assigned_elsewhere	0.39306151548154766	S1-249616846	National Total Communications LP	8 Maple Street, Helper City, UT	S2-72832463	National Total Communications LLC	
miss:below_threshold	0.2041143773469261	S1-204141427	Ely Machines LLC	1409 E North St, Algona, IA	S2-674262029	Ely Machines	140 E NORTH ST, ALGONA TOWNSHIP, IA
miss:not_in_candidates		S1-593675648	Complete Regions LLC	735 James Street, Unit Apartment 11, Rome, NY	S3-940738832	Complete LLC Service	
miss:not_in_candidates		S1-971038207	City Marketing Private Limited	Wasti, Maharashtra, 255/2/3, Flat No. E-12, Kadam Wak, Pune, Vaishnavi Complex	S3-216810795	City Marketing Limited Services	
miss:not_in_candidates		S1-958692921	One Projects	At- 406, Orissa, Po- Chandini Chowk, Cuttack, Ward No.11, Jajodia Bhawan Bakharabad	S3-789092611	ୱାନ୍ ପ୍ରୋଜେକ୍ଟସ୍	At- 406, Po- Chandini Chowk, Cuttack, OD
miss:assigned_elsewhere	0.0010654361320197774	S1-523053131	Valley Pediatrics	631 Penn Street, Belleville, IL	S2-205321696	VALLEY  PARTNERS	631. PENN ST, BELLEVILLE, IL
miss:not_in_candidates		S1-113049704	Bay Fellowship	OR, Portland, 2383 43rd Avenue	S3-48582520	Bay Fellowship Trading	
miss:assigned_elsewhere	0.00009859345879182709	S1-904628742	Shakti Ss Tech Private Limited	Plot No.3, Jeewan Nagar, Ind. Area Phase Ii, Sec89, Faridabad, Haryana	S2-239173306	शक्ति एसएस टेक प्राइवेट लिमिटेड	3, FARIDABAD, हरियाणा
miss:not_in_candidates		S1-20718716	Green Group	2- 40/5, Kothaguda, Near Hi Tech City, Kondapur, Hyderabad, Telangana	S3-890121815	Green	Hn A-290 2- 40/5, Kothaguda, Near Hi Tech City, Kondapur, తెలంగాణ
miss:not_in_candidates		S1-24919529	Al Shakti Software Private Limited	Flat No-302, 4Th Floor Indira Homes, Jharpara, Bhubaneswar, Khordha, Orissa	S2-748852889	ଅଲ୍ ଶକ୍ତି ସଫ୍ଟୱେୟାର୍ ପ୍ରାଇଭେଟ୍ ଲିମିଟେଡ୍	FLAT NO-30, KHORDHA, BHUBANESWAR, Odisha
miss:not_in_candidates		S1-330347736	Ven Home Private Limited	South City-1, A-50, Gurgaon, Sadar Bazar, Haryana	S2-433351865	Limited Ven Private Center	A-50, SOUTH CITY-1, GURGOAN, GURGAON, Haryana
miss:not_in_candidates		S1-78302962	New Delhi Health Private Limited	81, Shankar Market Cannaught Circus, New Delhi, Central Delhi, Delhi	S3-965617433	Orbiriza	81, New Delhi, Central Delhi, DL
miss:assigned_elsewhere	0.000108125823312626	S1-917656882	City Media Private Limited	Ee-169 1St Floor, Avantika Exit, Ghaziabad, Uttar Pradesh	S2-330994360	सिटी मीडिया प्राइवेट लिमिटेड	EE-469 1ST FLOOR, Uttar Pradesh, GHAZIABAD
miss:not_in_candidates		S1-580422410	Trichy Lifestyle Clinic	Trichy, Tamil Nadu, 5/11, Tiruchirappalli, Chinna Sowrastra Street, T.T. Road, Backside To Bg Naidu Sweets, Woraiyur	S2-144897876	lifestyletrichy.com	11, TRICHY, TIRUCHIRAPPALLI, Tamil Nadu
miss:not_in_candidates		S1-908336788	XL (india) Private Limited	Room No.18, 2Nd Floor, Coronation Bulding Fatehpuri Chandni Chowk, Delhi, Central Delhi, Delhi	S3-69246482	XL Private Limited [Services]	Room No.18., Delhi, Sadarbazar, DL
miss:below_threshold	0.5285021798470793	S1-988937363	Classic Aerospace Corporation	417 Park Lake Drive, Montgomery, AL	S3-761618213	CORPORATION AEROSPACE CLASSIC	415 Park Lake Dr, Montgomery, Alabama
miss:not_in_candidates		S1-134710636	Good Enterprises Private Limited	16-11-741/C/8/A, 1St Floor, Moosarambagh, Opposite To Aadhya College, Amberpet, Hyderabad, Telangana	S2-720611695	Good Enterprises Private (Limited)	
miss:assigned_elsewhere	0.010435045559792569	S1-86014575	Green Urban Food Pvt Ltd	R-59 Greater Kailash-I, New Delhi, South Delhi, Delhi	S2-316360946	ग्रीन अर्बन फूड प्रा. लि.	R-59/4 GREATER KAILASH-I, NEW DELHI, SOUTH DELHI, Delhi
miss:not_in_candidates		S1-469014674	Sant Advisors	585 New Shaniwar Peth, Pune, Maharashtra	S3-768907261	M/s Sant Center	85 New Shaniwar Peth, Pune, Poona, महाराष्ट्र
miss:not_in_candidates		S1-991923644	Shivani Exim Pvt Ltd	U-38, 1St Floor, Aggarwal Business Centre, Mother Dairy Road, Shakarpur, Delhi	S3-685551563	Shivani Pvt Ltd Services	U-38, 1St Floor, Aggarwal Business Centre, Mother Dairy Road, Delhi, East Delhi, DL
miss:below_threshold	0.1288892119326443	S1-359883973	Mystic Chemicals Private Limited	P.No. 9 Flat No G-3, Jaipur, Rajasthan	S3-279134281	Shri Mystic Chemicals Private Ltd	
miss:not_in_candidates		S1-846681229	Future Management Private Limited	Manik Colony, Opp. Amrut Apt. Pimpri Chinchwad, Pune, S.No. 276, Maharashtra	S2-481671522	फ्यूचर मैनेजमेंट प्राइवेट लिमिटेड	PUNE, S.NO. 276, PUNE, Maharashtra
miss:not_in_candidates		S1-747014662	New One Logistics Pvt Ltd	Flat 03, Sunita Park Bldg, B Wing, Chandavarkar Lane, Borivali West, Mumbai, Maharashtra	S3-326071849	न्यू वन लॉजिस्टिक्स प्रा. लि.	Flat 03, Borivali West, Mumbai, MH
miss:assigned_elsewhere	0.6706172035215994	S1-521024845	Vision Care of Dekalb	510 4th Street, Dekalb, IL	S2-419042551	Vision [Care]	510 4ND ST, DEKALB, IL
miss:not_in_candidates		S1-150728631	L 4 I Allstate PLLC	CA, 5995 York Glen Way, Sacramento	S2-732204151	L 4 I Enterprises	
miss:below_threshold	0.351506153812354	S1-973017705	Vijayalakshmi Hospitality Private Limited	Gaiwal Bigha, Nutan Nagar Anchal - Nagar, Gaya, Bihar	S2-455801515	Dr Vijayalakshmi H0spitality  Limited Center	
miss:not_in_candidates		S1-603991464	Tirupati Perfect Technology Private Limited	Tamil Nadu, Guruvareddy Estate Kempatty, Kampatty, Dharmapuri, Krishnagiri, Sf.No. 38/2	S3-480571307	திருப்பதி பர்ஃபெக்ட் டெக்னாலஜி பிரைவேட் லிமிடெட்	Sf.n. 38/2, Krishnagiri, Mathakondapalli, TN
miss:assigned_elsewhere	0.0000599317793501756	S1-558117556	Patriot Industries	275 Mashentuck Road, Killingly, CT	S3-818809054	Patriot Center	275 Mashentuck Rd, Killingly, Connecticut
miss:assigned_elsewhere	0.011954009557934023	S1-992963191	Lee, Marin & Allen Paloma Inc	ME, 189 River Road, Standish	S3-524042831	lm.com	River Road, Standish, Maine
miss:not_in_candidates		S1-528368042	Digital Hospitality	11, Ojas Heights Appt, Maharashtra, Nashik, Flat No-08 Pl.No-10, Nashik	S3-327670060	Beloonyx DBA Digital Hospitality	Maharashtra, Flat No-08 Pl.No-10, Nashik, 11, Ojas Heights Appt, Nashik
miss:below_threshold	0.5834053584683884	S1-77100465	Unidus Jute Ltd	Ff-103, Vrundalaycomplex, Opp.Ongc, Neardenabank, Makapuraroad, Vadodara, Gujarat	S2-215821344	M/s UNIDUS JUTE (LTD)	
miss:not_in_candidates		S1-84705521	First Israel	1389 Genevieve Street, San Bernardino, CA	S3-587323030	First Israel Trust	
miss:not_in_candidates		S1-121750355	Cardiology Safe Care LLC	ND, 906 12th Street, Watford City, Unit Lot 64	S3-198920902	Cardiology Care LLC Partners	906 12th Street, # Lot 64, Watford City, North Dakota
miss:not_in_candidates		S1-126990308	Sai Consulting Limited	A-206 Krishna Kunjparleshwar Road Vile Parle E, Mumbai, Maharashtra	S3-25702236	Sai Cónsúlting Limited	
miss:not_in_candidates		S1-388708109	Metropolitan Lake Inc	1543 Dorothy Street, Houston, TX	S2-875120657	Metropolitan Inc [Services]	1543 DOROTHY ST, HOUSTON, TX
miss:below_threshold	0.13226694347990278	S1-775628471	Eye Prime Clinic, LLC	104 8th Avenue, Conover, NC	S3-114946946	eye prime clinic, llc	103 8th Avenue, Conover, North Carolina
miss:below_threshold	0.5520392582094236	S1-117334720	Shiva Software Limited	41 Sumtinath, Industrial Estate, Behind Tangent Furniture Off Link Road, Malad West, Mumbai, Mumbai City, Maharashtra	S2-108055000	Shiva Software Ltd	11 SUMTINATH, INDUSTRIAL ESTATE, BEHIND TANGENT FURNITURE OFF LINK ROAD, MALAD WEST, MUMBAI, Maharashtra
miss:below_threshold	0.5837522535302858	S1-964774684	Savera Trading Private Limited	Plot No. 13, F/F, N Block Extension Mohan Garden, Uttam Nagar, Delhi, West Delhi, Delhi	S3-571637480	Savera Trading	F/f, N Block Extension Mohan Garden, Uttam Nagar, Delhi, Plot No. 14, DL, West Delhi
miss:below_threshold	0.14151706613034676	S1-544761947	Cardiology Patriot Health	2484 Haviland Court, Mansfield, OH	S3-163186099	Cardiology Patriot Health  Trust	
miss:not_in_candidates		S1-612411520	Miller Corporation	12129 Bale Road, Lolo, MT	S3-87525905	miller corporation	
miss:not_in_candidates		S1-899053398	Aditya Unique Ventures Pvt Ltd	Viii/25 C, Ku Tower, Baghavathiparambil House, Ponnani, Malappuram, Malapuram, Kerala	S3-454330871	venturesuniqueaditya.com	Viii/025 C, Malappuram, Malapuram, KL
miss:below_threshold	0.44175510807876445	S1-694415012	Advanced Aviation LLC	North Vernon, 525 Easy Street, IN	S2-444035139	Advanced Áviation Áviation LLC	IN, NORTH VERNON, 52 EASY ST
miss:not_in_candidates		S1-203031105	Unique Impex Private Limited	13/181, 3Rd Floor, Geeta Colony, Delhi, East Delhi, Delhi	S2-423461764	यूनिक इम्पेक्स प्राइवेट लिमिटेड	13/181, DELHI, EAST DELHI, Delhi
miss:below_threshold	0.3025134779923432	S1-274911722	Hong Interstate Medicines LLC	1998 2100 Road, Watseka, IL	S2-163917918	Hong Interstate Médicines LLC	1996 2100 ROAD, WATSEKA, IL
miss:below_threshold	0.5459101788473758	S1-200017000	Varshraj Two Private Limited	2 T/F, Palam Marg, Olof, Vasant Vihar, Near Palam, New Delhi, Delhi	S3-908349298	Varshraj Limited Private Tw0	T/f, Palam Marg, Olof, Vasant Vihar, Near Palam, New Delhi, DL
miss:not_in_candidates		S1-907730689	Unique Investment Limited	Nashik, Jai Bhavani Road, Nashik Road, Maharashtra, Nashik, Kshitij Bunglow	S2-807464192	यूनिक इन्वेस्टमेंट लिमिटेड	KSHITIJ BUNGLOW, NASHIK, Maharashtra
miss:not_in_candidates		S1-996035430	Life Power	10.4.771/8/1, Flat No 204, Ramakrishna Arcade Sri Ram Nagar Colony, Hyderabad, Telangana	S3-690653178	Life  Services	తెలంగాణ, Hyderabad, Flat No 204, Ramakrishna Arcade Sri Ram Nagar Colony, 10.4.771/8/1, Hyderabad
miss:not_in_candidates		S1-233694913	W & S Precious	424 Airport Drive, Fl 0, Cave Junction, OR	S2-22017518	W & [S]	424 AIRPCRT DR, CAVE JUNCTOIN, OR
miss:below_threshold	0.2907044996957897	S1-725665929	Tripp, Burns & Owen Corp	1278 Bimeler Street, Bolivar, OH	S3-251521216	Tripp, Burns Owen Corp 5ervices	
miss:not_in_candidates		S1-394966341	Snyder, Mendoza & Mccluskey Newtekone LLC	2640 24, Newport, NC	S2-48831701	Keloxylocalo	NC, 1640 24, NEWPORT
miss:below_threshold	0.5026490284075856	S1-779600656	Dynamic Infotech Private Limited	Sno61/2Kundan Realestate, Pim.Saudagar Rowhoue-6, Pune City, Pune, Maharashtra	S3-367779866	Dynamic  Infotech Limited Services	Block F-6-42 Sno61/2kundan Realestate, Pim.saudagar Rowhoue-6, Pune City, Pune, महाराष्ट्र
miss:below_threshold	0.448098136459065	S1-512613634	Precision Blue Lifestyle, Inc	7148 Fallen Leaf Street, Wilsonville, OR	S2-757004770	Precision Lifestyle, Blue Inc	006760 FALLEN LEAF STREET, WILSONVILLE, OR
miss:not_in_candidates		S1-392523175	Unified Perfect	1418 Orange Hill Road, Sealy, TX	S2-94813386	Unified Center	1406-B ORANGE HILL ROAD, SEALY, TX
miss:not_in_candidates		S1-250682265	Jaipur Council Limited	90-A, Taranagar, Jhotwara, Jaipur, Rajasthan	S2-155983845	Xylobelo	90-A, JAIPUR, राजस्थान
miss:not_in_candidates		S1-523560186	Singapore Infra Private Limited	Bangalore, 2Nd Cross, Vishweshwariah Rd Bommanahalli, Near, Bhaanu Nursing Home, Karnataka, No.195, Bengaluru	S3-80682197	Singapore Infra Pirvate Limited	
miss:below_threshold	0.1407710949869071	S1-988442914	Sturdivant's Strategic Productions Care	1235 Adams Street, North Chicago, IL	S3-304768503	sturdivant's strategic productions care	1247 Adams Street, North Chicago, Illinois
miss:below_threshold	0.48710746621680756	S1-21559712	Beulah Scott Vision	2150 Old Government Street, Mobile, AL	S2-103168009	Beulah Scott  Vision	1789  OLD GOVERNMENT STREET, MOBILE, AL
miss:not_in_candidates		S1-280631149	Tedi Blue, Ph.D.	316 Center Lane, Fort Worth, TX	S2-315086237	NYLAQUO	NULL, FORT WORTH, 316 1/2 CENTER LN, TX
miss:not_in_candidates		S1-564713287	Bharat Software Private Limited	Cts No. 2885, Off. 217 2Nd Floor, Shamsukha, Complex Khade Baz, Ar, Belagavi, Belgaum, Karnataka	S3-209061220	ಭಾರತ್ ಸಾಫ್ಟ್‌ವೇರ್ ಪ್ರೈವೇಟ್ ಲಿಮಿಟೆಡ್	Cts No. A-2885, Belgaum, Hubballi, KA
miss:not_in_candidates		S1-930256	Green Tech Limited	34-C/2, Laxmibai Nagar, Industrial Area, Indore, Madhya Pradesh	S2-244308442	ग्रीन टेक लिमिटेड	INDORE, LAXMIBAI NAGAR, INDUSTRIAL AREA, G-34-C/2, मध्य प्रदेश
miss:below_threshold	0.5301552823247894	S1-425567859	Pioneer Shivam Impex Private Limited	E-15, Indira Gandhi Marg, East Vinod Nagar, East Delhi, Delhi	S3-972551320	pioneer shivam impex private limited | www.pioneersh.com	E-1-15, दिल्ली, East Delhi, Indira Gandhi Marg, East Vinod Nagar, East Delhi
miss:below_threshold	0.16593960392034707	S1-497553094	Blume, Flannery & Smith LLC	11031 Sr 18, Fostoria, OH	S3-942087409	Blume, Flannery & Smith	11033 Sr 18, Fostoria, Ohio
miss:not_in_candidates		S1-230559274	Shree Sree Care Pvt Ltd	S-7, Basement, 42 Mirza Tower Opp. Drm Office N.R., Hazratganj, Lucknow, Uttar Pradesh	S2-400949565	श्री श्री केयर प्रा. लि.	LUCKNOW, S-7, उत्तर प्रदेश
miss:below_threshold	0.37906309313636005	S1-606603636	Tejin Resourses Private Limited	10-1-99/3/5, Opp Lahari, Apts, Bhagya Nagar Colony, Saroornagar, K.V.Rangareddy, Telangana	S2-463830160	Xyl0brixfaye	10-1-99/3/5, SAROORNAGAR, Telangana
miss:below_threshold	0.3899242776778753	S1-823741381	Sarasiya Infraprojects Private Limited	# 12-10-587/2/B, Road No 4, Medibhavi, Seethafalmandi, Secunderabad, Hyderabad, Telangana	S2-721918476	Sarasiya Infraprojects Private Ltd	
miss:not_in_candidates		S1-272531911	Vibgyor & Brothers Limited	Gurugram, Gurgaon, Sector-37, Haryana, Unit No. 564 Village Khandsa	S3-187941023	Vibgyor &-Brothers Limited	
miss:not_in_candidates		S1-502255768	Good Impex Private Limited	3, Maruti Nandan Row House, Prernatirth Derasar Road, Jodhpur Gam, S, Atellite, Ahmedabad, Gujarat	S3-955921010	Good Impex	3, Ahmedabad, GJ
miss:below_threshold	0.37457391649641775	S1-251254762	Ridge Pimco Group	898 Whistling Thorn Avenue, Queen Creek, AZ	S3-120639856	Ridge  Pimco Group	798 Whistling Thorn Ave, San Tan Valley, Arizona
miss:below_threshold	0.49242605275173024	S1-351804193	Tirupati Solutions Private Limited	605, Bldg No5, B Wing, Raj Crys, Laxminarayan, Borivali West, Mumbai, Maharashtra	S3-233767917	Tirupati Solutions Private Limited	B3/702 605, Borivali West, Mumbai, महाराष्ट्र
miss:below_threshold	0.5486622419143422	S1-70673038	O 5 Y Superior, LLC	8607 Saralee Drive, West Jordan City, UT	S2-447196126	O 5 Y  Superior, LLC	607 SARALEE DRIVE, PMB 7022, WEST JORDAN, UT
miss:not_in_candidates		S1-480750077	Voorhees Endocrinology Associates	3324 Soaring Circle, Prince William County, VA	S2-184912831	Dovaevo	3324 SOARING CIR, WOODBRIDGE, VA
miss:not_in_candidates		S1-52393154	Pediatric Dentistry Care	1205 Houser Street, Vici, OK	S3-927227457	Pediatric Dentistry-Care	
miss:below_threshold	0.5856617894286137	S1-583628578	Rmb Institute	Shop No. X-2958, Gali-4E Raghubar Pura Ii, Gandhi Nagar, Delhi, Central Delhi, Delhi	S2-694388000	Rmb lnstitute	SHOP NO. X-2958., GALI-4E RAGHUBAR PURA II, GANDHI NAGAR, DELHI, Delhi
miss:not_in_candidates		S1-638767598	N 3 Green Seafood	4000 Galantis Drive, Unit 107, Morehead City, NC	S2-868975352	Nexbelotavo	4000 GALDNTIS DR, MOREHEAD CITY, NC
miss:not_in_candidates		S1-364271929	Jay Logistics	C/O Mdshafialam Ramnagari, Near Tridev Market Dhagh, Phulwari, Patna, Bihar	S3-261083314	Jay Services & Co	
miss:below_threshold	0.5846611104924175	S1-292938837	Streamline Development (India) Pvt. Ltd.	1St And 2Nd Floor, Above Karur Vysya Bank Opp To Neelakanteshwara Temple, Janatha, Bazar, Chitradurga, Karnataka	S3-918199707	Sri Streamline Development (India) Pvt.	16 And 2Nd Floor, Above Karur Vysya Bank Opp To Neelakanteshwara Temple, Janatha, Bazar, Chitradurga, N/A, KA
miss:not_in_candidates		S1-522541502	Services Ship Essentials Private Limited	145, 8-2-601/P/16 Streetno 3, Avenue-4 Road No 10, Banjara Hills, Hyderabad, Telangana	S3-770352360	Services Ship Private Limited Center	
miss:below_threshold	0.42444038931513134	S1-19413348	Waters & Rice Precision LLC	3140 56, Petersburg, IN	S2-864787442	Waters & Rice Precision Llc	
miss:below_threshold	0.13591530435968188	S1-221801584	Drury, Williams & Moss Spdr Care	509 Walter Street, Poteau, OK	S2-321444650	Drury,  Williams & Moss Spdr Center	508 WALTER STREET, POTEAU, OK
miss:below_threshold	0.3077143216928757	S1-521352119	Uas International Private Limited	Plot No.9 Ganesh Nagar At Post.Varangaon Tq, Bhusawai Dist.Jalgaon, Jalgaon, Maharashtra	S3-134162896	Private Uas Inteernctfonal Limited	No 25 Ganesh Nagar At Post.varangaon Tq, Bhusawai Dist.jalgaon, Jalgaon, MH
miss:below_threshold	0.18667732977286824	S1-124264833	Green Foundation Pvt Ltd	14 Parag Bank Of Baroda, Emp Ch J Chhagla Rd, Mumbai, Maharashtra	S2-590324766	ग्रीन फाउंडेशन प्रा. लि.	PARAG BANK OF BARODA, ANDHERI WEH, Maharashtra
miss:not_in_candidates		S1-537784314	Tech Business Limited	Flat No. 24, B-6, Indira Shankar Nagari Paud Road, Kothrud, Pune, Maharashtra	S2-289265819	टेक बिजनेस लिमिटेड	#24., PUNE, POONA, Maharashtra
miss:below_threshold	0.40974325912219006	S1-235485364	Kathiravan Enterprises Corporation	16/473 Vyjayanthi Appartments Madhavan Nair Road, Near Bhajana Kovil, Calicut, Kozhikode, Kerala	S3-420169484	Kathiravan Énterprises Corporation	
miss:not_in_candidates		S1-458413550	Om Solutions Private Limited	Flat No.2, Ground Floor, Salima Abad Fidai Baug, Andheri (West), Mumbai, Maharashtra	S2-67175400	ओम सॉल्यूशंस प्राइवेट लिमिटेड	#2, <NULL>, MUMBAI, Maharashtra
miss:below_threshold	0.3776987200841954	S1-821215516	Nidhivan & Partners	C/O Sugat Gyaneshwar, Waghmare Ranpise Nagar, Akola, Maharashtra	S3-163425960	Nidhivan & Partners Corporation	No. 554 C/o Sugat Gyaneshwar, Waghmare Ranpise Nagar, Akola, Akot, महाराष्ट्र
miss:below_threshold	0.45486949498841817	S1-221936374	Crystal Financial Worldwide Inc.	Orland Park, IL, 18059 Georgia Court	S2-830284593	CRYSTAL FINANCIAL WORLDWIDE INC.	8059 GEORGIA COURT, PO BOX 872, ORLAND PARK, IL
miss:below_threshold	0.5620224801455997	S1-323531556	Premier Fortune Agro	X-127, Old No.237/2, Tagore Gali Raghubar Pura No.1, Gandhi Nagar, Delhi-, 31, Delhi, East Delhi, Delhi	S2-938086738	प्रीमियर Fortune Agro	X-129, OLD NO.237/2, TAGORE GALI RAGHUBAR PURA NO.1, GANDHI NAGAR, DELHI-, 31, DELHI, EAST DELHI, Delhi
miss:assigned_elsewhere	0.3433798500189018	S1-93544667	GJI Digisolutions Center	No-1341E, Jakariyapur, Ps-Ramkrishna Nagar, Sampatchak, Patna, Bihar	S3-137107281	GJI Digisolutions Cneser	
miss:not_in_candidates		S1-425899966	Margery Fazio Tri-State Blackrock LLC	801 Rutland Street, Houston, TX	S3-988498152	Margery Fazio Tri-State Blackrock Llc	
miss:below_threshold	0.4994737529380272	S1-710048447	Studio 20 Hair Studio	8011 Silver Fox Drive, Fl 0, Glen Burnie, MD	S3-731330457	Studio 20 Hair Studio	Maryland, GLEN Burne, 8191 Silver Fox Drive
miss:not_in_candidates		S1-354224350	Jain Foods Private Limited	No. 115/75, Namakkal, Tamil Nadu, Mariamman Kovil West Street, Tiruchengode Road	S3-834012942	Jain	No. 115/75, Mariamman Kovil West Street, Tiruchengode Road, Namakkal, Tamil Nadu
miss:below_threshold	0.4256226878876512	S1-378047761	Clear Consumer Industries LLC	3009 15 Street, Saint Cloud, MN	S3-940305004	Clear Consumer Industries-[LLC]	2762 15 Street, Saint Cloud, Minnesota
miss:not_in_candidates		S1-25864773	East Energy Private Limited	Door No 371/1Bthadagam Road T V S Nagar, Coimbatore, Tamil Nadu	S3-861601665	East Private Limited Service	#371/1Bthadagam Road T V S Nagar, Coimbatore, TN
miss:below_threshold	0.11907722238896998	S1-348801270	Quantus Grid, LLC	424 8th Street, Village Of Somers, WI	S3-404946746	Quantus LLC Center Center	424 Eighth Street, Kenosha, Wisconsin
miss:not_in_candidates		S1-913059096	Modern Impex Private Limited	35/38, Block K, West Ghonda Shahdara, East Delhi, Delhi	S3-277759866	Mr Modern lmpex Private Limited	DL, 35/38, Gurgaon
miss:not_in_candidates		S1-209559931	Surana Enterprises	Gh-4, Sector-27 Panchkula, Panchkula, Flat No. 303, Panchkula, Haryana	S3-130569174	Surana Center	#303, Pathanamthitta, हरियाणा
miss:not_in_candidates		S1-97499235	Om Developers Private Limited	No 1467, Raghavan Swami Memorial Building Pulamon P O, Kottarakkara, Kollam, Kerala	S3-229609223	Om Developers Limited (Private)	
miss:below_threshold	0.17549441158778395	S1-852428796	Guarantee Brothers Private Limited	Sy.No.133/P, 134, 135/P, Manikonda, Gandipet, Hyd, Rangareddy, Telangana	S3-356564925	Guarantee Brothers Brothers Private (Limited)	Sy.no.133/p, Rangareddy, తెలంగాణ
miss:below_threshold	0.25861468261213194	S1-591902792	9-Brothers	915 Suncrest Drive, Unit 501, Johnson City, TN	S2-486806763	9-BROTHERS	15 SUNCREST DRIVE, JOHHNSON CITY, TN
miss:below_threshold	0.14200213298824074	S1-984119216	Mountain Federation LLC	105 Bastrop Street, Manor, TX	S3-172031856	Mountain Federation LLC	10 Bastrop St, Maonr CITY, Texas
miss:not_in_candidates		S1-74539143	Chiropractic Associates LLC	940 Second Street, Lincoln, MT	S2-493775206	CHIROPRACTIC  LLC CENTER	940 2ND STREET, LINCOLN, MT
miss:below_threshold	0.3051877129278005	S1-899325012	Ehman, Hagerty & Stephenson LLC	VA, Alexandria City, 463 Armistead Street	S2-41250728	EHMAN, HAGERTY STEPHENSON LLC SERVICES	46 ARMISTEAD ST, ALEXANDRIA CITY, VA
miss:below_threshold	0.3454352277793769	S1-164402266	Western Blockchain	185 Oaktree Lane, Malvern, AR	S3-27564391	Western Blockchain	
miss:not_in_candidates		S1-873819196	New Delhi Products Pvt Ltd	Flat No 44, F/F, Sector 8, Jasola, New Delhi, South Delhi, Delhi	S3-622456229	New Dtfdái Products Pvt Ltd	Flta No 44, Delhi, South Delhi, DL
miss:not_in_candidates		S1-582417485	Gurgaon Telecom Private Limited	Unit No Of-518, Floor 5, Tower A, Spaze I-Techpark, Gurgaon, Haryana	S3-693600354	Gurgaon Private Limited Service	No. #893 Unit No Of-518, HR, Gurgaon, Floor 5, Tower A, Spaze I-techpark
miss:below_threshold	0.27713207345044005	S1-623557721	Premier Foundation Private Limited	C-220 Basement 1St Office Sector-63, Uttar Pradesh, Noida, Gautam Buddha Nagar	S3-68612509	Piace Premier Foundation Limited	C-22 Basement 1St Office Sector-63, Gautam Budhha Nagar, Gautam Buddha Nagar, UP
miss:not_in_candidates		S1-365257849	Hotel (India) Finance Private Limited	Rupnagar, S.A.S.Nagar (Mohali), E-260 B (A), Punjab, Industrial, Area, Phase 8-B	S2-704061676	HOTEL PRIVATE FINANCE  (INDIA) LIMITED	
miss:not_in_candidates		S1-833954835	Veterans Ministries Clinic	11156 Detwiler Road, Canfield, OH	S2-165340639	Veterans Clinic Partners	
miss:assigned_elsewhere	0.0003731619987606787	S1-303257542	Sree Investments Private Limited	Ahmedabad, F-9, Gujarat, Kadamb Flat, Opp. Swaminarayan Temple, Opp. G.E.B., Nr. Government Tubewell, Bo, Pal, Ahmedabad	S3-520413927	શ્રી ઇન્વેસ્ટમેન્ટ્સ પ્રાઇવેટ લિમિટેડ	ગુજરાત, Ahmedabad, F-9
miss:assigned_elsewhere	0.3271950950957705	S1-119146200	Varad (agency) Pvt. Ltd.	36 Kaushalya 4380/4Bansari Road Darya Ganj, New Delhi, Central Delhi, Delhi	S2-527794410	Dr Varad  (agency)	
miss:below_threshold	0.4549617633125036	S1-86156221	LS Roman Inc	144 Barnes Street, Unit 2N, Fall River, MA	S2-570775928	LS Roman	150 BARNES STREET, FALL RIVER, MA
miss:below_threshold	0.27688680848859476	S1-311137005	Preferred Defense Digital	Cookeville, TN, 117 Jefferson Avenue	S2-389114288	PREFERRED DEFENSE DIGITAL	17 Jefferson Ave, COKOEVILLE, TN
miss:below_threshold	0.253261466943945	S1-376500279	Lute Quality Networks LLC	15223 Jeffers Pass, Prior Lake, MN	S2-843759708	Lute Quality Networks	15296- JEFFERS PASS, PRIOR LAKE, MN
miss:below_threshold	0.4933382406684393	S1-184894824	Womens Health Valley Associates Inc	Round Rock, 1581 Wallin Bradley Drive, Unit 4211, TX	S3-237805256	Womens Health Valley Ásomociats Inc	Round Rock, Texas, Unit 4211, 1580 Wallin Bradley Drive
miss:below_threshold	0.13128913751404106	S1-616071657	Liberty Graphics Inc	712 Montague Road, Baileyville, IL	S3-420268089	Liberty Graphics	710 Montague Rd, Baileyville, Illinois
miss:not_in_candidates		S1-201474269	Patriot Academy	50 Winter Park Road, Framingham, MA	S3-489846227	Patriot (Partners)	50 Winter Park Rd, NULL, Framingham, Massachusetts
miss:below_threshold	0.31096842601658764	S1-873329308	Graham's Delta Accounting	4230 Hickory Lane, Unit 722, Sioux City, IA	S3-277083159	Graham's  Delta Accounting	Sioux City, 230 Hickory Lane, Iowa
miss:below_threshold	0.3551622791058745	S1-357903281	Hirco Electronics Pvt Ltd	Shop No-2 Plot No-22/A G/F Baderpur Extn Baderpur Border Near Aggarwal Sweets, Delhi, South Delhi	S3-48003396	Novisol	Shop No-2/6 Plot No-22/a G/f Baderpur Extn Baderpur Border Near Aggarwal Sweets, South Delhi, Delhi, DL
miss:below_threshold	0.34834521760220205	S1-952242653	Miles Partners LLC	307 Winston Avenue, Baltimore, MD	S3-50971693	LLC Miles Partners	153 Winston Ave, Baltimore, Maryland
miss:assigned_elsewhere	0.05243806349161717	S1-772903338	Walkins Community Inc	321 Dudley Street, Danville City, VA	S3-670398098	Walkins Inc Partners	
miss:assigned_elsewhere	0.000051597056937073966	S1-216593769	Aditya Builders Limited	Me 103 Bhatenda Rajarhat, 24 Parganas, Bishnupur, North 24 Parganas, West Bengal	S3-468388018	Aditya Limited Center	পশ্চিমবঙ্গ, North 24 Parganas, Me 103 Bhatenda Rjaarhat, Bishnupur, 24 Parganas
miss:not_in_candidates		S1-611068673	Mountain Ace Two Inc	237 Leslie Lane, Unit APT C, Ballwin, MO	S3-325002364	Mountain Two Inc Service	37 Leslie Lane, PMB 6936, Ballwin, Missouri
miss:not_in_candidates		S1-100079377	Tech It Limited	Office No.207, Konark, Arkade Bldg, Nizampura, Bhiwandi, Thane, Maharashtra	S2-97636392	टेक It Limited	OFFICE NO.207, KALHER, Maharashtra
miss:not_in_candidates		S1-166959702	Anand India Private Limited	H/27 Laxmi Industrial Estatenew Link Road Off Four Bunglow Andheri (W), Mumbai, Maharashtra	S2-725562439	Anand Private Limited [Center]	
miss:not_in_candidates		S1-4665915	Orthopedic Creative Physicians L.L.C.	32758 Dirreckson Drive, Frankford, DE	S2-661048236	Orthopedic Creative	
miss:assigned_elsewhere	0.28315943058306947	S1-636222078	Pediatric Health	150 Goodlett Street, Memphis, TN	S2-459509298	Pediatric Center	GOODLETT ST, MEMPHIS, TN
miss:not_in_candidates		S1-191432765	Guru Ace Management Private Limited	Plot No. B-1, Basant Vihar Colony, Indore, Madhya Pradesh	S2-963398137	गुरु एस मैनेजमेंट प्राइवेट लिमिटेड	PLOT NO. B-#1, INDORE, Madhya Pradesh
miss:not_in_candidates		S1-998399915	Silver Auto Co	F/17, 1St Floor, Dhaval Plaza, At- Kadi, Ta- Kadi, Dist- Mehsana, Kadi, Mahesana, Gujarat	S3-984794988	5ilver Co [Partners]	F/17, Mahesana, ગુજરાત
miss:not_in_candidates		S1-917439827	Rapido & Co	23/1152-2, Maliyekkal House, Alambana Building, Market Road, Near Karothukuzhi Hospital, Aluva, Aluva, Ernakulam, Kerala	S2-808849754	Shri Korveoyuma	DOOR NO ##273 23/1152-2, ALUVA, ERNAKULAM, Keralam
miss:below_threshold	0.09331104532123566	S1-170127271	EN Foods, L.L.C.	2205 Old Steese Highway, Fox, AK	S3-967297519	EN F0ods, LLC | www.enfoods.com	1205 Old Steese Hwy, Fox, Alaska
miss:assigned_elsewhere	0.1636223078057582	S1-399247084	Federal Tailwind P.C.	Houston, TX, 3053 Noble Street	S2-209480422	Aviquo	NOBLE STREET, HOUSTON, TX
miss:below_threshold	0.5067075790674126	S1-439580476	Ncr & Co	8-3-231/A/60, S.K Nagar, Khairatabad, Hyderabad, Telangana	S3-631610843	Ncr & Co	S.k Nagar, 8-3-231/A/6, Khairatabad, Hyderabad, Andhra Pradesh
miss:not_in_candidates		S1-974610230	Swastik Engineering Private Limited	A/304, Poonam Aura Chs., Padmawati Nagar, Agashi, Vasai, Thane, Maharashtra	S3-784470776	स्वस्तिक इंजीनियरिंग प्राइवेट लिमिटेड	A/304, Vasai, Thane, MH
miss:not_in_candidates		S1-181810410	GEG Oyster LLC	1611 Sumner Avenue, Nashville, TN	S2-710160433	Deltavio	SUMNER AVENUE, NASHVILLE CITY, TN
miss:below_threshold	0.3683085414667812	S1-889445233	Continental Security LLC	6966 First Street, El Paso County, TX	S3-469573336	The Continental Security LLC	6967 1st Saint, El Paso County, Texas
miss:assigned_elsewhere	0.0000969287224472561	S1-427245311	Innovative Global Private Limited	M.Malampati, Madurai, Tamil Nadu, Melur, No.1/B-1 Main Road	S3-708619432	Irionyxveo	#D/1/B-1 Main Road, Madurai, தமிழ்நாடு
miss:not_in_candidates		S1-45446249	Unicorn Trading Pvt Ltd	Kolkata, Howrah, 8, West Bengal, Camac Street Shantiniketan Building, 6Th Floor, Suite No 15, Kolkata	S2-201269597	UNICORN TRADING PVT	
miss:assigned_elsewhere	0.0006164982554637784	S1-422669535	Pediatric Dental Golden Physicians	MT, Saint Regis, 186 Simons Road	S3-413520292	Dental Pediatric Golden Physicians	186 Simosn Rd, ST. Regis, Montana
miss:below_threshold	0.47643916625444416	S1-106080834	RX Cascade Brewing LLC	3152 Forrest Hills Drive, Atlanta, GA	S2-248257773	RX Cascade LLC Brewing - 9388024643	315 FORREST HILLS DRIVE, HAP, GA
miss:not_in_candidates		S1-368187360	Vert Point Co	113, Park Street, Kolkata, Kolkata, Howrah, West Bengal	S3-730770729	M/s Vert [Point-Co]	
miss:assigned_elsewhere	0.00009927586037044535	S1-60723747	Sai Technologies Private Limited	227, 2Nd Floor, Katra Peran Tilak Bazar, Khari Baoli, Delhi	S3-814413023	Sai Private Limited Center	227, 2Nd Floor, Katra Peran Tilak Bazar, Khari Baoli, Delhi, DL
miss:below_threshold	0.4105889495987164	S1-479815547	Green Bhagwati LLP	Near Metro Station, Delhi, West Delhi, Bf-1 Third Floor, New Delhi	S2-495160531	Green LLP Bhagwati	
miss:below_threshold	0.454077797097799	S1-74248101	Kristel Edwards Allied King	40099 4th Avenue, Mitchell, NE	S3-384055422	kristel edwards allied king	4th Ave, PO Box 3420, Mitchell, Nebraska
miss:below_threshold	0.440892941235965	S1-314451251	Shiv Energy Private Limited	17-1-191/8/9 Maddana Pet Saidabad, Hyderabad, Telangana	S3-630115621	Shiv Energy Private  Limited	H.no 17119104 Maddana Pet Saidabad, Hyderabad, తెలంగాణ
miss:not_in_candidates		S1-718365744	Vanguard Creative Floating Inc	44 Farm Hill Road, Middletown, CT	S3-831913070	Vanguard Floating Inc Service	
miss:not_in_candidates		S1-987440936	National Estate Inc	10907 Daniel Sim Court, Upper Marlboro, MD	S3-516803722	National Inc Center	10907 Daniel Sim Ct, Upper Marlboro, Maryland
miss:below_threshold	0.21857664639649704	S1-76163308	Lee Council Associates	9847 Cranberry Circle, Fishers, IN	S3-544940201	lee council associates	9845 Cranberry Cir, Fishers, Indiana
miss:below_threshold	0.573693609732408	S1-670866319	Exult Finance Private Limited	Anand Society, Shree Raj, End Of Krushnnagar St-5, Jamnagar, Gujarat	S3-533521794	EXULT FINANCE PRIVATE LIMITED	Jamnagar, GJ, #176 Anand Society
miss:assigned_elsewhere	0.0047486595924323294	S1-887126687	Innovative Airport	298 Elm Street, Unit 2B, Holyoke, MA	S3-631020683	Innovative Airgoft	
miss:not_in_candidates		S1-758172530	Delta Merchants	25 D Sea Breeze Lane, Nahant, MA	S2-335379410	Delta-Service	25 D Sea Breeze Ln, NAHANT, MA
miss:below_threshold	0.3821365268053525	S1-889416326	Aurex Steers Inc	4005 Patsy Drive, Winston-salem, NC	S2-626238695	ZÉTADELTAKELO	NC, 4005 1/2 PATSY DRIVE, WINSTON-SALEM
miss:below_threshold	0.40536152798227615	S1-483494970	Perfect Hari Food Private Limited	18Th Cross, Ist Stage, Industrial Suburb Visveshwaranagar, Mysore, Karnataka, 614, Mysore	S2-301051669	Perfect Hari Food Limited Center | www.perfectha.com	614, 18TH CROSS, IST STAGE, INDUSTRIAL SUBURB VISVESHWARANAGAR, MYSORE, Karnataka
miss:not_in_candidates		S1-901517314	Janaya's Interiors	OH, 1068 Ledgebrook Drive, Tallmadge	S3-545574561	Janaya's Center	
miss:not_in_candidates		S1-767993027	Blue Finance Private Limited	Khasra No. 240/1/2/2 Amliyahat Tehsil Biaora, Amliyahat, Rajgarh, Dhar, Madhya Pradesh	S2-210225110	Shri >> BLUE PRIVATE LIMITED SÉRVICE	AMLIYAHAT TEHSIL BIAORA, RAJGARH, Madhya Pradesh
miss:not_in_candidates		S1-600734355	Aaren Alverson Harbor Chiron Inc.	210 Radcliffe Drive, Unit Unit 1, Conway, AR	S3-633229299	Aaren Alverson Harbor Chiron Ínc.	
miss:not_in_candidates		S1-120207681	Apn Services Private Limited	Cl-248, Sector- Ii, Salt Lake, Kolkata, Saltlake, North 24 Parganas, West Bengal	S2-942644620	APN SERVICES	
miss:below_threshold	0.12120070497319549	S1-867358208	Rosabel Garcia, L.C.S.W.	8838 Cottongrass Street, Waldorf, MD	S3-864506470	Rosabel Gárcia, L.C.S.W.	08895 Cottongrass Street, Waldorf, Maryland
miss:not_in_candidates		S1-36884300	Unique Infotech Private Limited	337, Basement, Prakash Mohalla, East Of Kailash, New Delhi, South Delhi, Delhi	S2-659023207	यूनिक इंफोटेक प्राइवेट लिमिटेड	00337, NEW DELHI, SOUTH DELHI, Delhi
miss:assigned_elsewhere	0.16803346673805578	S1-816158847	4649 Church Road Associates P.C.	210 Devonshire Drive, Lima, OH	S3-850920766	4649 Church Road Associates Inc	
miss:below_threshold	0.2645500336422674	S1-560638808	Fraser, Obrien and Blackburn Inc.	2028 Baker Road, Atlanta, GA	S2-364710238	Fraser, Obrien and Blackburn	
miss:not_in_candidates		S1-768902715	Urban Energy Private Limited	Flat No:101, 6-3-1090A/2, Subhan Siri Sampada Rajbhavan Road, Somajiguda., Hyderabad, Telangana	S3-7545567	Urban Energy Private Ltd	
miss:below_threshold	0.47390690194433455	S1-625242292	Schmidt's Roofing LLC	6633 Dale Drive, Unit 419, Dublin, OH	S2-985120833	>> Schmidt's Roofing L.L.C.	1633 DALE DRIVE, DUBLIN, OH
miss:not_in_candidates		S1-199919755	Fortune Constructions Limited	P. No. 294, Jaipur, Janak Marg Hanuman Nagar Extension, Sirsi Road, Rajasthan	S2-75474006	फॉर्च्यून कंस्ट्रक्शंस लिमिटेड	P. NO. 294, Rajasthan, DIVREPORTINGCIRCLE, JAIPUR
miss:below_threshold	0.28273718883150334	S1-740756163	Express Engineering International Inc	213 Summit Circle, Durant, OK	S2-963437551	Express Engineering International	379 SUMMIT CIRCLE, DURANT, OK
miss:not_in_candidates		S1-617571011	Aad Trading Pvt Ltd	201, Raj Laxmi Plaza, Shahibaug Road Near Hajipura Garden, Madhupura, Ahmedabad, Gujarat	S3-156061152	Ltd Aad Pvt Services	##201, Ahmedabad, GJ
miss:not_in_candidates		S1-248541222	Murillo, Wright and Sesay	10602 Millers Road, Yates, NY	S3-646651438	Zetakor	10602 Millers Road, Yates, New York
miss:below_threshold	0.43870604092708293	S1-672941163	GLI Beacon Titan LLC	1419 1st Street, Unit APT 1, Altoona, PA	S2-34515325	GLI Biecon Titan (LLC)	141 1ST ST, ALTOONA, PA
miss:below_threshold	0.18208794035738746	S1-811752961	Superior Creative Union LLC	400 Edie Lane, Jamaica, VT	S3-145460577	Superior Creative Union	394 Edie Ln, Jamaica, Vermont
miss:below_threshold	0.4540364890918772	S1-944474955	Anand Ventures LLP	Chatterjee International Centre Suit No - 9, 15Th Floor, 33A, Jawahar La, L Nehru Rd, Kolkata, Howrah, West Bengal	S3-377958809	আনন্দ ভেঞ্চারস এলএলপি	Chatterjee International Centre Suit No - 5-9, 15Th Floor, 33A, Jawahar La, L Nehru Rd, Kolkata, Howrah, WB
miss:below_threshold	0.5352792294660582	S1-97602109	Alexia Johnson Certified Armour LLC	5106 Upshur Street, Bladensburg, MD	S3-563909826	Alexia Joehisn  Certified Armour LLC #12096	5106 Upshur St, Bladensburg, Maryland
miss:below_threshold	0.42665849428462754	S1-129272660	Sprint Clinic	36 Industrial Estate, Yamunanagar, Yamuna Nagar, Haryana	S2-903019384	SPRINT (CGLNIMC)	38 INDUSTRIAL ESTATE, YAMUNANAGAR, Haryana
miss:not_in_candidates		S1-279629138	Baba Infrastructure Pvt Ltd	Panchayat Main Road, Perungudi, Madras;96., Chennai, Tamil Nadu, 30, Madras;96.	S3-198210992	பாபா இன்ஃப்ராஸ்ட்ரக்சர் பிரைவேட் லிமிடெட்	Block G-199 30, Chennai, TN
miss:not_in_candidates		S1-323812113	Perfect Gujarat Energy Private Limited	33, Nanag Ki Dhani Narsingpura Teh Sanganer, Jaipur, Rajasthan	S3-827307456	परफेक्ट गुजरात एनर्जी प्राइवेट लिमिटेड	33, Jaipur, RJ
miss:not_in_candidates		S1-408599464	Tri-State Dynamics LLC	2524 5th Avenue, Spokane, WA	S3-265466899	Tri-State Dfanmsn LLC	2524 Fifth Ave, Spokane, Washington
miss:below_threshold	0.4025039074935132	S1-336350040	Big Charitable Trust	B-111, Street No. 8, Raj Nagar Part - 2, Near Dada Dev Mandir, Palam, Delhi	S3-743979898	Big Charitable	
miss:not_in_candidates		S1-606866472	Lucky Grill	3823 Dallas Street, Fort Smith, AR	S3-270980998	Lucky Grill Enterprises	
miss:below_threshold	0.11750543162229216	S1-147867391	Good Consultants Pvt Ltd	C/O Jeya Kumari Michel, Ottaiyal Vilai, Agasteeswaram, Kanyakumari, Tamil Nadu	S3-406845708	குட் கன்சல்டன்ட்ஸ் பிரைவேட் லிமிடெட்	No. 029 C/o Jeya Kumari Michel, Ottaiyal Vilai, Agasteeswaram, Kanyakumari, TN
miss:not_in_candidates		S1-880899714	Dynamic Abacus	14763 Sivertson Road, Bainbridge Island, WA	S3-526878369	Dynamic Abacus Inc	
miss:below_threshold	0.5548534194459152	S1-522870203	Urology Metropolitan Center LLC	2066 County Road 5018, Cleveland, TX	S2-490170165	#urologymetropolitan #54673	2066 1/2 COUNTY ROAD 5018, CELVELAND, TX
miss:not_in_candidates		S1-571610649	High Business Limited	E-7/24, Krishana Society, Arera Colony, Bhopal, Madhya Pradesh	S2-272947891	हाई बिजनेस लिमिटेड	E-#7/24, BHOPAL, मध्य प्रदेश
miss:below_threshold	0.10881542474304705	S1-914217976	Southern International School	Ghasiara Purba Para Rajpur, Sonarpur, Kolkata, South 24 Parganas, West Bengal	S2-278350346	Shri southern international international school	GHASIARA PURBA PARA RAJPUR, SONARPUR, KOLKATA, West Bengal
miss:assigned_elsewhere	0.026602235985993872	S1-131993514	Shiva Management Limited	Manjit Singh C/O Chogara Ballia, Ballia, Uttar Pradesh	S3-129052100	Shiva Límited Services	Manjit Singh C/o Chogara Ballia, Ballia, UP
miss:not_in_candidates		S1-384656707	Blue Ram Producer	No.4, Bajanai Koil Street, Nemilicherry, Chrompet, Tambaram, Kanchipuram, Tamil Nadu	S2-618742086	புளூ ராம் புரொட்யூசர்	TAMBARAM, KANCHIPURAM, 1, தமிழ்நாடு
miss:not_in_candidates		S1-834664608	Sky Finance Private Limited	804, Ghanshyam Enclave Premises Co-Op Society Ltd, Plot-856, New Link Road, Kandivali West, Mumbai, Mumbai City, Maharashtra	S2-654146595	स्काई फाइनेंस प्राइवेट लिमिटेड	804, MUMBAI, MUMBAI CITY, Maharashtra
miss:not_in_candidates		S1-22639626	Foster Hub of Huntington	2 Notch Court, Huntington, NY	S3-224449362	Foster Hub  of	
miss:below_threshold	0.5879256326157064	S1-813049630	Galaxy Guru Technologies Private Limited	Basement Floor, No.22/3 Vittal Mallya Road, Bangalore, Karnataka	S2-219286946	ಗ್ಯಾಲಕ್ಸಿ ಗುರು ಟೆಕ್ನಾಲಜೀಸ್ ಪ್ರೈವೇಟ್ ಲಿಮಿಟೆಡ್	BASEMENT FLOOR, BANGALORE, ಕರ್ನಾಟಕ
miss:below_threshold	0.3843440349256866	S1-740259169	Gallant Devices Private Limited	Shop No. 677, 1St Floor Sector 4, Transport Nagar, Karnal, Haryana	S2-828275133	Gallant Private Limited Service	77 , 1ST FLOOR SECTOR 4, TRANSPORT NAGAR, KARNAL, Haryana
miss:below_threshold	0.20496354032485586	S1-213861025	Zior Inc	5279 Renaissance Road, Leland, NC	S3-848720023	Zior Inc	279 Renaissance Rd, Winnabow, North Carolina
miss:below_threshold	0.5558967156601344	S1-399989902	Sarasin Path Private Limited	58 Yeshwant Statidumdhantoli, Nagpur, Maharashtra	S2-204139602	Sarasin Path-Private Ltd	H.NO 38 YESHWANT STATIDUMDHANTOLI, NAGPUR, Maharashtra
miss:below_threshold	0.2766483618087689	S1-767482146	Jensen Global LLC	4069 Willow Run Drive, Beavercreek, OH	S3-953151700	Jensen Glogal LLC	4071 Willow Run Drive, Beavercreek, Ohio
miss:not_in_candidates		S1-917509658	Sahyadri India	102, Chawada Commercial Centre New Link Road, Behind Fire Brigade, Malad, -West, Mumbai, Mumbai City, Maharashtra	S3-443839677	Sahyadri Services	102, Mumbai City, महाराष्ट्र
