kind	p	s1	s1_name	s1_addr	q	q_name	q_addr
false_merge	0.885733417696219	S1-391050143	Balaji Industries Private Limited	Ground Floor, Plot No.9B, Survey No.92, Sanket Park, Pune City, Pune, Maharashtra	S3-491829780	Dr Balaji Industries Limited	No 039 Ground Floor, Pune, MH, Plot No.9b, Survey No.92, Sanket Park
false_merge	0.9840229386415591	S1-246783530	Pranansh Infraprojects Pvt. Ltd.	Dbs Business Center, Ground Floor, B-Wing, Mumbai, Maharashtra	S2-349509581	Prananex Infraprojects Pvt. Ltd.	DBS BUSINESS CENTER, GROUND FLOOR, B-WING, MUMBAI, Maharashtra
false_merge	0.8363734838142284	S1-458440305	Michel S. Gonzalez, DDS	31 Crescent Street, West Hartford, CT	S2-860704093	MICHEL S. GONZALEZ, DDS	
false_merge	0.7131086760981503	S1-295527513	Quloo Scientific LLC	5908 Meredith Lane, Fort Worth, TX	S3-241048604	Qul0o Scientific	
false_merge	0.9738333945757378	S1-487573442	Caldora Leapfrog LLC	10 Tumelty Road, Peabody, MA	S2-890235375	Caldorayn Leapfrog LLC	8 TUMELTY ROAD, N/A, PEABODY, MA
false_merge	0.9247400047726189	S1-134987816	Florry B. Stephens, DPM	5132 Cedar Knoll Lane, Knoxville, TN	S2-59733703	Florry B. Stephens, DM	5132 CEDAR KNOLL LN, KNOXVILLE, TN
false_merge	0.8613013351572432	S1-949947719	India Praxis Pictures Pvt Ltd	505/1, Ramanathapuram Village, Sowripalayam Pirivu, Coimbatore South, Coimbatore, Tamil Nadu	S2-151361789	India Praxis Key Pvt Ltd	505/10, RAMANATHAPURAM VILLAGE, SOWRIPALAYAM PIRIVU, COIMBATORE SOUTH, Tamil Nadu
false_merge	0.8506727861910034	S1-965529928	Solus Diana Center	142 Dow Drive, Wetumpka, AL	S2-511728444	SOLUZ DIANA CENTER (LLC)	142 DOW DRIVE, WETUMPKA, AL
false_merge	0.8763068052814865	S1-611655527	Sequoia Enterprises, LLC	700 7th Avenue, Galva, IL	S3-440249097	Sequoia Incorporated Enterprises	
false_merge	0.7483712640553665	S1-740139884	46/89 Pbc	1101 Big Hill Road, Kettering, OH	S3-639720485	46/89 Center	
false_merge	0.7607124885918495	S1-710146963	Sun Care Private Limited	C/O. Sri. K K Dutta, S/O. Kashi Ballabh Dutta, 304/A, Saket Plaza, Jamal Road, Maurya L, Ok, Patna, Bihar	S2-774566621	सन केयर लिमिटेड	NO 87 C/O. SRI. K K DUTTA, PATNA, Bihar
false_merge	0.7416868475381306	S1-305785810	Mulund West Services Private Limited	A-1602 Park Royale M M Malviya Road, Mulund West, Mumbai City, Maharashtra	S3-276511013	Mulund (West) Private Limited Services	
false_merge	0.9752009883759258	S1-703399818	Northern Federal Tech LLC	777 Greenwood Avenue, Unit 7, Atlanta, GA	S2-3069608	Cirayuma	777 GREENWOOD AVENUE, ATLANTA, GA
false_merge	0.9992497822588268	S1-857770415	Hollyanne Bolduc Industries	8463 Wescott Drive, Peoria, AZ	S3-991366146	Verafaye	8463 Wescott Dr, Peoria, Arizona
false_merge	0.9992227680382828	S1-984184924	Indriya Technologies Private Limited	Suite 623 Tower 2A North Annex The Business Quarter, One World Centre Senapati Bapat Marg Lower Parel, Mumbai, Maharashtra	S3-296070550	Inndriya Inndriya Technologies (Private)	Suite 623 Tower 2A North Annex The Business Quarter, One World Centre Senapati Bapat Marg Lower Parel, Mumbai, महाराष्ट्र
false_merge	0.9914449732763341	S1-332735841	EK Power Pvt Ltd	A-206 Lajpat Nagar 1St, Mew Delhi, South Delhi, Delhi	S3-971615751	EJ P0wer Pvt Ltd	Bahadurgarh, दिल्ली, Mew Delhi, A-##206 Lajpat Nagar 1St
false_merge	0.9341494861560707	S1-644290731	Kolkata Energy Corporation	12A, N. S. Road 5Th Floor, Room No. 18, Kolkata, Howrah, West Bengal	S2-435854364	Shri REKOLKATA.COM	18, KOLKATA, HOWRAH, West Bengal
false_merge	0.9514893975889999	S1-589269503	Bates & Wells Center	44830 360th Avenue, Stephen, MN	S2-614304797	BATES  WELLS CENTER	
false_merge	0.8999278796251121	S1-863028661	Anchor Trading Group	2001 Lyn Grove Drive, Lima, OH	S2-554499644	ANCHOR TRADING GROUP INC.	201 LYN GROVE DR, SHAWNEE TWP, OH
false_merge	0.854828499745694	S1-229245503	Clea's Precision Detailing	904 Allison Street, Newton, KS	S3-479153224	Clea's  Precision Detailing Inc.	90 Allison St, Newton, Kansas
false_merge	0.9748249517809321	S1-361549178	Developers Atr Network Limited	124/1 Nayibasti, Bicholi Mardana, Madhya Pradesh, Indore, Janardan Prashant Patra, Indore	S3-825614544	(Limited) Developers Atr Services	No 23 Janardan Prashant Patra, 124/1 Nayibasti, Bicholi Mardana, Indore, MP
false_merge	0.9990893388283671	S1-154182001	Reeva Industries Group	8-21-Ant-502, Narava Road, 8Th Ward Giddlur, Giddalur, Prakasam, Andhra Pradesh	S2-58887015	REEVA INDUSTRIES GROUP	A-8-21-ANT-507, NARAVA ROAD, 8TH WARD GIDDLUR, GIDDALUR, ఆంధ్రప్రదేశ్
false_merge	0.8939431282362629	S1-868147097	Yamuendra Constructions Corporation	Lodhan Road Dist - Uttardinajpur, Islampur, Uttar Dinajpur, West Bengal	S2-228582822	Yamuendrayn Constctiorns Corporation	LODHAN ROAD DIST - UTTARDINAJPUR, ISLAMPUR, পশ্চিমবঙ্গ
false_merge	0.8079239243449573	S1-22494065	Proo Grand Altenergy Inc.	88 Kingwood Drive, Mcminnville, TN	S2-844118869	PROO GRAND ALTENERGY INC.	
false_merge	0.8689363907122165	S1-956163859	First Ministries	8405 Baseline Road, Mesa, AZ	S2-961757089	Fourth Ministries	8405 BASELINE ROAD, MESA, AZ
false_merge	0.9048551805595676	S1-748650642	Sanskar Associates Co	A-5, Shri Krishna Jyot, Plot No.105, Garodia Nagar, Ghatkopar (East), Maharashtra, Mumbai	S2-921317156	SANSKAR SERVICES ([CO])	PLOT 1-5 A-9, SHRI KRISHNA JYOT, PLOT NO.105, GARODIA NAGAR, GHATKOPAR (EAST), महाराष्ट्र
false_merge	0.9014800260900174	S1-238866499	Kestic Minerals LLC	5645 4060, Kearns, UT	S3-183825715	Cestic LLC Minerals	5645 4060, Kearns, Utah
false_merge	0.7458956746922518	S1-44838069	Beacon Alpha	4905 Conlin Avenue, Evansville, IN	S3-228681155	Beacon Alpha (Inc) (Inc)	Evansville, 490 Conlin Avenue, Indiana
false_merge	0.8651125152958158	S1-254424163	APS Foundation Pvt Ltd	Flat No. 123 Sfs, Munirka Vihar, Opp. Jnu, New Delhi, South West Delhi, Delhi	S3-747734310	AP F0undation Pvt Ltd	Flat No. 123 Sfs, Munirka Vihar, Opp. Jnu, South West Delhi, New Delhi, DL
false_merge	0.7309959852175655	S1-278030808	Solutions Maa Industrial Private Limited	Karunagappally, Building No Tp/18/951, Kerala, Kollam, Marwa Business Tower, Kadathoor P.O., Karunagappally	S3-285561699	Solutions Maa Industrial Limited	No. 799 Buildig No Tp/18/958, Kollam, Karunagappally, KL
false_merge	0.8348053135808793	S1-96277279	Superior Learning Services Inc	Magnolia, TX, 40587 Slough Way	S2-856211052	Superior Learning Inc. Services	
false_merge	0.9589735614378332	S1-209591569	Vantex Southwest LLC	805 Central Avenue, Locust, NC	S3-7256790	Vantexa Southwest LLC	80 Central Avenue, Locust, North Carolina
false_merge	0.7072091233373523	S1-24823072	Brotherhood & Brothers Public Limited	1/569-1E, Thuraiyur Road, Namakkal, Tamil Nadu	S3-297068249	Br0therhood & Brothers Holdings Public Limited	1/569-2E, Namakkal, Thuraiyur Road, தமிழ்நாடு
false_merge	0.9409489039992027	S1-159120849	Fab Silks Ltd	8, Shop No.231, Ground Floorprabhat Complex, K.G Road, Bangalore, Karnataka	S3-278455646	ZLB Silks Ltd	8Th Floor, Bangalore, KA
false_merge	0.939387276516632	S1-365750344	Classic Elite	2700 3B Silvertree Lane, Muncie, IN	S3-738666495	Classic Esile	
false_merge	0.9845985431865453	S1-13413482	Diamond Mortgage Solutions	3230 13th Street, Temple, TX	S2-344591220	Diamond Mortgage Solutions	
false_merge	0.7418662596921944	S1-775798701	Saraswati Courier Private Limited	Shop No 1 Jinan Roadratna Sarita Apartment Surendranagar, Gujarat, Surendranagar, Gujarat	S2-110419344	M/s Saraswati Courier Limited	SHOP NO 2  JINAN ROADRATNA SARITA APARTMENT SURENDRANAGAR, GUJARAT, Gujarat
false_merge	0.7984900947421122	S1-548243112	Ace Optimal Axiom Inc.	1115 Ridge Avenue, Collinsville, IL	S2-647220898	Ace Optimal Axiom Corp	COLLINSVILLE, 111 RIDGE AVE, IL
false_merge	0.7668816356302605	S1-910768806	Golden Super Consulting	644/6 Sch No. 07, Shastri Nagar, Meerut, Uttar Pradesh	S3-218965450	Golden Super Limited Consulting	644/7 Sch No. 07, Shastri Nagar, Meerut, Kaithal, UP
false_merge	0.7017613142054813	S1-382537845	Smith Energy LLC	1296 Chestnut Ridge Road, Sullivan, NY	S2-661237008	SMITH ENERGY	
false_merge	0.995066119903515	S1-813986477	Mike Share	No. 30 Krishnaraju Layout, 1St Main 615/01, 5, 7Th Cross, J P Nagar, 4Th Ph, Ase, Bangalore, Karnataka	S3-983546529	Mike Share Limited	No. 30 Krishnaraju Layoct, 1St Main 615/01, 5, 7Th Cross, J P Nagar, 4Th Ph, Ase, Bengaluru, Kothanur, KA
false_merge	0.8753883676248732	S1-333527720	# 1 ZB Roman LLC	7416 26th Avenue, City Of Kenosha, WI	S3-39581557	# 1 ZH Róman LLC	7416 26st Avenue, Kenosha, Wisconsin
false_merge	0.9721012672235106	S1-304115415	New Delhi Solutions Private Limited	New Delhi, G-4 Saket, South Delhi, Delhi	S3-139690276	New New Delhi Solutions	R-54, Saket, South Delhi, DL
false_merge	0.9986292519660109	S1-982366306	LIT Kripa Private Limited	3C/4, New Rohtak Road Karol Bagh, New Delhi, New Delhi, Central Delhi, Delhi	S2-628153577	LIIT Kripa Private	NO. 851 3C/4, NEW ROHTAK ROAD KAROL BAGH, NEW DELHI, NEW DELHI, Delhi
false_merge	0.9376537701684896	S1-873379924	Caldan Health L.L.C.	Unit APT A, Saint Louis, MO, 5633 Golf Ridge Drive	S3-624436630	Kaldan Haeth L.L.C. L.L.C.	5633 Golf Ridge Drive, # APT A, Saint Louis, Missouri
false_merge	0.9813122278108881	S1-557489638	Pediatric Dentistry Great Care	276 Ernest Drive, Tallmadge, OH	S3-193617869	Pediatric Dentistry Great Coagrcce	
false_merge	0.9438822436350899	S1-801847312	Chandrva Financial LLP	H.No. 238 Pardevanpur Jajmau, Kanpur, Uttar Pradesh	S3-520323166	Llp Khandrva Financial	H.no. 238 Pardevanpur Jajmau, Kanpur, UP
false_merge	0.9496421330816655	S1-185066940	White Investment Private Limited	No. 2924, Third Floor, 14Th Cross, K.R. Road, Banashankari Ii Stage, Bengaluru, Bangalore, Karnataka	S2-22783309	ವೈಟ್ ಜಯ್ ಇನ್ವೆಸ್ಟ್‌ಮೆಂಟ್ ಲಿಮಿಟೆಡ್	NO-10, BENGALURU, BANGALORE, Karnataka
false_merge	0.8017661730625532	S1-11302083	VD Hill Inc	NC, 204 W Stanly Street, Stanfield	S3-744632006	Papadakis Hill Ínc	04 West Stanly St, Stanfield, North Carolina
false_merge	0.9446718902562704	S1-664912249	Solio Minerals	2293 225, Washington, IN	S3-559926890	Solique Minerals	002293 225, Wasihngton, Indiana
false_merge	0.9214486149022881	S1-550636810	Tirupati Cements Pvt Ltd	Renuka Complex Patal Babu Road, Bhagalpur, Bihar	S2-6702825	Tirupati Cemr Pvt Ltd	
false_merge	0.9995043756608921	S1-600716280	Frontier Cayman LLC	1600 72nd Avenue, Brooklyn Center, MN	S2-910263686	Frontier LLC Services	1600 72ND AVE, <NULL>, PORTLANND, OR
false_merge	0.922884772333627	S1-53305633	Mystic Infotech (India) Private Limited	Kerala, Building No 10/198, Mecheriparamba, Tirur, Malappuram, Malapuram	S3-932527790	Mystic Infotech (India) Limited	Building No G-10/209, Calicut Region, Malappuram, KL
false_merge	0.9998482130426193	S1-997134386	Ivenon Annaly	37 Walnut Street, Unit 2, Belchertown, MA	S3-940566360	Ivvenon Annaly Corporation	37 Walnut St, # 2, Belchertown, Massachusetts
false_merge	0.8218025816803746	S1-947830884	Patriot Evolution, LLC	227 Millwell Drive, Maryland Heights, MO	S2-741067607	Mroicn LLC	MILLWELL DR, MARYLAND HEIGHTS, MO
false_merge	0.9956537902572212	S1-998317607	Vision Trusted Medicine	AZ, Unit 253, Phoenix, 4700 16th Street	S3-913714350	Vision Trusted  Medicine	
false_merge	0.7413116642545455	S1-245823032	Direct Retail	911 Hancock Avenue, Salina, KS	S2-726131187	DIRECT RETAIL	
false_merge	0.8258343936756347	S1-726137684	Vision Smart Health	15407 89th Street, Otsego, MN	S3-55566238	Vision Smart-Health	
false_merge	0.8208579780274023	S1-931394535	Halceon Connecticut Corp	157 Fieldstone Court, Frederick, MD	S3-435122726	Halceonyn Connecticut Corp	15 Fieldstone Court, Frederick, Maryland
false_merge	0.8426345910880931	S1-996187041	QO Polymers Private Limited	A 78 Ff J P Garden, Ghaziabad, Uttar Pradesh	S2-857542336	QO Private Limited Partners	
false_merge	0.8247643685163827	S1-386729328	Marvin Golden Appliance LP	11350 Windsor Road, Theodore, AL	S2-882342501	Korlum	WINDSOR RD, THEODORE, AL
false_merge	0.9384979655917275	S1-573747623	Vantyn Pharmaceuticals	704 11th Street, TX, Taylor	S2-82463124	Vanntyn Pharmaceutica1s	706- 11TH ST, TAYLOR, TX
false_merge	0.9753511920269946	S1-686973045	Quantyx Carlyle Associates	2726 Mineral Springs Avenue, Unit 2104, Knoxville, TN	S2-949686157	Kwantyx Carlyle Associates Inc	2726 MINERAL SPRINGS AVENUE, KNOXVILLLE, TN
false_merge	0.9183241588806818	S1-629954020	Luman Dpc LLC	593 Colonial Drive, Roanoke Rapids, NC	S3-95387139	Lumana Dpc LLC	593 Colonial Drive, Roanoke Rapids, North Carolina
false_merge	0.8402143043442097	S1-71802824	Nagin Foundation Private Limited	Shop 101, 1St Floor, Neelkanth Heights, B.P. Cross Road, Mulund West, Mumbai, Mumbai City, Maharashtra	S3-217778304	Naggin Fuodaion Private Limited	Mumbai, Shop C-110, 1St Floor, Neelkanth Heights, B.p. Cross Road, Mulund West, Mumbai City, MH
false_merge	0.9958442539983923	S1-943275994	Village Of Associates	308 White Sulphur Road, Hot Springs National Park, AR	S3-785736564	Village  Of Associates	
false_merge	0.9926674646675329	S1-605852474	DA Metal Works	1102 Opera Street, Stamps, AR	S3-417218279	CA Works Metal	1102 Opera St, Stamps, Arkansas
false_merge	0.9956068829355095	S1-375093745	Orbos Produce Inc	255 Sages Way, Marshall, NC	S2-280524020	Orboro Produce Inc	255 SAGES WAY, NC, MARSHALL
false_merge	0.762910164267998	S1-683891285	Halcara Carolina LLC	403 Ann Street, Staunton City, VA	S2-545592580	*** Halkara Carolina	403 ANN ST, STAUNTON CITY, VA
false_merge	0.8636494004513184	S1-844536051	Kestium Association Clinic	Montgomery, AL, 118 Nottingham Court	S2-161326289	KESTIUMYN  ASSOCIATION [CLINIC]	118 NOTTINGHAM CT, MONTGOMERY, AL
false_merge	0.9975074451147898	S1-639055820	Suryam Petrochem Pvt. Ltd.	102, Sahaj Complex, Navrang Society Jaldhara Chowkdi Gidc Ankleshwar, Bharuch, Gujarat	S3-104437820	Surryam Petrochem Pvt. Ltd	10, Sahaj Complex, Navrang Society Jaldhara Chowkdi Gidc Ankleshwar, Rajpipla, Bharuch, GJ
false_merge	0.9659772647262622	S1-597521508	Mccollum Desert Pono L.L.C.	2719 11th Street, West Fargo, ND	S2-71781607	Mccollum Desst Pono LLC	2721 11TH SAINT, W FARGO, ND
false_merge	0.9458686464007604	S1-687537576	Community Fund IV LLC	3135 Hanley Avenue, Portsmouth City, VA	S2-184089655	COMMUNITY FUND HIV LLC	3135 HANLEY AVENUE, PORTSMOUTH, VA
false_merge	0.8573956737269823	S1-666663055	Emlyn Alston, DDS, PC	563 Cedar Court, Lawrenceburg, TN	S2-323081332	Emlyn Alston, VDS, Inc	563 CEDAR CT, LAWRENCEBURG, TN
false_merge	0.7855505578206685	S1-451027809	Safe Education Union	917 Laguayra Drive, Albuquerque, NM	S2-963700774	SAFE EDUCATION UNION	
false_merge	0.9898749431941063	S1-430660163	Jbr Travels Private Limited	302, Plot No.38 Hanuman Nagar, Manikonda, Hyderabad, Telangana	S3-557020565	M/s Jbr Private Travels Limited	Plot No:37/a, Hyderabad, Andhra Pradesh
false_merge	0.9988290558594882	S1-533791216	Chiropractic Summit Specialists LLC	1006 22nd Street, City Of Monroe, WI	S3-218993006	Irinexveo	1006 22nd Street, City Of Monroe, WI
false_merge	0.8095180644025938	S1-991111442	Cardiology Great Care Associates LLC	1804 St Georges Road, Upper Dublin Township, PA	S3-490596962	Cardiology LLC Care Associates Great	
false_merge	0.9831563658060823	S1-74253272	Moriah Baptist Ridge Chiropractic	3186 Plank Road, Moriah, NY	S2-986471789	Moriah Baptist Ridge Chiropractic LLC	MINVILLE TOWNSHIP, 191 PLANK ROAD, NY
false_merge	0.8010632312969749	S1-786455625	Verrora Stock Inc	748 Ridgeway Street, Sapulpa, OK	S3-459910657	Verrova Stock Inc	748 Ridgeway Street, Sapulpa, Oklahoma
false_merge	0.8030537557191628	S1-868927847	Gulf Medical LLC	Queens Village, 215-22 112 Avenue, NY	S2-796577990	Gulf Mteditbcl LLC	
false_merge	0.7316924528856338	S1-153564500	Silver Consultancy Limited	Ap/14/249/A, B, C, D, 2Nd Floor, Kalikavu Road, Nilambur, Malappuram, Malapuram, Kerala	S2-438736486	സിൽവർ കൺസൾട്ടൻസി പ്രൈവറ്റ് ലിമിറ്റഡ്	AP/0014/252/A, B, C, D, 2ND FLOOR, KALIKAVU ROAD, NILAMBUR, MALAPPURAM, MALAPURAM, കേരളം
false_merge	0.982946288785844	S1-854433259	Ujjaika Benefit Private Limited	Shri Vedvyas Complex, Near Axis Bank Panposh Road, Rourkela, Sundargarh, Orissa	S3-543175771	UJJAICA BENEFIT PRIVATE LIMITED	Sundargarh, Shri Vedvyas Complex, Near Axis Bank Panposh Road, Rourkela, OD
false_merge	0.9909702422555593	S1-438599014	Vrp Group of Companies	Upper Floor, Fortuneazure, 14, Mechenic Nagar Ext., Indore, Madhya Pradesh	S3-954108598	Vrp Group [of]	No D/62 Upper Floor, Fortuneazure, 14, Mechenic Nagar Ext., Indore, मध्य प्रदेश
false_merge	0.9749777021740248	S1-103287179	Ruthanne's Ice Cream	1004 Chestnut Street, Grafton, OH	S2-987539423	Caloariaveo	1004 Chestnut Street, GRAFTON, OH
false_merge	0.9700692074730757	S1-413879798	Liesa Zavala, CPA	240 Chesapeake Drive, Salisbury, NC	S3-480750637	Liesa Zavala, (CPAV)	240 Chesapeake Drive, PMB 9040, Salisbury, North Carolina
false_merge	0.8264828160522568	S1-863530335	Govardhan Advertising (India) Partners	House No. 403/26 Gali No.15, Baldev Nagar, Gurgaon, Gurugram, Haryana	S2-63183937	GOVARDHAN ADVERTISING (INDIA) PARTNERS LLP	HOUSE NO. 403/26 GALI NO.26, BALDEV NAGAR, GURUGRAM, Haryana
false_merge	0.8870445021461215	S1-15737565	Zephance Telephone, LLC	832 Vt Route 100, Killington, VT	S3-667806714	Zefance LLC Telephone,	832 Vt Rouet 100, Killington, Vermont
false_merge	0.9667884921450426	S1-340993955	Ziratech Producer Limited	9/225, Mta Building Poolakkal, Punnappala Po, Malappuram, Malappuram, Malapuram, Kerala	S2-724227049	Zirateique  Producer Limited	9/225, MTA BUILDING POOLAKKAL, PUNNAPPALA PO, MALAPPURAM, MALAPPURAM, കേരളം
false_merge	0.77309220338496	S1-71043886	Two College	Delhi, Kh No. 70/1/1, North West Delhi, A-8, 4Th Floor, Mangolpur Kalan, Near Punjab Sweets, Marble Market, Delhi	S3-697448790	Two College LLP	Kh No. 70/1/2, A-8, 4Th Floor, Mangolpur Kalan, Near Punjab Sweets, Marble Market, Delhi, North West Delhi, DL
false_merge	0.8341854205731064	S1-377758515	Montance Alliancebernstein LLC	2030 Nadenbousch Lane, Inwood, WV	S3-517510158	Montanke Alliancebernstein  LLC	203 Nadenbousch Ln, Inwood, West Virginia
false_merge	0.9879068143714087	S1-199005287	LYY Grass Private Limited	13B Balaram Ghosh Lane, Kolkata, Calcutta, West Bengal	S3-37508822	LY Grass Private Limited	13B Balaram Ghosh Lane, Kolkata, Calcutta, WB
false_merge	0.9997395366172721	S1-976241975	Vantis Neurosciences Clinic	CT, New Haven, 5 Norton Street	S2-422273946	Vanttis Neurosciences Clcicn	5 NORTON SRTEET, CT, NEW HAVEN
false_merge	0.9262397294386412	S1-822766780	Hart Signature Zeo LLC	309 Garrison Woods Drive, Unit UNIT 2, Stafford County, VA	S3-798701643	Hart Signature Zeo	103. Corral Dr, Frederick County, Virginia
false_merge	0.9967785848606947	S1-201344455	Vantis Royalty LLC	306 Victor Street, Austin, TX	S2-568738775	Vanttis Royalty	#306 VICTOR SAINT, AUSTIN, TX
false_merge	0.768430316557049	S1-735378419	Vijay Developers Private Limited	C/O Kalpana Umesh Roda, H.No. 5/2/106/1, Sarafa Chowk, Nanded, Naigaon, Nanded, Maharashtra	S2-724524593	विजय डेवलपर्स लिमिटेड	NO 56 C/O KALPANA UMESH RODA, H.NO. 5/2/106/1, SARAFA CHOWK, NANDED, NAIGAON, NANDED, महाराष्ट्र
false_merge	0.8924631079339752	S1-218960948	YKV Allspring Inc	67 Adelaide Avenue, Waterbury, CT	S3-996668881	Orbihalo	Adelaide Avenue, Waterbury, Connecticut
false_merge	0.8049377886123508	S1-701109158	Rajlaxmi Hospital	7-9-2/02, Eeshwaraiah Enclave Dammaiguda, Hyderabad, Telangana	S3-431588281	Rajlaxmi Hospital [Limited]	G-7-9-2/15, Eeshwaraiah Enclave Dammaiguda, Hyderabad, TG
false_merge	0.8126082726913739	S1-561818745	Pantheon Institute of Technology	A-128, Tower P5 Ashiana Palm Court, Raj Nagar Extn, Ghaziabad, Uttar Pradesh	S2-417460497	Dr Pantheon Institute of Technology Limited	
false_merge	0.9133983926500904	S1-149733636	Hill Adr	7039 Maynardville Pike, Unit 1, Halls Crossroads, TN	S2-649745046	HILL ADR	
false_merge	0.9998828211693952	S1-718115332	UU Technologies Private Limited	Shop No. 3-4-5, Jimmy Park Near Mercedes-Benz Showroom Gondal Road, Rajkot, Gujarat	S2-589762018	UUU Technologies Limited Services	SHOP NO. 3-4-5, JIMMY PARK NEAR MERCEDES-BENZ SHOWROOM GONDAL ROAD, RAJKOT, N/A, Gujarat
false_merge	0.858061316305108	S1-6771199	Quality Asset Solutions LLC	14151 900 Road E, Bloomington, IL	S2-299086493	QUALITY ASSET SOALUON,S LLC	
false_merge	0.9379090554998238	S1-457739459	Brightara Debt, Inc	7423 Sr 754, Shreve, OH	S2-740556948	BRRIGHTARA DEBT, INC	7423 SR 754, SHREVE, OH
false_merge	0.9778778697380166	S1-186380516	Vertex Inc.	Holly Springs, 4102 Reef Court, NC	S3-856675918	Vertex Inc	105 Reef Ct, PMB 1373, Holly Springs, North Carolina
false_merge	0.9698044526841707	S1-773873939	Rapid Era Inc.	24474 Starr Creek Road, Corvallis, OR	S2-525003280	Rapid Era Center	
false_merge	0.9957832500683935	S1-130355167	Nagaya Technologies Public Limited	Maharashtra, Jalgaon (Jamod), Jalgaon (Jam, Od), Buldhana, Nimbhora, C/O B Konde, Buldhana	S2-80352002	NAGAYAER TECHNOLOGIES-PUBLIC LIMITED	C/O B KONDE, JALGAON (JAM, OD), BULDHANA, NIMBHORA, JALGAON (JAMOD), Maharashtra
false_merge	0.9375376027846978	S1-664121889	Kestus Fields LLC	575 Piney Mountain Road, Wythe County, VA	S2-618892840	Cestus Fields LLC	0575 PINEY MOUNTAIN ROAD, WYTHE COUNTY, VA
false_merge	0.8392995800035011	S1-913312353	Zephial Pennymac Inc	11320 Avon Avenue, Cleveland, OH	S2-597539205	Zephiala Pennymac-Inc.	11320 AVON AVE, CLEVLEAND, OH
false_merge	0.7890057103882566	S1-304671904	Glyphova Pipeline LLC	110 Applewood Drive, German Flatts, NY	S3-251759924	Glyphora Pipeline	German Flatts, New York, 10 Applewood Dr
false_merge	0.9733369747466144	S1-967086068	Bangalore South Realty Private Limited	No. 49/1, Second Floor, Kanakapura Road, Jayanagar 7Th Block, Bangalore South, Bangalore, Karnataka	S2-206331535	... BANGALORE SOUTH REALTY PRIVATE	FLOOR, NELAMANGALA, ಕರ್ನಾಟಕ
false_merge	0.9659956713516366	S1-741607279	Solyn National Associates	11793 Herodian Drive, Rancho Cordova, CA	S3-749652416	Solyant National Associates	11793 Herodian Dive, NULL, Rancho Cordova, California
false_merge	0.8376054089174935	S1-936052820	Gandhinagar Global Limited	G-802, Shalimar Lake View, Village : Khoraj, Gandhinagar, Gandhi Nagar, Gujarat	S3-361355572	Gandhinagar Global	
false_merge	0.7079431762141799	S1-593644660	Orbiq Recruiting Inc	401 199, Unit 286, Hutto, TX	S3-297888769	Inc Orbiqa Recruiting	401 199, Huutto, Texas
false_merge	0.9899633562020124	S1-932123910	PS Legacy Infrastructure LLC	2833 Dove Drive, Sierra Vista, AZ	S3-558069852	PYS Legacy Ínfrastructure [LLC]	2833 Dove Dr, PMB 484, Sierra Vista, Arizona
false_merge	0.9131316553773515	S1-524911357	New Delhi Services Private Limited	A-31B Upper Ground Floor / 2Nd Floor Anand Vihar Uttam Nagar New Delhi, Delhi, West Delhi, New Delhi	S3-759045880	newdelhiindustries.com	A-3-1b Upper Ground Floor / 2Nd Floor Anand Vihar Uttam Nagar New Delhi, West Delhi, New Delhi, DL
false_merge	0.9811888024448078	S1-829490316	NCC Contact Co	F.Pl.No.64/12 Cts No. 105/12, Sankhyadarshan, Fi.N., Pune City, Pune, Maharashtra	S3-517426667	NC  Contact Co	F.pl.no.64/12 Cts No. 105/33, Sankhyadarshan, Fi.n., Pune City, Pune, MH
false_merge	0.9802176577292181	S1-820536981	Lyrola Viii	490 600, Roosevelt, UT	S3-126507994	Lyroyx Viii	94 600, Roosevelt, Utah
false_merge	0.9595601280118883	S1-392260867	Shiva Global Construction Private Limited	D A V Hospital Satta Bazarmalerkotla Sangrur, Punajb, Sangrur, Punjab	S3-18742345	Shiva Global Private Limited (Center)	No 028 D A V Hospital Satta Bazarmalerkotla Sangrur, Sangrur, Punajb, PB
false_merge	0.7290111368775201	S1-142000465	NS Power Limited	K-24 Naveen Shahdara, Delhi, East Delhi, Delhi	S3-540465316	NS Pogmjest Limited	202, East Delhi, DL
false_merge	0.9353493152752526	S1-346318392	Bailey Taiwan Group	1806 Myrtle Road, Silver Spring, MD	S2-929865954	Bailey Taiwan Co	
false_merge	0.9328216114031924	S1-581928095	Direct Research Concepts	922 Petras Way, TX, Kyle	S2-552845859	Direct Research C0ncepts	
false_merge	0.7961966906956568	S1-181563131	Thoma, Alexander and Jarrett Group	330 Marina Point Road, AL, Dadeville	S2-936052804	THOMA, ALEXANDER AND JARRETT GROUP	334 MARINA POINT ROAD, DDEVILLE, AL
false_merge	0.7947016495284744	S1-894109613	Olanara Ncr LLC	Houston, 178 County Fair Drive, TX	S2-753575832	Olanari Ncr LLC	178 COUNTY FAIR DRIVE, HOUSTON, TX
false_merge	0.8234638795996512	S1-476643888	ZNL Engineering LLP	14, 3Rd Floor, Satnam Sagar Co. Hng. Society 20 Pedder Road, Cumbala Hill, Mumbai, Mumbai City, Maharashtra	S2-448926726	ZN LLP  Engineering	446 14, 3RD FLOOR, SATNAM SAGAR CO. HNG. SOCIETY 20 PEDDER ROAD, CUMBALA HILL, MUMBAI, Maharashtra
false_merge	0.7412591501389889	S1-267610541	Onyx	100 1/2 APT 1 Main Street, Olney, IL	S2-80481629	Onyx Co	100 1/2 APT 8 MAIN ST, OLNEY, IL
false_merge	0.9223736935813436	S1-35572927	Tirupati Healthcare Private Limited	A-5/24 Krishna Nagar, Delhi, South Delhi, Delhi	S2-903171472	तिरुपति हेल्थकेयर प्राइवेट लिमिटेड	B 05/36, KRISHNA NAGAR DELHI, NEW DELHI, EAST DELHI, Delhi
false_merge	0.9965435252566894	S1-614885836	Anilya Dealers Private Limited	C-20, 601 Kinston Tower, Kaul Heritage City, Bassein, Thane, Maharashtra	S3-855787660	Annilya Dealers Pirvaee Limited	C-20, Bassein, Thane, महाराष्ट्र
false_merge	0.838817351569919	S1-117493072	Raiganj India Private Limited	Ashokpally, Raiganj North Dinajpur, Raiganj, Uttar Dinajpur, West Bengal	S2-171357656	RAIGANJ JARAINNATH PRIVATE LIMITED	KUMARDANGI SHRI PALLI, RAIGANJ, West Bengal
false_merge	0.9935907997249389	S1-718075329	Protaex LLC	Frazee, MN, 34783 150	S3-438426557	prótaex.com	
false_merge	0.997344956873711	S1-442967678	Morataya, Bonita G., CPA	4230 Capstone Road, Midlothian, TX	S2-539181906	Morataya, Bonita G., CPA Corp	423 CAPSTONE ROAD, MIDLOTHIAN TOWNSHIP, TX
false_merge	0.9855912800125125	S1-531984791	Peridify Osprey L.L.C.	194 Middle Road, Islip, NY	S3-490603715	Perridify Osprey L.L.C.	20 Middle Rd, Sayville, New York
false_merge	0.9438161447332515	S1-792079598	Chavez Electronics Inc.	Iowa Park, 4923 Bell Road, TX	S2-282209132	CHAVEZ  INC CENTER	4925 BELL ROAD, IOWA PARK, TX
false_merge	0.7666918234406608	S1-550147570	Drayance Merchants	888 Dublin-granville Road, Columbus, OH	S2-944240774	Drayanke Merchants	888 DUBLIN-GRANVILLE ROAD, COLUMBUS, OH
false_merge	0.9949552908146075	S1-396084484	Quantis Manulife	7083 Townline Road, Pendleton, NY	S2-921921498	Quantant Manulife	7083 TOWNLINE ROAD, N. TONAWANDA, NY
false_merge	0.9790743917533097	S1-787329465	Shantee Cross, DMD	Unit 111, 3425 Chandler Boulevard, Phoenix, AZ	S2-479964103	Shantee Cross, DLMD	3425 CHANDLER BOULEVARD, PMB 6253, AZ, PHOENIX
false_merge	0.9910246611504505	S1-170665194	Baugh, Ermina M., DO, P.C.	6253 32, Park River, ND	S3-842837997	Baugh, Ermina M., DO, P.C.	
false_merge	0.9528512517439429	S1-442751658	IJL Producercompany Private Limited	Office 102, Ambica Compex Vasai East, Navghar, Thane, Maharashtra	S2-525825297	IJLL Producercompany Private Ltd	OFFICE 104, AMBICA COMPEX VASAI EAST, NAVGHAR, THANE, Maharashtra
false_merge	0.9673353824860482	S1-351224470	ND Strategic Microelectronics	1175 Thanet Street, Concord, NC	S3-202459772	Kd Strategic Microelectronics	1175 1/2 Thanet St, Conord, North Carolina
false_merge	0.9681727885852622	S1-439017165	Jai East Impex Pvt Ltd	76/1A, Dr. A.K. Paul Road, Behala, Kolkata, Kolkata, Howrah, West Bengal	S3-408631173	জয় ইস্ট ইম্পেক্স লিমিটেড	Howrah, WB, Kolkata, Dr. A.k. Paul Road, Behala, Kolkata, 76/6A
false_merge	0.9411580856129588	S1-906443201	Golden Infotech Private Limited	Fl No.1, S.N.28/7/A/1, Nishikantcomplexkalepadal, Pune, Maharashtra	S3-388581110	Golden Infotech Limited Services - 5077047607	No.1-7/a, Bangalore, KA
false_merge	0.9358407210663618	S1-365069613	Pranva Colonisers Private Limited	3230, Ap Ground Floor, Sector 57 Sushant Lok 3, Gurgaon, Haryana	S2-169261569	Pranoro Colonisers Private Limited	NO 488 3230, AP GROUND FLOOR, SECTOR 57 SUSHANT LOK 3, GURGAON, Haryana
false_merge	0.9305027757548066	S1-891241782	Pediatric Continental Health	0-418 1st Street, Kimmell, IN	S3-952593162	Pediatric Continental  Health Corp	0-429 First St, Kimmell, Indiana
false_merge	0.886367818494347	S1-256167832	Tapovan Holdings	House No. 98 Ward No. 2, Near Aaimay Temple Warud, Arni, Yavatmal, Maharashtra	S3-396954531	Dr Tapovan Services	
false_merge	0.8450178399066367	S1-376780354	Immigration Law Chambers	Bhola Nath Para, N/R Khudiram Pally, Baneswar More, Sevoke Road, Siliguri, West Bengal	S3-664083897	Immigration-Law	
false_merge	0.8652323125650934	S1-982173193	Miller Praetorian	1 Old Shelter Rock Road, Danbury, CT	S3-560378113	Miller [Praetorian]	
false_merge	0.8040094122674454	S1-791878233	Maa Engineers Private Limited	C/O: Joynal Sk, Vill & P.O. - Tungi, Nowda, Nadia, West Bengal	S2-253252158	MAA ENGINEERS PRIVATE	
false_merge	0.93228864701054	S1-723199924	DZ Services	A-803, Shree Ganesh Chs Ltd, Rajendra Nagar, Dattapada Road, Borivali (East), Mumbai, Mumbai City, Maharashtra	S3-524770277	DZ Services	
false_merge	0.9912838598924164	S1-779173444	Cordy H. Farrow, DO	850 124th Street, Tacoma, WA	S3-827323207	Cordy H. Farrow, [CO]	850 124th St, Tacoma, Washington
false_merge	0.8879166294050606	S1-100742837	Jarlium Bakery	1011 Walnut Street, Muskogee, OK	S3-189956956	Jarliell Bakery	01011 Walnut St, Muskogee, Oklahoma
false_merge	0.9903083084022403	S1-455417532	Creative Supreme Arts	29859 Blue Sky Drive, Seven Bays, WA	S2-912929236	Creative Supreme Arts | www.creatives.com	
false_merge	0.7800338902696832	S1-523583372	Dream (India) Solutions Private Limited	A 610, World Trade Tower, Makarba (Ct), Ahmadabad City, Ahmedabad, Gujarat	S3-678665965	India Samasta Solutions Private  Limited	A-610 World Trade Tower, Ahmedabad, Ahmadabad City, ગુજરાત
false_merge	0.9051929574627674	S1-896571204	Vergara Federal Clean Inc.	341 Central Avenue, Scituate, MA	S2-181653142	VERGARA FEDERAL  CLEAN INC	35 CENTRAL AVENUE, MA, SCITUATE
false_merge	0.9506081040809687	S1-350002132	Aarvtech Sugars Private Limited	8-2-293/82/J-111/213 Phase-111, Jublee Hills, Hyderabad, Telangana	S2-371806717	AARVTEKH (SUGARS)	8-2-293/82/J-111/213 PHASE-111, JUBLEE HILLS, తెలంగాణ
false_merge	0.9134855836842889	S1-806988187	Novay Huntington Inc	4220 Brownsboro Road, Unit 26, Winston-salem, NC	S3-65298623	Inc Novayyn Huntington	4220 Brownsboro Road, Winston-Salem, North Carolina
false_merge	0.7745647071676314	S1-793327217	Ace Consulting Limited	8/266, Thattathimukk Kara, Devikulam, Idukki, Kerala	S2-274546373	എയ്സ് കൺസൾട്ടിംഗ് പ്രൈവറ്റ് ലിമിറ്റഡ്	8/275, THATTATHIMUKK KARA, DEVIKULAM, IDUKKI, Kerala
false_merge	0.9131505260582956	S1-769240364	Best Business Private Limited	Ground & First Floor, No. 530, Sankalpa, 5Th Cross Road, Vinayaka Layout, 9Th Block, 2Nd Stage, Nagarabhavi, Bangalore North, Bangalore, Karnataka	S2-916367006	Best Business Limited	NO 58 GROUND & FIRST FLOOR, NO. 530, SANKALPA, 5TH CROSS ROAD, VINAYAKA LAYOUT, 9TH BLOCK, 2ND STAGE, NAGARABHAVI, BANGALORE NORTH, Karnataka
false_merge	0.9660486709069471	S1-23609851	Beacon Columbia L.L.C.	280 Colonial Drive, Fl 2nd Floor, Oxford, AL	S3-172468138	Beacon Columbia LLC	Oxford, 01 Colonial Dr, Alabama, Floor 2nd Floor
false_merge	0.8739541364297851	S1-463489363	Monteon Kkr	397 Crescent Road, PA, Hatboro Borough	S3-967805471	Montean Kkr	397. Crescent Rd, Habtoro, Pennsylvania
false_merge	0.9694285129021154	S1-134702714	Mumbai Oil Private Limited	Kapildeo Phoolchand Gupta, Bandra Suburban, Maharashtra, Room No Vishnu Nagar Soc, L U Gadkari Marg, Opp Ramji Kirana Store, Chembur (E, Mumbai	S3-8745256	Mumbai Oil Private	0501, Mumbai (SUBURBAN), MH
false_merge	0.823943220014861	S1-528104690	Myrtice Diehl, DDS Inc	567 Bensley Avenue, Calumet City, IL	S2-433936932	Myrtice Diehl, DDSS Incorporated	574 BENSLEY AVE, null, CALUMET CITY, IL
false_merge	0.9781991712626507	S1-497367709	Back Alley Cleaning Service Group	20820 Eggert Way, Beaverton, OR	S2-305343665	Back Alley Cleaning Service  Inc.	2082 EGGERT WAY, BEAEVRTON TOWNSHIP, OR
false_merge	0.8890165416653897	S1-453844803	LFZ Foods Public Limited	C/O Roopkumar Shersingh Sharma 1 Raghuveer Appts Hilltop Ambazari, Nagpur, Maharashtra	S2-163757029	LZ Foods Public [Limited]	C/O ROOPKUMAR SHERSINGH SHARMA 1 RAGHUVEER APPTS HILLTOP AMBAZARI, NAGPUR, महाराष्ट्र
false_merge	0.9881842179909369	S1-202679749	Randall Capital Nevada LLC	189 Wallace Road, Unit 45, Nashville, TN	S2-591782053	Randall Capital Nevada Corp	NASHVILLE, TN, 189 Wallace Road
false_merge	0.9514743076219192	S1-180732719	Youth Ministries III Inc	928 Eighth Street, Newark, DE	S3-138387567	Youth Ministries IJII  Inc	Delaware, 928 8th Sreet, Newark CDP
false_merge	0.8985106870763903	S1-757656501	Jarleon Hall Co	401 Graywood Court, Coppell, TX	S2-898185692	Jarrleon Hall Co	401 GRAYWOOD COURT, COPPELL, TX
false_merge	0.740953797627056	S1-423800111	Marcellina's Ridge Fashion Inc	304 Camden Cove Circle, Calera, AL	S3-548638223	Marcellina'S Ridge Fashion Incorporated	
false_merge	0.875845705598197	S1-301106699	Ultimate Holdings	No. 598/599, 1St Main, 15Th Cross, Hsr Layout Sector 6, Bangalore, Bangalore, Karnataka	S2-325691134	ULTIMATE  HOLDINGS	
false_merge	0.7692617080584373	S1-645828994	Smart Mobility Advisors Inc	Crowley, TX, 1900 Saler Drive	S2-366033419	Smart Mobility Advisors Inc.	
false_merge	0.8861004247245208	S1-822572803	Taram Enterprise	Unit No.9, 10Th Floor, Gowra Fountainhead, Sy No.80 83 And 84, Patrikanagar, Madhapur, Hi-Te, Ch City, Hyderabad, Telangana	S3-746769346	Tarram Enterprise	Unit No.13, 10Th Floor, Gowra Fountainhead, Sy No.80 83 And 84, Patrikanagar, Madhapur, Hi-te, Ch City, Ranga Reddy, Hyderabad, Andhra Pradesh
false_merge	0.9950134240633208	S1-631302006	JYL Pinnacle Center	4216 Z, Emden, MO	S2-738199765	Umbrairifaye	4216 Z, EMDEN, MO
false_merge	0.9601433882968748	S1-107289988	A Cure 2 IT	637 Milton Street, Toledo, OH	S3-408516733	A Cure 2 IVT	Toledo, Ohio, 0637 Milton St
false_merge	0.9105302099298302	S1-93817193	Mas Traders	Unit No. 904, 9 Floor, Vihav Supremus Ll, Near Vmc Ward No. 11 Office, Beside R.K. Plaza, Diwalipura, Vadodara, Gujarat	S2-949054103	Mass Traders	
false_merge	0.9726600594875364	S1-830006713	Ann Heitman, DDS	14229 9N, Unit Unit 1, Jay, NY	S2-980723647	*** Ann DRS Heitman,	14229 9N, JAY, NY
false_merge	0.8887761502508225	S1-492051828	Rainbow Asset Private Limited	House No 2 1St Floor Blk-1, State Bank Colony Landmark Na Delhi, Delhi, North West Delhi, Delhi	S3-63772045	Rainbow Asset  Limited	Plot 290 House No 2 1St Floor Blk-5, Delhi, North West Delhi, DL
false_merge	0.9905329552745957	S1-679160569	Sankat Hydel (India) Private Limited	H.No. 402/4 Moti Lal Nehru Medical College Parisar, Allahabad, Uttar Pradesh, Prayagraj	S2-589897948	Sankat Hydel (India) Pditte Limited	
false_merge	0.949961731314154	S1-194199978	Montial Innovative Inc	4852 1125, Cedar City, UT	S2-700930824	Montiala Innovative  Inc	4852 1125, CEDAR CITY, UT
false_merge	0.8376840519494099	S1-925056325	Aditraj Chits Limited	Madurai, Lake Areamelur Main Road, Plot No.1 &2, Madurai, Tamil Nadu	S3-550457071	Cálogild	Door No #23 1/2, Madurai, தமிழ்நாடு
false_merge	0.7941016728196661	S1-668024187	Kisan Center Limited	Room No. 961 (9), Chawl No. 35, Trimuti Soc. V, Opp. Anthony Church Ghatkopar E, Mumbai, Mumbai City, Maharashtra	S2-470206088	Kisan Limited Center	
false_merge	0.7004605396618652	S1-685710483	Hyderabad Pharma Private Limited	Hyderabad, 1100/Asg/B1003, Aparnagrande, Nallagandla Serilingampally, Hyderabadcentralunive, Rsity, Rangareddy, Telangana	S3-404621758	Hyderabad Limited Private Services	1100/Asg/B1016, Aparnagrande, Nallagandla Serilingampally, Hyderabadcentralunive, Rsity, Hyderabad, TG
false_merge	0.9141034391515229	S1-797693736	Optimal Materials Technologies	2392 Belmont Avenue, Ashdown, AR	S3-161321045	Optimal Optimal Materials Téchnologies	
false_merge	0.8032121656647154	S1-434702	Chandransh Services Private Limited	House No. 2C/3342, Court Road, Gill Colony, Saharanpur, Uttar Pradesh	S2-600120529	Khandransh Sfvmies Private Limited	HOUSE NO. 2C/3342, COURT ROAD, GILL COLONY, SAHARANPUR, Uttar Pradesh
false_merge	0.7170713679289742	S1-436278944	Sterling Cion	214 Lincoln Avenue, Endicott, NY	S2-990477412	Sterling Cna	
false_merge	0.975005890801257	S1-373116737	Quantan Shipping Inc	1420 Arch Street, Unit Unit C311, Norristown Borough, PA	S2-758826869	Quantanyn Shipping Shipping Inc	NORRISTOWN BOROUGH, 142 ARCH ST, PA
false_merge	0.8649989964732272	S1-571035724	Anchor Green	1408 New River Inlet Road, North Topsail Beach, NC	S3-191595330	Anchor Green	
false_merge	0.9999163801814036	S1-231405002	Gangraj Management Care	Delhi, 29/1, Shakti Nagar, Delhi	S2-922524868	MANAGEMENT GANNGRAJ CARE	29/1, SHAKTI NAGAR, DELHI, दिल्ली
false_merge	0.8961751979196418	S1-883388841	BM Empire Vornado	1531 Denton Road, Essex, MD	S3-709570536	BFM  Empire Vornado	1531 Denton Rd, Essex, Maryland
false_merge	0.8484343909580729	S1-309378919	Sarasam Energy Private Limited	Bihar, P.O. - Sorampur P.S. - Janipur, Vill - Saraiya, Phulwari Sharif, Patna	S2-487151272	SARASIM ENERGY PRIVATE LIMITED	बिहार, NO 00913 VILL - SARAIYA, P.O. - SORAMPUR P.S. - JANIPUR, PHULWARI SHARIF
false_merge	0.9790458721013002	S1-254583484	Indram Goshala of Thane Private Limited	B 110, Thane, Maharashtra, 1St Floor Centrum Business Square Road No 16, Next To Lotus Park	S2-324880615	Indrim Goshala of Thane Private Limited	B 10, 1ST FLOOR CENTRUM BUSINESS SQUARE ROAD NO 16, NEXT TO LOTUS PARK, THANE, Maharashtra
false_merge	0.9148404177665894	S1-473558820	Jai Hospitality Private Limited	No. 32, 3Rd Floor, 2Nd Cross, Nanjappa Reddy Layout, 8Th Block, Korama, Ngala, Karnataka, Attic Space, Bangalore	S3-258855063	Jai Hospitality	H.no 32, Bangalore South, Bangalore, ಕರ್ನಾಟಕ
false_merge	0.9044726908518108	S1-754343240	SK Steel Private Limited	3/2, Charu Chandra, Mitra Road, Allahabad, Uttar Pradesh	S3-848880729	SK Stéel Limited	Allahabad, 3/9, Allahabad, UP
false_merge	0.9779998856559997	S1-618510097	Nexan Cal	3187 10th Street, Chaseley, ND	S3-613879145	Nexaix Cal	3187 10nd St, Chaseleey CITY, North Dakota
false_merge	0.9687582710214461	S1-446277584	Yamini Nirman Private Limited	Block A Gf 7 And 8 Safal Profitair, Nr Krishna Bungalows 100Ft Road Prahladnagar Vejalpur, Ahmadabad City, Ahmedabad, Gujarat	S2-288469941	Yamini Nirman Private	
false_merge	0.9997603201078706	S1-122121879	Solola Arrow LLC	1945 Mac Arthur Lane, Indianapolis, IN	S2-299090566	PARTNERS SOLLOLA LLC	IN, 1945  MAC ARTHUR LN, INDIANAPOLIS
false_merge	0.9135094801830466	S1-16706121	Jarliq Ethereum	10 Lilac Lane, Danbury, CT	S2-197666274	JARLUQ ETHEREUM	10-12 LILAC LANE, DANBURY, CT
false_merge	0.9125114464369583	S1-701064262	Fortune Investments Private Limited	S-2-6, Kamla Raman Nagar Nr Saibaba Mandir, Baiganwadi Govandi, Mumbai, Mumbai City, Maharashtra	S2-590021070	फॉर्च्यून इन्वेस्टमेंट्स प्राइवेट लिमिटेड	#6, MUMBAI, MUMBAI CITY, Maharashtra
false_merge	0.7336777233837348	S1-458006841	Mulvihill & Adams Hovnanian LLC	232 Rose Avenue, Des Moines, IA	S3-813996495	Pyralyra	Rose Ave, Des Moines, Iowa
false_merge	0.9042849815215401	S1-700150571	Chandriya Business Limited	Block-E Hathoj, Jaipur, Plotno.E-509 Narayan City, Jaipur, Rajasthan	S3-4497446	Limited Chandriyi 8usiness	Door No 710 Plotno.e-509 Narayan City, Block-e Hathoj, Jaipur, RJ
false_merge	0.7828258680853369	S1-64242455	Toix	1522 Massaro Lane, San Bernardino, CA	S3-816789016	Violyraio	San Bernardino, CA, 1522 Massaro Lane
false_merge	0.9546719127261273	S1-342456809	City Infrastructure Private Limited	403, 4Th Floor, 3-6-232/1, Radha Enclave, Streetno15, Himayathnagar, Hyderabad, Telangana	S3-605354023	సిటీ ఇన్‌ఫ్రాస్ట్రక్చర్ ప్రైవేట్ లిమిటెడ్	H.no B3/3-6-643 2, Hyderabad, Himayathnagar, TG
false_merge	0.8102690888720345	S1-240103424	IBV Electricity LLC	17 Thayer Pond Drive, Unit 6, Oxford, MA	S3-998509756	NBV Electricity L.L.C. L.L.C.	17. Thayer Pond Dr, N/A, Oxford, Massachusetts
false_merge	0.9153338346239986	S1-568689813	Rocky Bynordic Inc.	101 Saint Andrews Street, Unit Unit A, Branson, MO	S2-275918320	Inc Rocky Bynordic	12 SAINT ANDREWS STREET, PO BOX 553, MO, BRANSON
false_merge	0.7565991798028983	S1-610499825	Vantio Alussa Inc	137-34 Juniper Avenue, Flushing, NY	S2-747274118	inc vanntio alussa	137-37 JUNIPER AVENUE, FLUSHING, NY
false_merge	0.9655980393550778	S1-780353334	Vijaya Consultancy Private Limited	2842, Classic Apartments, Street Moti Mahal, Daryaganj, New Delhi, Delhi	S2-492297444	Vijaya Consultancy Limited	7844, CLASSIC APARTMENTS, STREET MOTI MAHAL, DARYAGANJ, Delhi
false_merge	0.9993144492900118	S1-685195143	Novyn Ithax LLC	Charlotte, NC, 13820 Queens Harbor Road	S3-518812662	Novvyn  Ithax L.L.C.	13820 Queens Harbor Rd, Charlotte, North Carolina
false_merge	0.8386002526431722	S1-675312448	Choice Digital Ventures Inc.	2605 3rd Street, Roswell, NM	S2-432850788	Choice-Digital Ventures Inc	2607 3RD STREET, ROSWELL, NM
false_merge	0.8056876345478657	S1-427036424	Jupiter Chemicals	Gat No. 416, Village Nighoje, Taluka Khed, District Pune, Khed, Pune, Maharashtra	S2-313037649	JUPITER CHEMICALS	
false_merge	0.9739906317165021	S1-818976216	Reliable Nutrition Technologies LLC	1314 State Street, Unit LOT 40, Kendallville, IN	S3-518567596	Reliable Nutrition LLC [Technologies]	
false_merge	0.9824543095756821	S1-961659961	Lyrial Teucrium	2749 Wiltshire Court, Spring Hill, TN	S2-694901155	Lyrix Teucrium	SPRING HILL, TN, 2749 WILTSHIRE CT
false_merge	0.8934552679668712	S1-416018394	Sarkhejgandhinagarhighway Management Private Limited	Akalpya, Nearkarnavaticlub, Sarkhejgandhinagarhighway, Ahmedabad, Gujarat	S3-175270295	Sarkhejgandhinagarhighway Management Limited	#33 Akalpya, Nearkarnavaticlub, Ahmedabad, Sarkhejgandhinagarhighway, GJ
false_merge	0.9988678328395663	S1-674169520	Solelle Grade, LLC	MO, 11401 Cottleville Trails Drive, Cottleville	S3-556198586	Sollelle LLC Center	11401 Cottleville Trails Dr, Cottleville, Missouri
false_merge	0.9922897427636544	S1-599717300	Urology Clear Clinic	6210 6th Avenue, Unit E-3, Spokane Valley, WA	S2-748102747	THE UROLOGY CLEAR CLINIC	
false_merge	0.9564950106218316	S1-528810466	Vatech Clinic	6109 Wyma Avenue, Fl 0, Saint Louis, MO	S2-69804824	VATECH CIEI	
false_merge	0.9390686399283514	S1-945512370	Urology Associates L.L.C.	118-01 101 Avenue, South Richmond Hill, NY	S2-652471136	UROLOGY ASSOCIATES  [LLC]	118-4 101 AVE, NULL, SOUTH RICHMOND HILL, NY
false_merge	0.9994729189803528	S1-611404201	Highland Federation III Inc	435 Kile Lane, Unit 113, Cleveland, TN	S2-370119482	Highland Federation II Inc	435 KILE LN, CLEVELAND, TN
false_merge	0.999757066997849	S1-87379011	Jain Care Private Limited	No. 2/1, Ground Floor, Rangappa Lane, Chikkamavalli, Bangalore, Karnataka	S2-632870831	ಜೈನ್ ಕೇರ್ ಪ್ರೈವೇಟ್ ಲಿಮಿಟೆಡ್	H.NO 2/1, BANGALORE, Karnataka
false_merge	0.7844939514417133	S1-312059285	Environmental Ministries Inc.	1299 Kinder Valley Road, Wythe County, VA	S2-378822780	Environmental Ministries  Inc	1301 KINDER VALLEY ROAD, RURAL RETREAT, VA
false_merge	0.9234374314224133	S1-271706391	MZC Valley Lending Inc.	1045 Stanton Circle, Meadview, AZ	S3-24025603	HZC Valley Lending Incorporated	045 Stanton Circle, Meadview, Arizona
false_merge	0.8735388186193138	S1-359077709	Zephis Triton	3932 Goldenrod Court, Fl 0, Maize, KS	S2-239339039	Zefis Triton (LP) #7295	3932 GOLDENROD CT, MAIZE, KS
false_merge	0.7821039023759568	S1-113927372	Ams Infratech Private Limited	B 5/133Safdarjung Enclave, New Delhi, South Delhi, Delhi	S2-85967399	Ams Infratech Limited	B 5/146SAFDARJUNG ENCLAVE, NEW DELHI, दिल्ली
false_merge	0.7014707927231838	S1-609423163	Hernandez and Black Clearthink Inc.	112 New Hyde Park Road, Hempstead, NY	S2-559776918	Hernandez and Bgk Clearthink Inc	123 NEW HYDE PARK ROAD, HEMPSTEAD, NY
false_merge	0.8111283914578958	S1-529832634	Inspiring Developers Private Limited	New Delhi, Delhi, 214 Sector-17, Rohini, A/3	S3-777429787	Inspiring Developers  Limited	A/8, 214 Sector-17, Rohini, New Delhi, DL
false_merge	0.9997351671487034	S1-318632389	Ivenium Emerging L.L.C.	3203 Ascolano Road, San Tan Valley, AZ	S3-364700976	Ivvenium L.L.C. Service	3203 Ascolano Rd, San Tan Valley, Arizona
false_merge	0.7757567682318927	S1-548258836	Ralina's United Grill Inc.	Verona, NY, 6474 Hilts Road	S3-277879792	Inc Ralina's United Grctilr	6476 Hilts Rd, Verona, New York
false_merge	0.9975887416470505	S1-425909219	Anilita Tools Private Limited	#48, Sarathi Apartment, Flat No. 101E 13Th Cross, 8Th Main, Malleshwaram, Bengaluru, Bangalore, Karnataka	S3-714450386	Annilita Private Limited Center	No 5-48, Sarathi Apartment, Flat No. 101E 13Th Cross, 8Th Main, Malleshwaram, Bangalore, KA
false_merge	0.8332387386219147	S1-752844270	Secure Equity Networks L.L.C.	Austin, TX, 4517 Berkman Drive	S2-420977067	SECURE EQUITY NETWORKS, L.L.C.	
false_merge	0.9943093949232726	S1-717254770	Suryam Services Private Limited	8-2-603/B/33/2, Zahera Nagar, Rd No 10 B Hill, Hyderabad, Telangana	S3-534623723	Surryam Services	8-2-603/B/33/23, Zahera Nagar, Rd No 10 B Hill, Hyderabad, TG, Hyderabad
false_merge	0.9986919558356459	S1-138794231	Urology Medicine Inc	TX, 9603 Arrowgrass Drive, Houston	S3-601784938	Urology Medicine LLC	9603 Arrowgrass Drive, Houton, Texas
false_merge	0.7596380310751039	S1-528078239	Ma Roots Private Limited	Mb-151 First Floor, Front Side Shakarpur Near, Delhi, East Delhi, Delhi	S3-728991136	Fluxecto	Block B-947 Mb-151 First Floor, Front Side Shakarpur Near, Delhi, Shakarpur, DL
false_merge	0.9885876083412439	S1-487112322	Apex Neighborhood LLC	497 Road 153, Unit 1, County, WY	S2-666997921	APEX NEIGHB0RHOOD PARTNERS	01 ROAD 153, COUNTY, WY
false_merge	0.9772459530971616	S1-983733159	Kestay Ethereum Group	3115 Allens Lane, Evansville, IN	S2-229483093	Kestiy Ethereum Ethereum	3115 ALLENS LN, EVANSVILLE, IN
false_merge	0.9386906707075862	S1-542138620	Supreme Healthcare Private Limited	Sr 79/2/1, Flat No.1 Ground Floor Rajashri Apartment, Nilgiri Lane, Near Nexa Showroom, Baner Road, Haveli, Pune, Maharashtra	S2-771880336	Smt Supreme Healthcare Limited	SR 79/2/4, FLAT NO.1 GROUND FLOOR RAJASHRI APARTMENT, NILGIRI LANE, NEAR NEXA SHOWROOM, BANER ROAD, HAVELI, महाराष्ट्र
false_merge	0.9123862673763931	S1-383668948	Vijay Universal Consulting Limited	No 12/1 Race Course Road, Khaja Nagar, Tiruchirappalli, Tamil Nadu	S3-801066851	விஜய் யுனிவர்சல் கன்சல்டிங் பிரைவேட் லிமிடெட்	H.no 12/10 Race Course Road, Tiruchirappalli, TN
false_merge	0.7566512362649097	S1-193090245	Vantova Thunder Inc.	542 Howards Landing Road, Hampstead, NC	S2-123344017	Vanntova Thunder Inc.	544 HOWARDS LANDING RD, HAMPSTEAD, NC
false_merge	0.7748597133172184	S1-412154107	Chandran Supplements Private Limited	No. 499, 3Rd Cross, 7Th Main, Hal 2Nd Stage, Indiranagar, Bangalore, Karnataka	S3-303716008	Poiaiet Chandrade Supplements Limited	No 499, Bangalore, KA
false_merge	0.8149760978954179	S1-868187469	Vaayutech Silks Ltd	No.584, 1St A Main Road, Ias Officer Colony, Bangalore South, Bangalore, Karnataka	S3-785407311	Vaayutecha Ltd Silks	#584, 1St A Main Road, Ias Officer Colony, Bangalore Urban, Bangalore South, ಕರ್ನಾಟಕ
false_merge	0.8876168176330588	S1-441617599	Gilly Brunell, DPM Inc.	28486 Lamar Avenue, Chisago City, MN	S2-204557534	GILLY BRÚNELL, DPVM INC.	CHISAGO CITY, 28486-28490 Lamar Avenue, MN
false_merge	0.9934557042348058	S1-601336077	Peacock Services Private Limited	252/K/1-A 3E Ward Suyog Bhavan Suyog Bhavan Bavada Road, Kolhapur, Maharashtra	S2-273479373	Peacock Private Limited Services	
false_merge	0.9978169384162425	S1-759303537	OF Midwest Bread LLC	3097 Highway 355, Buckner, AR	S3-831171382	OIF Midwest Bread	Arkansas, Buckner Ownship, 3097 Highway 355
false_merge	0.9195188737534271	S1-258279540	Orbay Aviation LLC	4909 Forrer Road, Orrville, OH	S3-771214398	Orbaique Aviation Llc	4909 Forrer Rd, Baughman Twp, Ohio
false_merge	0.9595033680681256	S1-362314015	Magiera Capital Partners LLC	92 Carmel Street, New Haven, CT	S3-235395962	Magiera Capital Partners (Partners)	105 Carmel St, NEEW Haven CITY, Connecticut
false_merge	0.8035579356746124	S1-735211440	Bright Wellness Systems	6117 Loren Drive, Minneapolis, MN	S2-328654177	Bright Wellness  Systems	
false_merge	0.9013092795752948	S1-319076057	Richa Seva Samiti	Plot No. 49, Vaibhav Society Bibwewadi, Sr. No. 635/1, Maharashtra, Pune	S3-676763910	Richa-Seva Samiti LLP	Sr. No. 635/12, Plot No. 49, Vaibhav Society Bibwewadi, Pune, MH
false_merge	0.9456871072886978	S1-612082604	Garcia Grifols L.L.C.	1935 Us 17N, Merry Hill, NC	S2-692544740	Garcia Grifols LLC	MERRY HILL, NC, 8946 US 17N
false_merge	0.7000309168244483	S1-700161592	Coastal Coastal Robinhood Inc.	Holyoke, 330 Jarvis Avenue, MA	S3-818482964	Inc. Coastal Coastal Robinhood	Holyoke CDP, Massachusetts, 331 Jarvis Avenue
false_merge	0.9286882185046478	S1-6976631	Clyay Amplify Group	212 Spruce Fork Road, Helton, KY	S3-37278938	Klyay Amplify	212 Spruce Fork Road, Heltton, Kentucky
false_merge	0.9894307861741931	S1-268750532	Novyx Purecycle PLLC	4822 Camargo-levee Road, Camargo, KY	S3-994326779	Novyks Purecycle PLLC	4822 Camargo-Levee Road, Camargo, Kentucky
false_merge	0.9230993710401508	S1-936766782	Aqua Services Limited	Anil Kumar Jaiswal S/O Sri Laal Jeet Jaiswal Banda Bilsanda Road Banda, Shahjahanpur, Uttar Pradesh	S3-623044503	Aqua Services	
false_merge	0.8515388141177961	S1-623823191	MYL Montage PC	4434 Edson Avenue, Bronx, NY	S3-671774036	MYLL (Montage)	4435 Edson Avenue, Bronx, New York
false_merge	0.8043369851520993	S1-575362911	Preferred Logistics Services Inc	688 Batman Street, Dugger, IN	S2-102935676	PREFERRED LOGISTICS SERVICES INC	
false_merge	0.8546079419869886	S1-341179437	Jarlify Pembina LP	1733 Lakota Lane, Leander, TX	S2-968297588	Jarlifyyn Pembina	TX, 1733 1/2 LAKOTA LANE, LEANDER
false_merge	0.8770921521255751	S1-518482738	Guru Consulting Private Limited	Floor 1, Door # 102, Ramankartha Road, Ernakulam, Kerala	S2-244669227	ഗുരു കൺസൾട്ടിംഗ് പ്രൈവറ്റ് ലിമിറ്റഡ്	FLOOR, ERNAKULAM, Kerala
false_merge	0.8785868882704293	S1-438586068	Electronic Nutrition Alliance LLC	64 Harbor Road, Matinicus Isle Plt, ME	S3-14695174	Electronic Nutrition	
false_merge	0.7765850441078161	S1-150284742	Ss Management Private Limited	31/B Ukilabad Road, Gorabajar, Berhampore, Berhampore, Murshidabad, West Bengal	S2-731186254	শিব ম্যানেজমেন্ট প্রাইভেট লিমিটেড	A. C. ROAD NEAR SULAGNA, ANUSTHAN BARI KHAGRA, BERHAMPORE, MURSHIDABAD, West Bengal
false_merge	0.7378752661315007	S1-777221948	Madonna H. Meza, DO LLC	4018 89th Avenue, Phoenix, AZ	S2-948065297	Madonna DGO Meza, H. LLC	4019 89TH AVE, MARYVALE, AZ
false_merge	0.707833278155951	S1-367966935	Future Solutions Private Limited	Block -D, 112 Panchsheel Enclave, New Delhi, South Delhi, Delhi	S3-550617748	Future Soullosn Limited	G-36 Block -D, 112 Panchsheel Enclave, New Delhi, South Delhi, DL
false_merge	0.8906932279019515	S1-423230123	Radha Seva Samiti	Uchana Mandi, Narwana, Jind, Haryana	S3-401452067	Synkelo	C/o Sandeep, Phool Singh Market, Uchana Mandi, Narwana, Jind, HR
false_merge	0.9900982350329858	S1-637177718	Cotton, Mckelvy and Pearson LLC	61 Faber Lane, Kenna, WV	S2-208168551	BRIXLUM	60 FABER LANE, KENNA, WV
false_merge	0.9424994609044022	S1-521726798	Pune Precast Private Limited	S No 666/1A/2 Bibwewadi Fn 2 State Bank Ngr Soc, Pune, Maharashtra	S3-59403670	Pune Precast Limited	S No 666/1A/2 Bibwewadi Fn 9 State Bank Ngr Soc, N/A, Pune, MH
false_merge	0.917365155339056	S1-963670520	Sampark Solutions Private Limited	S No 23/2/2 Aundh Roadnear Bank Of Maharashtra Thergaon, Pune, Maharashtra	S3-264827351	Smt Sampark Solutions Limited	No. 503 S No 23/2/13 Aundh Roadnear Bank Of Maharashtra Thergaon, Pune, MH
false_merge	0.7134260123952971	S1-752975963	Bangalore Narayan	No 15/1, 1St Floor, Ganigara C Lane, Nagarathpet Cross, Bangalore, Bangalore, Karnataka	S2-917985039	Bangalore Narayan Limited	NO 15/12, 1ST FLOOR, GANIGARA C LANE, NAGARATHPET CROSS, BANGALORE, BANGALORE, Karnataka
false_merge	0.9514647908267327	S1-807387830	Vaayuita Partners	Plot No.10 Jda Se No11 Near Ukhri Tiraha Vivekanand Ward, Jabalpur, Madhya Pradesh	S2-756154488	VAAYUITTA [PARTNERS]	PLOT NO.11 JDA SE NO11 NEAR UKHRI TIRAHA VIVEKANAND WARD, JABALPUR, Madhya Pradesh
false_merge	0.9920651547415105	S1-595299439	Aurora Industries LLC	122-20 A Powells Cove Boulevard, College Point, NY	S3-18139682	Aurora Industries	
false_merge	0.9956297712703652	S1-968166467	Shiva Enterprises Private Limited	H .No.7-1-618/Ev/207, Flat No # 207, Adityaenclave Everest Block, Ameerpet, Hyderabad, Telangana	S3-383386812	ST	H .No.7-1-618/Ev/207, Flat No # 207, Adityaenclave Everest Block, Ameerpet, Hyderabad, Telangana
false_merge	0.7988354673904958	S1-115608374	Phillips and Brown Nextera, LLC	40 334, Bleeker, AL	S3-776460479	Phillips and Brown Nextera, Inc	41 334, SALM, Alabama
false_merge	0.9943698573465705	S1-751851403	Dock, Hileman & Calhoun LLC	1306 Rosemary Avenue, Durham, NC	S3-942383050	Dock Hileman + Calhoun LLC	
false_merge	0.9836811929638428	S1-155236205	Taran Digital Corp	K-316 Ground Floor, Lado Sarai, New Delhi, South Delhi, Delhi	S2-320592273	Tarran Digital Corp	K-316 GROUND FLOOR, LADO SARAI, NEW DELHI, N/A, Delhi
false_merge	0.8954759452526092	S1-834828540	Indo Software Private Limited	Brahm Singh, Kh.No -208 Shop No-4, Village Kondli, Delhi, East Delhi, Delhi	S3-214753142	Deltaectobrix	Brahm Singh, Kh.no -208 Shop No-4, Village Kondli, East Delhi, Delhi, DL
false_merge	0.8785492265137816	S1-384059256	Jordan Advanced Aegon	TN, 1292 A Louisville Highway, Millersville	S2-365269991	JORDAN  ADVANCED AEGON	
false_merge	0.9971737765799688	S1-398821651	Amsri Traders Private Limited	1328/29, Main Delhi Road, Opp. Power House, Model Town, Rohtak, Haryana	S3-223336715	M/s Amsri Traders Privtte Limited	
false_merge	0.8371892734322336	S1-604593389	Blue Estate Private Limited	C/O. Narayanji Rugaji Shinde, No. 348, Lic Colony, Murali Road, Bhopal Naka, Sehore, Madhya Pradesh	S2-667958086	VIODELTADREX	C/O. NARAYANJI RUGAJI SHINDE, NO. 348, LIC COLONY, MURALI ROAD, BHOPAL NAKA, SEHORE, Madhya Pradesh
false_merge	0.9759812078559255	S1-674780602	Nagan Manufacturing Private Limited	Plot No-30 S No-49/4, Bharat Nagar, Garkheda, Aurangabad, Maharashtra	S3-285717640	naggan manufacturing private limited	Plot No-##30 S No-49/4, Aurangabad, MH
false_merge	0.7442192339126019	S1-68229878	Olaneon Harmony Group	1101 Lorewood Grove Road, Middletown, DE	S2-402669198	Olaneova Harmony	1101A Lorewood Grove Road, MIDDLETOWN, DE
false_merge	0.9894044127040297	S1-451592251	Better Hospitality Technologies Inc.	Virginia Beach City, VA, 1040 -101 Coach Circle	S2-919203085	The Better Hospitality Technologies Inc	VA, VIRGINIA BEACH CITY, 1040 -106-1042 COACH CIR
false_merge	0.9708977172767829	S1-33369608	Sarasiya Society	A-3/91 Basement Janakpuri, Delhi, West Delhi, Delhi	S2-960517907	Saraziya [Society]	A-3/91 BASEMENT JANAPKURI, DELHI, Delhi
false_merge	0.996762616741861	S1-840985760	C-Scheme (india) Private Limited	4, Vivekanand Marg, C-Scheme, Jaipur, Rajasthan	S2-24639787	LIMITED C-SCHEME PRIVATE CENTER	Rajasthan, C-SCHEME, JAIPUR, 307
false_merge	0.9101791186034796	S1-196731297	Preferred Quality LLC	3761 Norwood Avenue, Celina, TX	S3-779787121	Preferred Quality	
false_merge	0.9816265235469454	S1-4807794	Indo Trading Private Limited	B-15/192 Pharma Apartments, I.P. Extention, East Delhi, Delhi	S3-117841826	Indo Trading Limited	H.no 192 B-15/199 Pharma Apartments, I.p. Extention, East Delhi, दिल्ली
false_merge	0.7149776549927618	S1-702742495	Vision Legacy Care Associates Inc.	NY, 123 Creek Meadow Lane, Greece	S3-787441425	-- Vision Legacy  Care Associates Inc	Greece, New York, 128C Creek Meadow Lane
false_merge	0.9543724930963514	S1-353841257	Kestelle Immersion LLC	52025 Bittersweet Road, Granger, IN	S3-843428082	Cestelle Immesrno LLC	52025d Bittersweet Rd, Granger Township, Indiana
false_merge	0.8409338605784185	S1-918188162	Resurgent Cellular Private Limited	Anthakapalli Villagerajam Rajam, Rajam, Srikakulam, Andhra Pradesh	S2-318466722	Resurgent Cellular Limited	DOOR NO C-94 ANTHAKAPALLI VILLAGERAJAM RAJAM, RAJAM, Andhra Pradesh
false_merge	0.8216409469345685	S1-873969245	GH Canada, Inc.	23 Walkabout Creek Lane, Dubois, WY	S3-297749010	WGH Chnada, Inc.	23 Walkabout Creek Ln, Dubois, Wyoming
false_merge	0.8557640647816541	S1-269593473	Zenith Trading	813 Halagueno Street, Carlsbad, NM	S2-125888440	Zenith Inc Trading	
false_merge	0.7626507576497608	S1-441617599	Gilly Brunell, DPM Inc.	28486 Lamar Avenue, Chisago City, MN	S3-651910156	Gilly Brunell, DPM Inc	
false_merge	0.9839032362508356	S1-959341986	Quantis Westin	Fort Mill, Unit STE 105, 1826 160, SC	S2-674854713	Quantant Westin	1826 160, FORT MILL, SC
false_merge	0.9029649767934087	S1-298376065	Ganganth Research Private Limited	C 1604, Excotica Fresco India Tv, Sec 137, Noida Gautam Budhnagar, Gautam Buddha Nagar, Uttar Pradesh	S3-14513021	Ganginth Research Private Limited	C 1604, Noida Gautam Budhnagar, UP
false_merge	0.9288068933412134	S1-407518615	Heritage Staffing Enterprises Inc.	16130 Waterbury Bend, Granger, IN	S3-7806545	Heritage Staffing Enterprises	
false_merge	0.9677111081233826	S1-94442665	Jarlora Petroleum	506 Wilshire Drive, Middletown, OH	S2-379029398	Jarrlora Petroleum	506 WILSHIRE DRIVE, MIDDLETOWN, OH
false_merge	0.9126078219597545	S1-778256745	Aarvva Commercial Pvt Ltd	Gujarat, Dharmaj, Etu Bunglow, Ayodhyapuri, Navi Pole, 12, Anand	S2-61804515	Aarrvva Pvt  Commercial Ltd	14, ETU BUNGLOW, AYODHYAPURI, NAVI POLE, DHARMAJ, ગુજરાત
false_merge	0.7291875143223774	S1-12475140	TYW Banc	Memphis, TN, 5167 Downs Drive	S3-579429755	TYWX BANC	#5167 Downs Dr, Memphis, Tennessee
false_merge	0.9984714345377234	S1-624158502	Viveros & Echeverry Group	5312 Winslow Dr, Louisville, KY	S3-447894139	Viveros  & Echeverry Group	531 Winslow Dr, Louisville, Kentucky
false_merge	0.7089150011277083	S1-808805680	Prag Infracon LLP	#17/3, 2Nd Floor, Ashokpuram, Near Rgc Hall Yeshwanthapura Industrial Suburb, Bengaluru, Bangalore, Karnataka	S3-430437678	Prag  Saas LLP	#17/10, 2Nd Floor, Ashokpuram, Near Rgc Hall Yeshwanthapura Industrial Suburb, Bengaluru, Bangalore, ಕರ್ನಾಟಕ
false_merge	0.9982005756117084	S1-771146286	NS Project Corp	Anchor 202, 2Nd Floor, D-Mall, Netaji Subhash Place, New Delhi, East Delhi, Delhi	S3-704792395	NS Project Ltd	202, East, New Delhi, DL
false_merge	0.9268245771323192	S1-931244631	Tour Vidyalaya	7Th Floor, Bhartiya Rakshak Adhikari, Model Town, A.P. Road, Andheri West, Flat 702, Mumbai, Maharashtra, Mumbai City	S3-931551576	Orbionyx	Maharashtra, 7Th Floor, Bhartiya Rakshak Adhikari, Model Town, A.P. Road, Andheri West, Flat 702, Mumbai City, Mumbai
false_merge	0.8841374048050323	S1-172438657	Graham Valuence LP	8528 Riverside Road, Fairfax County, VA	S3-984042315	Graham Valuence  C0rp	
false_merge	0.890183722100374	S1-364409921	Urology Care Associates	1623 E End Road, Kenai Peninsula Borough, AK	S3-71677431	Urology Care Ássociates	55559 Tok Ave, Kenai Peninsula Borough, Alaska
false_merge	0.9794576430540742	S1-224693954	Compass Enterprises, LLC	4964 Kessler Drive, Frisco, TX	S2-706275698	Compass Llc Enterprises	
false_merge	0.7057886432594849	S1-754509142	Hemraj Gears Limited	B-17, Ashadeep Building, 9-Hailey Road, New Delhi, Central Delhi, Delhi	S3-46611885	Veraumbra	Ashadeep Building 9, Hailey Road, New Delhi, B-17, Delhi
false_merge	0.9396713990708491	S1-353385861	Yamuavi Traders LLP	Mumbai, Mumbai City, Maharashtra, 38 Prabhat Keluskar Road N Shivaji Park Dadar	S2-95219254	Yamuaex Traders L.L.P.	NO 38 PRABHAT KELUSKAR ROAD N SHIVAJI PARK DADAR, MUMBAI, Maharashtra
false_merge	0.8739286016654105	S1-519350936	USA Lifestyles Limited	9, Floor-1, Hague Building, Ballard Estate, Mumbai, Maharashtra	S2-851091028	USUA LIMITED  CENTER	##9, FLOOR-1, HAGUE BUILDING, BALLARD ESTATE, MUMBAI, <NULL>, महाराष्ट्र
false_merge	0.9575152014269043	S1-608733093	Global Fund II PC	22822 Paradise Gate Drive, Spring, TX	S2-56183887	G1obal G1obal Fund ID (PC)	SPRING, TX, 2822 PARADISE GATE DR
miss:not_selected	0.6243689428858594	S1-623185379	Division of Buildings	6905 Portland Avenue, Richfield, MN	S3-132689671	divisionbuildings.com	Portland Ave, Minneapolis, Minnesota
miss:not_in_candidates		S1-192048475	Physical Therapy Medicine LLC	414 Grady Street, Gadsden, AL	S2-222897099	Physical Therapy Medicine Llc	
miss:not_in_candidates		S1-76958425	Raj Marketing Private Limited	Ludhiana, Pujnab, Punjab, 6 A Extensionindustrial Area A Ludhiana	S2-381427309	RAJ RAJ MARKETING PRIVATE LIMITED	
miss:assigned_elsewhere	0.016868944704835354	S1-735045951	Lakshmi Business Limited	60/64 A3-1 Third Floor, Indira Nivaas Mysore Road, Bangalore South, Bangalore, Karnataka	S3-764251884	Dr Lakshmi Limited [Partners]	
miss:not_selected	0.5016408671754254	S1-457667974	Coastal Retail	NC, 141 Ramsgate Drive, Clayton	S3-997644894	Coastal Retail	
miss:not_in_candidates		S1-527693801	Amit & Co	B 2, Ground Floor 25, Lala Rai Road, Kailash Apartment, Newdelhi, South Delhi, Delhi	S2-356168138	Amit  and C0	
miss:not_selected	0.5975548351571269	S1-631556544	Spinks, Aguilar and Crosby LLC	1805 Kensington Drive, Unit Unit 125, City Of Waukesha, WI	S2-40738935	Rizaevo	1805 KENSINGTON DRIVE, CITY OF WAUKESHA, WI
miss:not_selected	0.19855819450066553	S1-479280524	Atlantic Foundation	6825 Arbor Ln NE, IA, Cedar Rapids	S3-466308230	Dovadrexiri	Arbor Ln NE, Cedar Rapids, Iowa
miss:not_in_candidates		S1-545039712	Patterson Mountain Purecycle Inc	67 Stonybrook Court, Brownsburg, IN	S2-133314908	Patterson Mountain Inc Services	
miss:not_in_candidates		S1-780376384	Allied Project Co	WI, City Of Menasha, 825 State Street	S2-625354945	Wexkelo	State St, CITY OF MENASHA, WI
miss:not_in_candidates		S1-407832498	Womens Health Legacy Associates LLC	1741 34th Street, Unit Unit H, Fargo, ND	S2-923289551	Womens Health Legacy Associates	
miss:not_in_candidates		S1-546316386	Sree Infra Private Limited	3Rd Floor, Landmark Tower, Plot No.2, Southcity-11, Opposite C-113, Ashok Mar, Sector 41, Basai Road, Gurgaon, Haryana	S3-927746870	श्री इंफ्रा प्राइवेट लिमिटेड	3Rd Floor, Basai Road, Gurgaon, HR
miss:not_in_candidates		S1-324332631	Desert Hudson LLC	1125 9th Street, Unit 90, Sacramento, CA	S3-963971917	Desert Hudson LLC	
miss:not_in_candidates		S1-666904316	Panvel Furniture Private Limited	403/2, Vaastusiddhi, Riverside, Poyanje, Panvel, Raigarh(Mh), Maharashtra	S3-398280537	Furniture	403/2, Vaastusiddhi, Riverside, Poyanje, Panvel, Raigarh(Mh), Maharashtra
miss:not_selected	0.30028709055364206	S1-606445205	Harwell & Lewis	2374 Hayford Road, Roaming Shores, OH	S3-784560344	Fluxevobelo	##2374 Hayford Road, Rock Creek, Ohio
miss:not_selected	0.5043739368516823	S1-221616060	Lakshmi Udyog Pvt. Ltd.	Kamdhenu Complex Opp. Sahajanand College Nr Panjarapole, Ahmedabad, Gujarat	S2-786984967	LAKSHMI UDYOG PVT. LTD.	
miss:not_selected	0.3268321476500305	S1-856912657	Complete Vanguard Coca LLC	Worcester, 41 Harrington Way, MA	S3-554578491	Complete Vhraurd Coca LLC	34 Harrington Way, Worcester, Massachusetts
miss:not_in_candidates		S1-826742764	Patna Developers Pvt Ltd	Flate No. 102, Sushmita Enclave, Road No.1 D.V.C Road, Besides Allahabad Bank, Gard, Anibagh, Patna, Bihar	S3-991199071	Ltd Patna Pvt Center	Flate No. 102, Patna, BR
miss:not_selected	0.44708111836194125	S1-753282522	Flores's Consultants LLC	20590 Worley Road, Andalusia, AL	S2-517570302	The Flores's Consultants [LLC]	
miss:assigned_elsewhere	0.12374066826652205	S1-833443651	Pune Investment Private Limited	Office No.15A, Fourth Floor, A-Building, City Vista, Kharadi, Pune, Maharashtra	S2-879787795	PUNE ÍNVESTMENT LIMITED SERVICES	
miss:not_in_candidates		S1-544287455	Management Sun Marketing Private Limited	36, 4Th Floor, Karuna Kunj, Dwarka Sector 3, New Delhi, South West Delhi, Delhi	S3-748966930	Rizabelo	36, New Delhi, DL
miss:not_selected	0.6589883346723955	S1-18000081	Classic Consultancy	Office No.54 A/B, 5Th Floor, Jolly Maker Chambers No.Ii, 225, Vinay K.Shah Marg, Nariman P, Oint, Mumbai, Mumbai City, Maharashtra	S2-966519726	क्लासिक कंसल्टेंसी	Maharashtra, OFFICE NO.52 A/B, MUMBAI
miss:not_in_candidates		S1-186924585	Womens Health Specialists	303 Main Street, Avon, IL	S2-777923175	Womens Health Specialists Co	
miss:not_in_candidates		S1-26404926	Cobalt Bnb	1715 17 Highway, Unit 16, New Bern, NC	S2-707386004	Cobalt Center	17 Highway, NEW BERN, NC
miss:not_selected	0.5609882547789393	S1-359044137	Surya Power Private Limited	Moore Street, Dheen Estate, I St Floor, Chennai, 85 (Old 42), Tamil Nadu	S2-295960008	சூர்யா பவர் பிரைவேட் லிமிடெட்	83 (OLD 42), CHENNAI, MOORE STREET, Tamil Nadu
miss:not_selected	0.576918400299001	S1-295972065	Pl & Sons Private Limited	Maharashtra, Pune, Sadashiv Peth, Mangeshshri Apartments, Pune, 1464	S3-723838894	Pl + Sons  Private Ltd	Mumbai, Pune, 464, MH
miss:not_in_candidates		S1-373762798	New Delhi Infra Limited	E-329, Second Floor, Gali No. 15, Hari Nagar Extn -Ii, Badarpur, New Delhi, South Delhi, Delhi	S2-46473817	ARIABRIXAVI	E-329, NEW DELHI, दिल्ली
miss:not_selected	0.5035675049879641	S1-952406585	Sirius	109 Lakemont Court, Martinsville City, VA	S2-784417582	Sirius lnc	LAKEMONT CT, PO BOX 1476, MARTINSVILLE CITY, VA
miss:not_selected	0.591944191333992	S1-624877216	Midwest Brands	6408 Webber Road, Fl 1, Central Point, OR	S3-908133954	Midwest  Brands Ltd	066 Webber Road, Fl. 1, Central Point, Oregon
miss:not_in_candidates		S1-844043790	Crystal Construction Works LLC	1036 Queens Avenue, Babylon, NY	S2-419221554	ccworkscom	1036 QUEEFS AVE, NORTH LINDENHURST, NY
miss:not_in_candidates		S1-945774287	Roberts Rush LLC	1051 Colonial Drive, TN, Morristown	S2-603309764	Róberts-Rush	
miss:not_in_candidates		S1-613025989	Real Food Limited	8/41, Sahid Nagar (New No. 73 Sahid Nagar - 8 ), Kolkata, Howrah, West Bengal	S3-339498840	Real Limited Center	7-8/41, Sahid Nagar (New No. 73 Sahid Nagar - 8 ), Howrah, Kalikapur, WB
miss:not_in_candidates		S1-621433100	Lonet Inc	80 Country Lane, Unit Unit 30, Vernon, CT	S3-680509791	Lonet Inc	
miss:assigned_elsewhere	0.00038557303084667835	S1-80582395	Paper Radiance Private Limited	Uttar Pradesh, Flat No. 102, 1St Floor, H .N. Sa 7/30 2, Benipur, Aktha, Varanasi, Tirupati Tower	S3-242324290	Smt Paper Private Limited (Services)	
miss:not_in_candidates		S1-17062138	E+ Devices Corp	4884 Farm Road 44, Willard, MO	S2-675956663	E+ Devices	
miss:assigned_elsewhere	0.11676652019902681	S1-258258283	Construction Laser Advisors Private Limited	729, 2Nd Floor, 9Th Main, 3Rd Stage, 3Rd Block, Basaveshnagar, Bangalore, Karnataka	S2-435334033	Zephwex	00729, BANGALORE, ಕರ್ನಾಟಕ
miss:not_selected	0.4946239265056421	S1-900916472	Womens Health Diamond Clinic	95647 Willow Bridge Lane, Lakeview, OR	S3-906712244	Womens Health  Diamond (Clinic)	
miss:not_selected	0.3051308938288051	S1-888593922	Eye Specialists	2625 Ripley Street, Lake Station, IN	S2-580906181	Eye Specialists	2632 RIPLEY ST, LAKE STATION, IN
miss:not_selected	0.5938669979295474	S1-857703928	Technology Phoenix Energy Pvt. Ltd.	Hig-1/25, Bda Colony, Kapilaprasad, Oldtown, Bhubaneswar, Khordha, Orissa	S3-127669410	Technology Ltd. Énergy Pvt. Phoenix	Hig-b3/12/5, Bda Colony, Kapilaprasad, Oldtown, Puri, OD
miss:not_selected	0.28468139379276025	S1-103077077	Q+ Aria LLC	54 Beacon Street, Natick, MA	S3-911647820	Evoumbra	54 Beacon St, Natick, Massachusetts
miss:not_selected	0.009827540465262498	S1-511602812	Cornerstone Logistics Corporation	WA, 1419 Forest Street, Bellingham	S3-41198092	Cornerstone Logistics Corp	1421 Forest Street, Bellingham, Washington
miss:not_in_candidates		S1-769367510	North Foundation Pvt Ltd	New Delhi, Delhi, 2425/11, Delhi, Beadon Pura, Gurudwara Road Karol Bagh, New Delhi	S3-856173680	North	2425/11, Beadon Pura, Gurudwara Road Karol Bagh, New Delhi, Delhi, New Delhi, Delhi
miss:not_in_candidates		S1-833583857	Reix LLC	5268 La Heroina, Tucson, AZ	S3-863916759	Umbrasol	Tucson, Arizona, 5274 La Hersina
miss:not_in_candidates		S1-121421580	Hill and Marquis, LLC	Unit APARTMENT 434, 8360 86th Street, OK, Owasso	S2-529716873	HM	86ND ST, OWASSO, OK
miss:not_in_candidates		S1-902870520	Office of Environmental Protection	87 Broad Street, Stonington, CT	S2-988948764	Office of Environmental Proection	
miss:not_in_candidates		S1-414732128	Capital Traders Private Limited	909, Parekh Market, 39, J.S.Rd., Opera House, Mumbai, Maharashtra	S3-579575519	Capital Traders-Private Limited	
miss:assigned_elsewhere	0.0001555658489860213	S1-953281970	Classic Solutions Pvt Ltd	40-17-3/9, Apseb Colony Labbipet, Vijayawada, Krishna, Andhra Pradesh	S2-42674703	Classic Solutions Pvt  Ltd	
miss:not_in_candidates		S1-449384867	Silver Bike Shop	2768 Mixville Road, Sealy, TX	S2-363780735	Silver  Bike	
miss:not_in_candidates		S1-186855516	Smith Industries	359 Rockhouse Fork, Belfry, KY	S2-449209895	Smith-Industries Inc	
miss:assigned_elsewhere	7.386509315265063e-6	S1-418107909	Cornerstone Cohen	206 Scott Street, IL, Alexis	S3-61459208	Cornerstone Services	Scott St, NULL, Alexis, Illinois
miss:not_in_candidates		S1-149198239	Unique Constructions Private Limited	Skandalaya, Old No.4 New No.7 Justice Sundaram Road, Mylapore, Chennai, Tamil Nadu	S2-1384373	Private Unique Condtuctians Limited	DOOR NO 200 SKANDAALYA, PALLAVARAM, தமிழ்நாடு
miss:not_selected	0.1737902707713503	S1-613994196	Jai Online Private Limited	8-2-293/82/A/74, Road No.9 Near Tv 5 Office, Jubilee Hills, Hyderabad, Telangana	S2-265900716	JAl ONLINE PRIVATE	8-2-293/82/A/74, ROAD NO.9 NEAR TV 5 OFFICE, JUBILEE HILLS, HYDERABAD, తెలంగాణ
miss:not_in_candidates		S1-724891387	Golden Projects	1, Shams Motorwala Estate, Nagarwel Hanuman Road, Rakhial, Ahmadabad City, Ahmedabad, Gujarat	S3-70194664	Golden Projects	Hn 00197 1, Ahmedabad, Ahmadabad City, GJ
miss:assigned_elsewhere	0.3582454000081226	S1-511508900	Community Committee IV	1243 Denali Drive, Festus, MO	S2-822124749	The Community Committee IV	
miss:not_in_candidates		S1-166770112	Pena Catering LLC	1115 Ainsworth Avenue, Tacoma, WA	S3-582199124	Pena Catering	
miss:assigned_elsewhere	0.794599637372348	S1-797030821	Baker Vanguard Electronics	15251 50th Street, Unit 3038, Phoenix, AZ	S2-161085772	Baker  Vanguard	
miss:not_in_candidates		S1-55114214	S&s (India) Industries Private Limited	South Delhi, Ground Floor, Madangir, New Delhi, D-1/ 182, Delhi	S3-765994965	S&s (India) Industry Private Limited	South Delhi, New Delhi, दिल्ली, D-1/ 182
miss:not_in_candidates		S1-740088143	Fortune Estate Limited	A-603, Shahhen Chambers Premises Co-Op Soc Ltd, Dawood Baug, Cross Lane, Mumbai, Mumbai City, Maharashtra	S2-978168232	Arcbelo	A-00603, MUMBAI CITY, MUMBAI, Maharashtra
miss:assigned_elsewhere	0.000019253034601615427	S1-373962111	Internal Medicine Partners of Chillicothe	130 4th Street, Unit 1, Chillicothe, OH	S2-349064167	Internal Medicine Partners	130-132 FOURTH SAINT, CHILLICOTHE, OH
miss:not_in_candidates		S1-102157223	KW First Crane Inc.	17610 Chicory Drive, Houston, TX	S3-927474803	KW Crane Inc. Center	
miss:not_in_candidates		S1-878556899	Chennai (india) Pvt Ltd	B6/4, 11Th Street Besant Nagar, Chennai, Tamil Nadu	S3-800441718	Chennai (India) Enterprises	
miss:not_in_candidates		S1-102043549	North Cardiology	4898 Westchester Drive, Unit 2, Youngstown, OH	S2-244541187	North Services	WESTCHESTER DR, YOUNGSTOWN, OH
miss:not_in_candidates		S1-457253629	Sweet Barbershop! PLLC	24 Maynard Street, Unit Apartment 102, South Corning, NY	S2-744395359	SWEET BARBERSHOP!	
miss:not_selected	0.3838032448120892	S1-801661367	Pinnacle Printing Studios LLC	TX, Farmersville, 301 78	S3-872743104	Pinnacle Printing Studios	
miss:assigned_elsewhere	0.0001813375434275931	S1-439834086	Agro Enterprise Private Limited	S No 09 Fl No 1101 Bldg, C Pinnac Anand Resi Shahu Colony Karve Nagar, Pune City, Pune, Maharashtra	S2-358698659	Agr0 Enterprise Private Limited	
miss:not_in_candidates		S1-788640095	Guru Tech Private Limited	102, Jai Jaawan Colony-Iii Jawahar Lal Nehru Marg, Jaipur, Rajasthan	S3-448245004	गुरु टेक प्राइवेट लिमिटेड	102/9, Jaipur, RJ
miss:not_in_candidates		S1-933662271	Hector Montessori School LLP	Unit 209, MA, Provincetown, 927 R Commercial Street	S3-741965551	Hector Montessori (School)	
miss:not_in_candidates		S1-758012773	Qutech, LLC	127 Cole Avenue, Unit #13, Molalla, OR	S2-375640187	QUTECH, LLC	
miss:not_in_candidates		S1-779844321	Ridge Institute of Technology Corp	2453 Silk Court, Fairfax County, VA	S2-390778635	Ridge Institute of	
miss:not_in_candidates		S1-435775663	Mount Chapel	Manhattan, 4550 Meadow Crest, KS	S3-775062469	Mount Chapel & Co	
miss:not_in_candidates		S1-987459273	Saint Synagogue	308 Arbor Lane, Haslet, TX	S3-91047140	Saint Synagogue Inc.	
miss:not_selected	0.4113845612437574	S1-791375923	Bright Healthcare Pvt Ltd	Lower Level Ground Floor, No-139, Oxford Towers, Kodihalli, Airport Road, Bangalore, Karnataka, Bangalore, Unit-2	S2-511586568	ಬ್ರೈಟ್ ಹೆಲ್ತ್‌ಕೇರ್ ಪ್ರೈವೇಟ್ ಲಿಮಿಟೆಡ್	UNIT-2, BENGALURU, BENGALURU URBAN, Karnataka
miss:not_in_candidates		S1-847656812	My Constructions Private Limited	325, Pkt-2, Sec-12, Dwarkadheesh Apts Dwarka, New Delhi, Delhi	S3-597567391	माय कंस्ट्रक्शंस प्राइवेट लिमिटेड	New Delhi, 325, DL
miss:not_selected	0.1203503135992702	S1-895122079	Elisabeth Cooper Renaissancere	19714 Irish Creek Road, Arlington, KS	S2-341362999	Elisabeth Cooper Renaissancere Corp	19702 IRISH CREEK ROAD, ARLINGTON, KS
miss:not_in_candidates		S1-253176129	Crystal Hospitality Services	Draper City (sl Co), 12765 1300, UT	S2-311103204	Crystal Hospitality	
miss:not_selected	0.19031064981732965	S1-24682749	Harper Four LLC	2512 A Elliott Avenue, Seattle, WA	S3-436067251	Harper Four  LLC	
miss:not_in_candidates		S1-655095167	Sterling	2955 9th Place, Gary, IN	S2-101050537	Sterling Industries	
miss:assigned_elsewhere	0.0013361462045325058	S1-70704962	Urgent Care Partners LLC	2332 Tr 165, OH, Tiffin	S2-170184249	URGENT CARE PARTNERS (LLC)	
miss:not_in_candidates		S1-206197198	Contai (India) Foundation Private Limited	A-1, Upsidc Industrial Area, Nandgaon Road Kosi Kalan, Mathura, Up, Uttar Pradesh	S2-104617408	Smt FOUNDATIONINDIA.COM	PLOT 660- A-1, MATHURA, उत्तर प्रदेश
miss:not_in_candidates		S1-104634273	S.A.S.Nagar (Mohali) Cleaners Private Limited	0-H No 81 Block A, Sec 89 Block A Sec 89, S.A.S.Nagar (Mohali), Rupnagar, Punjab	S2-890220688	S.A.S.Nagar (Mohali) Private Limited (Services)	
miss:not_selected	0.4854174922990673	S1-187474345	Orthopedic Partners L.L.C.	10777 28th Avenue, Milwaukie, OR	S3-336664986	Orthopedic Partners	28th Ave, Portlnd, Oregon
miss:not_in_candidates		S1-97859647	Custom Sterling Inc	Cicero, 505 Church Street, NY	S2-307016796	Korciralyra	CHURCH STREET, CICERO, NY
miss:not_in_candidates		S1-570244052	Tirupati Agro Private Limited	Bangalore, Third Floor, 76/A, 7Th Cross, 27Th Main Road, Hsr Layout, Sector 2, Bangalore, Karnataka	S3-714632117	Zephzeph	Bangalore, ಕರ್ನಾಟಕ, Third Floor
miss:not_in_candidates		S1-460319568	Pacific State Inc	1021 Timber Neck Mall, Chesapeake City, VA	S3-437838091	Pacific Inc Center Enterprises	
miss:not_in_candidates		S1-500621233	Alco Match Limited	Property No 88, Atta Gulavali Near Park, Greater Noida, Noida, Gautam Buddha Nagar, Uttar Pradesh	S2-73645560	Alco  Match	
miss:not_in_candidates		S1-757309707	Black Tech Private Limited	3796/104 Ist Floor Chawri Bazar, Delhi, Central Delhi, Delhi	S3-121467547	Black Tech Private	
miss:assigned_elsewhere	0.0018749334359549395	S1-637065926	Smart Enterprises Private Limited	Room No.4, Rameshwar Building V.B.Lane, Ghatkopar East, Mumbai, Mumbai City, Maharashtra	S3-467958770	Smart  Enterprises Private Limited	Room No.b3/4, Mumbai, महाराष्ट्र, Mumbai City
miss:assigned_elsewhere	9.732652078575594e-6	S1-78568030	Pediatric Dental Valley Medicine	2337 Leisure World, Mesa Desert, AZ	S2-854787568	Pediatric Dental [(Valley)]	
miss:not_in_candidates		S1-878152448	Silver Constructions Private Limited	Road No 3 Deep Nagar Colony Ps-Mehndiganj, Bihar, Patna, 7, Patna	S2-472916429	Silver Constructions Private	
miss:not_in_candidates		S1-268581045	Surya Engineering Private Limited	No. 7, Bellary Road, Gangenahalli, Bangalore, Karnataka	S3-701012115	ಸೂರ್ಯ ಇಂಜಿನಿಯರಿಂಗ್ ಪ್ರೈವೇಟ್ ಲಿಮಿಟೆಡ್	Door No 7, Bangalore, KA
miss:assigned_elsewhere	0.0002345516554514717	S1-704434981	Vista Charitable Trust	Bungalow No.9, Divya Swapna Chs, G.P Gidwani Road, Chembur, Maharashtra	S2-169512062	CIAFRDMABHLE VISTA TRUST	BUNGALOW NO.9, MUMBAI, Maharashtra
miss:not_in_candidates		S1-657713840	Cure Diner	NC, Salisbury, 213 Hickory Lane	S2-904054707	CURE DINER CORP	
miss:not_selected	0.4766747639366545	S1-448247899	Dosoft Supreme Industrials	3562 Lake Shore Drive, Unit Apartment 36, Lake George, NY	S2-344609023	Dosoft Supreme Industrials LP	
miss:not_in_candidates		S1-365257849	Hotel (India) Finance Private Limited	Rupnagar, S.A.S.Nagar (Mohali), E-260 B (A), Punjab, Industrial, Area, Phase 8-B	S3-252972525	Hotel (India) Private  Limited Service	
miss:not_in_candidates		S1-243809821	S 2 P Biotherapeutics PC	1635 Bethel Road, Morganton, NC	S3-594788675	S 2 P Biothrapeuttics (PC)	
miss:not_in_candidates		S1-814152408	Scholarship Trust LLC	1007 Curtiss Street, Unit 2, Downers Grove, IL	S2-408299248	Scholarship Trust L.L.C.	
miss:assigned_elsewhere	0.7764901886973529	S1-455867871	Reliable Marketing Concepts	AZ, Unit 2060, 500 Metro Boulevard, Chandler	S2-152199881	Reliable Marketing Concepts [LLC]	
miss:not_selected	0.6522328513271919	S1-142668767	Mcfarland Diamond Atlas Inc.	Albemarle County, 3607 Green Creek Road, VA	S2-516773185	Mcfarland Mcfarland Diamond Inc. Center	
miss:not_in_candidates		S1-761587879	Creative Software Private Limited	29A, Pocket-1 Sector-7, Dwarka, New Delhi, Delhi	S2-375110744	Creative Software Private	
miss:not_selected	0.45895892949190137	S1-309146754	Deleon's Select Pizza LLC	2314 Littles Road, Arcanum, OH	S2-998557190	Deleon's Select LLC Pizza	
miss:not_selected	0.6754750082835032	S1-781650432	Brightshine General Private Limited	D.No.43-9-201, Sy No.321-323, Railway New Colony, Visakhapatnam, Vishakhapatnam, Andhra Pradesh	S3-657697435	Smt Brightshine Private Límited Center	
miss:not_in_candidates		S1-99102092	Agro Academy	564Aa, Vishwash Nagar Shahdara, Delhi, New Delhi, Delhi	S3-744643231	Smt Agro  Center	
miss:not_selected	0.6762217181258963	S1-973343868	Lura's Ventures	196 Firetree Lane, West End, NC	S3-731743064	Lura's Ventures Inc	195 Firetree Ln, West End, North Carolina
miss:not_in_candidates		S1-129673842	Colonial Communities, LLC	229 Sandusky Street, Unit 5, Delaware, OH	S2-615289667	COLONIAL CMOMTMULNTIES, LLC	
miss:not_in_candidates		S1-522085917	A Cure 4 All LLC	Vancouver, WA, 3311 O Street	S3-544002034	Cure	WA, Vancouver, 3311 O Street
miss:not_selected	0.5134415342048522	S1-599802934	Olanon Burtech Inc.	411 Pierce Street, OK, Purcell	S3-102691364	Burtech Olanon Inc	406- Pierce St, PO Box 280, Purcell, Oklahoma
miss:not_in_candidates		S1-895458777	Ear Nose & Throat Group	460 Kimberly Street, WI, Village Of Holmen	S3-212547629	Ear Nose + Throat Group Enterprises	
miss:not_in_candidates		S1-524250608	Allied Family Office LLC	512 2nd Street, Taylor, TX	S2-813415688	ALLIED OFFICE LLC CENTER	
miss:not_in_candidates		S1-289169954	North Marketing Private Limited	201, Dhananjay Avenue, Nr Shanta Govind Bunglows, Nr Fun Point Club, Sola, Ahmedabad, Gujarat	S2-106991849	નોર્થ માર્કેટિંગ પ્રાઇવેટ લિમિટેડ	20, AHMEDABAD, Gujarat
miss:assigned_elsewhere	0.0007591816729073488	S1-471256573	Westling & Homolka Inc	425 Bidwell Street, Unit APT 236, Folsom, CA	S2-384728346	@WESTLING	438 Bidwell St, FOLSOM, CA
miss:not_in_candidates		S1-872881122	Unique It Pvt Ltd	Rz-237A, Ground Floor, New Roshan Pura, Najafgarh, Near 40 Futta Road, Delhi, South West Delhi, Delhi	S2-944034777	UNIQUE  IT PVT LTD	
miss:not_selected	0.652357230239713	S1-290237078	Ace Strategic Rre LP	Middletown, OH, 612 Ken Ridge Drive	S2-831882292	Ace Strategic Rre LLC	61 KEN RIDGE DR, MIDDLETOWN, OH
miss:not_selected	0.2482724131211363	S1-369108176	India Foundation	Plot No 5 Subhlaxmi Estatemoraiya Tal-Sanand, Ahmedabad, Gujarat	S3-426781209	India Foundation	
miss:not_in_candidates		S1-300001801	Green Development Limited	Cu-170, Ground Floor Pitam Pura, Delhi	S3-210606321	Green Development Ltd	
miss:not_in_candidates		S1-11448513	Bay Veterinary Clinic	300 Huntsville Street, Broken Arrow, OK	S3-680882349	Bay Veterinary Clinic Corporation Corporation	
miss:not_selected	0.5163853060601444	S1-673558304	Unico & Co	H No.3472 Rd No.6, Mig Ii, Vidhyuth Nagar Bhel, Ramachandrapuram, Medak, Telangana	S2-676939531	Unico & Company	
miss:assigned_elsewhere	0.09039636124587742	S1-729554941	Classic Investment Group	35 Spring Street, Buckhannon, WV	S3-646684711	Classic Investment Inc Enterprises	
miss:assigned_elsewhere	0.00031156985160041436	S1-728720514	Cooper Wireless LLC	18008 Cielo Grande Avenue, Surprise, AZ	S3-706024	Cooper LLC Service	
miss:not_in_candidates		S1-660066922	Stone & Co	Flat No. B 601 Fortune Shubhan, Sn.4/1/6 A.B.C.D Yewalewadi, Pune, Maharashtra	S2-268206392	Stone &	
miss:not_selected	0.5058435487753203	S1-16997316	Midwest Sony	1119 Pembrook Drive, Peoria, IL	S3-602683534	Midwest Sóny	
miss:not_in_candidates		S1-367356266	Custom Athena PLLC	680 Mohawk Avenue, Pleasant Grove, UT	S3-866488117	Custom Athena	
miss:not_in_candidates		S1-602260392	Gurgaon Cargo Private Limited	N-155 Sf Sector 51 Today E Luxotica Floor, Gurgaon, Haryana	S3-562202654	Gurgaon Private Cargo Limited	
miss:not_in_candidates		S1-584336092	Jewelle's Petroleum L.L.C.	5317 44, Amenia, NY	S2-2283302	Jewelle's L.L.C. Center	
miss:not_in_candidates		S1-773216420	Fancy Vidyalaya	Sector 9/1 Kalhaar Bunglows, Village Nandoli, Ta Kalol, Dist Gandhinagar, Daskroi, Ahmedabad, Gujarat	S3-869963665	Fancy Partners	
miss:not_in_candidates		S1-159338097	Family Partners P.C.	6713 City View Drive, Charlotte, NC	S2-873952470	Family Family Partners LLC	
miss:not_in_candidates		S1-732323725	Blue Agro Private Limited	Fortune Estate, Bhopal, Phase-01, Hall No. 6 First Floor, Kolar Road, Madhya Pradesh, Bhopal	S3-74490028	Blue Agro Private Private	
miss:not_in_candidates		S1-723594004	Baba Business LLP	Kerala, Mananthavady, Wayanad, Vp Ix/172 Placherikkuzhi House Tharuvana P.O Mananthavady	S2-376352889	ബാബ ബിസിനസ് എൽഎൽപി	H.NO 396. VP IX/172 PLACHERIKKUZHI HOUSE THARUVANA P.O MANANTHAVADY, WAYANAD, കേരളം
miss:not_in_candidates		S1-962451349	Sbd Entertainment LLP	Mezzanine Floor, Cifco Centre, Opp.Electric House, Lal Darwaja, Relief Road, Ahmedabad, Gujarat	S3-668155301	Sbd LLP Services	Ahmedabad, Block C-271 Mezzanine Floor, GJ, Ahmedabad
miss:not_in_candidates		S1-75655746	OV Ridge Abony	74 Water Street, Lawrence, MA	S2-805576781	OV Ridge Ay	
miss:not_in_candidates		S1-613381467	Creative Business Limited	6, Waterloo Street Ground Floor, Room No.1, Kolkata, Kolkata, Howrah, West Bengal	S3-564186905	Creative Business Limited	
miss:assigned_elsewhere	5.733432633040443e-7	S1-619630492	Shyam Hospitality Private Limited	C 59, Sector K, Aliganj, Lucknow, Uttar Pradesh	S3-452047241	Shyam Private Limited Services	C 59, Lucknow, UP
miss:not_selected	0.3504972132282137	S1-243438770	Investment & Co Company	Gandarpur Chauliaganj, Cuttack, Orissa	S3-315362734	Sri Investment &  Co Co	#664 Gandarpur Chauliaganj, ଓଡ଼ିଶା, Cuttack
miss:not_in_candidates		S1-240852969	Sree Software Limited	Sr. No.172/10, Mehta Warehousing Company, Near Mseb, Pune - Saswad Road, Phursungi, Pune, Maharashtra	S3-311212829	श्री सॉफ्टवेयर लिमिटेड	Sr. No.172/10, Pune, MH
miss:not_selected	0.44110757621842533	S1-802737303	Corner Barbershop Partners	10711 Bickford Avenue, Clinton, MD	S2-975042126	CORNER BARBERSHOP PARTNERS	
miss:not_in_candidates		S1-268581045	Surya Engineering Private Limited	No. 7, Bellary Road, Gangenahalli, Bangalore, Karnataka	S3-610446810	ಸೂರ್ಯ ಇಂಜಿನಿಯರಿಂಗ್ ಪ್ರೈವೇಟ್ ಲಿಮಿಟೆಡ್	No. 7, Bangalore, KA
miss:not_in_candidates		S1-294641263	Oncology Heritage Care LLC	259 Timberbrook Drive, St Peters, MO	S3-285900014	Oncology Héritage Care	
miss:assigned_elsewhere	0.16673677739360138	S1-161891261	Dermatology Creative Care Associates LLC	2622 Mazur Drive, Port Neches, TX	S2-966174340	DERMATOLOGY CREATIVE CARE ASSOCIATES	
miss:not_in_candidates		S1-831530690	My Estate Limited	B-5/2, B-6, Midc, Miraj Tal -Miraj, Dist -Sangli, Miraj, Sangli, Maharashtra	S2-466474893	माय एस्टेट लिमिटेड	B-6, MIDC, MIRAJ TAL -MIRAJ, DIST -SANGLI, Maharashtra, B-5/2, MIRAJ, SANGLI
miss:not_in_candidates		S1-343150612	Ram Maa Energy Private Limited	Delhi, D-187 Second Floor Saket, New Delhi, Newdelhi	S3-314441524	राम माँ एनर्जी प्राइवेट लिमिटेड	D-87 Second Floor Saket, Newdelhi, New Delhi, DL
miss:not_in_candidates		S1-70188906	Balaji Ventures Limited	H No 23/7, Tamtalav Small Sutar Ali, Vasai Pole No S/13, Vasai, Thane, Maharashtra	S3-858823022	Center Balaji Limited	H No 23/7, Thane, Vasai, MH
miss:not_in_candidates		S1-639642910	Vijay Management Private Limited	F N 402 4Th Floor Wing A, Shantinath Apartment A, Borivali West, Mumbai, Maharashtra	S3-707395498	Vijay Management Pshrivabe Limited	
miss:not_selected	0.6915538465221349	S1-421756004	Dashmesh (India) Entertainment Pvt Ltd	Sindhi Camp, Akola, Maharashtra	S3-579062421	Vantagepyra	#91 Sindhi Camp, Akola, महाराष्ट्र
miss:assigned_elsewhere	0.013622698747825745	S1-250638850	Tirupati Enterprises Private Limited	Hd-251 At Wework Prestige, Central #36 Infantry Road, Bangalore North, Bangalore, Karnataka	S2-564476088	Tirupati Enterprises Private	
miss:not_in_candidates		S1-149187330	Metro Federation	25 Creek View Drive, Unit 901, Edmond, OK	S2-819299017	Metro Federation	
miss:not_selected	0.3418088867559653	S1-750201930	Bright Maa Infra Private Limited	Flat No 20 Karmbhumi Co Op Housing Society, Dasak Jail Road Nashik Ro, Nashik, Maharashtra	S2-22465165	Wexriza	FLAT NO 20 KARMBHUMI CO OP HOUSING SOCIETY, NASHIK, NASIK, Maharashtra
miss:assigned_elsewhere	0.11840607245609265	S1-381931263	Pune Impex Private Limited	Fl-401, Bl-Jasmin Mittangr Sn-46 Bh- Shital Petrolpump, Kondhwak, Pune, Maharashtra	S3-776567496	Pune Impex Limited Private	
miss:assigned_elsewhere	4.172835082115016e-7	S1-632108415	Shree New Industries Pvt Ltd	19, Floor-2, Plot-95A, Dhanji Mulji Building Dhirubhai Parekh Marg, Ladwadi, Kalbadev, I, Mumbai, Mumbai City, Maharashtra	S3-46987534	श्री न्यू इंडस्ट्रीज प्रा. लि.	No 238 19, Mumbai City, Bilalpada, MH
miss:not_selected	0.2613197588205137	S1-456877906	Micro Institute Ltd	Flat No 3, Above, Shop No 6, 1St Floor, Gokhale Market, Delhi, North Delhi, Delhi	S2-56217598	Ltd Micro Inctttucte	DOOR NO 3, NEW DELHI, दिल्ली
miss:not_in_candidates		S1-430559584	My Indo Business Private Limited	214 Lok Centre, Corporate Park Premises Chs Ltd., Marol Maroshi Road, Near Icici Bank, And, Heri East, Mumbai, Mumbai City, Maharashtra	S2-32363272	My Indo Business	
miss:not_selected	0.6133641317061637	S1-932992817	Correa & Kavanagh Lloyds Corp	523 Mcdermott Street, Asheboro, NC	S2-867778296	Correa & Kavanagh Lloyds Corporation	
miss:not_in_candidates		S1-712802781	NEL Magic Private Limited	L 148 5Th Main Road, Bangalore, Sector 6, Hsr Layout, Karnataka, Bangalore South	S3-858115141	Viopyradova	L 148 5Th Main Road, Sector 6, Hsr Layout, Bangalore South, Bangalore, KA
miss:not_selected	0.6795919565112679	S1-240920639	Baptist Express Association	6637 Ten Ten Road, Apex, NC	S3-101747528	Baptist Express Center	
miss:not_in_candidates		S1-940070361	Pediatric Continental Center	37348 Hansville Road, Hansville, WA	S2-61245474	Pediatric Continental Center Ínc	
miss:not_in_candidates		S1-879590818	Vs India	Hans Bhawan Ito, B 11/1 Basement, Central Delhi, Delhi, New Delhi	S2-164739609	Vs Services	B 11/1 BASEMENT, HANS BHAWAN ITO, NEW DELHI, Delhi
miss:not_selected	0.20057567420447947	S1-971978613	Best Automation Systems	18619 Scopello Drive, New Caney, TX	S3-935049995	Best Automation Sytsbms	18640 Scopello Drive, Neww Caney, Texas
miss:assigned_elsewhere	0.0016463943065783268	S1-355613187	Baba Food Private Limited	Bangalore, Karnataka, No.41/1A3, Bangalore, Kia(Kempegowda Industrial Area), Near Peenya 2Nd Stage	S3-395839724	Baba Private Limited Services	No.41/1a3, Kia(kempegowda Industrial Area), Near Peenya 2Nd Stage, Bangalore, ಕರ್ನಾಟಕ
miss:not_in_candidates		S1-36906625	Pediatric Associates LLC	3808 Kendall Brook Drive, Semmes, AL	S2-572217225	Pediatric  Associates LLC Enterprises	
miss:not_in_candidates		S1-540338911	Eye Center	415 2 127, Owenton, KY	S2-684465185	eyecenter.com	127, OWENTON, KY
miss:not_selected	0.5309151913437773	S1-425835939	MOO Green Staffing	Winchester, MA, Unit 12, 64 Highland Avenue	S3-915472870	Jaxyuma	Massachusetts, Winchester, 64 Highland Avenue
miss:not_selected	0.6029855292355575	S1-652731768	St. Israel	2994 Howard Drive, Redding, CA	S3-343969088	St. Israel Inc.	338 Howard Drive, Redding, California
miss:not_selected	0.30903724730185855	S1-655813787	Ear Nose & Throat Silver Physicians	630 Summit Place, Fl 1, Chandler, AZ	S2-189836160	Umbracira	630 SUMMIT PL, CHANDLER, AZ
miss:not_in_candidates		S1-471341370	Unique Construction Private Limited	503, Floor-5, Plot-135/139, Yogeshwar Building, Kazi Sayed Street, Khand Bazar Masjid Station, Mandvi, Mumbai, Mumbai, Maharashtra	S3-155753004	Unique Limited  Private Construction	
miss:not_in_candidates		S1-212513357	Summit Telephone LLP	211 Maxwell Avenue, Unit 3, Frederick, MD	S2-748440311	Summit LLP (Partners)	
miss:not_selected	0.3211472120830337	S1-119120737	Alpha Balaji Private Limited	Plot No. 3, Office No. B-44, Basement Floor T.Cjena, Tower 1, Janakpuri, New Delhi, Delhi	S3-546064657	Alpha Baig Private Limited (ID: 1375)	
miss:assigned_elsewhere	0.012185808423589035	S1-726889432	Coimbatore Trading	No.7/50 Thennamanallur, Tamil Nadu, Coimbatore	S2-831254175	Coimbatore Tdrbalng	
miss:not_selected	0.6254447050882197	S1-493423939	Rvr & Co Company	Iv/133, Sunny Tower, Main Bazar, Near Municipal Council Gate, Moga, Punjab	S3-475533494	Rvr + Company Co	
miss:not_in_candidates		S1-246636474	Anand Ventures	B-806 Mondeal Heights, Ramdevnagar Satellite Ahmedabad, Ahmadabad City, Ahmedabad, Gujarat	S3-779774934	Anand Services	B-0806 Mondeal Heights, Ramdevnagar Satellite Ahmedabad, Ahmadabad City, Ahmedabad, GJ
miss:not_in_candidates		S1-177369051	Jay Investments	1903 Bldg No.1 Sea Vie Ht, Chs Ltd Mohite Pt Rd Dpmg, Maharashtra, Mumbai	S2-888635352	जय इन्वेस्टमेंट्स	NO ##1903 BLDG NO.1 SEA VIE HT, CHS LTD MOHITE PT RD DPMG, MUMBAI, महाराष्ट्र
miss:not_in_candidates		S1-83681892	Tejita Auto Private Limited	H.No. 7-2-1669, Flat No. 401, 4Th Floor, Uthopia Block, Lodha Towers, Sanath Naga, R, Hyderabad, Telangana	S2-827952825	Tejita Private Limited Center	
miss:not_in_candidates		S1-356188787	Unique Consultancy Limited	Unit No. 101 Abcd, Building Delta-2, Giga Space It Park, Viman Nagar, Pune, Pune, Maharashtra	S2-739156586	UNIQUE CONSULTANCY LTD	
miss:not_in_candidates		S1-626113100	East Peoria Heritage Legacy Society	500 Avondale Drive, East Peoria, IL	S3-599997704	East Heritage Legacy Society Center	
miss:not_in_candidates		S1-37943421	Star Food Private Limited	Sy No 46 & 46/4 Redlakunta Village Kodad, Nalgonda, Telangana	S3-82681169	M/s Star Private Limited-Center	Sy No 46 & 46/4 Redlakunta Village Kodad, Nalgonda, TG
miss:not_in_candidates		S1-819019571	Unified Staffing Laboratories	3400 Balboa Lane, Unit 19, Columbia, MO	S3-997991951	Miraquo	3400- Balboa Ln, Columbia, Missouri
miss:assigned_elsewhere	0.03105021953132615	S1-341223433	Great Charities	26101 Milby Circle, DE, Harbeson	S3-83694936	Great  Charities Trading	
miss:assigned_elsewhere	0.00002437361308101882	S1-610207716	Indian Hospitality	3, Madhu Gupta Lane Kolkata, Kolkata, Kolkata, Howrah, West Bengal	S2-370586046	ইন্ডিয়ান হসপিটালিটি	3, NULL, KOLKATA, HOWRAH, West Bengal
miss:assigned_elsewhere	0.000568132097428971	S1-5000234	Jai Ventures	118 To 120, !St Floor, Ijmima Imitation Jewellery Csl, Off Link Road, Malad West, Malad West, Mumbai, Maharashtra	S3-922853005	Jai Ventudes (Ventudes)	
miss:not_in_candidates		S1-769070221	Stanford Holdings Group	333 Crestwood Drive, Wormleysburg Borough, PA	S2-674640057	Stanford  Holdings	
miss:assigned_elsewhere	0.4731369835279348	S1-432884924	Great Payment LLC	139 Riverside Drive, Unit B, Watsonville, CA	S2-36607953	Great Payment	
miss:not_in_candidates		S1-76110212	Preferred Automation Solutions PC	1244 Fort Washington Avenue, PA, Upper Dublin Township	S2-801106862	PAS	FORT WASHINGTON AVE, FORT WASHINGTON, PA
miss:not_in_candidates		S1-433958412	Baba Industries Private Limited	2Nd Floor, Maharashtra, T, Mumbai, Zainab Villa, 187, Turner Road, Opp. Moti Mahal Restaurant, Bandra - Wes	S2-269249203	बाबा इंडस्ट्रीज प्राइवेट लिमिटेड	DOOR NO 2ND FLOOR, MUMBAI, T, Maharashtra
miss:assigned_elsewhere	0.0035988544488543403	S1-353142622	Jay Finance Limited	Survey No. 75, Devagere, Kengeri Hobli, Kumbalgodu, Bangalore South, Bangalore Rural, Karnataka	S3-865394257	Jay  Finance Enterprises	
miss:not_selected	0.5463372380206144	S1-109062453	Narsingh Fashions Private Limited	Gurgaon, H. No. 365 Sector- 9, Gurgaon, Haryana	S2-565514553	Sri Narsingh Fashions Private Ltd	
miss:not_in_candidates		S1-299786089	Boia Parts LLC	2322 59th Court, Cicero, IL	S2-44500674	Ariariza	59ST CT, CICERO, IL
miss:assigned_elsewhere	0.00003668028635559283	S1-345695712	Shree Exports Private Limited	Friends Colony, Muthra Road, Newdelhi-14., 68, Delhi	S2-725726185	श्री एक्सपोर्ट्स प्राइवेट लिमिटेड	##68, FRIENDS COLONY, MUTHRA ROAD, SOUTH EAST DELHI, Delhi
miss:not_in_candidates		S1-187156853	All Logistics Limited	Maharashtra, Mumbai, 3Rd Floor, Mansionz One, Linking Road, Sv Road, Mumbai	S2-190801869	ऑल लॉजिस्टिक्स लिमिटेड	3RD FLOOR, MUMBAI, Maharashtra
miss:not_in_candidates		S1-9312708	Rev It Up Yoga P.C.	869 Bram Hall Drive, Greece, NY	S3-149622014	Rev  It Up Yoga Trading	
miss:not_selected	0.4586456933049859	S1-461660366	Rana Law Chambers LLP	House No. 359, Chaman Ganj, Sipri Bazar, Jhansi, Uttar Pradesh	S3-237116732	Rana Chambers Law LLP	
miss:not_selected	0.3355634699129359	S1-288240935	Maa Seva Samiti	# 14/14, 2Nd Floor 59Th Cross, Bhashyam Circle, 5Th Block, R, Ajajinagar, Bangalore, Karnataka	S3-105322815	Maa Seva Samiti Corp	
miss:assigned_elsewhere	0.6048842910365504	S1-798591441	Westermann Metropolitan Third Corporation	243 Carr Drive, Lafollette, TN	S3-896605507	Westermann Metropo1itan Third Corporation	
miss:assigned_elsewhere	4.588646456062125e-6	S1-890388187	Sun Hospital	New No.20, Old No.13, Murugan Koil Street Kundrathur, Kancheepuram, Chennai, Kancheepuram, Tamil Nadu	S3-174433183	Sun	New No.20, Old No.13, Murugan Koil Street Kundrathur, Kancheepuram, Chennai, Kancheepuram, Tamil Nadu
miss:not_selected	0.5381775238592997	S1-357778713	Optimal Automation Partners Inc	3963 Delaware Street, Gary, IN	S2-787512007	OPTIMAL AUTOMATION PÁRTNERS INC	
miss:not_in_candidates		S1-622982598	Premier Creative Energy Private Limited	14/(20), 1A First Floor, Subramania Nagar, 1St St, Chennai City Corporation, Chennai, Tamil Nadu	S2-301440128	Xylopyra	14/(20), CHENNAI CITY CORPORATION, CHENNAI, Tamil Nadu
miss:not_selected	0.45878090811793115	S1-222400128	Noemi S. Blanchard, DDS P.C.	759 Hunters Trail, Akron, OH	S3-270254693	Noemi S Blanchard, DDS PC	758 Hunters Trail, Aron, Ohio
miss:not_in_candidates		S1-314015003	Bright Bistro	2623 18th Street, Kansas City, KS	S3-789351628	Bright Bistro Center	
miss:not_in_candidates		S1-974422248	Sedyne Group	Unit Apartment 1, NY, Buffalo, 543 7th Street	S2-72363098	Sedyne	543 Seventh Street, BUFFALO, NY
miss:not_in_candidates		S1-995151614	Senter, Kiessling and Landis Clinic	2836 Apple Street, Lincoln, NE	S2-804236141	SENTER, KIESSLING  AND LANDIS	
miss:assigned_elsewhere	0.6799697442887817	S1-393816261	Lee, Kim and Cox	Putnam, CT, 5 Addison Street	S2-560519110	LEE, KIM	
miss:not_in_candidates		S1-20306271	Cure Bike Shop LLC	6525 Kalua Road, Unit 101C, Gunbarrel, CO	S3-805512475	Cure Bike Shop Llc Trading	
miss:not_selected	0.5800664587790597	S1-380264738	Elite Wholesale Industries LLC	1502 Lithia Way, Fl 1, Talent, OR	S2-341721263	ELITE WHOLESALE INDUSTRIES LLC	
miss:not_in_candidates		S1-466686082	Lakshmi Food Private Limited	2502, 4Th Floor Rfkha Jwellers Diamond Plaza Building Gurudwara Road Karol Bagh, New Delhi, Central Delhi, Delhi	S3-183902220	लक्ष्मी फूड Private Limited	2502, New Delhi, Central Delhi, DL
miss:not_selected	0.42766594724332263	S1-859589142	Miller Companies LLC	Village Of Sauk City, WI, 150 Chestnut Street	S3-442479678	Miller Companies  LLC	
miss:not_selected	0.030516867274474665	S1-338609426	Sai Engineering-Daskroi	Shop 3026, The Retail Park, Trp Mall, Bopal Ghuma Road, Daskroi, Gujarat, Ahmedabad	S2-147246856	Sai Partners	DOOR NO 308/2 SHOP 3026, THE RETAIL PARK, TRP MALL, BOPAL GHUMA ROAD, DASKROI, Gujarat
miss:not_in_candidates		S1-699262543	Colbert Learning Center LLC	439 Walberta Road, Geddes, NY	S2-625387348	THE COLBERT LEARNING CENTER  LLC	
miss:not_in_candidates		S1-604601585	Midwest Montessori School LLC	20955 Old Scenic Highway, Zachary City, LA	S3-999817994	Midwest Montessori Schoo1	
miss:not_selected	0.357261530703626	S1-58791338	GVF Weldtech Pvt. Ltd.	L-68, Chaithanya Smaran Whitefield - Hoskote Road, Kannamangala, Bangalore, Karnataka	S2-685541770	GVF Weldtech Pvt. [Ltd.]	
miss:not_in_candidates		S1-269071446	Prime Infra Limited	69A, Fl No10, Krishna Nagar, Gali 3, Safdarjung Enclave, New Delhi, Delhi	S3-638942635	Prime Prime Infra Ltd	
miss:not_in_candidates		S1-938733508	Blue Logistics Private Limited	First Floor, # No. L- 142, 5Th Avenue, 5Th Main, Hsr Layout, 6Th Sector, Bangalore, Karnataka	S2-962542234	ಬ್ಲೂ ಲಾಜಿಸ್ಟಿಕ್ಸ್ ಪ್ರೈವೇಟ್ ಲಿಮಿಟೆಡ್	FIRST FLOOR, BENGALURU, BANGALORE, Karnataka
miss:not_selected	0.4794379790783424	S1-631983029	Avani Trust	D-9/132 Hari Marg Sector9, Chitrakoot Vaishali Nagar, Jaipur, Rajasthan	S2-162589965	Avani Trust Company	
miss:not_selected	0.09991261178096696	S1-887403464	Shiv Hunter Private Limited	A 23Sector Ii Faridabad, Haryana, Faridabad, Haryana	S3-991316641	Shiv  Hunter Private	A 2-3Sector Ii Faridabad, Faridabad, Haryana, हरियाणा
miss:not_selected	0.013159682063220806	S1-452217154	Meridian	2544 Weddington Avenue, Unit 2435, Charlotte, NC	S3-770745326	Meridian Corp	2545 Weddington Avenue, Unit 2435, Charlotte, North Carolina
miss:assigned_elsewhere	0.28601038412748303	S1-414453948	Mcdermott Finance	10020 Page Road, Streetsboro, OH	S3-220593268	Mcdermott Finance Finance LLC	
miss:not_selected	0.6328036809793118	S1-417626941	Snyder Bright Ngl	8411 Coolidge Street, Phoenix, AZ	S2-592330470	SNYDER BRIGHT	
miss:assigned_elsewhere	0.12578007284826562	S1-159179598	Guru Tech Limited	Killa No 6, Mustil 65, Khewat 322 Gwalpahari, Solar Urja Kendra, Gurugram, Gurgaon, Haryana	S2-429436771	Calovio	KILLA NO 6, GURUGRAM, GURGAON, हरियाणा
miss:assigned_elsewhere	0.0014421238690517848	S1-683940824	Globe Institute of Technology	Delta Towers, 6Th Cross, 23Rd Main, Marenahalli Jp Nagar 2Nd Phase, Bangalore, Karnataka	S3-883229969	Deltawexcalo	Delta Towers, Bengaluru Urban, Bangalore, KA
miss:not_in_candidates		S1-420774336	Ongole Constructions Private Limited	Ff 30 Avishkar Complexold Padaroad Vadodara, Gujarat, Vadodara, Gujarat	S2-610839281	ONGOLE PRIVATE LIMITED CENTER	
miss:not_in_candidates		S1-535411387	SA (i) Private Limited	Shop No. 27, Iii Rd Floor Skanda Shopping Mall, Vaddegeri, Kurnool, Andhra Pradesh	S3-825476316	SA Private Limited Partners	Shop No. 27., Iii Rd Floor Skanda Shopping Mall, Vaddegeri, Kurnool, ఆంధ్రప్రదేశ్
miss:not_in_candidates		S1-91191073	Blue Consultancy Private Limited	G-49, Sector-03, Ground Floor Bawana Industrial Area, Delhi, North West, Delhi	S2-641183584	Blue Consultancy Prihvascte Limited	
miss:not_in_candidates		S1-505180115	Black Super Products Pvt Ltd	122, Kothari Estate, L B S Marg, Bhandup, Mumbai, Maharashtra	S3-180860067	Black Super Pvt Ltd Service	
miss:not_in_candidates		S1-312630985	Creative It Private Limited	95, Park Street, Kolkata, Howrah, West Bengal	S3-284977943	Creative Private Limited Services	Howrah, Door No 952 95, WB, Park Street, Kolkata
miss:not_selected	0.3100803897202445	S1-796533316	Zitella G. Jackson, D.O., PC	5798 11350, Highland, UT	S2-537742168	Zitella G. Jackson, D.O., Inc	
miss:not_in_candidates		S1-188369292	Freddie Evans Mountain Regency Corp	2523 Kings Highway, Brooklyn, NY	S3-564194828	Freddie Evans Mountain Regency	
miss:not_in_candidates		S1-110016054	Fernandez Churchill	Aulander, NC, 1034 Nc 305	S2-267722715	Fernandez Services	
miss:not_in_candidates		S1-232052464	United Charter School	11422 Beehive Court, Germantown, MD	S3-467843796	United  Charter School Enterprises	
miss:not_in_candidates		S1-703639417	Meerut Enterprises Private Limited	Gokul Dhame Ph2, Uttar Pradesh, Plt No 60 Sindhawali, Meerut	S3-423428476	Meerut Private Limited Services	
miss:not_in_candidates		S1-682536236	Innovative China Inc	4428 Trace Boulevard, Nashville, TN	S2-550337233	INNOVATIVE INC-SERVICES	4428 TRBCE BOULEVARD, OLD  HICKORY, TN
miss:not_in_candidates		S1-367478450	Premier Marketing Private Limited	Building No. 4/2-A, Janardhana Building, Karthikappally, Alappuzha, Kerala	S3-229010624	Premier Marketing Limited-Services	
miss:not_selected	0.3392812339756635	S1-90323365	Southern Accounting	Manhattan, 2025 Somerset Square, KS	S2-922432268	Southern (Accounting)	
miss:not_in_candidates		S1-373870494	Drayiq Intelligent Inc.	MA, 110 Monastery Avenue, West Springfield, Unit 314	S2-277825633	Fluxyuma	WEST SPRINGFIELD, MA, 11 MONASTERY AVE
miss:not_in_candidates		S1-776790905	Primary Care Select Physicians	635 Davie Avenue, Statesville, NC	S2-478229302	Primary Physicians-Inc. Select Care	
miss:not_selected	0.6938103580890096	S1-146766674	Hari Constructions Private Limited	Kerala, Ernakulam, 42/2277C, K.C Centre Chittoor Road, Ernakulam	S2-614346254	ഹരി കൺസ്ട്രക്ഷൻസ് പ്രൈവറ്റ് ലിമിറ്റഡ്	42/2277, ERNAKULAM, Kerala
miss:not_in_candidates		S1-423859248	Pashupati Club Private Limited	2Nd Floor, Jamna Hospital Hathai Kheda Road, Anand Nagar, Bhopal, Madhya Pradesh	S3-636293853	Pashupati Cubt Private Limited	No 2Nd Floor, Bhopal, मध्य प्रदेश
miss:not_in_candidates		S1-998849408	Red Hair Studio	3637 6th Street, Topeka, Unit L8, KS	S3-234849384	Red  Studio Hair Enterprises	
miss:assigned_elsewhere	0.0006132655791489131	S1-532292529	Fortune Industries Private Limited	Jeevandeep Building, Basement Flr, Shop-2, Salugara, Siliguri, Darjeeling, West Bengal	S3-535446870	Fortune Industries Private Ltd	Jeivandeep Building, Silliguri, WB
miss:not_in_candidates		S1-428687578	Premier Energy International Inc	705 Park Avenue, Unit 6, Greensboro, NC	S2-547334956	PREMIER EOEIDG INTERNATIONAL INC	704 PARK AVENUE, NC, GREENSBORO
miss:not_selected	0.39206676068371016	S1-265614138	UFZ Learning Pvt. Ltd.	Office No B 118, 1St Floor, Nerul Station Complex, Nerul, East, Navi Mumbai, Thane, Maharashtra	S2-766164221	UFZ-LEARNING PVT. LTD.	
miss:assigned_elsewhere	0.0487973849935713	S1-785092848	Shree Events Pvt Ltd	1 - Apna Ghar C. H. S., Near Teligali Signal, N. S. Phadke Marg, Andh, Eri (E), Mumbai, Shop No. 2 & 3, Mumbai City, Maharashtra	S2-120987974	Dr Deltalyratavo	SHOP NO. ##2 & 3, MUMBAI, MUMBAI CITY, Maharashtra
miss:not_in_candidates		S1-55154758	First Integrated Solution	330 2nd Avenue, Ripley, WV	S3-28507803	First Solution Services	West Virginia, Ripley, null, 2st Ave
miss:not_in_candidates		S1-334555619	Pioneer Industries Limited	Sh-213 Tapi Arcade, Abrama Road, Chorasi, Surat, Gujarat	S3-125271890	Pioneer Industries લિમિટેડ	
miss:assigned_elsewhere	0.06784424974652598	S1-375942361	Blue Center	212 Center Street, Unit 604, Bloomington, IL	S2-840943210	BLUE CENTER	
miss:not_in_candidates		S1-19495233	Regional Church LLC	182 Beechwood Avenue, Bridgeport, CT	S3-593551507	Kororbilum	18 Beechwood Ave, Bridgeport, Connecticut
miss:not_selected	0.46169701460111223	S1-101863994	Sunny & Brothers Private Limited	Ernakulam, 62/3950A (Old 39/754 D1, Kerala, 535/6) Parakkat Business Park, Karikkamuri Cro, Ss Road	S3-459985762	Dr Sunny-& Brothers Private Ltd	
miss:not_in_candidates		S1-454914370	Patriot Charter School LP	71 Truesdale Road, Tonawanda, NY	S3-544726015	Patriot Charter School  LLC Enterprises	
miss:not_in_candidates		S1-331657728	Jai Power Pvt Ltd	C/O Laxmibai Bhagirath, 01, Bhagirath Parishad, Shajapur, Madhya Pradesh	S2-35436199	जय पावर प्रा. लि.	C/O LAXMIBAI BHAGIRATH, SHAJAPUR, Madhya Pradesh
miss:assigned_elsewhere	0.01978360334346454	S1-613621960	Golden Tavern Inc	9014 Cygnet Place, Laurel, MD	S2-997332847	GOLDEN TAVERN INC	
miss:not_in_candidates		S1-886269137	Golden Book Store	65 Hartford Avenue, Mendon, MA	S2-754971480	Golden Book	
miss:assigned_elsewhere	0.0021807604549931997	S1-847783518	Vision Health	10080 Duff-washa Road, Oak Harbor, OH	S3-535687963	Vision Health Industries	
miss:not_selected	0.6263406641561218	S1-638490084	Marque Academy	Ashoknagar, Ward No 12, Holding No- 1047/1 Po & Ps - Ashoknagar, Ashoknagar, Parganas North, West Bengal	S3-404327158	Marque Academy	
miss:not_in_candidates		S1-792271444	Jasper Clinic	2 Woodland Avenue, Florence, KY	S3-264787450	Jasper Clinic Inc.	
miss:not_selected	0.5410227516606125	S1-111423235	Cruzperez United Babcock	231 2nd Street N, Tamaroa, IL	S3-309054106	cruzperez united babcock	
miss:not_in_candidates		S1-123841427	Classic Projects	2/44, Ground Floor Geeta Colony, Delhi, East Delhi, Delhi	S3-59049050	Classic Projects Corp	
miss:not_in_candidates		S1-74216799	1992 Third Boulevard Apartments, LLC	IA, 141 Lake Shore Drive, Nashua	S2-193789435	1992 THIRD LLC APARTMENTS, BOULEVARD	
miss:not_in_candidates		S1-178323058	Premier Traders Ltd	C-10, Malwani Tiranga Chs Ltd., Rsc - 4, Plot No. 140, Malwani, Malad West, Mhada, Mumbai, Mumbai City, Maharashtra	S2-189412791	Premier Traders Enterprises	
miss:not_selected	0.48321831351829564	S1-868344332	P 4 J West PLLC	Unit Apartment 2J, 5 Winding Brook Drive, NY, Guilderland	S2-853857566	P P FOUR J WEST PLLC	
miss:assigned_elsewhere	5.841221960974466e-6	S1-719774227	Digital Consultancy Private Limited	Flat No-8, 1St Floor A Square, Sec-73, Noida, Noida, Gautam Buddha Nagar, Uttar Pradesh	S2-648940432	डिजिटल कंसल्टेंसी प्राइवेट लिमिटेड	HN 00885 FLAT NO-8, GAUTAM BUDDHA NAGAR, Uttar Pradesh
miss:not_in_candidates		S1-95074031	BGJ Capital Pvt Ltd	H. No. 213, Shimpi Ali, Cts No 559/60/61 Gandhi Chawk, Opposite Dr Sahu, Hadapsar, Pune, Maharashtra	S3-116868545	B6J Capital Pvt Ltd.	213, Pune, MH
miss:assigned_elsewhere	0.00393122934351346	S1-613057378	Urban Industries Private Limited	Flat No. B-101, Kondavilkar Heights Bamnoli Road, Mangaon Raigad, Mangaon, Raigarh(Mh), Maharashtra	S3-307192481	Urban Industries Limited [Center]	
miss:not_in_candidates		S1-211745989	Urban Book Store	17440 Willow Avenue, Surprise, AZ	S2-653032806	URBAN BOOK STORE	
miss:not_selected	0.40180239565086345	S1-604299614	Stp (India) Chit Limited	18Th Flr, 1803, Lodha Codename No 1, One Lodha Place, Senapati Bapat Marg, Upper Worli, Mumbai, Mumbai, Maharashtra	S3-580557149	Limited Stp (Idica) Chit	H.no 8Th Flr, Mumbai, महाराष्ट्र
miss:not_in_candidates		S1-976136688	KK Supermart Private Limited	No : 8, Shanthi Nagar, 1St Street, Gowrivakkam, Tambaram, Kanchipuram, Tamil Nadu	S3-546213413	KK Private Limited Services	No : 8, Tambaram, Kanchipuram, TN
miss:not_selected	0.654416543911927	S1-337153327	Haynes Etf LLC	4505 Monterrey Drive, Rowlett, TX	S2-711778771	HAYNES ETF	
miss:not_in_candidates		S1-30963604	Anand Infotech Private Limited	No.70, 1St Main, 1St Cros, Kempegowdanagar, Bangalore North, Bangalore, Karnataka	S2-446819083	ಆನಂದ್ ಇನ್‌ಫೋಟೆಕ್ ಪ್ರೈವೇಟ್ ಲಿಮಿಟೆಡ್	H.NO 70, 1ST MAIN, 1ST CROS, KEMPEGOWDANAGAR, BENGALURU URBAN, Karnataka
miss:not_in_candidates		S1-960444108	Superior Construction Ventures LLC	1445 Winfield Dunn Parkway, Sevierville, TN	S3-627268372	Superior Construction Ventures	
miss:not_selected	0.6417204436869803	S1-305907562	Shivam Ace Investment Private Limited	Sahid Nagar, Bhubaneswar, Orissa., At- A/62, Bhubaneswar, Orissa, Khordha	S2-849084420	SHIVAM ACE INVESTMENT PRIVATE LTD	
miss:not_in_candidates		S1-486494667	Azad Estates Private Limited	23-56P, Devarabeesanahalli, Varthur Hobli Outer Ring Road, Bengaluru, Bangalore, Karnataka	S3-705358132	Azad Private Limited Center	23-56, KA, Bengaluru
miss:not_selected	0.6570180298552541	S1-277252356	Eugine Celestino Total Valley LLC	218-20 Hempstead Avenue, Queens Village, NY	S2-119643194	Ectovio	QUEENS VILLAGE, NY, HEMPSTEAD AVENUE
miss:not_in_candidates		S1-620599197	Gulf Pinnacle Elm	633 Kaspar Avenue, Arlington Heights, IL	S2-426572059	Gulf Pinnacle Center	
miss:assigned_elsewhere	0.27506141183384275	S1-595546954	Mckinney Piedmont Legato LLC	3208 Toledo Drive, Unit A, Killeen, TX	S3-278593902	Mckinney Piedmont Legato Llc	
miss:not_in_candidates		S1-524911357	New Delhi Services Private Limited	A-31B Upper Ground Floor / 2Nd Floor Anand Vihar Uttam Nagar New Delhi, Delhi, West Delhi, New Delhi	S2-899886205	New Delhi Services Private  Limited	
miss:not_in_candidates		S1-867757440	Balaji Logistics Pvt Ltd	516, Fifth Floor, Alankar Plaza A-10, Central Apine, Vidhyadhar Nagar, Jaipur, Rajasthan	S3-138187575	Sri Balaji Logitics Pvt [Ltd]	
miss:not_in_candidates		S1-683731989	Premier Premier Infrastructure Private Limited	Clayton 501 Rodas Enclave, Hiranandani Estate, Thane, Maharashtra	S3-764552103	PPI	Clayton 501 Rodas Enclave, Hiranandani Estate, Thane, Maharashtra
miss:not_in_candidates		S1-915114443	Silver Tattoo Inc	MN, West Saint Paul, 1315 Smith Avenue	S2-436216799	SILVER TATTOO INC	
miss:not_selected	0.5451536798725705	S1-435164792	Mellicent Quezada, CPA, PC	2008 Providence Point Dr, Unit 414, Louisville, KY	S3-160781526	Mellicent  Quezada, CPA, PC	
miss:not_in_candidates		S1-719936632	Vidya Realty Private Limited	Flat No 232, 2Nd Floor, Pocket-1, Shiva Enclave Sector-25, Rohini, Delhi, North Delhi, Delhi	S2-29343699	Vidya Private Limited Center	
miss:not_in_candidates		S1-597063955	Dynamic Business	C/Oprakashpustakkendra, Atul Gupta, P.No23 Sudamapuriroad, Ganjdundwara, Near Pani Ki, Ganjdundwara, Uttar Pradesh	S2-972912758	Dynamic Business	
miss:not_in_candidates		S1-114124243	Temple Cathedral	1455 Mill School Road, Macks Creek, MO	S3-459273613	Temple Cathedral Enterprises	
miss:not_in_candidates		S1-884290327	Platinum Advanced Accounting LLC	Alvord, 151 2678, TX, Fl 0	S3-646256903	Platinum Accounting LLC Services	167-169 2678, Fl. 0, Alvord, Texas
miss:not_selected	0.47309931451257864	S1-186115243	Oliveros Cascade Safe Inc	2468 Laurent Road, Prairie Du Rocher, IL	S3-1091544	Oliveros Cascade Safe Inc	
miss:not_in_candidates		S1-180790617	New Technology Private Limited	B/3, G/F, Kh. No 70 & 72, Plot No. 3, B Block, West Jyoti Nagar, Loni Road, Delhi, North East, Delhi	S3-431308754	New Technology Porimalt Limited	
miss:not_in_candidates		S1-299025468	Dynamic Industries Private Limited	8, Flr-3, Plot762, Ablock, Mayoor Chs Ltd, Dadar, Mumbai, Maharashtra	S3-993602953	डायनामिक इंडस्ट्रीज प्राइवेट लिमिटेड	Mumbai, 42 8, MH, Mumbai
miss:not_selected	0.6837652996702756	S1-5625732	1391 Broadway St Partners Partners	509 Hill Ridge Drive, Wetumpka, AL	S2-888700103	1391 Broadway St  Partners	
miss:not_in_candidates		S1-77532683	Indian Logistics Private Limited	Delhi, Ground Floor Plot No-11 K, Najafgarh Near Shivmandir, South West Delhi, New Delhi	S2-283162649	INDIAN LOGISTICS PRIVATE LÍMITED	
miss:assigned_elsewhere	0.26068499596902633	S1-261341733	General Education Innovations Inc	399 Beaver Pond Road, Fairdale, WV	S2-944234297	Korkelocalo	399 BEAVER POND RD, FAIRDALE, WV
miss:not_in_candidates		S1-42437863	Willow Nasdaq Group	5407 126th Street, Tulsa, OK	S3-105067813	Willow Nasdaq	
miss:not_selected	0.4483678223171921	S1-77872999	National Infrastructure Technologies Care	1560 Hidden Creek, Unit 0, Belvidere, IL	S3-216298782	National Infrastructure Technologies-Care	
miss:not_selected	0.0032608896871103295	S1-327486842	Virdi Medical Centre	Flat No. 1, Anand Vihar Nagar, Sr. No. 315, Ahmed Nagar, Ahmednagar, Maharashtra	S3-735595965	Virdi-Medical Cere Cere	Sr. No. 3-15, Flat No. 1, Anand Vihar Nagar, Ahmednagar, Ahmed Nagar, MH
miss:not_in_candidates		S1-558209092	Metro Project	703 State Street, Mobile, AL	S3-770220334	Metro Project	
miss:not_in_candidates		S1-258918779	New Delhi Ventures Corp	D-123, East Delhi, Near Mandir East Vinod Nagar, Delhi, New Delhi	S3-611297777	New Delhi Corp Service	D-d/123, New Delhi, DL
miss:not_in_candidates		S1-176166191	Shiva Business Private Limited	No.43, Residency Rd, Wework Galaxy, Ashok Nagar, Bangalore North, Bangalore, Karnataka	S2-185341981	ಶಿವ ಬಿಸಿನೆಸ್ ಪ್ರೈವೇಟ್ ಲಿಮಿಟೆಡ್	43, BANGALORE, BANGALORE NORTH, ಕರ್ನಾಟಕ
miss:not_in_candidates		S1-354327301	Better Express Impact Inc	300 Harrison Avenue, Unit 458, Boston, MA	S3-169557388	Better Exrspcs Impact Inc	
miss:not_in_candidates		S1-773914143	Super Services	Sree Sailam, Valiyakulangara P.O, Mavelikara, Alappuzha, Kerala	S2-663381662	Super സർവീസസ്	
miss:not_in_candidates		S1-648916471	Red Ice Cream	420 28th Street, Baltimore, MD	S2-675410902	Red Ice Cream Corporation	
miss:not_selected	0.5610133233656429	S1-670545837	Team Supply Private Limited	32, Industrial Estate Pologround, Indore (M.P.), Indore, Madhya Pradesh	S3-649575613	Team Supply Private (Limited)	
miss:not_in_candidates		S1-989304923	Zaia LP	2107 Whitetail Run, Buffalo, MN	S3-373418151	ZAIA LP	
miss:assigned_elsewhere	0.000060022773736227665	S1-247255373	Aasthaa Consultants	Alwar, Bhonker, Kotkasim, Rajasthan, Tizara, Khasra No 629/79	S3-458274201	Aasthaa  Services	H.no 6-29/79, Tizara, Alwar, RJ
miss:not_in_candidates		S1-886286094	Digital & Partners	7Th Cross R K Hegde Nagar, Bangalore, No.117, Karnataka, Bangalore	S2-986689776	Digital &	#117 , 7TH CROSS R K HEGDE NAGAR, BANGALORE, Karnataka
miss:assigned_elsewhere	0.000011289158345240708	S1-488862529	Innovation Ventures (India) LLP	No.409, North East Of N R Mohalla, Mysuru, Mysore, Karnataka	S3-825351428	Innovation (India) LLP [Center]	H.no 9-409, Mysore, KA
miss:not_selected	0.43606213199335075	S1-986492582	Montes Saul	215 4th Avenue, City Of Onalaska, WI	S3-865630119	Miraciraxylo	21 4th Ave, Onalaska Townsihp, Wisconsin
miss:not_in_candidates		S1-785865292	Physical Therapy Care LLC	1201 Stevenage Court, Abingdon, MD	S3-933652638	Physical Cáre Therapy LLC	Maryland, 1201 Stsvenage Court, PO Box 8882, Abingdon
miss:assigned_elsewhere	0.05183253265136849	S1-95396460	Shyam Technologies Private Limited	A-3/69 Vikrant Khand Gomti Nagar, Lucknow, Uttar Pradesh	S3-176742241	Shyam Technologies Private Ltd	
miss:not_in_candidates		S1-630023455	South Tech Private Limited	43, Visadhar, Koyanavele Ghot Tehsil- Panavel, Koyanavele Ghot, Maharashtra	S3-21729645	South Tech Prívate	43, Raigad, महाराष्ट्र
