kind	p	s1	s1_name	s1_addr	q	q_name	q_addr
false_merge	0.8016169694312562	S1-752699523	Vasishta Charitable Trust	40-3-3, Krishna Nagar, Venkates-Warapuram, Vijayawada A.P. Warapuram, Vijayawada, A.P., Warapuram, Vijayawada, A.P., Andhra Pradesh	S2-852177508	Vasishta Charitable Trust Limited	40-3-7, KRISHNA NAGAR, VENKATES-WARAPURAM, VIJAYAWADA A.P. WARAPURAM, VIJAYAWADA, A.P., WARAPURAM, VIJAYAWADA, Andhra Pradesh
false_merge	0.887127684229509	S1-132826207	Gurgaon Inn Private Limited	V - 39/2, 2Nd Floor Dlf Phase - 3, Gurgaon, Haryana	S2-926430551	Gurgaon Inn Holdings Private Limited	V - 39/3, 2ND FLOOR DLF PHASE - 3, GURGAON, Haryana
false_merge	0.846475917272153	S1-735878661	Kahler Fitness	Summerhill, 596 Locke Summerhill Town Line Road, NY	S2-598487959	The Schwartzman Schwartzman Fitness	596 LOCKE SUMMERHILL TOWN LINE ROAD, SUMMERHILL, NY
false_merge	0.7852965356130476	S1-420376253	Shreem Investments Co	Rupnagar, F-28 Phase 8, Punjab, S.A.S.Nagar (Mohali), Indl Phase-8	S3-946233291	Shreem Investments Co	
false_merge	0.9893439569801433	S1-103927184	Hernandez Ventures Inc.	432 Drema Court, Murfreesboro, TN	S2-775913973	Inc Hernandez Véntures	43 DREMA COURT, MURFREESBORO, TN
false_merge	0.9558297633171635	S1-27904482	White Tech Enterprises Private Limited	1403-B, Fountain Heights Akurli Road Opp. Mahindra Gate No.4, Kandivali East, Mumbai, Mumbai City, Maharashtra	S3-271654054	White Tech Private Enterprises	
false_merge	0.9987914251053585	S1-618362055	Novio Translational	108 Darby Court, Weirton, WV	S2-375738590	Novvio Tránslational	108 DARBY CT, WEIRTON, WV
false_merge	0.8753780136184239	S1-433656433	Urgent Care Horizon Group	84 South Street, Unit 5, Plainville, MA	S3-753944918	Urgent Care Horizon  Group	91 South Street, # 5, Plainville, Massachusetts
false_merge	0.9587808095389704	S1-319171469	Olanial Opportunities, LLC	NY, Flushing, 132-11 59 Avenue	S2-434004346	Ollanial Opportunities, Llc	FLUSHING, 132-1 59 AVENUE, NY
false_merge	0.9078019126743462	S1-774093383	Chandransh Engineering Private Limited	Mumbai City, Banglow No.5, Strd Bank Mankhurd Deonar Bhd Central, Mankhurad, Swati Arvind Bhiday, Maharashtra	S3-479731900	Khandransh Engineering Private Limited	Hn 320 Swati Arvind Bhiday, Banglow No.5, Strd Bank Mankhurd Deonar Bhd Central, Mumbai, MH
false_merge	0.7764184131965619	S1-803384571	Indian Institute of Technology	Chennai, Vaisali Apartments, No. 17/22, Dr. Nair Road, T Nagar, Chennai, Tamil Nadu, Flat No. A-1	S3-772400288	Indian Institute of Technology LLP	Flat No. A-#22, Vaisali Apartments, No. 17/22, Dr. Nair Road, T Nagar, Chennai, TN
false_merge	0.8977499886566449	S1-741286220	Absolute Infosoft Chennai Private Limited	Sidco Industrial Estate, Thirumudivakkam, Tamil Nadu, Chennai, No.71	S3-389547034	Lyravantageavi	Chennai, <NULL>, TN, Chennai, No.71
false_merge	0.9737061215166999	S1-294349315	Sikar Solutions Private Limited	House No. 9, Mandir Road Near Pnb Bank Khatushyam Sikar Sikar Rj In, Sikar, Rajasthan	S3-401698824	Viomira	No 510 House No. 9, Mandir Road Near Pnb Bank Khatushyam Sikar Sikar Rj In, Sikar, RJ
false_merge	0.9096151436062907	S1-856867979	Health Federation LLC	Boston, MA, Unit 56, 23 Northern Avenue	S3-65731734	Health Féderation	South Boston, Massachusetts, 25 Northern Avenue
false_merge	0.9117095813120881	S1-219381729	Sonal Services Private Limited	Block B, Ground R Sunnyside Apartments, Ramlakshman Nagar, Peelamedu, Coimbatore South, Coimbatore, Tamil Nadu	S3-694684383	Sonal Private  Limited Services	
false_merge	0.7186528150353876	S1-934878741	Jarliq Equity LLC	49658 Myrtle Creek Road, Myrtle Point, OR	S3-856289465	Jarluq Equity LLC	4965 Myrtle Creek Road, Myrtle Point, Oregon
false_merge	0.8009989064738162	S1-576080919	RN Peace LLC	102 1/2 Lodestone Lane, Austin, TX	S2-251618700	Corp RN Peace	102 1/6 1/2 LODESTONE LN, AUSTIN, TX
false_merge	0.9313268359051334	S1-626699430	Plumbers Local Union 11	Sandy City, 11370 High Mesa Drive, UT	S2-918658367	Lyrabrix	#11370 HIGH MESA DR, UT, SANDY
false_merge	0.9882075330754586	S1-87056401	Juniper Associates	376 Collinwood Avenue, Montgomery, AL	S3-476669334	Juniper LLC Associates	
false_merge	0.9922006681954633	S1-330209148	Tulja Consultants LLP	Flat No703 Bldg No64, Evershinemilleniumparadis, Kandivali East, Mumbai, Maharashtra	S2-51598361	Tulja Consultants	
false_merge	0.8999095902460306	S1-807183815	Tejam Hospitality Private Limited	Hare Rama Tower, Rajasthan, Shop No. 10A, Nemi Nagar Vistar, Amrapali Marg, Vaishali Nagar, Jaipur	S3-675505239	Tejjam Hospitality Private Limited	94 Hare Rama Tower, Shop No. 10A, Nemi Nagar Vistar, Amrapali Marg, Vaishali Nagar, Jaipur, राजस्थान
false_merge	0.7438768379124613	S1-854274615	Matrix Works Private Limited	Ali Plaza, No 1C-308 Hrbr Layout 3Rd Block (Ward No 29 Kacharakanahalli) Nehru Road, Bengaluru, Bangalore, Karnataka	S2-612045155	Matrix  Works Limited	ಕರ್ನಾಟಕ, H.NO #2 ALI PLAZA, NO 1C-308 HRBR LAYOUT 3RD BLOCK (WARD NO 29 KACHARAKANAHALLI) NEHRU ROAD, BENGALURU
false_merge	0.984745453768732	S1-289777797	Ferrora Productions L.L.C.	3908 Rosedale Street, Gig Harbor, WA	S3-459979943	Ferrrora Productions (L.L.C.)	915 Rosedale St, Gig Harbor Township, Washington
false_merge	0.7438720638167802	S1-883942889	Varshavi Home Ltd	Property No. 12, Pocket-L, Sector-5, Dsiidc, Bawana Industrial Area, Bawana, Delhi, North West, Delhi	S3-655610369	Varshavu Hóme Ltd	Property No. B3/12, Delhi, North West, दिल्ली
false_merge	0.9178820768197299	S1-959430867	Ujjaendra Services Private Limited	C-1070 1St Floor, Indira Nagar Aravali Marg, Lucknow, Uttar Pradesh	S3-513881852	Ujjaendra Private Limited Services	
false_merge	0.9832525113211011	S1-175526111	Nexora Alliancebernstein	3942 Olivene Cove, New Haven, IN	S2-970130117	Nexori  Alliancebernstein	3942 OLIVENE COVE, NEW HAVEN, IN
false_merge	0.7975325916454937	S1-987503661	Mumbai India Private Limited	Maharashtra, Ground Floor, 30 D Ruby Mahal Cawasji Patel Street, Fort, Office No.4, Mumbai City, Mumbai	S3-214448073	Mumbai India (Ltd)	4, Mumbai, Mumbai City, MH
false_merge	0.9986077130074694	S1-758698974	PNR Technology Private Limited	Volubilis, #84, 3Rd Floor K.G. Halli, A.C. Main Road, Bangalore, Karnataka	S3-919677796	PNR Technology Limited	#84 Volubilis, Bangalore, KA
false_merge	0.8942570735466325	S1-609746314	Premier Consultancy	Urban Lake Front, 834/316 75/96/226, Bengaluru, Bangalore, Karnataka	S3-361665861	Premier Consultancy LLP	No 50 Urban Lake Front, 834/316 75/96/226, Bengaluru, Bangalore, KA
false_merge	0.9369545673142986	S1-93817193	Mas Traders	Unit No. 904, 9 Floor, Vihav Supremus Ll, Near Vmc Ward No. 11 Office, Beside R.K. Plaza, Diwalipura, Vadodara, Gujarat	S2-949054103	Mass Traders	
false_merge	0.9402720222310499	S1-291244122	Tirupati Finance Private Limited	254/5, Ug Floor, Bhola Nath Nagar, Shahdara, Delhi	S3-692637052	Novijaxlyra	254/5, Shahdara, DL
false_merge	0.8242484307797021	S1-867165058	Abhijeet Brothers	Mubark Chowk, Plot-No-190, Satkui, Post-Matkalpur, Dist-Midanapur, Kharagpur, Midnapur, West Bengal	S3-291167062	Abhijeet Brothers	
false_merge	0.9769168739392498	S1-209343471	Silver Hospitality Private Limited	4Th Floor, Delite Chiema Building 4/1, Asaf Ali Road, Delhi, Delhi, East Delhi, Delhi	S2-399522823	सिल्वर हॉस्पिटैलिटी लिमिटेड	#TH FLOOR, DELITE CHIEMA BUILDING 4/1, ASAF ALI ROAD, DELHI, NEW DELHI, EAST DELHI, Delhi
false_merge	0.9893713203278696	S1-626694631	Electra Rockwell Championsgate Inc	130 Roosevelt Street, Marion, KS	S3-397488848	Electra Rockwell	
false_merge	0.9406877554265429	S1-799758852	Johnson, Ferreri & Williamson Wireless Co	308 8th Street, Quanah, TX	S3-68430579	Molina, Ferreri & Wireless Williamson [Co]	30 8th Street, Quanah, Texas
false_merge	0.9142380659811516	S1-515981417	Varshan Technologies of Malleswaram Limited	20/21, West Park Road, 10Th Cross Road, Malleswaram, Bangalore, Karnataka	S2-404893109	VARSHANA TECHNOLOGIES OF MALLESWARAM LTD	9-20/21, WEST PARK ROAD, 10TH CROSS ROAD, MALLESWARAM, Karnataka
false_merge	0.999289957245336	S1-761171334	BSS Energy Private Limited	Gut No. 225, P. No. 17, Sambhaji Nagar, Near Subhadra Mangal Karyalaya, Nanded, Maharashtra	S2-324868271	*** BS Energy Private Límited	GUT NO. 225, P. NO. 17, SAMBHAJI NAGAR, NEAR SUBHADRA MANGAL KARYALAYA, NANDED, Maharashtra
false_merge	0.9981644360497279	S1-696453705	Highland Trust VI	26 Macario Lane, Arroyo Seco, NM	S3-715967639	Highland Trust VII	26 1/2 Macario Ln, Arroyo Seco, New Mexico
false_merge	0.9994630058090518	S1-829168763	Vijayawada (Urban) Pee Private Limited	Rs Towers, Door No40-25-80, Kurra Satyanarayana Str., Vijayawada (Urban), Krishna, Andhra Pradesh	S3-965435880	@Vijayawadaurban	Rs Towers, Door No40-25-80, Kurra Satyanarayana Str., Vijayawada (Urban), Krishna, AP
false_merge	0.9850636568173257	S1-267439252	Brueggeman's Engineering	12701 Excelsior Lane, Keller, TX	S3-483253376	Brueggeman's  Services	1270 Excelsior Ln, Keller, Texas
false_merge	0.7462106692210448	S1-757656501	Jarleon Hall Co	401 Graywood Court, Coppell, TX	S2-898185692	Jarrleon Hall Co	401 GRAYWOOD COURT, COPPELL, TX
false_merge	0.7569082862058658	S1-812395	De Management Pvt Ltd	10Th Floor, Eros Corporate Tower Nehru Place, South Delhi, Delhi, New Delhi	S3-569508656	M/s De Magnemnt Pvt Ltd	
false_merge	0.840954269367714	S1-124520981	Cottingham Music LLC	17182 90th Place, Maple Grove, MN	S3-745249559	Cottingham Music-Llc	
false_merge	0.792599166585955	S1-778687958	Strategic Mortgage Enterprises L.L.C.	18925 Lafayette Avenue, Oregon City, OR	S2-194583642	STRATEGIC MORTGAGE  ENTERPRISES LLC	18926 Lafayette Ave, OR, OREGON CTIY
false_merge	0.9982452101300043	S1-388451812	Novio Communications	Kinston, NC, 199 Windsor Farm Road	S3-148433651	Novvio Communications	North Carolina, Kinston, <NULL>, 199 Windsor Farm Road
false_merge	0.7126730064308077	S1-347871921	Zorana Averill, DDS, PC	2131 Capitol Avenue, Sacramento, CA	S2-356061146	zorana averill, ddl, pc	2131 CAPITOL AVENUE, SACRAMENTO, CA
false_merge	0.9054514411845951	S1-821196669	Silver Massage Inc.	2365 18, Kokomo, IN	S2-493389272	Inc Silver Massage	2367 18, KOKOMO, IN
false_merge	0.8301704829707257	S1-922174174	Solari Tavia	16 Francis Avenue, Hancock, MA	S2-108719109	Solaria Tavia	16 FRANCIS AVE, HANCOCK, MA
false_merge	0.934645930826621	S1-964389805	Drayari Cyber	1404 Wake Forest Drive, Gaithersburg, MD	S2-952561585	Drayary Cyber	1404 WAKE FOREST DRIVE, GAITHERSBURG, MD
false_merge	0.8087961432828659	S1-160018476	Smart Consultants Private Limited	Mumbai, Flat No.504, Maharashtra, 5Th Floor, Sukh Sagar, N. S. Patkar Marg, Girgaon Chowpaty, Mumbai	S2-251704817	स्मार्ट कंसल्टेंट्स प्राइवेट लिमिटेड	MUMBAI, महाराष्ट्र, FLAT NO 11
false_merge	0.7156880161051407	S1-266431538	Chandrraj Service Pvt. Ltd.	Kerala, Malappuram, Malapuram, C/O Sulfeecker Peediyekal, Vp House Muttungal, Ernad	S3-284372985	Chandrraj Pvt Ltd  Center	
false_merge	0.960987899962028	S1-155644114	Ivenis Japan	27497 155th St, Dalton, MN	S3-816371527	Iveniz [Japan]	27497 155th St, Dalton, Minnesota
false_merge	0.7753863761606962	S1-593248879	BN Pharma Pvt Ltd	D-6, Part-Vi, Nihal Vihar, Opp. R. S. Public School, Nangloi, Delhi	S3-404381224	BNX Pharma-Pvt (Ltd)	Block B-874 D-6, Delhi, Nangloi, DL
false_merge	0.7413656734609714	S1-925797531	Higgins Prairie Sunrise	MN, Saint Paul, 704 Nebraska Avenue	S3-807896743	Partners Prairie Higgins	711 Nebraska Ave, Saint Paul, Minnesota
false_merge	0.9990036561010504	S1-564684834	Ferrora Freight LLC	304 Ellis Street, Stryker, OH	S2-456380965	Ferrrora Freight	00304 ELLIS STREET, STRKYER, OH
false_merge	0.8991069680250199	S1-811129745	YOI Services Inc	CA, 12976 Boston Avenue, Chino	S2-726306891	YVOI Sérvices Incorporated	12976 BOSTON AVENUE, CHINO, CA
false_merge	0.7550575186426405	S1-882981146	Brewster Endocrinology Clinic	945 Elma Avenue, Marion County, OR	S3-387670403	Brewster Clinic Endocrinology	
false_merge	0.9677121415429734	S1-175883426	Ujjain Quick Private Limited	No.22/43, G4, Ground Floor, Swathi Court Vijaya Raghava Road, T Nagar, Chennai, Tamil Nadu	S3-805457071	UJJJAIN QUICK PRIVATE LIMITED	No.22/43, G4, Ground Floor, Swathi Court Vijaya Raghava Road, T Nagar, Chennai, தமிழ்நாடு
false_merge	0.8834314976706142	S1-645427317	Global Trading Limited	Malappuram, Malapuram, Kerala, Eyyammadakkal House, No 430/21 Cherakkapanamba (Po), Angadipuram	S3-605090076	Global ട്രേഡിംഗ് ഹാർഡ്‌വെയർ ലിമിറ്റഡ്	H.no 21 Eyyammadakkal House, Malappuram, Malapuram, KL
false_merge	0.9010401708939717	S1-985956677	Gangika Security Private Limited	Unit No.1106, 11Th Floor, Imperial Tower, Cp67 Mall, S.A.S.Nagar (Mohali), Rupnagar, Punjab	S3-827269969	GANGICA SECURITY PRIVATE LIMITED	Unit No.1106, 11Th Floor, Imperial Tower, Cp67 Mall, Mohali, Rupnagar, PB
false_merge	0.7112369580178005	S1-905317298	Behavioral Health Precision Physicians Inc	280 200, Unit 111, Salt Lake City, UT	S3-642472380	Behavioral  Health Precision Physicians Inc	
false_merge	0.9233802335790163	S1-874429080	Devita (india) Private Limited	Haripur Krishna, Siho, Silot, Muzaffarpur, Muzaffarpur, Bihar	S3-383933681	Devvita (india) Private Limited	BR, No 12 Haripur Krishna, Muzaffarpur
false_merge	0.7636234797586752	S1-821912700	Bvs Brothers Private Limited	1/568-B1, New Surnedra Nagar, Aligarh, Uttar Pradesh	S2-312976455	Bvs Brothers Limited	1/568-B5, NEW SURNEDRA NAGAR, ALIGARH, Uttar Pradesh
false_merge	0.7620110841720401	S1-696944223	Shirdi International School Co	Office No. 809, 8Th Floor, Plot-124/13, City Center Market, Nr. Sosyo Factory, U, . M. Road, Surat, Gujarat	S3-485092462	Mr Shirdi International School Corp	
false_merge	0.9938152434713386	S1-968166467	Shiva Enterprises Private Limited	H .No.7-1-618/Ev/207, Flat No # 207, Adityaenclave Everest Block, Ameerpet, Hyderabad, Telangana	S3-383386812	ST	H .No.7-1-618/Ev/207, Flat No # 207, Adityaenclave Everest Block, Ameerpet, Hyderabad, Telangana
false_merge	0.9619657291475469	S1-939788753	GNR Valley Corporation	H-68 Panki Industrialarea Site-1 Kanpur, Uttar Pradesh, Kanpur, Uttar Pradesh	S3-11319362	GNZR Valley Corporation	H-68 Panki Industrialarea Site-1 Kdnpur, Uttar Pradesh, Kanpur, UP
false_merge	0.9203350186946688	S1-907620190	Elias Allied Pan Inc	15826 Misty Drive, Unit #204, Happy Valley, OR	S2-208217235	SP.COM	15826 MISTY DR, HAPPY VALLEY, OR
false_merge	0.7209361247714641	S1-975415937	Saint Community Church PC	45 Hillview Terrace, Hinesburg, VT	S3-389973936	Veofayecalo	Hinesburg, 205-C Hillview Ter, Vermont
false_merge	0.9650793969939797	S1-797557347	Ujjaya Care Private Limited	Ps - Berhampore, Vill- Chaltia P.O. Chaltia, West Bengal, Murshidabad, Berhampore	S3-275644585	Ujjayaer Care Private-Limited	Vill- Chaltia P.o. Chaltia, Murshidabad, Berhampore, পশ্চিমবঙ্গ
false_merge	0.9808189455705797	S1-217836184	Sweet Bistro	315 11th Street, Ellsworth, KS	S2-791722818	Guoirn	315 ELEVENTH STREET, ELLSWORTH, KS
false_merge	0.839369265207045	S1-36956037	Sai Enterprises Private Limited	901, Ambika Tower, Plot No.251, Prof U.U. Bhatt Road, Matunga, Mumbai, Mumbai City, Maharashtra	S2-270386760	साई एंटरप्राइजेज प्राइवेट लिमिटेड	6, MUMBAI, MUMBAI CITY, Maharashtra
false_merge	0.9863095593187344	S1-628373149	Atlantic Fashion Inc	5243 Oddville Sunrise Road, Cynthiana, KY	S2-631559432	>> Atlantic Fáshion Ltd	5243 Oddville Sunrise Rd, CYNTHIANA, KY
false_merge	0.8630665004590967	S1-53305633	Mystic Infotech (India) Private Limited	Kerala, Building No 10/198, Mecheriparamba, Tirur, Malappuram, Malapuram	S3-932527790	Mystic Infotech (India) Limited	Building No G-10/209, Calicut Region, Malappuram, KL
false_merge	0.731281152286429	S1-446392177	Cultural Program VI	466 146, Guilderland, NY	S3-27366609	Prógram Cultural BVI	466 146, Guilderland, New York
false_merge	0.8822088348372255	S1-399045051	Sushant (India) Living	C/O Shravan Sonawane, At Post Khamgaon, Phulumbri, Aurangabad, Maharashtra	S3-848773038	Sushant (India) Center Center	
false_merge	0.7131948707568022	S1-258643878	Lorilyn W. Wickey, DO, M.D., P.C.	4800 61st Street, Kansas City, MO	S2-620467142	Lorilyn W. Wickey, DO, M.D., P.C. Corp	480 61ST STREET, KANSAS CITY, MO
false_merge	0.887845556250408	S1-37740987	Fortune Logistics Private Limited	M-2, Bhavan 3 Kishangadh Vasu Dev, Amroha, Moradabad, Uttar Pradesh	S3-79874823	Fortune Lógistics Limited	M-5, Amroha, UP
false_merge	0.9966542465159384	S1-608439033	Cassella Post Inc	1505 Lewis Drive, TX, Garland	S3-136769110	Cassella Post	
false_merge	0.7193016304122737	S1-131263790	Aarvansh Media Private Limited	Temple View 1, Malad Chs, Ls Raheja Marg, A-401, Malad East, Maharashtra, Mumbai	S3-827998243	Aarvanzh Media Private	#101 A-401, Mumbai, MH
false_merge	0.854285115009751	S1-162554977	Dental Group of Kingsport, L.L.C.	Kingsport, TN, 815 Wood Court	S3-141345852	Dental Group of Kingsport, LLC	Kingsport, 816 Wood Ct, Tennessee
false_merge	0.7726876414610708	S1-211815632	Katheryn B. Woods, O.D.	Yuma, AZ, 871 4th Avenue	S2-597387136	Katheryn B. Woods, O.D. LLC	87 4TH AVE, null, YUMA, AZ
false_merge	0.7017957916872377	S1-201689417	Modern Creative Health L.L.C.	1837 Goat Rock Road, Watson, OK	S2-845865619	MODERN CREATIVE HEALTH LLC  ASSOCIATION	184 GOAT ROCK RD, WATSON, OK
false_merge	0.9754220028740394	S1-64303332	Nishyam Industries Group	G-1, Plot No. 357, Shalimar Garden Extn- 1, Loni, Ghaziabad, Uttar Pradesh	S3-954747321	Nishyam Industries Group Industries Co	Hn 537 G-6, Plot No. 357, Shalimar Garden Extn- 1, Loni, Ghaziabad, UP
false_merge	0.9725695880262131	S1-100656758	Sarasora Packtech Ltd	504, Flr-5, Plot-Cs 854/855, 16/18, Royal Palace, Mumbai, Maharashtra	S2-117955221	Sarazora Packtech [Ltd.]	#504, FLR-5, PLOT-CS 854/855, 16/18, ROYAL PALACE, MUMBAI, Maharashtra
false_merge	0.9854164756807372	S1-103365833	Nexor Modern Ship Inc	2711 Fort Stanley Way, Unit 2414, Knoxville, TN	S2-738240248	Wexpyra	2711  FORT STANLEY WAY, KNOXVILLE, TN
false_merge	0.7373631179626811	S1-333601296	Orbus Cdt LLC	Fairfax County, VA, 760 Applewood Lane	S3-433453699	Orbusa Cdt Llc	760 Applewood Lane, Great Falls, Virginia
false_merge	0.9145937357381514	S1-585023024	JD Homes Private Limited	7Th Floor (Level 8) Altius Block A, B & C, Olympia Tech Park, Plot 1, Sidco Industrial Estat, E, Guindy, Chennai, Tamil Nadu	S3-243078701	JD Homes [Limited]	9Th Floor (Level 8) Altius Block A, Madras, தமிழ்நாடு
false_merge	0.9251279197302495	S1-812437755	EQ Infocom LLP	Bangalore, Flatno.302, Bangalore, Karnataka, 3F, Prestigeno.26/8Viviani Roadrichardstown	S3-719208063	EQ LLP Service	H.no 303, 3F, Prestigeno.26/8viviani Roadrichardstown, Bangalore, KA
false_merge	0.760873169151257	S1-506875987	Sudhir Industries Group	P 51A, Ground Floor, Shop No -2, Vijay Vihar, New Delhi, West Delhi, Delhi	S2-306588779	Sudhir Industries Group Industries Industries Ltd	दिल्ली, P 058A, GROUND FLOOR, SHOP NO -2, VIJAY VIHAR, NEW DELHI
false_merge	0.9994423881719663	S1-969434232	RS Midstream LP	24 Turnberry Place, Springfield, IL	S2-286050501	RRS Midstream	#24 TURNBERRY PLACE, SPRINGFIELD, IL
false_merge	0.7824846781993473	S1-288028441	Summit Rapid Advantage, L.L.C.	W5323 G, Town Of Germantown, WI	S3-224336722	summit rapid advantage, llc	W5325. G, Town Of Germantown, Wisconsin
false_merge	0.8931170995817417	S1-555575909	Suyash Exports Private Limited	Gujarat, 13/3, Naroda, Ahmedabad, Akanth Complex Near Khari Kenal	S3-161433332	Suyash Exports Limited Private	
false_merge	0.9939911080217868	S1-927534261	Safe Agricultural Advisors Inc.	1641 Karen Drive, Fl 1, Chandler, AZ	S3-430067991	Safe Aghiclultfral Advisors Inc	1642b Karen Dr, Floor 1, Chandler, Arizona
false_merge	0.7629983132887771	S1-935175825	First Church	37 Selborne Drive, Wilmington, DE	S3-403173953	First Church Co	81 Selborne Drive, Wilmington, Delaware
false_merge	0.9756774420568113	S1-730944189	MRF Digital Ltd	B1/326 Silver City, Noida, Gautam Buddha Nagar, Uttar Pradesh	S2-485411907	MR Digital Ltd	B1/326 SILVER CITY, NOIDA, Uttar Pradesh
false_merge	0.8259509059746176	S1-479428685	Martin & Kinsey Crane	TX, 7360 Alpha Avenue, City Of El Paso	S3-43742060	Martin + Kinsey Crane	Tennessee, Bittle Road, Maryville
false_merge	0.7477644819342806	S1-440096965	Jaipur Diam Private Limited	G-1-116, Riico Industrial Area, Sanganer, New Saigoul Road, Jaipur, Rajasthan	S2-114881528	M/s Tav0verapyra	G-1-116, NEW SAIGOUL ROAD, JAIPUR, Rajasthan
false_merge	0.9991024949860345	S1-46380366	JF Custom Aluminum Inc	AL, Roanoke, 95 686	S2-119814180	JF Custom Aluminum Llc	95 686, ROANOKE, AL
false_merge	0.8372274887867556	S1-25449821	Halcyn Apex	Celina, 1124 Livingston Highway, TN	S2-150986827	Halcyna  Apex	1124 LIVINGSTIN HWY, CELINA, TN
false_merge	0.939615922775845	S1-806988187	Novay Huntington Inc	4220 Brownsboro Road, Unit 26, Winston-salem, NC	S3-65298623	Inc Novayyn Huntington	4220 Brownsboro Road, Winston-Salem, North Carolina
false_merge	0.9451597757881554	S1-381681169	Choryasi Finalease Company	B106 Meghmalhar Residency, Bh Harekrishna Export, Choryasi, Surat, Gujarat	S2-478031506	Belocira	BLOCK F-669/3 B106 MEGHMALHAR RESIDENCY, BH HAREKRISHNA EXPORT, SURAT, SURAT CITY, Gujarat
false_merge	0.9653163246162578	S1-997231222	Bi & Sons Private Limited	294A/1 Zakhir Nagarokhla, New Delhi, South Delhi, Delhi	S3-719188193	Bi & Sons Limited	#294A/2 Zakhir Nagarokhla, New Delhi, Jasola Vihar, DL
false_merge	0.9316037142936042	S1-198427874	Mayfair Estates Private Limited	Adani Corporate House, Shantigram Near Vaishno Devi Circle, S. G. Highway, Khodiyar, Ahmedabad, Gujarat	S3-107092724	Kfprivate.Com	Adani Corporate House, Shantigram, Near Vaishno Devi Circle, S. G. Highway, Khodiyar, Daskroi, Ahmedabad, GJ
false_merge	0.9492466587691689	S1-922955788	Bangalore North Wave Private Limited	No. 11/1-1, 1St Floor, Lazar Road, 1St Cross, Bangalore North, Bangalore, Karnataka	S2-209523146	Bangalore North Limited Wave	ಕರ್ನಾಟಕ, 1/1-22 , 1ST FLOOR, LAZAR ROAD, 1ST CROSS, BANGALORE NORTH
false_merge	0.7892532025944842	S1-332877223	Halcara Keycorp Associates	16530 Ladd Court, Milwaukie, OR	S3-927666235	The Halkara Keycorp Associates	16530 Ladd Ct, Milwaukie, Oregon
false_merge	0.9999738687056963	S1-231405002	Gangraj Management Care	Delhi, 29/1, Shakti Nagar, Delhi	S2-922524868	MANAGEMENT GANNGRAJ CARE	29/1, SHAKTI NAGAR, DELHI, दिल्ली
false_merge	0.8031749557752809	S1-162355844	Baba Software LLP	Nagpur, Sanmarg Nagar Hudkeshwar Road, Plot No 3, Maharashtra, Nagpur	S3-443123590	Baba Software Limited	Plot No 3-24, Sanmarg Nagar Hudkeshwar Road, Nagpur, MH
false_merge	0.9814245649973877	S1-309112368	Neelkanth & Brothers Limited	Karur, Vadivel Nagar, Madurai By-Pass Road, Andankoil East, Karur, No. 9/28/2, Tamil Nadu	S3-939140947	Neelkanth &-Brothers LLP	H.no 9/28/2, Karur, TN
false_merge	0.8075366304540967	S1-579569061	Kabir Innovations (India) Private Limited	3/1, Poddar Nagar, P.O.-Jodhpur Park P.S.-Jadavpur, Kolkata, Kolkata, Howrah, West Bengal	S3-867529490	Kabir Innovations (India) Limited	3/5, Howrah, Calcutta, পশ্চিমবঙ্গ
false_merge	0.8799181608019278	S1-726136995	Pbg Multiple Private Limited	Madhya Pradesh, H No. 13/767/2 Arun Nagar Rewa, Rewa	S3-909223991	Pbg Multiple Overseas Private Limited	H No. 13/767/2 Arun Nagar Rewa, Rewa, मध्य प्रदेश
false_merge	0.8471424653158561	S1-623823191	MYL Montage PC	4434 Edson Avenue, Bronx, NY	S3-671774036	MYLL (Montage)	4435 Edson Avenue, Bronx, New York
false_merge	0.8994650240820061	S1-795066071	Verrance Manufacturing LLC	1904 N Lincoln Ave, Davenport, IA	S3-649032970	Verrancea Manufacturing LLC	190 N Lincoln Ave, Davenport, Iowa
false_merge	0.7848087868522423	S1-627988098	FLN Delta Golden, LLC	Annapolis, MD, Fl 0, 3 Riverview Avenue	S3-683107264	FLI Delta	3 Riverview Avenue, Floor 0, Annapolis, Maryland
false_merge	0.9993275749508094	S1-106608130	Orbyx Rocket Partners	IA, Readlyn, 308 Wilmont Avenue	S2-413928894	Orbxy Rocket Partners	308 WILMONT AVE, IA, READLYN
false_merge	0.9827921042808964	S1-293367645	Parth Clearing Private Limited	Newry Park Towers, No.9, Park Road, Block-B, Flat No.1602, Anna Nagar Extn, Chennai, Tamil Nadu	S2-739430228	Dr Parth Clearing Limited	36 NEWRY PARK TOWERS, NO.9, PARK ROAD, BLOCK-B, FLAT NO.1602, ANNA NAGAR EXTN, CHENNAI, தமிழ்நாடு
false_merge	0.9991990312240836	S1-468652046	Ferrora Studios LLC	124 County Road 2100, Detroit, TX	S3-411678362	Ferrrora LLC Center	124-C County Road 2100, Detroit, Texas
false_merge	0.8490620715988902	S1-462353355	My Agro Private Limited	270/7, Thapar Nagar, Meerut, Uttar Pradesh	S3-989486325	Smt My Agro Limited	270/20, Meerut, Thapar Nagar, UP
false_merge	0.998773022117365	S1-928666913	Novyn Ofs	810 Adams Point Drive, Garner, NC	S3-75646121	Novvyn Ofs	810 Adams Point Drive, Garner, North Carolina
false_merge	0.7105564356126772	S1-9177221	Drayiq Street LP	401 Main Street, Salemburg, NC	S2-96056352	LP Drayiqyn Street	401 MAIN STREET, SALEMBURG, NC
false_merge	0.7866420345265038	S1-613122834	Federal Alliance	29410 Johnson Creek Lane, OR, Lebanon	S3-754314979	Ariaecto	Oregon, Lebanon, 29410 Johnson Creek Ln
false_merge	0.8032743986829693	S1-718745549	Electronic Infrastructure Services Inc	904 -201 Piney Branch Lane, Virginia Beach City, VA	S2-303938074	Electronic Infrastructure	
false_merge	0.999432241369529	S1-467689668	Ivenon Park LLC	7312 Rock Ridge School Road, Sims, NC	S3-34891590	Ivvenon Ivvenon Park LLC	7312 Rock Ridge School Rd, NULL, Kenly, North Carolina
false_merge	0.9412476789928166	S1-354510384	Solari Auto Glass Inc.	9000 Noontide Drive, Fort Worth, TX	S2-515928841	Solaria  Auto Glass Inc.	9000- NOONTIDE DRIVE, FT. WORTH, TX
false_merge	0.9482974171538535	S1-972330752	Andi's Platinum Liquor	2065 Coffman Avenue, Casper, WY	S2-893105407	EVERETT  P1ATINUM LIQUOR	2065  COFFMAN AVE, CASER TOWNSHIP, WY
false_merge	0.9704700852102611	S1-446277584	Yamini Nirman Private Limited	Block A Gf 7 And 8 Safal Profitair, Nr Krishna Bungalows 100Ft Road Prahladnagar Vejalpur, Ahmadabad City, Ahmedabad, Gujarat	S2-288469941	Yamini Nirman Private	
false_merge	0.7085204750092955	S1-648091922	XBU Solutions Pvt Ltd	H.No. 536-A, Second Floor, Gali No-16, West Guru Angad Nagar, Gurudwara, Laxmi Nagar, New Delhi, Delhi	S2-549425211	PVT XBUN SOLUTIONS LTD.	H.NO. 536-A, SECOND FLOOR, GALI NO-16, WEST GURU ANGAD NAGAR, GURUDWARA, LAXMI NAGAR, NEW DELHI, Delhi
false_merge	0.9997252650054422	S1-285719009	Yamuan Developers Private Limited	Ge 5070, 5Th Floor, Bharat Diamond Bourse Complex, Bandra Kurla Complex, Mumbai, Maharashtra, Mumbai	S2-908590274	Limited Yammuan Developers Center	GE 5070, 5TH FLOOR, BHARAT DIAMOND BOURSE COMPLEX, BANDRA KURLA COMPLEX, MUMBAI, Maharashtra
false_merge	0.7489104776238492	S1-984813459	Mithakhali Talent Private Limited	Ahmedabad, Gujarat, Third Floor, Mithakhali, 301, Sheel Complex, 4, Mayur Colony, Near Mithakhali Six Roads	S3-521513459	Shri Tavolumnovi	Third Floor, Mithakhali, ગુજરાત
false_merge	0.9260439545232361	S1-858093716	Secure Nutrition Services	1405 Hearn Avenue, Bessemer, AL	S3-329772346	Secure  Nutrition Services	
false_merge	0.8696916913990949	S1-295608632	Merry & Associates	H/O Bidya Binod Singh Sheikhpura, P.O. B.V. College, Patna, Bihar	S3-821001639	Merry & Associates	
false_merge	0.9795894305820374	S1-795387701	Jain Developers	1210 And 1211, Binori B Square 2, Opposite Hathising Ni Vadi, Ambli Iscon Road, Ahmedabad, Daskroi, Ahmedabad, Gujarat	S3-244809614	LLP Jain Developers	H.no And 1211, Ahmedabad, GJ
false_merge	0.8894553312990409	S1-707486456	Sarasiya Software Limited	Bhubaneswar, Plot No. 3035, Orissa, Near Saptasati Mandir, Rasulgarh, Bhubaneswar, Orissa, Khordha	S3-755151002	Limited Saraziya Software	Door No 3035, Bhubaneswar, Khordha, Orissa
false_merge	0.8599868760687871	S1-381408557	Sarasaya Secure Group	15-90/1, Old Mancherial Near Water Tank, Mancherial, Adilabad, Telangana	S3-320342441	Sarazaya  Secure Group	15-90/12, Telangana, TG
false_merge	0.9237891696931235	S1-342378659	Ferrari Aviation LLC	2618 86th Avenue, Portland, OR	S2-246844511	Ferrayx LLC Aviation	2618 86TH AVE, PORTLAND, OR
false_merge	0.999461668412828	S1-814325390	Orbent Canadian Inc	TN, 2600 Peabody Court, Williamson County	S3-291346068	Orrbent Canadian	Tennessee, 2600 Peabody Court, Williamson County
false_merge	0.8747317249244579	S1-600940703	PZ Wellness Inc	935 Dunn Road, Florissant, MO	S3-903279569	PDZ Wellness  Inc	935 1/2 Dunn Rd, Florissant, Missouri
false_merge	0.985065625666347	S1-209187216	Montium Blackrock	5170 Deerfield Drive, Burlington, IA	S2-620801484	Monntium Blackrock	5170 DEERFIELD DR, WEST BURLINGTON, IA
false_merge	0.8866289647759039	S1-77033429	Wray Ftai LLC	1711 Trinity Rose Drive, Prescott, AZ	S3-473088476	Sorbello Ftai-LLC	1711 Trinity Rose Drnve, Prescot, Arizona
false_merge	0.8138305805065627	S1-639484214	KV Legacy Grupo	6523 Wedron Court, Charlotte, NC	S2-96251565	Grupo Legacy Ho	6523 1/2 WEDRON COURT, CHARLOTTE, NC
false_merge	0.7696606037816575	S1-461394315	Kristel T. Ashley, L.C.S.W.	WA, Unit #32, Lakewood, 6907 150th Street	S3-410284100	Kristel T. Ashley, L.C.S.W. Corp	6920 150rd St, # #32, Lakewood, Washington
false_merge	0.9692130082387186	S1-986657460	Ziranth Machinery Pvt Ltd	164/6, Ansal Chamber, Bhikhaji Kama Pl, Bhikhaji Kama Place, Near Hayyat Hotel, New Delhi, Delhi	S2-689382765	Zirranth Machirnaay Pvt-Ltd	H.NO 684 164/6, ANSAL CHAMBER, BHIKHAJI KAMA PL, BHIKHAJI KAMA PLACE, NEAR HAYYAT HOTEL, NEW DELHI, Delhi
false_merge	0.8224352839596275	S1-5878875	Solo & Co Co	R-52 Shakarpur, Delhi, East Delhi, Delhi	S2-767220587	SOLO & CO CORPORATION	
false_merge	0.8471735036134385	S1-795991165	A Cure 3 You	3066 Hopewell Twp Rd 71, Somerset, OH	S2-73933006	A Cure 3 You Co	3067A HOPEWELL TWP RD 71, SOMERSET, OH
false_merge	0.7039896826103937	S1-698692299	Melamie's Anchor Signs	23815 Aspen Drive, Rogers, MN	S2-572884309	MELAMIE'S SIGNS  ANCHOR	
false_merge	0.7171737657409974	S1-597312912	Sarasesh Health Private Limited	Khasra No. 71/22, First Floor, Hiran Kudna Chowk, Village Ghevra, Near Indian Gas Plant, New Delhi, West Delhi, Delhi	S3-544813958	Saraseyx Health Private Limited	H.no 71/23, West Delhi, DL
false_merge	0.7950810608113436	S1-523757786	Reliable Property Alliance Inc.	1141 Cedar Ridge Lane, Unit APARTMENT A, Park Hills, KY	S2-765365057	Umbrayuma	PARK HILLS, KY, 1141  CEDAR RIDGE LN
false_merge	0.7698717290557073	S1-542623857	Roman, Corie, D.C.	509 Wilkins Glen Road, Medfield, MA	S2-215695095	Roman, Corie, D.C.	
false_merge	0.9617182145624493	S1-570580415	South Family Practice Group	2600 Coyle Avenue, Chicago, IL	S2-7794660	South Family Practice LLC	260 COYLE AVE, CHICAGO, IL
false_merge	0.9183565744638554	S1-930805347	YWS Pampa	IA, 2505 Mann Avenue, Des Moines	S3-271871413	Mws Pampa	2505-B Mann Ave, Des Moines, Iowa
false_merge	0.8439768156826565	S1-989036326	Novify Music LLC	43 Shady Valley Drive, Conway, AR	S2-73572739	Novifya Music Llc	43 SHADY VALLEY DR, CONWAY, AR
false_merge	0.9987892379547584	S1-380577564	Blue Trust	7050 Nc 7050, Pelsor, AR	S2-789529626	Blue Trust Inc	7052A NC 7050, PELSOR, AR
false_merge	0.9998979393208921	S1-976241975	Vantis Neurosciences Clinic	CT, New Haven, 5 Norton Street	S2-422273946	Vanttis Neurosciences Clcicn	5 NORTON SRTEET, CT, NEW HAVEN
false_merge	0.9986184715900048	S1-106989535	Raviya Money Ltd	Pune, Fl No. B2, 407, Satyam Shivam, S No. 16 B 2, Pashan Someshwarwadi, Pashan, Maharashtra, Pune	S2-481183168	Ravviya Ltd Money	FL NO. B3, 407, SATYAM SHIVAM, S NO. 16 B 2, PASHAN SOMESHWARWADI, PASHAN, PUNE, महाराष्ट्र
false_merge	0.9045338267335673	S1-222104402	Behavioral Health Supreme Medicine	17 Bella Vista Avenue, Glen Cove, NY	S2-205976662	Behavioral Health Supreme-Medicine,	
false_merge	0.7717749322640263	S1-29795083	Lyrify Robinhood PC	7148 Calla Pass, City Of Middleton, WI	S3-149509973	Lyrrify Robinhood  PC	7148 Calla Pass, Wisconsin, City Of Middleton
false_merge	0.7316478930082756	S1-196794566	Get Systems Private Limited	5, Clive Row Room No.3, Kolkata, Howrah, West Bengal	S3-718001834	Jai 5ystems Private Limited	3, Kolkata, Howrah, WB
false_merge	0.9859681788131855	S1-961659961	Lyrial Teucrium	2749 Wiltshire Court, Spring Hill, TN	S2-694901155	Lyrix Teucrium	SPRING HILL, TN, 2749 WILTSHIRE CT
false_merge	0.7378174789948182	S1-475880699	Spectro Agencies Private Limited	Flat No.-32, Harit Niketan West Enclave, Pitampura, Delhi, North West, Delhi	S2-638190518	SPECTRO AGNMCEIS PRIVATE LIMITED	
false_merge	0.8004313607965063	S1-966470303	Delta Fellowship IV LLC	2 Katherine Way, Ellington, CT	S2-485001693	Delta Fellowship HV LLC	2 KATHERINE WAY, CT, ELLINGTON
false_merge	0.9743507341218424	S1-219934099	Summit Learning Private Limited	Second Floor, Sco No, 333 P Sector 29, Urban Estate, Gurgaon, Haryana	S2-437680582	Summit Learning  Limited	NO #30 SECOND FLOOR, SCO NO, 333 P SECTOR 29, URAN ESTATE, Haryana
false_merge	0.8942663924734645	S1-103514374	Atlantic Harbor Center	106 Sheridan Street, IL, Watseka	S3-95734840	Atlantic Center Harbor	
false_merge	0.9863509341247432	S1-473861677	Halcex Environmental Corp	7228 Picasso Drive, Dardenne Prairie, MO	S3-906205981	Halceks Environmental Córp	7228 Picasso Drive, Dardenne Prairie, Missouri
false_merge	0.7088953074925984	S1-56270406	Indrita Builders Pvt Ltd	P1/Bl-8/Fljessore Rd, P.O-Madhyamgram, Barasat - Ii, North 24 Parganas, West Bengal	S3-382157938	Pvt Indriti Builders Ltd	P1/bl-8/fljessore Rd, P.o-madhyamgram, Barasat - Ii, North 24 Parganas, পশ্চিমবঙ্গ
false_merge	0.8990370062046794	S1-180732719	Youth Ministries III Inc	928 Eighth Street, Newark, DE	S3-138387567	Youth Ministries IJII  Inc	Delaware, 928 8th Sreet, Newark CDP
false_merge	0.9052835268219118	S1-85373170	Huzur Buildwell Private Limited	E-7/139, House No. 139, Second Floor Arera Colony, Huzur, Bhopal, Madhya Pradesh	S2-891094637	Huzur Buildwell Limited	E-7/144, HOUSE NO. 139, SECOND FLOOR ARERA COLONY, HUZUR, मध्य प्रदेश
false_merge	0.8907028251615055	S1-632855959	Universal Black Properties Pvt Ltd	Gala No.6, Shagun Building No.4, Square Industrial Park, Sativali, Palghar, Vasai, Thane, Maharashtra	S3-6546321	Veradovax	Gala No.6, Shagun Building No.4, Square Industrial Park, Sativali, Palghar, Vasai, Thane, Maharashtra
false_merge	0.9800312229550736	S1-871352632	Roopya Memorial Pvt Ltd	Ahmedabad, Nehru Park. Op.H. Society Ltd. Opp. Bhairavnath Mandir, Kankariya, Gujarat, 14, Ahmedabad	S3-369600116	Pvt Roopique Mémorial Ltd	Hn 447 14, Nehru Park. Op.h. Society Ltd. Opp. Bhairavnath Mandir, Kankariya, Ahmedabad, GJ
false_merge	0.970188885637881	S1-209591569	Vantex Southwest LLC	805 Central Avenue, Locust, NC	S3-7256790	Vantexa Southwest LLC	80 Central Avenue, Locust, North Carolina
false_merge	0.931627415490658	S1-126791005	Lumyx Rothschild Care	5946 Treasure Cove, Highland, UT	S2-159477070	LUMYKS ROTHSCHILD CARE	5948 TREASURE CVOE, AMERICAN FORK, UT
false_merge	0.9897252997287541	S1-617635211	8-Corners Center	7469 Warren Vista Avenue, Yucca Valley, CA	S2-7650046	8-Corners [Center]	
false_merge	0.998666175992231	S1-915239551	Novyn Spa	NY, Salina, 220 Grenadier Drive, Unit Apartment E	S2-262939382	NOVVYN SPA	00220 GRENADIER DRIVE, LIVERPOOL, NY
false_merge	0.7876795845651721	S1-853057107	ECT Legato LLC	126 Main Street, Mount Olivet, KY	S3-247874522	ECTC Légato LLC	Mount Olivet, 126 Main St, Kentucky, PO Box 9467
false_merge	0.9581529362076575	S1-369272796	Aarvanth Future Private Limited	39/2475-B1, Suite 867, Lr Towers, Sjrra 104, South Janatha Road, Kochi, Ernakulam, Kerala	S3-916477124	Aarrvanth Ffrhture Private Limited	Hn 683 39/2475-B1, Ernakulam, കേരളം
false_merge	0.9589907792018935	S1-14053021	Sarasansh Fortune Private Limited	303, Block 5, Skyline City Apartment, No.140, Nagarabhavi, Chandra Layout, Bangalore North, Bangalore, Karnataka	S3-235169437	Sarasanora Fortune  Private Limited	Hn 480 303, Block 5, Skyline City Apartment, No.140, Nagarabhavi, Chandra Layout, Bangalore North, Bangalore, KA
false_merge	0.7641598875710894	S1-197039445	First It Private Limited	N 18-18/1-1, 6Th Floor, Indiqube South Summit, South End Road, Vijayarangam Layout, Bangalore South, Bangalore, Karnataka	S2-707156714	First It Limited	NO 649 N 18-18/1-2, 6TH FLOOR, INDIQUBE SOUTH SUMMIT, SOUTH END ROAD, VIJAYARANGAM LAYOUT, BANGALORE SOUTH, ಕರ್ನಾಟಕ
false_merge	0.8478033987181703	S1-36040339	Devavi Lakshmi Private Limited	Chennai, Anjali Towers, Tamil Nadu, Chennai, 392 & 393, Rajiv Gandhi Salai Old Mahabalipuram Road, Kottivakkam	S2-421482771	Devavy Lakshmi Private Limited	NO 39 ANJALI TOWERS, 392 & 393, RAJIV GANDHI SALAI OLD MAHABALIPURAM ROAD, KOTTIVAKKAM, CHENNAI, Tamil Nadu
false_merge	0.8756996634119009	S1-477716550	Capital Keystone	904 22nd Street, Unit 102, Washington, DC	S2-564565626	Capital Kéystone	
false_merge	0.7529059719717772	S1-198787406	Jarleon Investments Inc	19950 Black Oak Road, Fayetteville, OH	S3-228187175	Jarrleon Investments	19948 Black Oak Rd, Fayettevlile, Ohio
false_merge	0.9752450832093484	S1-675592300	White Enterprises Limited	1201/1202, Indradarshan Ii, Building No.13 Oshiwara, Andheri West, Mumbai, Maharashtra	S3-702787864	व्हाइट सर्विसेज Limited	Indradarshan Ii, Building No.13 Oshiwara, महाराष्ट्र, Andheri West, 1215
false_merge	0.8145459858989613	S1-726941762	Turnaround Components Private Limited	Brahmanagar, 1St Lane, Berhampur, Ganjam, Orissa	S2-171779175	Turnaround Commoditiesprivate Private (Limited) (ID: 53371)	Orissa, #22 BRAHMANAGAR, 1ST LANE, BERHMMPUR
false_merge	0.720984055813296	S1-914457568	Special Trading Private Limited	B-1003, Sharan Circle, Near Zundal Circle, Gandhinagar, Gandhi Nagar, Gujarat	S2-599536152	Sri Special Trading Limited	B-005, SHARAN CIRCLE, NEAR ZUNDAL CIRCLE, GANDHINAGAR, Gujarat
false_merge	0.9928816123726152	S1-492277833	BRW Polymers Private Limited	B904 Poonam Shrusti A & B Chs Ltd Latiff Park Opp S.K. Stone Mira Bhaindar Road, Thane, Maharashtra	S3-549210983	BEW POLYMERS PRIVATE LIMITED	Ba-904 Poonam Shrusti A & B Chs Ltd Latiff Park Opp S.k. Stone Mira Bhaindar Road, Thane, MH
false_merge	0.8529791010035517	S1-664739717	Integrated Americas	5040 Winton Road, Cincinnati, OH	S3-884276488	Integrated  Americas	
false_merge	0.8377678484413007	S1-599580265	Menendez Equity Partners Inc	127 Cool Meadow Drive, Centreville, MD	S2-480598269	Menendez Équity Partners Partners	438 COOL MEADOW DRIVE, CENTREVILLE, MD
false_merge	0.8589004434947874	S1-469486447	Quantyn High Inc	214 Orange Hill Road, Tracy City, TN	S2-200336564	Kwantyn High-Inc	214 ORANGE HILL RD, TRACY CITY, TN
false_merge	0.8259586412069333	S1-675508064	Boath Garments LLP	H No 2-90, Gudihathnoor, Boath, Adilabad, Telangana	S3-654202753	LLP Boath Granites	Door No 2-103, Adilabad, Boath, TG
false_merge	0.974557408482464	S1-131153906	Vantium Innovations Partners	3210 Teak Avenue, Lubbock, TX	S3-496884033	Vantiade  Innovations Partners	3210 Teak Ave, Lubbock, Texas
false_merge	0.8332850731536816	S1-242232989	Kissie T. Wesley, DDS, P.C.	AZ, 9736 Strobe Avenue, Mesa	S2-229941016	Kissie-T. Weosie, DDU, P.C.	9736 STROBE AVE, MESA, AZ
false_merge	0.717945930087268	S1-474016181	Buie Holdings Group LLC	WV, Myrtle, 1541 Holly Road	S2-62410454	Buie Holdings Group Group	WV, 1548 HOFLY ROAD, MYRTLE
false_merge	0.8761241399833865	S1-529178867	SDR Continental Newbridge, LLC	St. John, 9340 107th Place, IN	S2-547946057	DR Continental Newbridge, L.L.C.	9340 107rd Pl, ST. JOHN, IN
false_merge	0.8067577935846891	S1-671763886	Regional Society PC	1211 43 1/2 Street, Fargo, ND	S2-243547900	Evowexjax	43 1/2 ST, FARGO, ND
false_merge	0.9784772281992385	S1-835892502	Indransh Analytics Private Limited	Shop No 8 Gopal Nagar Build. No. 48 14, Kalyan Naka Gopal Nagar, Nr Anil Gab, A Hospital, Bhiwandi, Thane, Maharashtra	S2-305682773	INDRANADE ANALYTICS PRIVATE LIMITED	DOOR NO 8 GOPAL NAGAR BUILD. NO. 48 14, KALYAN NAKA GOPAL NAGAR, NR ANIL GAB, A HOSPITAL, BHIWANDI, महाराष्ट्र
false_merge	0.9832002830637031	S1-122470954	SS Iron	Flat No. 703 & 708, 7Th Floor, Swaroop Smriti Vihar Apartment, P.S. Jak, Kanpur, Patna, Bihar	S3-469576906	SF Iron Ltd	Flat No. ##703 & 708, Patna, BR
false_merge	0.735522643277972	S1-292814183	Royal Group of Companies	H.No. 16, Shankar Sai Dham Sewla Road, Semari Taal, Agra, Uttar Pradesh	S2-379179286	Royal Group of	#17 , SHANKAR SAI DHAM SEWLA ROAD, SEMARI TAAL, AGRA, Uttar Pradesh
false_merge	0.9895295353822285	S1-879995201	Southern Jay Foods Pvt Ltd	West Bengal, Ananya Residency, Kolkata, 1451, Nayabad, Flat No-6, 3Rd Floor, Parganas South	S2-124199945	সাউদার্ন জয় ফুডস লিমিটেড	0012 ANANYA RESIDENCY, 1451, NAYABAD, FLAT NO-6, 3RD FLOOR, PARGANAS SOUTH, KOLKATA, পশ্চিমবঙ্গ
false_merge	0.7130830751910521	S1-46807249	Real Constructions Private Limited	Uttar Pradesh, 123/782, Premnagar, Kanpur Nagar, Fazalganj	S2-618450294	ZEPHCIRA	123/782, PREMNAGAR, KANPUR NAGAR, Uttar Pradesh
false_merge	0.7216818401458861	S1-516331941	Doum	3199 Fir Oaks Place, Albany, OR	S2-379957203	Doum	
false_merge	0.9971867947092741	S1-217174937	Karen Taylor, DPM, PC	14211 Mountain Road, Halifax County, VA	S3-491243156	Karen Táylor, DPS, PC PC	14211 Morntain Road, Halifax County, Virginia
false_merge	0.7789564919564607	S1-948448870	Lumus Johnson LLC	809 17th Street, Wilmington, DE	S2-164481143	Lumes Johnson Llc	809. 17ST ST, WILMINGTON, DE
false_merge	0.9995130376081959	S1-398453118	Neify PLLC	7412 Riley Lane, Harrison, OH	S2-403194568	NEIFY ÍNC.	7412 RILEY LN, HARRISON, OH
false_merge	0.8652024337828069	S1-290888359	Cruz, Pacheco and Tufano LP	36 Steamboat Road, Trinity, TX	S2-554626181	Cruz, Pacheco Ánd Tufano LLC	
false_merge	0.881996653326304	S1-958462099	Bombay Technology Private Limited	Nagapattinam, Tharangambadi, South Madavilagam., Tamil Nadu, No.3/120	S3-184763741	Bombay Technology [Limited] #42782	No.b3/3/122, Nagapattinam, தமிழ்நாடு
false_merge	0.9912598652787927	S1-777836121	Physical Therapy Group	26338 9th Street, Zimmerman, MN	S2-885645937	Physical Therapy Group	56345 9TH STREET, ZIMMERMAN, MN
false_merge	0.9881203639750787	S1-188838948	Verryn Investors Inc	2331 Hanway Avenue, Casper, WY	S3-388712014	Verrix Investors Inc	2331 Hanway Avenue, Casper, Wyoming
false_merge	0.7238156215500552	S1-653894675	Pioneer Bumrungrad	1670 Bonita Bay Drive, St George City, UT	S2-104703544	Pioneer Bumrungrad	
false_merge	0.9911317833850414	S1-167766486	Polito Starlink	760 820, Heber City, UT	S3-989839060	Polito Starlink Inc.	
false_merge	0.7744864557017114	S1-739661524	Value Construction Alliance Inc.	191 Mound Road, Cadiz, KY	S3-669100563	Value Construction Alliance Inc	12 Mound Road, Cadiz, Kentucky
false_merge	0.892310779718144	S1-901034256	Solus Aspac L.L.C.	415 Tabernacle Street, UT, Unit 1, St George City	S2-275952956	Soluz Aspac L.L.C.	415 TABERNACLE ST, ST GEORGE CITY, UT
false_merge	0.9760326933887011	S1-492850211	HSA It Private Limited	3 N G Mill Housing Society Hotgi Road, Solapur, Maharashtra	S2-323570233	HSU IT PRÍVATE LIMITED	महाराष्ट्र, ##3 N G MILL HOUSING SOCIETY HOTGI ROAD, SOLAPUR
false_merge	0.9958205607594444	S1-919867800	Oracle Educational Society	West Chavakatta Bridgepost Box No 2620 Canal Road, Alleppey, Alappuzha, Kerala	S2-710144911	Oracle Educational	
false_merge	0.8877727855569189	S1-648233936	Donegan Delta Innovations Group	10125 Commercial Avenue, Chicago, IL	S2-59230477	Donegan Delta Group lnnovations	
false_merge	0.9999170388419958	S1-212853548	Jarlio Midcap	5810 425, Jasper, IN	S3-780795617	Jarrlio Midcap LP	5810 425, Jasper, Indiana
false_merge	0.7344540678019765	S1-547555647	Archie, Ginnie, D.O., DDS PC	4125 Kirby Street, Gilbert, AZ	S2-765671013	LLC Archie, Ginnie, D.O., DDS PC	412 KIRBY STREET, PMB 2443, GILBERT, AZ
false_merge	0.8456017767753597	S1-648515129	Ms Horeca Private Limited	Fl. No.-2A, 2Nd Floor, 663, West Rajapur Shivaji Road, Baghajatin, Kolkata, Howrah, West Bengal	S3-967194025	Ms Horeca Limited	No. 150 Fl. No.-13a, Kolkata, Howrah, WB
false_merge	0.7731658894286606	S1-686816557	American Program	32 Washington Avenue, Chelsea, MA	S3-835609584	Jaxectokor	324 Washington Ave, Chelsea, Massachusetts
false_merge	0.957632168698132	S1-513503660	Signature Energy Holdings LLC	1 Walnut Avenue, Pelham, NY	S2-371693225	Signature Energy Holdings Holdings	82 Walnut Ave, PELHAM, NY
false_merge	0.8736437486327221	S1-240103424	IBV Electricity LLC	17 Thayer Pond Drive, Unit 6, Oxford, MA	S3-998509756	NBV Electricity L.L.C. L.L.C.	17. Thayer Pond Dr, N/A, Oxford, Massachusetts
false_merge	0.798367038148929	S1-690911719	Alpha Power Private Limited	A H55 Anna Nagar, Egmore Nungambakkam, Chennai, Tamil Nadu	S3-509662105	ஆல்ஃபா பவர் பிரைவேட் லிமிடெட்	Door No 12, Egmore Nungambakkam, Chennai, TN
false_merge	0.8264363390169763	S1-265491751	Sadashiv Peth Fintech Private Limited	Maharashtra, Sadashiv Peth, Pune, Bajirao Road, 1928, 1 Balaji House	S2-177351669	Sadashiv Peth Fintech (Limited)	6 BALAJI HOUSE, BAJIRAO ROAD, 1928, SADASHIV PETH, महाराष्ट्र
false_merge	0.9112567840860227	S1-383004448	Relax Services	157, 2Nd Floor, Sector 14, Hisar, Hisar, Haryana	S3-254070506	Relax  Services	
false_merge	0.7297980269315623	S1-522861314	Great Finance Private Limited	6-2-30/C, Parbat, Lakdikapul Saifabad, Hyderabad, Telangana	S2-762629588	Finance Great Private Limited	HYDERABAD, Telangana, HYDERABAD, HN 356 2-19-81
false_merge	0.792764161649426	S1-121742902	Youth Initiative IV	4 Dwight Road, Newport News City, VA	S3-610584282	Youth Initiative IS	4 Dwigt Rd, Virginia, Newport NEWS DCP
false_merge	0.8841867648311866	S1-15391572	Ivenyx Residential	974 Colorado Avenue, Whitefish, MT	S2-997487142	Ivonyx Center	974 COLORADO AVENUE, WHITEFISH, MT
false_merge	0.986115865304778	S1-367446353	Brightos Arc Inc	9026 Harvest Court, Fl 0, Wichita, KS	S2-986407548	Brightoz Arc Inc	9026 HARVEST CT, WICHITA, KS
false_merge	0.9998835916324634	S1-356593186	Meeniya Construction Private Limited	C/O Deshraj, Daryapur, Band, Darapur Sambhal, Sambhal, Moradabad, Uttar Pradesh	S3-386923536	Meenniya Construction Private Límited	C/o Deshraj, Moradabad, Sambhal, UP
false_merge	0.8495192681339916	S1-521726798	Pune Precast Private Limited	S No 666/1A/2 Bibwewadi Fn 2 State Bank Ngr Soc, Pune, Maharashtra	S3-59403670	Pune Precast Limited	S No 666/1A/2 Bibwewadi Fn 9 State Bank Ngr Soc, N/A, Pune, MH
false_merge	0.7013326683029087	S1-852624044	2322 Park Way Holdings	WA, 525 191st Street Court, Spanaway	S3-181237550	2322 Park Way Holdings Inc	52 191st Street Court, Spanaway, Washington
false_merge	0.7712196981289013	S1-96137966	VD Earn Private Limited	Niharika Bldg, B Wing-1101 Near Hiranandani Medows, Thane, Maharashtra	S3-309313403	ZD Earn Private Limited	Thane, Niharika Bldg, MH, Thane
false_merge	0.8686125342620283	S1-470414231	Gangesh Warehousing Private Limited	No 70/1, Millers Road, Bangalore North, Bangalore, Karnataka	S2-701483961	Gangosh Warehousing Private  Limited	#0/1 , MILLERS ROAD, BANGALORE NORTH, Karnataka
false_merge	0.941158873988673	S1-536245618	Durham Autism Assistance Committee	1705 Wynn Road, Durham, NC	S3-337856588	Durham Autism Assistance	3124 Surrey Rd, Durham, North Carolina
false_merge	0.8892084048328782	S1-283826002	Ashlie Barnes, MD	6450 Double Eagle Drive, Unit 315, Woodridge, IL	S3-408865183	Ashlie Barnes, MXD	Illinois, Unit 315, 455 Double Eagle Dr, Woodridge
false_merge	0.9981975364761926	S1-501220961	Chandranth Gmbh Limited	C/O Mohd Taquiuddin Gali, No 16, Irrigation Colony, Nanded, Maharashtra	S2-382981598	(Limited) Khandranth Gmbh	C/O MOHD TAQUIUDDIN GALI, NANDED, Maharashtra
false_merge	0.7589180709117865	S1-825980240	Lara Montessori School Clinic	107 Grindstaff Hollow Road, Elizabethton, TN	S3-742678856	Pater Montessori School (Clinic) | www.patermont.com	107 Grindstaff Hollow Road, Elizabethton, Tennessee
false_merge	0.9399451723483289	S1-407518615	Heritage Staffing Enterprises Inc.	16130 Waterbury Bend, Granger, IN	S3-7806545	Heritage Staffing Enterprises	
false_merge	0.9410924212059723	S1-954086539	Wright, Berte, D.D.S.	10300 Shinnecock Hills Drive, Austin, TX	S3-693961904	Wright, Berte,  D.D.S.	
false_merge	0.8175224492929265	S1-530253873	PTY Feeds	Is-21, Khb Industrial Area Yelahanka New Town, Bangalore, Karnataka	S3-623172222	Pxty Feeds	Is-21., Bangalore, KA
false_merge	0.8928847104747414	S1-793597920	XLP Enterprises Private Limited	Satara, Plot No-9 Bhurke Colony, Sadar Bazar, 'Shivalahari', Maharashtra, Satara	S3-938714153	Enterprises XLE Private Limited	'Shivalahari', Plot No-9 Bhurke Colony, Sadar Bazar, Satara, महाराष्ट्र
false_merge	0.8966728783543277	S1-379143964	Bartlett & Crawford	1119 25th Avenue, Melrose Park, IL	S2-292531558	Miraarc	1119 16RD AVE, MELROSE PARK, IL
false_merge	0.8695410010154336	S1-362578608	Azamgarh Innovations	At Abm Towers, 2Nd Floor, Kalyani Nagar, Cuttack, Orissa	S3-899693198	Dr Azamgarh  Innovations Limited	No 76 At Abm Towers, 2Nd Floor, Kalyani Nagar, Cuttack, OD
false_merge	0.9185668561323548	S1-539325683	Straight Edge Hypnosis	27 Gaffney Lane, Kinderhook, NY	S3-569581696	Straight Edge Hypnosis Corp	29 Gaffney Lane, Kinderhook, New York
false_merge	0.9997162317298941	S1-184292278	Vaayuita Trading Private Limited	Koregaon Park, South Main Road, Pune, Maharashtra, Near Gadge Maharaj High School, S.N. 42	S3-217678793	vaayuitta trading private 1imited	S.n. 42, Pune, MH
false_merge	0.9091014859993618	S1-281008593	Regional Association L.L.C.	Plain City, 9361 Warner Road, OH, Bldg 6962	S3-607607916	Regional Associaitno LLC	9372 Warner Road, Building 6962, Ohio, PAIN CITY
false_merge	0.9959302662962038	S1-759511062	Best Telecom Networks Inc	217 Main Street, Cooperstown, NY	S3-281353451	Co Best Telecom Networks	217 Main St, Cooperstown, New York
false_merge	0.9922969355377067	S1-487112322	Apex Neighborhood LLC	497 Road 153, Unit 1, County, WY	S2-666997921	APEX NEIGHB0RHOOD PARTNERS	01 ROAD 153, COUNTY, WY
false_merge	0.8993557537687946	S1-790047314	Mind Solution Private Limited	Lg-007-02, Lg Floor, Mgf, Metropolis Mall, Gurgaon, Haryana	S2-686704607	Private Mind Center Limited	LG-07-23, LG FLOOR, MGF, METROPOLIS MALL, GURGAON, GURUGRAM, Haryana
false_merge	0.999763334657359	S1-411968480	Ujjaraj Exports Limited	222, Shobho Onyx Sajapura Road Bangalore, Bangalore, Karnataka	S2-950563255	Ujjjaraj Limited (Exports)	222, SHOBHO ONYX SAJAPURA ROAD BANGALORE, BANGALORE, Karnataka
false_merge	0.8973969334794463	S1-267892628	Soto, Osborne and Martinez	3430 Country Square Drive, Unit 1704, Carrollton, TX	S3-451186092	Novigild	3430 Country Square Diive, # 1704, Carrollton, Texas
false_merge	0.9935811839814194	S1-905309517	Yamuavi Grip	Jaipur, Rajasthan, Achariyon Ka Rasta Kishan Pole Bazar, Jaipur, 725	S2-134662640	Yamuaex Grip	राजस्थान, 725, ACHARIYON KA RASTA KISHAN POLE BAZAR, JAIPUR
false_merge	0.9997224404531493	S1-476154659	Anilya Com Private Limited	Mamson Center, Iv/844(6)A, 1St Floor West Nada, P.O Kodungallur, Thrissur, Kerala	S2-381614614	Annilya Com Limited Services	MAMSON CENTER, IV/44(6)A, 1ST FLOOR WEST NADA, P.O KODUNGALLUR, THRISSUR, null, Kerala
false_merge	0.7941604588498938	S1-77721443	Padma Buildtech Private Limited	263 Begum Bagh, Meerut, Uttar Pradesh	S2-435486382	Wexvantage	Uttar Pradesh, #263., MEERUT
false_merge	0.9998032232530313	S1-427016208	Olaniq Automotive Inc	7471 33rd Street, Tucson, AZ	S3-60600786	Ollaniq Automotive	7471 33rd St, Tucson, Arizona
false_merge	0.9705503043929458	S1-285730035	Delhi Hare Private Limited	Unit No. 314, 315&316, Sec-3, Plot No. 10. District Centre At Manglam, Rohini, Delhi, North Delhi, Delhi	S3-54107137	Ciraxyloonyx	No. #488 Unit No. 314, 315 & 316, Sector-3, Plot No. 10, District Centre At Manglam, Rohini, North Delhi, दिल्ली
false_merge	0.944469236521263	S1-413347062	GNK Transalta L.L.C.	200 Martha Court, Mount Pleasant, NC	S3-50620875	GGNK Transalta-L.L.C.	North Carolina, Mount Pleasant, 0200 Martha Ct
false_merge	0.9230792881172987	S1-295147100	Integrated Mfa	22435 Unicorns Horn Lane, TX, Katy	S3-627996524	Integrated Inc Mfa	2440 Unicorns Horn Ln, Katy, Texas
false_merge	0.9107890166875293	S1-383235230	Caldora Hennessy LLC	708 General Senter Drive, Midwest City, OK	S3-543632011	Cibdtnye	General Senter Drive, Midwest City, Oklahoma
false_merge	0.7602592900740252	S1-236406412	Cox Rapid Neuberger, Inc	1511 Caryl Court, Hempstead, NY	S2-196620650	Rapid Neuberger Inc Partners	
false_merge	0.7288527821504698	S1-981406825	Peak Paceline LP	829 Crenshaw Loop, Keizer, OR	S3-838078222	Peak Paceline,	
false_merge	0.9112933665599241	S1-107440910	Shirley & Smith	CA, Rancho Cucamonga, 7189 San Carmela Court	S2-862251759	FLUXSOL	CA, RANCHO CUCAMONGA, 7189B SAN CARMELA COURT
false_merge	0.9325169609053389	S1-252032437	Modern Business Alliance Inc.	12123 Gringo Road, Lusby, MD	S2-364038845	Services Modern Alliance Inc	12124 GRINGO ROAD, LUSBY, MD
false_merge	0.9221914156574287	S1-55974166	Nidan India Private Limited	Flat No A2 2048 Sobha Suncrest Apartment Talaghattapura, Off Kanakapura Main Road, Bengaluru, Bangalore, Karnataka	S3-897774778	Mr Nidan (India) Ndrgn Private Limited	
false_merge	0.7573552546217026	S1-124191157	Infra Vandana Services Private Limited	Rz 147 / 74, Gali No. 10, East Sagarpur, New Delhi, Delhi	S3-840663035	Vandana Limited Services	No 147 701, Nehru Place, New Delhi, DL
false_merge	0.9638528885821622	S1-996139547	OBZ Network Private Limited	8, 2Nd Floor, Sanghrajka House, Plot-431 Dr. Dadasaheb Bhadkamkar Marg, Mumbai, Mumbai City, Maharashtra	S3-720895950	UOBZ Netlhrk  Private Limited	MH, 8, Mumbai, Mumbai City
false_merge	0.9935521947435649	S1-80957959	Lexus & Brothers Private Limited	Sri Anandasai Nilayam, 5 Th Floor, Plot 3, Vijayawada (Urban), Andhra Pradesh, Krishna	S2-88650111	Lexus + Brothers [Limited]	NO 68 SRI ANANDASAI NILAYAM, 5 TH FLOOR, PLOT 3, VIJAYAWADA (URBAN), Andhra Pradesh
false_merge	0.9848019821322328	S1-778208187	Ferrora Managers	847 Atwood Drive, Tallmadge, OH	S2-140850436	Ferrrora  Maeaanghisrs	847 ATWOOD DR, TALLMADGE, OH
false_merge	0.7456737001995826	S1-233933044	All Management Private Limited	H No 385/Mig-1 Phase-1 & 11 Kphb Colony, Hyderabad, Telangana	S3-752670766	All Management Limited	H No 385/Mig-5- Phase-1 & 11 Kphb Colony, Hyderabad, Andhra Pradesh
false_merge	0.7946369624030367	S1-721328336	Tech & Sons Pvt. Ltd.	Maulik Park Plot 25/5 Nr. Haria Clg, Jamnagar, Gujarat	S2-989338354	Tech & Sons Pvt Ltd.	
false_merge	0.7317688376127344	S1-280890642	Yamuavi Mobile Private Limited	#31 Rahul, 2Nd Cross, Sominakoppa Road, Sharadamma Layout, Vinobanagara, Shimoga, Karnataka	S3-75575164	Yamuaex Modbie Private Limited	#31- Rahul, Shimoga, Shivamogga, KA
false_merge	0.8722223932947095	S1-518389690	Bj & Co Corp	Maharashtra, Wardha, Block No.12, Near Saroj Mangal Karyalaya, Wardha, Rashtrabhasha Road	S2-979720496	Bj & Co Limited	NO 37 RASHTRABHASHA ROAD, BLOCK NO.12, NEAR SAROJ MANGAL KARYALAYA, WARDHA, महाराष्ट्र
false_merge	0.743954440089719	S1-634211891	Federal Veterinary Clinic	6816 Scooter Drive, Trussville, AL	S3-426808680	Inc Federal Veterinary Clinic	681 Scooter Dr, Trussville, Alabama
false_merge	0.7570775176309223	S1-910078672	Minarva & Co Private Limited	Gi-48, G.T. Karnal Road Industrial Area, North East Delhi, North East, Delhi	S3-478647511	Minarva & Limited Co	Gi-49, G.t. Karnal Road Industrial Area, North East Delhi, North East, DL
false_merge	0.8089947332112247	S1-779488036	Tirupati Realtech Private Limited	Maharashtra, Mumbai, Wework 247 Park, Mumbai, 12, 13&14, Lbs Marg, Vikhroli-W Vikh	S3-243771638	Tirupati Realtech (Limited)	Wework 26 Park, Mumbai, MH
false_merge	0.8157041816899682	S1-526379545	Konnect Transport (India) Private Limited	Rz-1/61, Tugalkabad Extn, New Delhi, South Delhi, Delhi	S2-241218761	Konnect Transport (India) Limited	RZ-1/72, TUGALKABAD EXTN, NEW DELHI, Delhi
false_merge	0.9136583512652382	S1-803608344	Ivenova Telecommunication	16830 Rankin Avenue, Dunlap, TN	S2-19189243	IVENOVI CENTER	016830 RANKIN AVE, DUNLAP, TN
false_merge	0.8177204974551998	S1-666000805	Liberty Program IV	1952 Gem Drive, Unit APARTMENT 18, Hebron, KY	S2-495705014	Liberty Program WV	1952 GEM DRIVE, HEBRON, KY
false_merge	0.9595960262142863	S1-356884525	Virtue & Co	C-016/1, Site 4, Kasna Ind. Area, Greater Noida, Gautam Budh Nagar, Noida, Gautam Buddha Nagar, Uttar Pradesh	S3-902735285	Virtue &	
false_merge	0.9909651085539728	S1-895965533	Indo Exports Private Limited	1502, 14Th Floor Tower R, Supertech Ecocity Sec 137, Noida, Gautam Buddha Nagar, Uttar Pradesh	S3-945093930	लक्ष्मी एक्सपोर्ट्स प्राइवेट लिमिटेड	1502, Noida, Gautam Buddha Nagar, UP
false_merge	0.9895433045088512	S1-929830281	YV Industries Private Limited	97/1, Bangalore, Bangalore South, Karnataka, East Anjaneya Temple, Street	S2-510989508	Mr ÓNYXCALO	N/A, 97/1, BANGALORE SOUTH, Karnataka, BANGALORE
false_merge	0.77617556079699	S1-377831323	Harbor Beacon Security Services	354 Joseph Wick Drive, Smyrna, DE	S3-567500764	Harbor Beacon Security Services Inc.	55 Joseph Wick Drive, Smyrna, Delaware
false_merge	0.7419616739695508	S1-620506351	PDP Vinayak Associates	Bharti Aajeevika Bhawan, Janpat Panchayat Parisar, Raisen, Madhya Pradesh	S2-582672016	PDPG Associates Vinayak	NO D/89 BHARTI AAJEEVIKA BHFWAN, JANPAT PANCHAYAT PARISAR, RAISEN, Madhya Pradesh
false_merge	0.9973550260435345	S1-235984878	Shree Foundation Private Limited	C-1, Plot No.510, Charkop(1), Punyai Chs Ltd, Sector-5 Rsc 44, Charkop, Nr Jain Mandir, Kandivali, West, Mumbai, Mumbai City, Maharashtra	S2-335806207	SHREE LIMITED FOUNDATION	Maharashtra, C-5, PLOT NO.510, CHARKOP(1), PUNYAI CHS LTD, SECTOR-5 RSC 44, CHARKOP, NR JAIN MANDIR, KANDIVALI, WEST, MUMBAI
false_merge	0.8108671751016077	S1-702145448	RZA Alternative PC	20610 Westheimer Parkway, Katy, TX	S3-241634604	RSZA Alternative PC	Texas, 20610 Westheimer Parkway, Katy
false_merge	0.7899484366884671	S1-744547900	Saa LLC	153 Miller Road, Avon Lake, OH	S2-412811886	Co Saa	153 MILLER RD, AVON LAKE, OH
false_merge	0.7923626182690661	S1-128375976	Ss Services Private Limited	At House No Eb/280Phase 2 Bda Colony Laxmi Sagar, Bhubaneswar, Puri, Orissa	S3-134957967	Ss Services  Limited	Door No 790 At House No Eb/280phase 13 Bda Colony Laxmi Sagar, Bhubaneswar, Puri, OD
false_merge	0.9588372802447223	S1-567331042	West Medicines Inc	2506 Jason Drive, City Of Appleton, WI	S3-827402152	Umbraquo	Wisconsin, 2506 Jason Driev, Appleton, PO Box 239
false_merge	0.9000696403376888	S1-102343253	Highland Sports, LLC	409 3rd Avenue, Charles City, IA	S2-463388197	Highland Sports Inc	SIXTH ST, EARLAHM CITY, IA
false_merge	0.9988555834797722	S1-858546833	YV International Private Limited	115, Shekhar Central 4-5 Manoramaganj Indore, Indore, Madhya Pradesh	S2-774127832	लक्ष्मी इंटरनेशनल प्राइवेट लिमिटेड	SHEKHAR CENTRAL, 4-5 MANORAMAGANJ, INDORE, Madhya Pradesh
false_merge	0.978242614304611	S1-372795286	Nagan Consultants Private Limited	Rajahmundry, East Godavari, Andhra Pradesh, 44-10-13, Annapurnamma Peta	S2-906377955	NAGGAN CONSULTANTS PRIVATE LTD	44-10-22, ANNAPURNAMMA PETA, RAJAHMUNDRY, ఆంధ్రప్రదేశ్
false_merge	0.7640250005208917	S1-223861021	A Keystone Proshares, LLC	13125 99th Place, Fl 1, Scottsdale, AZ	S3-464079943	A Keystone LLC Center	
false_merge	0.7852144114384614	S1-952105543	Guru Infotech Private Limited	Sf. No. 145/3, Tho Pachudayampalayam Po, Rasipuram, Namakkal, Tamil Nadu	S3-533533809	... Guru Ínfotech Limited	Sf. No. B3/145/7, NULL, Rasipuram, Namakkal, TN
false_merge	0.7209633095597203	S1-555003120	Trusted Miluna	IN, South Bend, 530 Kenmore Street	S2-393234552	Trusted Miluna	
false_merge	0.942275551536979	S1-379889588	Signature Chemical Technologies Inc.	W3612 H, Granton, WI	S3-402513080	Signature Chemical Téchnologies Inc	
false_merge	0.8388823113827619	S1-541887310	Polley, Pascucci and Wallace Care	4057 Damien Court, Unit UNIT B, East Helena, MT	S2-47191459	KEMPE, AND PASCUCCI WALLACE CARE	4057 DAMIEN CT, EAST HELENA, MT
false_merge	0.9934645903525972	S1-684835804	Boisvert Bhav Inc	225 Sunrise Avenue, Pekin, IL	S3-542236402	Jaxquohalo	225 Sunrise Ave, Pekin, Illinois
false_merge	0.9987731965524672	S1-154182001	Reeva Industries Group	8-21-Ant-502, Narava Road, 8Th Ward Giddlur, Giddalur, Prakasam, Andhra Pradesh	S2-58887015	REEVA INDUSTRIES GROUP	A-8-21-ANT-507, NARAVA ROAD, 8TH WARD GIDDLUR, GIDDALUR, ఆంధ్రప్రదేశ్
false_merge	0.7829121127888042	S1-546121800	Meenaya Media Private Limited	H/N 62, Near Savta Mali Temple At Digar, Post Pishor, Aurangabad, Maharashtra	S3-943947684	Meennaya Media Private  Limited	H/n 66, Aurangabad, महाराष्ट्र
false_merge	0.8622535429617468	S1-13830240	Drayos Horse Associates	103 Forest Glen Drive, James City County, VA	S2-9412673	Horse Drayova Associates	103-107 FOREST GLEN DRIVE, JAMES CITY COUNTY, VA
false_merge	0.8453815116304003	S1-731366955	Saex Core LLC	100 Olympic Boulevard, Provo, UT	S2-493899088	Saex Cllorsen LLC	
false_merge	0.9995310547211109	S1-383735055	Harvey, Madelon, P.A.	642 Park Drive, Edinburgh, IN	S2-26379648	Harvey, Madelon, P.A. Corp	642 PARK DR, EDINBURGH, IN
false_merge	0.9622230856761768	S1-549664077	Vaayuanth Stone Pvt Ltd	Mandi Mohalla Mysore, Mysore, Door No. 1882, Mysore, Karnataka	S3-30211275	Vaayuanthyn Stone Pvt-Ltd	Door No. 1882, Mysore, KA
false_merge	0.909912272934309	S1-427012941	Secure Cargo Consultants Inc.	5013 Chinook Lane, Crossville, TN	S2-368938651	SECURE  CARGO CONSULTANTS INC.	5026-B CHINOOK LN, CROSSVILLE, TN
miss:not_in_candidates		S1-714951463	Supreme Perimeter Corp	2408 10th Street, Broken Arrow, OK	S3-845191117	Supreme Perimeter	
miss:not_selected	0.27970648546104326	S1-890987313	PT Farming Clinic	3257 Shyam Colony Thanesar, Kurukshetra, Haryana	S3-501417733	PT Farming Clinic LLP	32-57 Shyam Colory Thanesar, Kurukshetra, HR
miss:not_selected	0.6960160821913174	S1-752751986	Anant Technologies (India) Private Limited	Devi Sadan Building, Plot No .444 Mahila Ashram Road, Kings Circle, Matunga, Mumbai, Mumbai City, Maharashtra	S2-605964651	Ciralyra	DEVI SADAN BUILDING, MUMBAI CITY, Maharashtra
miss:not_selected	0.5058439164300885	S1-548956829	AJF Unified Republic	Cherry Creek, 6036 Jamaica Way, CO	S2-223856134	AJF Unified Republic (LP)	
miss:not_in_candidates		S1-879543168	Foot & Ankle Clinic	MA, 545 Loomis Street, Westfield	S2-312749549	Foot & Clinic Center	545 LOLMIS ST, NULL, WESTFIELD, MA
miss:not_selected	0.4808192500559992	S1-247937822	Johnson's Contracting	564 Piney Ridge Road, Raysal, WV	S3-83199866	Johnson's Cóntracting	
miss:not_in_candidates		S1-376760957	Dream Food Private Limited	Bangalore, Karnataka, Bangalore, 2Nd Floor, 98/99, 6Th Main, 6Th Cross, Jaibheema Nagar, Btm 1St Stage	S2-279486525	Mr Dream Food Private Ltd	
miss:not_selected	0.07818827866970948	S1-468871678	Services Mayuresh Fintech	Gd, Shreekunj Apartment Bose Park, M.G. Road, P.S. Adampur, Bhagalpur, Bihar	S2-746127051	sfmayuresh.com	HN 296 GD, EAST REGION BHAGALPUR, Bihar
miss:not_in_candidates		S1-956288247	Benedicta Tenorio Ford PLLC	448 Onteora Boulevard, Asheville, NC, Unit 3	S2-541487544	BENEDICTA TENORIO FÓRD	
miss:not_in_candidates		S1-661565797	Ashiana Infrabuild Pvt. Ltd.	193, 7 Th Main, 9 Th Cross, Hmt Layout R.T Nagar Post, Bengaluru, Bangalore, Karnataka	S3-257553918	Ashiana Pvt. Ltd. Services	
miss:not_in_candidates		S1-686170445	Jai Exports Private Limited	B-42, 4Th Floor Aditi Apart, Paatparganj, New Delhi, Delhi	S2-822476767	जय एक्सपोर्ट्स प्राइवेट लिमिटेड	B-42, PAATPARGANJ, MANDAWALI FAZALPUR, Delhi
miss:not_in_candidates		S1-295415593	International Advisors Pvt Ltd	A-246, Okhla Industrial Area, Phase-1, New Delhi, South Delhi, Delhi	S2-36028118	ZETAPYRAVIO	A-46, SOUTH DELHI, NEW DELHI, Delhi
miss:assigned_elsewhere	0.0016399893194045682	S1-541248111	Simon Seafood	544 Corvin Road, Cleveland, TN	S3-609795386	Simon (Center)	
miss:not_in_candidates		S1-712248909	Totecdyne Ltd	4012 Lake Springs Court, Raleigh, NC	S2-491969672	#TOTECDYNE	
miss:not_in_candidates		S1-37208509	Ridge Guild	303 Adams Street, Delaware City, DE	S2-658965144	RIDGE GUILD	
miss:not_in_candidates		S1-379069888	Al Energy	M-10, Ground Floor, Block M, Lajpat Nagar 2, New Delhi, South Delhi, Delhi	S3-81091830	Sri Yúmaquo	M-10, South Delhi, DL
miss:not_selected	0.07220018754481114	S1-645206124	Back Alley Seafood	3717 Hilliard Station Road, Bldg 18, Hilliard, OH	S3-170894967	-- Back Alley  Seafood LLC	3738 Hilliard Station Rd, Bldg 18, Hilliaard, Ohio
miss:not_selected	0.46652460658608524	S1-448742888	Flores, Douglass & Spainhour Catering Inc	487 Lakes Court, Westminster, MD	S3-191344319	Flores, Doghtos & Spainhour Catering  Inc	500 Lakes Court, Westminster, Maryland
miss:not_selected	0.5660538310474169	S1-86256269	Indian Power Private Limited	C/O Kishan Gopal, Jamna Lal Kogta Mill Road Vijay Nagar, Nasirabad, Ajmer, Rajasthan	S2-528873208	SYNVERABELO	C/O KISHAN GOPAL, NASIRABAD, AJMER, Rajasthan
miss:not_in_candidates		S1-205311008	Ace Investments Limited	P. No. 66-67, Near Krishan Kripa Apartment, Subhash Nagar, Jaipur, Rajasthan	S3-443406035	Ace Limited [Services]	P. No. 66-67, Jaipur, RJ
miss:not_in_candidates		S1-948091481	UOF Solutions Ltd	Trivandrum, 1St Floor, Kerala, M Squared Building, Annex 1, Technopark Campus, Thiruvananthapuram, Thiruvananthapuram	S2-517913962	U0F SOLUTIONS [LIMITED]	#1ST FLOOR, THIRUVANANTHAPURAM, Keralam
miss:not_selected	0.28582001222076464	S1-21909047	Enger, Clark and Couser Dpc Co	114 Kreekview Drive, Village Of Osceola, WI	S2-446524784	Enger, Clark and Couser Co Services	
miss:not_selected	0.029534728930405	S1-966196323	Star Agro Pvt Ltd	B-212, Mahavir Enclave Part-Ii Street No. 27, New Delhi, West Delhi, Delhi	S2-733726261	स्टार एग्रो प्रा. लि.	B-2-12, NEW DELHI, WEST DELHI, दिल्ली
miss:not_in_candidates		S1-330750141	Womens Health Clinic Inc	61 Van Horn Street, Chicopee, MA	S2-751184272	Womens Héalth Clinic Inc	
miss:not_selected	0.531099756772021	S1-70742081	Moss Opportunity LLC	Indianapolis, 1322 Keystone Avenue, IN	S2-996055271	MOSS OPPMORUTNIBTY  LLC	
miss:not_in_candidates		S1-794837269	Zidynus Corp	22288 Greenbush Road, Accomack County, VA	S2-388068270	Zidynus	
miss:assigned_elsewhere	0.0005486524579215116	S1-506805806	Raflonet Inc	122 2nd Avenue, Albia, IA	S2-459167966	Raifnnet-Inc	122 SECOND AVE, TROY TOWNSHIP, IA
miss:not_selected	0.6107959459821657	S1-286942955	Hari Traders Limited	Sirohi, Vrandavan Hotel Ke Pass Kesharpura, Sheoganj, Sirohi, Sirohi Road, Rajasthan	S2-447428544	Onyxcalo	NO. 302 SIROHI ROAD, JODHPUR REGION, SIROHI, राजस्थान
miss:not_selected	0.44501339631308445	S1-762040095	Vision Estate	Fl M2/52, Kendriya Vihar, Ii Sec4, Bulkland5 Pcntda, Pune City, Pune, Maharashtra	S3-911972427	evision.com	Pune City, महाराष्ट्र, Door No 994 Fl M2/52
miss:not_in_candidates		S1-1512731	Om Logistics Private Limited	Orissa, Koraput, C/O- Jagan Wataka Jayaguda Nelabadi Bandhugaon, Koraput	S2-267949646	ଓଁ ଲଜିଷ୍ଟିକ୍ସ୍ ପ୍ରାଇଭେଟ୍ ଲିମିଟେଡ୍	Orissa, KORAPUT, C/O- JAGAN WATAKA JAYAGUDA NELABADI BANDHUGAON
miss:not_in_candidates		S1-912944389	Jai Foundation Private Limited	Daheli Gao, Koyla Nagar, A. No.1366, Uttar Pradesh, Kanpur	S3-300272647	जय फाउंडेशन Private Limited	Door No ##717 A. No.1366, Kanpur, Bilhaur Distt Kanpur, UP
miss:not_in_candidates		S1-391012694	Kejriwal Solutions Ltd	H No: 1-88/9, Amar Co.Op, Society G.B Pet, Shaikpet, Hyderabad, Telangana	S2-443859588	Kejriwal Ltd Services	
miss:not_selected	0.4543600575059394	S1-4296328	Harbor Council Care	201 Carter Court, Perryville, MD	S3-676876971	Harbor Council Care Inc	
miss:assigned_elsewhere	0.1329573259613917	S1-127650391	Tyson Star Infrastructure, LLC	431 Desert Tree Drive, Albuquerque, NM	S2-652037627	TYSON-SA INFRASTRUCTURE, LLC	
miss:not_in_candidates		S1-487906873	Olia T. Myers, Esq.	1541 State Highway 7, Dardanelle, AR	S3-942199691	Olia T.  Myers, Esq. Inc.	
miss:not_in_candidates		S1-970128142	East Balaji Projects Private Limited	L 90B, Plot No-11, Kh No-1209, Prem Nagar 2, Kirari Delhi, Delhi, North West, Delhi	S3-258721392	East 8alaji Projects Private Limited	L 90B, Delhi, North West, DL
miss:not_in_candidates		S1-881433938	Casey's Fisheries	Roanoke County, 8025 Amber Wood Court, VA	S3-35633150	Casey's Casey's Center	
miss:not_in_candidates		S1-64148471	Varshora Entrepreneurs Pvt. Ltd.	Telangana, Odf Colony, Ramachandrapuram, Medak, Plot No 20	S3-84192271	Vantageecto	Plot No 20, Ramachandrapuram, Medak, TG
miss:assigned_elsewhere	0.341094218486148	S1-810510738	Empire Fellowship III	Federal Way, WA, 33430 11th Place	S3-291738814	éfiii.com	Eleventh Pl, Federal Way, Washington
miss:not_in_candidates		S1-233397316	Memorial Association P.C.	4604 Market Square Lane, Chesterfield County, VA	S3-109639451	Memorial Atsociatieon  P.C.	
miss:not_in_candidates		S1-375574769	International Energy Pvt Ltd	B202, Rameshwaramheights, Viproad, Vesu, Surat, Gujarat	S2-911213362	ઇન્ટરનેશનલ એનર્જી પ્રા. લિ.	SURAT, BB3/202, Gujarat
miss:not_in_candidates		S1-247951871	Pinnacle Security Services L.L.C.	500 Swansea Mall Drive, Unit 220, Swansea, MA	S3-220844838	Pinnac1e Security Services	
miss:not_selected	0.48484757786799226	S1-742936786	Behavioral Health Better Specialists LLC	118 Orchard Drive, Nitro, WV	S2-354485265	Behavioral Health Better Specialists LLC	
miss:not_selected	0.5867129614250091	S1-579826980	Metro Flag Inc	105 Greenfield Lane, Grand Junction, TN	S3-479648489	Metro Fliag Inc	105 Greenfield Lane, Grand Junction, Tennessee
miss:not_in_candidates		S1-587682715	Nova	Tucson, AZ, 4750 Goldenrod Drive	S2-827882010	Ndtea	GOLDENROD DRIVE, TUCSNO, AZ
miss:not_in_candidates		S1-334994741	Jai Energy Private Limited	Howrah, Prasad Exotica Bl-8, Fl-9D, 71/3 Canal Circular Road, Kankurgachi, West Bengal, Kolkata, C/O Rohit Lata	S3-598777021	জয় এনার্জি প্রাইভেট লিমিটেড	C/o Rohit Lata, Calcutta, Howrah, পশ্চিমবঙ্গ
miss:not_in_candidates		S1-501866168	Lotus Trading Private Limited	2Nd Floor, 129A, 1St Lane, Swasti Apt, Sodepur, Kolkata, Kolkata, Howrah, West Bengal	S2-208527660	লোটাস ট্রেডিং প্রাইভেট লিমিটেড	#2ND FLOOR, KOLKATA, West Bengal
miss:not_in_candidates		S1-541701164	Back Alley Hypnosis LLC	7025 40th Street, Tulsa, OK	S2-944605879	Back Alley Hypnosis Llc	
miss:not_in_candidates		S1-301965703	Black Consulting Private Limited	C/O Dewa Gupta, 1St Floor, Ward No.18, Near Amrit Middle School, Chhatuni Bazar, Motihari, East Champaran, Bihar	S3-204267070	Black Private Consulting Limited	
miss:not_in_candidates		S1-749427438	Lakshmi Shiv Industries Pvt Ltd	R No 01, Shiv Amruth Chawl Vatandar Compound, Bhandup East, Mumbai, Mumbai City, Maharashtra	S2-489253959	लक्ष्मी शिव इंडस्ट्रीज प्रा. लि.	MUMBAI CITY, MUMBAI, R NO 01/4, महाराष्ट्र
miss:not_selected	0.48896730112114223	S1-638769235	Gulf Program Group	2523 Banner Street, Durham, NC	S2-196328560	Gulf Program (Group)	
miss:not_in_candidates		S1-64295938	Green Impex LLP	101, Nikisha Industrial Estate, Front Of Thakur Ma Western Express Highway, Miraroad, East, Thane, Maharashtra	S2-114419232	ग्रीन इम्पेक्स एलएलपी	##101, THANE, Maharashtra
miss:not_selected	0.29283029293335816	S1-343898244	Thiruvananthapuram (india) Limited	Tc 8/1147 (2), Sayoojyam, Mythri Nagar C - 35, Valiyavila, Thirumala P O, Thiruvananthapuram, Thiruvananthapuram, Trivandrum, Kerala	S3-360190341	Thiruvananthapuram (india)	Tc 8/114 (2), Thiruvananthapuram, Trivandrum, Keralam
miss:not_selected	0.4962238040768761	S1-48780812	Board of Buildings	Healdton, 85 Union Street, OK, Unit A	S2-307070729	8OARD ÓF PARTNERS	#85 Union Street, HEALDTON, OK
miss:not_in_candidates		S1-324619562	Rev It Up Pizza	133 Johnson Road, Cavendish, VT	S2-836059045	Rev It Up  Pnzna | www.revitup.com	
miss:not_selected	0.28382173676737826	S1-96800231	Solutions Fusion Products Limited	Office No O-02-05 2Nd Floor Amanora Ascent Avenue, Survey Number 138 Sadesatranali, Amanora Park Town, Pune City, Pune, Maharashtra	S3-908625721	Solutions  Fusion Products	महाराष्ट्र, Survey Number 138 Sadesatranali, Amanora Park Town, Office No O-02-0 2Nd Floor Amanora Ascent Avenue, Pune City, Pune
miss:not_selected	0.1521981219641262	S1-143794077	Pediatric Great Care Associates L.L.C.	1426 Pond Road, Fletcher, VT	S3-639181428	Arcjax	1426 1/2 Pond Rd, Fletcher, Vermont
miss:not_selected	0.43235195564909645	S1-665618994	Hitech & Sons Pvt Ltd	2, Union Street, Off Infantryroad, Bangalore-560 001, Bangalore, Karnataka	S3-717334501	Hitech & Sons Pvt	
miss:not_in_candidates		S1-72105542	Dynamic Marine Union	323 Fran Drive, Alabaster, AL	S3-93045267	Dynamic Marine	
miss:not_in_candidates		S1-875500324	Peak Software Works Inc	1119 Pecan Green Way, Houston, TX	S3-816706196	Peak Software	
miss:not_selected	0.16138710231905265	S1-821242312	Blue Software Private Limited	Sarovar, Puthenpally Varapuzha P O, Ernakulam, Kerala	S2-778992255	ബ്ലൂ സോഫ്റ്റ്‌വെയർ പ്രൈവറ്റ് ലിമിറ്റഡ്	H.NO 895  SAROVAR, ERNAKULAM, Kerala
miss:not_in_candidates		S1-632366520	Premier Solutions	16782 Maraschino Drive, Noblesville, IN	S2-976872219	Premier Center	16782 MARASCHINO DR, NOBLESVILLE, IN
miss:assigned_elsewhere	0.04090426942753313	S1-160775823	Twisted Pizza!	805 Linda Court, Allen, TX	S2-484266999	Twisted Pizza!	
miss:not_in_candidates		S1-206517495	Kevue Partners Inc	2237 Tarrallton Drive, Norfolk City, VA	S3-345131244	Kevue Partners	
miss:assigned_elsewhere	0.00055638156872949	S1-297978551	Brands Organics Private Limited	Chennai, 3/381, Rajiv Gandhi Salai 4Th Floor, Akdr Tower, Tamil Nadu, Chennai	S2-142670918	OBPRIVATE.COM	3/381/3, CHENNAI, தமிழ்நாடு
miss:not_in_candidates		S1-704986070	Aarvendra Infosys	P-14 Urban Estate, Sector - 52, Gurugram, Sector -45, Gurgaon, Haryana	S2-108966445	AARVENDRA INFOSYS [CORPORATION]	
miss:not_in_candidates		S1-504125041	Pediatric Dental Clinic, LLC	Minot, 1509 12th Street, ND	S2-954908165	Dental Pediatric LLC Clinic,	1509 TWELFTH ST, MINOT, ND
miss:assigned_elsewhere	0.00003219942396092619	S1-784578201	Apex Education LLC	704 Main Street, Jonesborough, TN	S2-545003033	Apex LLC [Service]	MAIN ST, JONESBROUGH, TN
miss:not_in_candidates		S1-16809233	Spa Seva Samiti	Nagar Shop Ring Road, Lucknow, 529-Ga/10 Kamla Nehru, Uttar Pradesh	S2-799698066	SPA SEVA SAMITI LTD	
miss:not_in_candidates		S1-423123124	Shakti Logistics Limited	Palam Vihar, Gurgaon, Plot No. 652 C, Haryana, Block - C1, Ist Floor, Palam Vihar	S3-878218441	Solwex	Door No 652 C, Palam Vihar, Gurgaon, HR
miss:not_in_candidates		S1-194508153	Anand Logistics Private Limited	H. No. 1/1, Nagheta Road, Hardoi, Uttar Pradesh	S2-794564519	आनंद लॉजिस्टिक्स प्राइवेट लिमिटेड	387, NAGHETA ROAD, HARDOI, MANSOOR NAGAR, Uttar Pradesh
miss:not_in_candidates		S1-201618694	My Services Private Limited	3/15, Shabd Pratap Ashram Colony No. 3, Gwalior, Madhya Pradesh	S3-714940859	माय Services प्राइवेट लिमिटेड	G-3/15, Gwalior, MP
miss:not_in_candidates		S1-1901585	Asquare Technologies Public Limited	Mumbai, Floor-0, 4, Popular, Arcade, Tata Road No 1, 72, Maharashtra, Mumbai	S3-881585576	Asquare Technologies	
miss:not_selected	0.6822378254393254	S1-168137377	Zaor, LLC	CA, 171 Vista Lane, Sugarloaf	S3-89011063	Zaor, (LLC)	17 Vista Ln, Big Bear City, California
miss:not_in_candidates		S1-33880614	Oncology Clinic of Alpine	196 300, Alpine, UT	S3-302884449	Oncology Clinic	Alpine, 196 300, Utah
miss:assigned_elsewhere	0.0002796955713107596	S1-835721197	Pediatric Care Associates LLC	1211 1500, Logan City, UT	S3-614270464	Pediatric Care Associates & Co	
miss:not_in_candidates		S1-518890163	Nan Ventures Company	Flat No G37, Block1, Euro School Rd, Ncpr Ind Lyt. Doddanakundi Ind Area2, Seetharampalya, Ma, Hadevapura, Bangalore, Karnataka	S3-18390391	Nan Company [Center]	Flat No G#37, Bangalore, ಕರ್ನಾಟಕ
miss:assigned_elsewhere	0.5129106584172598	S1-246285210	Digital Wellness Dynamics P.C.	1110 Link Puryear Road, Halifax County, VA	S2-152970389	Digital Wellness Dynamics LLC	
miss:not_in_candidates		S1-838666026	Balaji Food Private Limited	2Nd Floor, Swarnalok Complex Governorpet, Vijayawada, Krishna, Andhra Pradesh	S3-654051537	Balaji Private Limited [Service]	Floor, Krishna, ఆంధ్రప్రదేశ్
miss:assigned_elsewhere	0.00014084857745752643	S1-600798093	Tech Properties Private Limited	No 18, 12Th Cross, Kanakanagar, Bangalore North, Bangalore, Karnataka	S3-642874388	TECH PROPERTIES PRIVATE LIMITED	###18, Bangalore North, Bangalore Urban, KA
miss:not_in_candidates		S1-234601663	Womens Health Associates LLC	3 Woodland Road, Unit 113, Stoneham, MA	S3-297736855	Womens Health LLC Service	
miss:not_in_candidates		S1-105724543	Vaon	Rock Hill, 173 Amerson Drive, SC	S3-521284022	Vaon LLC Trading	
miss:not_in_candidates		S1-186626186	Frontier Trust, Inc	4378 Eastern Avenue, Cincinnati, OH	S2-432988795	Frontier Trmuht, Inc	
miss:not_in_candidates		S1-684963707	Digital Business Pvt Ltd	Flat No 705, Ok Plus, Green Heights Sirsi Road, Jaipur, Rajasthan	S2-86220389	Ltd Digital Pvt Center	#705, JAIPUR, राजस्थान
miss:assigned_elsewhere	0.02688543191490209	S1-997681259	Southern Partners LLC	3450 Olde Oak Lane, Gastonia, NC	S3-279513991	Southern Partners Enterprises	
miss:assigned_elsewhere	0.28895910797392205	S1-812565406	Cloutier Trust	2016 Niagara, Tucson, AZ	S2-403030572	Cloutier Trust Corp	
miss:assigned_elsewhere	1.5343155222001084e-6	S1-748518103	Sarasiya Erectors Pvt Ltd	C6, Anand Flats, 97, Dr Rangachang Road, Mylapore Madras-4, Chang Road, Mylapore, Madras-4, Chennai, Tamil Nadu	S2-342834362	Ltd Sarasiya Pvt Center	CB3/6, MADRAS-4, CHENNAI, தமிழ்நாடு
miss:not_selected	0.5754737078641186	S1-835493256	Tejaya Agro Limited	7/2, Langford Garden, Bangalore, Karnataka	S3-774270807	Tejaya Limited Agro	
miss:not_selected	0.5126171869366665	S1-271778702	Rudra Hospital Pvt Ltd	8-2-686/B/11/6/1, Plot No 9, Road No 12, Banjarahills, Hyderabad, Telangana	S3-80495096	Mr Rudra Hospital Pvt [(Ltd)]	
miss:not_in_candidates		S1-110078270	Solutions Sparkling Procons Private Limited	Plot No 5, 6 Crescent Pearl Bat-Katrang, Khopoli, Khopoli, Pune, Maharashtra	S3-202339961	#solutionssparkling	Door No 5, Pune, MH
miss:not_selected	0.5721825092431442	S1-358454025	Mark Pay Limited	Flat No.728, Second Floor Pocket - 3, Sector - 19, Dwarka, Delhi, South West Delhi, Delhi	S2-312708357	Mark Pay	
miss:not_in_candidates		S1-828463643	Laxmi Media Private Limited	No. 421/J, Sri Krishna Temple Road, Binnamangala, Indiranagar 1St Stage, Bangalore, Karnataka	S2-729032688	ಲಕ್ಷ್ಮಿ ಮೀಡಿಯಾ ಪ್ರೈವೇಟ್ ಲಿಮಿಟೆಡ್	NO. 421/J, BANGALORE, BENGALURU, ಕರ್ನಾಟಕ
miss:not_selected	0.6202386030719712	S1-288627679	Digital Life Constructions Private Limited	Kerala, Thiruvananthapuram, Anugraha, Panayatheri, Koottappana, Neyyattinkara, Trivandrum, Nmc Iii/296	S3-730365701	Private Digita1 Life Constructions Ltd	KL, Trivandrum, Thiruvananthapuram, Nmc Iii/29
miss:not_selected	0.507152649062313	S1-767120316	Ferros Rexford LP	551 Whispering Street, Albuquerque, NM	S2-26254736	Ferros Rexford	
miss:not_in_candidates		S1-727055535	Scholarship Fellowship Inc.	AK, Anchorage, 3930 Huffman Road	S3-263969871	Scholarship Inc. Center	
miss:not_selected	0.030806118254061887	S1-423424871	Galaxy Exports Pvt Ltd	C/O Shri Ramaavtar Chhindwara Road, Jonsan Ke Pass, Parasia, Chhindwara, Madhya Pradesh	S2-700437672	Shri GALAXY EXPORTS PVT LTD	
miss:not_selected	0.50375114323702	S1-120221405	Niia Inc	53 Fort Lane, Layton, UT	S2-943741382	Irifayejax	FORT LN, LAYTON, UT
miss:assigned_elsewhere	0.13158910850801517	S1-381931263	Pune Impex Private Limited	Fl-401, Bl-Jasmin Mittangr Sn-46 Bh- Shital Petrolpump, Kondhwak, Pune, Maharashtra	S3-776567496	Pune Impex Limited Private	
miss:not_in_candidates		S1-593343224	Bombay India Private Limited	Shop No. 9, Asopalav Building, Patel Pada, Behind Mission Hospital, Daha, Nu Rd East, Dahanu, Thane, Maharashtra	S3-872246294	Bríxhalo	Shop No. 6, NULL, Thane, MH
miss:not_selected	0.23603087114305446	S1-156754332	Othelia Jones, DMD	MN, 2767 Upland Lane, Plymouth	S3-347474690	Othelia J0nes,	
miss:not_in_candidates		S1-106947512	Elizabeth's Chemical	18571 12th Road, Plymouth, IN	S3-38532439	Elizabeth'S Services	
miss:not_selected	0.6462620566600278	S1-221335119	Family Beacon Partners Inc	4432 Wolcott Avenue, Chicago, IL	S2-848734045	Family Beacon Pgantners Inc	
miss:not_in_candidates		S1-44637688	Tech Consultancy Pvt Ltd	A-66, Second Floor Preet Vihar, Delhi, East Delhi, Delhi	S3-440044674	Tech Consultancy Pvt	
miss:not_in_candidates		S1-140733698	Star Industrial Solutions Inc	613 Terrace Drive, Winamac, IN	S2-905748735	STAR INDUSTRIAL  SOLUTIONS INC	
miss:not_in_candidates		S1-691231870	Southern Global	Mumbai City, Maharashtra, 206, 2Nd Floor, Akruti Arcade, J. P. Road, Near Wadia School, Andheri W, Est, Mumbai	S2-954573746	SOUTHERN SERVICES	C-206, 2ND FLOOR, AKRUTI ARCADE, J. P. ROAD, NEAR WADIA SCHOOL, ANDHERI W, EST, MUMBAI, Maharashtra
miss:not_in_candidates		S1-177953830	Star Global	Santoshi Mata Road Sagunamata Nagar, Phaltan, Satara, Maharashtra	S2-712735090	Star ग्लोबल	
miss:not_in_candidates		S1-235446887	Shiva Business Private Limited	Block D - 401, Prathna Exotica Near Rudhrax Flats, Naroda, Ahmedabad, Gujarat	S3-207641976	Private Shiva Bsiess Limited	Ahmedabad, Gandhinagar, GJ, Block D - 400
miss:not_in_candidates		S1-873784730	Continental Center Partners	555 Ridge Drive, Show Low, AZ	S3-303335379	Continental  Partners Service	555 Ridge Drive, Show Low, Arizona
miss:not_in_candidates		S1-728377885	One Food	1St Floor, Mbc Compound, Plot No. 143/A, Opp. Cine Wonder, Ghodbunder Road, Thane, Maharashtra	S3-423130939	One Services	1St/5 Floor, Mumbai, Ghodbunder Road, MH
miss:not_in_candidates		S1-358293509	Raj Food Private Limited	Sri Manjunatha Krupa, 5Th Cross, 9Th Main, Byatarayanapura New Layout, Karnataka, Bangalore, #11	S2-865687114	ರಾಜ್ ಫುಡ್ ಪ್ರೈವೇಟ್ ಲಿಮಿಟೆಡ್	#1-11, BENGALURU URBAN, BANGALORE, Karnataka
miss:assigned_elsewhere	0.004173656332067096	S1-519782533	Green Exports Private Limited	Plot No-7, Upper Ground Floor, Blk D-13, Model Town Ph-2, Near Aggrwal, Dharamshala, Delhi-1, 10009, New Delhi, North West, Delhi	S2-639793855	ग्रीन एक्सपोर्ट्स प्राइवेट लिमिटेड	PLOT NO-##7, NEW DELHI, NORTH WEST, Delhi
miss:not_in_candidates		S1-683033649	Jain Estate Private Limited	Bihar, C/O Nasrullah Khan, Phulwari, Patna, Umralane, Samanpura	S3-995201424	Jain-Estate Private Limited	
miss:not_selected	0.1674066092570082	S1-461677645	Leque PC	678 Sawmill Road, Worth Twp, PA	S3-321072154	Leque PC (Center)	
miss:not_selected	0.3181103822752114	S1-238378405	Keystone Pioneer Electronics	Maricopa County, 29629 Pierce Street, AZ	S2-364695881	KEYSTONE PIONEER ELECTRONICS INC.	29630 PIERCE STREET, PO BOX 5949, MARICOPA COUNTY, AZ
miss:not_selected	0.5224898742494808	S1-955896530	Ppg Staff Pvt. Ltd.	H No. C-98/20, Meerut, Uttar Pradesh	S2-214171485	Ppg Staff Pvt.	
miss:not_selected	0.5010003306228785	S1-772518328	Moore's Hair Studio	673 1100, St George City, UT	S2-494513085	Moore's-Hair Studio	
miss:not_selected	0.41066812773162364	S1-125249148	Amazon & Sons Private Limited	Plot-163/D, G/F Left Back Side Blk-T Uttam Ngr, Near Khushi Ram Park, New Delhi, West Delhi, Delhi	S3-824619279	Amazon + Sons Private [Limited]	
miss:not_in_candidates		S1-670966962	II Fuel, Inc	2005 -100 Lynnhaven Parkway, Virginia Beach City, VA	S3-831441475	II Inc Service	Virginia, Virginia Beach, Lynnhaven Pkwy
miss:not_in_candidates		S1-343585063	Gujarat Construction Pvt Ltd	Paraiya, Gaya, C/O Upendra Prasad Amokhar, Bihar, Gaya	S2-247624272	Gujarat Constsouctoin Pvt Ltd	
miss:not_selected	0.41983621941160226	S1-180875058	Future Merchandisers Private Limited	310, Abhushan Complex, 17, Mahadevnagar Society, Stadium Road, Ahmedabad, Gujarat	S3-352281083	Future Merchandisers Private Ltd	
miss:not_selected	0.6626745285562246	S1-688394857	Rowland Copley Inc.	20 Indy Circle, Soquel, CA	S2-134754256	Rowland Copley Incorporated	007 INDY CIR, SOQUEL, CA
miss:not_in_candidates		S1-904065721	Apex Technologies Private Limited	3Rd Floor, H No716, 11Th, Coss, Ck Nagar, 716, Bangalore South, Bangalore, Karnataka	S2-591274842	ಅಪೆಕ್ಸ್ ಟೆಕ್ನಾಲಜೀಸ್ ಪ್ರೈವೇಟ್ ಲಿಮಿಟೆಡ್	Karnataka, BANGALORE SOUTH, BANGALORE, DOOR NO 15 FLOOR
miss:not_in_candidates		S1-374499057	Electronic Digital Ventures Inc	5111 Huxey Glenn Court, Durham, NC	S2-936805002	Electronic Digital Véntures Inc	
miss:not_selected	0.6557058753496192	S1-88823243	New International Private Limited	400, Udyog Vihar, Phase - Iii, Gurgaon, Haryana	S3-385376588	न्यू इंटरनेशनल प्राइवेट लिमिटेड	Block C-441 400, Delhi, HR
miss:assigned_elsewhere	0.07994667201733037	S1-106156428	Mumbai Foods Private Limited	Ltd Suren Road, Andheri E, Mumbai, 1 Papa Ind Premises Chs, Maharashtra, Mumbai	S2-832615645	Mumbai Foods Private	
miss:not_in_candidates		S1-256612789	Multi Placements Private Limited	Plot No-6, Road No-7 Sector-11, New Panvel, Panvel, Mumbai City, Maharashtra	S3-485228221	Multi Private  Limited Services	Door No 274 Plot No-6, Mumbai City, MH
miss:not_selected	0.3588493928049618	S1-608683955	Sales Pediatrics PC	1885 19th Street, City Of Fennimore, WI	S2-671525932	SALES PEDIATRICS	
miss:not_selected	0.34010439717956437	S1-553531368	Delossantos Express Inc.	4600 Ross Road, Griffith, IN	S2-373573346	Dovaquo	4600 ROSS RD, IN, GRIFFFITH
miss:not_in_candidates		S1-401967098	Sree Marketing Private Limited	4Th Main, Avalahalli, Bsk 3Rd Stage, New Bda Layout, Karnataka, Bangalore, Bangalore South, No. 269	S3-554472216	ಶ್ರೀ ಮಾರ್ಕೆಟಿಂಗ್ ಪ್ರೈವೇಟ್ ಲಿಮಿಟೆಡ್	H.no 00269, Bangalore South, Bangalore, KA
miss:not_in_candidates		S1-128790238	Ace Security Worldwide Inc	1327 Neosho Street, Emporia, KS	S2-867007260	Ace Security Worldwide	
miss:assigned_elsewhere	0.000045361249199020504	S1-928382513	PJJ World LLC	3768 10th Street, Fargo, ND	S2-198393559	PJJ LLC CENTER	FARGO, 3768 1/2 TENTH SAINT, ND
miss:not_in_candidates		S1-414856911	Sma Minchem Limited	No.3, Basement, Wellingdonestate, C-In-C Road Opposite Ethiraj College, Chennai-105., Chennai, Tamil Nadu	S3-703327423	Sma Mhnebm Limited	Door No 3, Chennai, TN
miss:not_in_candidates		S1-756617006	Anand Foundation Private Limited	P No. 3, Off-514 Jaina Tower Distt Centre Janakpuri, New Delhi, South West Delhi, Delhi	S2-299664888	आनंद फाउंडेशन प्राइवेट लिमिटेड	NO 20 P NO. 3, NEW DELHI, दिल्ली
miss:not_in_candidates		S1-213503791	Sree Infotech Private Limited	55-56, Silver - 1 Industrial Estate, Opposite Hof Furniture, Near Nova Cil Petrochemical, Sanand, Ahmedabad, Gujarat	S2-590277311	શ્રી ઇન્ફોટેક પ્રાઇવેટ લિમિટેડ	C-55-56, AHMEDABAD, SANAND, Gujarat
miss:not_in_candidates		S1-702104278	Eye Associates LLC	628 James Street, Geneva, IL	S2-841486697	Associates Eye LLC	644 JAMES SAINT, NULL, GENEVA, IL
miss:assigned_elsewhere	0.18378146651647373	S1-891960600	Rohini Music	L-14, Ground Floor, Udyog Nagar-I Udyog Nagar, Delhi, West Delhi, Delhi	S3-456116613	Mr rohini music	
miss:not_in_candidates		S1-648547348	Kajal Ventures	55, 2Nd Floor, Lane-2 Westend Marg, Saidulajab, Near Saket Met, Ro Station, Delhi, New Delhi, Delhi	S2-125688402	kventures.com	55, DELHI, NEW DELHI, Delhi
miss:not_selected	0.3965764323049904	S1-257030068	Egan & Pratt	2397 Michael Drive, Thousand Oaks, CA	S3-468350611	+ Egan Pertt	2397 Michael Dr, Newbury Park Township, California
miss:not_in_candidates		S1-527695195	Rover India (India) Pvt Ltd	S. No. 5/1, Gangotri Nagar Pimple Gurav, Pune, Maharashtra	S2-310082995	NEXNOVICALO	S. NO. 5/1, PUNE, महाराष्ट्र
miss:assigned_elsewhere	0.4433483951435783	S1-294941352	Behavioral Health Specialists	2627 45th Avenue, Unit 1166, Phoenix, AZ	S2-910332158	Behavioral Health	262 45RD AVE, POHENIX, AZ
miss:not_in_candidates		S1-435164907	Ldr & Co Clinic	46/4, Novel Tech Park, Kudlu Gate, Gravebhavipalaya, Hosur Main Road, Bangalore South, Bangalore, Karnataka	S3-95923174	Ldr  & Co Services	46/4, Bangalore, Bangalore South, KA
miss:not_in_candidates		S1-166174917	Veterans Network	5504 Timberhill Drive, Hamilton, OH	S3-830825931	Veterans  Network Trading	
miss:not_in_candidates		S1-317494495	North Food Pvt Ltd	T 2 P.No. 8, Vinayak Apartment Girraj Vihar, Lalarpura, Vaishali Nagar, Jaipur, Rajasthan	S3-192317219	North Pvt Ltd Partners	Hn 281 T 2 P.no. 8, Jaipur, Vaishali Nagar Jaipur, राजस्थान
miss:not_in_candidates		S1-1729005	Southern Infra Private Limited	9/234 Ponnan House, Kuttikkal, Balla P.O, Via Anandasram, Kasargod, Kerala	S3-156821897	Southern Southern Infra Pirvaae Limited	
miss:not_in_candidates		S1-249747878	Jai Solutions Private Limited	#10, Havana, 3Rd Floor, Sunrise Havana Chs Ltd Near Nana Nani Park, Seven Bungalows, An, Dheri (W), Mumbai, Mumbai City, Maharashtra	S2-292753961	जय सॉल्यूशंस प्राइवेट लिमिटेड	##10, MUMBAI CITY, MUMBAI, Maharashtra
miss:not_in_candidates		S1-752238088	South Constructions Private Limited	Ernakulam, 9Th Floor, Pioneer Tower Shanmugham Road, Marine Drive, Ernakulam, No. 903, Kerala	S2-670106371	സൗത്ത് കൺസ്ട്രക്ഷൻസ് പ്രൈവറ്റ് ലിമിറ്റഡ്	DOOR NO 903, ERNAKULAM, Kerala
miss:not_selected	0.3453226353612422	S1-42269271	Lodiify LLC	1128 Atherton Street, State College, PA	S3-413515407	The Lódiify LLC	
miss:not_in_candidates		S1-312359567	Red Agro Pvt Ltd	T1, Royal Nest Appt, 613, 5Th Main, Ombr Layout Banaswadi, Bangalore, Karnataka	S3-905869609	ರೆಡ್ Agro Pvt Ltd	T3, Bangalore, Kalyannagar, KA
miss:not_in_candidates		S1-455609282	Tri-State Coalition	16804 Kerrington Court, Independence, MO	S2-838259112	Tri-State Calsoino	
miss:not_selected	0.3705635854298105	S1-596956199	Federal Equity Partners Inc	520 11th Street, Bartlesville, OK	S3-858711846	Federal-Equity Partners Inc	
miss:not_in_candidates		S1-251720180	Quality Arc	1465 Five Forks Road, Virginia Beach City, VA	S3-694324674	Quality  Arc	
miss:not_in_candidates		S1-587469448	Green Technologies Private Limited	23-225/1-53, Chunnambattiwada, Near Rising Sun School, Mancherial, Sy.No.367, Telangana, Adilabad	S2-954676759	Green Technologies Private	
miss:not_in_candidates		S1-541190972	Sauer & Blacker Hair Studio PLLC	8511 Rocky Point Road, Monterey, TN	S3-291923965	Sauer & Blacker Hair Studio	
miss:not_selected	0.21898975118174907	S1-217626935	Nishu First Ltd	Sco 258, First Floor Urban Estate Phase 1, Patiala, Punjab	S2-393732569	Shri Nishu First Limited	
miss:not_selected	0.5303420644980937	S1-821126824	Vision Colonial Partners Inc	Fairfield, CA, 2414 Tea Court	S3-524912284	Vision Colonial Partners-Inc	
miss:assigned_elsewhere	0.4960179404159864	S1-116191368	Montes Corporation	Brooklyn, 14 St Felix Street, NY	S3-690204399	montes córporation	
miss:not_in_candidates		S1-229139920	Golden Design Collective Inc.	1911 23, Pharsalia, NY	S3-445867080	Golden Design Collective	
miss:not_in_candidates		S1-678153859	Shakti Media Pvt Ltd	New No.1, Old No.17, Bashyam Second Street Otteri, Chennai, Tamil Nadu	S2-280426705	சக்தி மீடியா பிரைவேட் லிமிடெட்	NEW NO.1, CHENNAI, Tamil Nadu
miss:not_in_candidates		S1-546041430	United Food Private Limited	No. 12/26, Chelammal Street Shenoy Nagar, Chennai, Tamil Nadu	S3-138682891	Xylokor	Chennai, தமிழ்நாடு, <NULL>, No. #12/26
miss:not_selected	0.5209642316546012	S1-418113366	Danni Taylor, Ph.D., M.D., P.C.	1510 Parke Field Pass, Cedar Park, TX	S2-319993248	DANNI TÁYLOR, PH.D., [M.D.,]	
miss:not_in_candidates		S1-628313387	Bright Products	1St Floor, Bishnoi House, Plot4, 5, 6, 9Nr Vgl Station, Vadodara, Gujarat	S3-509231434	Bright Services	Vadodara, GJ, Vadodara, 1St Floor
miss:assigned_elsewhere	0.08615014483603149	S1-562363163	Big 46 Seafood	1107 Tansill Street, Carlsbad, NM	S3-310602379	Big 46 Sedfhod	
miss:not_in_candidates		S1-532870396	Premier Producer Private Limited	Flat No 1, Ground Floor, Shobha Co.Op Hsg Soc Ltd, C S Rd, Opp Subway, Dahisar (East), Mumbai, Mumbai City, Maharashtra	S3-338603074	Premier Producer Prvotae Limited	#1, Mumbai Region, Mumbai, महाराष्ट्र
miss:not_selected	0.5304978085295781	S1-134899559	Trevino Capital L.L.C.	2025 Lincoln Street, Unit 3, Bloomington, IL	S2-950166606	Trevin0 Capital	##2025 LINCOLN STREET, BLOOMINGTON, IL
miss:assigned_elsewhere	0.01847517321289895	S1-447159087	Township Of	143 Main Street, Reading, MA	S2-319073050	Township Of Of	
miss:not_selected	0.643114059827088	S1-258853378	Galaxy Shakti Foods Private Limited	Das Arcade, Near Petrol Pump, Kerala, 2/361/T, Thrissur, Thalapilly	S3-678152026	ഗാലക്സി ശക്തി ഫുഡ്സ് പ്രൈവറ്റ് ലിമിറ്റഡ്	4/361/T, Das Arcade, Near Petrol Pump, Thrissur, Mayannur, KL
miss:not_in_candidates		S1-410743207	Pioneer Finstock Ltd	106, Village High Road, Sholinganallur, Chennai-600 119, Chennai-600 119, Chennai, Tamil Nadu	S3-915326497	Pioneer Fintsock Ltd	
miss:not_selected	0.5828093062083188	S1-906302643	Ma Education Center	J-5, Udyog Nagar, Delhi	S3-999624447	Dovalum	Door No 505 J-5, Delhi, Udyog Nagar, DL
miss:not_in_candidates		S1-96512701	El & Sons Private Limited	Delhi, 10 New Market Ramesh Nagar, West Delhi, New Delhi	S3-140635905	El El + Sons Prtvate Limited | www.elelso.com	
miss:not_in_candidates		S1-117398498	Global Infra Private Limited	Nungambakkam, 4Thfloor, Mahathmagandhiroad, Tamil Nadu, Chennai, Kotharibuilding	S3-556208350	Global Private Limited Center	Kotharibuilding, Chennai, Nungambakkam, TN
miss:not_in_candidates		S1-872358144	Maid Pub	14027 Palatine Avenue, Seattle, WA	S3-130510883	Maid Pub Trading	
miss:not_in_candidates		S1-68696220	Lucky Bistro LLC	Mobile, 1100 Conception Street, AL	S3-705188752	Lucky-Bgos LLC	
miss:not_in_candidates		S1-144312095	Interstate Association Co	1214 Fuchsia Drive, Richmond, TX	S2-534309499	interstate association co	
miss:not_in_candidates		S1-390643473	Rev It Up Bike Shop	3912 Hampton Station Road, Clarksville, TN	S2-745807947	REV IT ÚP BIKE SHOP	
miss:not_in_candidates		S1-610207716	Indian Hospitality	3, Madhu Gupta Lane Kolkata, Kolkata, Kolkata, Howrah, West Bengal	S3-947237136	ইন্ডিয়ান হসপিটালিটি	3, Kolkata, Howrah, WB
miss:not_in_candidates		S1-78728979	Family League	4771 Marco Polo Road, Phoenix, AZ	S2-80331096	Family  League	
miss:assigned_elsewhere	0.00009901335549461498	S1-350093499	Guru Tech Private Limited	23/28, Sathappa Compound, Harvey Road, Tirupur, Coimbatore, Tamil Nadu	S3-301728393	Guru Thlh Private Limited	
miss:assigned_elsewhere	0.008290433899341271	S1-256320364	Twisted Nails	387 Nantasket Avenue, Unit 7, Hull, MA	S3-307832477	Twisted Nails Ventures	
miss:not_selected	0.5894428949165376	S1-801985457	Wooster and Green Connection, LLC	3235 Valley Vista Drive, Sedona, AZ	S3-464059359	Wooster and Green LLC Services	
miss:not_selected	0.6517665404923016	S1-956578875	Prime Transit Digital LLC	41797 Penderry Court, Loudoun County, VA	S3-718141844	Veoorbi	Penderry Court, Aldie, Virginia
miss:not_selected	0.5709645766856523	S1-712881457	Willyt's Productions	1375 Kenyon Street, Unit 603, Washington, DC	S3-579434678	Yumafluxkelo	1375-D Kenyon Street, # 603, Washington, District of Columbia
miss:assigned_elsewhere	0.0018774431009531576	S1-154530595	Pediatric Care Associates	701 Foreman Road, Highlands, NC	S3-959960588	Pediatric Cáre Associates	
miss:not_in_candidates		S1-664287998	Vision Consulting Private Limited	91A-C/F, Village Munirka, New Delhi, South West Delhi, Delhi	S3-99508101	Vision Consulting Psailate Limited	
miss:not_in_candidates		S1-411500010	Sky Finance Private Limited	Kerala, Thiruvananthapuram, 93/1686/4 To 12, Midhun Plaza Pattoor, Thiruvananthapuram, Trivandrum, Door No.2	S3-406255124	സ്കൈ ഫിനാൻസ് പ്രൈവറ്റ് ലിമിറ്റഡ്	No 2, Thiruvanantapuram, Trivandrum, KL
miss:not_selected	0.37032089562916	S1-217016797	Dynamic Bright Kensington Inc	29 Murray Drive, Bethlehem, NY	S3-185030535	Dynamic Bright Kensington Kensington [Incorporated]	
miss:assigned_elsewhere	0.00002179356750953229	S1-316964785	Jasper Hyperliquid	208 1st Avenue, Altoona, IA	S3-61303384	Yumadrextavo	208 First Avenue, Alotona Township, Iowa
miss:not_in_candidates		S1-888971083	Turbo Minerals Private Limited	# 4/72, Tadivari Veedhi, Revenue Ward No. 4, Markapur, Prakasam, Andhra Pradesh	S2-734163776	tmprivate.com	# 4/7, <NULL>, MARKAPUR, PRAKASAM, ఆంధ్రప్రదేశ్
miss:not_selected	0.6040302441895755	S1-847695378	Global Hard Limited	Plot No. A-911, Siddhart, Nagar, Jawahar Circle, Jaipur, Rajasthan	S2-286064178	Mr Global Hard Límited	
miss:not_in_candidates		S1-830931801	Mcmillen and Newsom, LLC	2909 Lincoln Avenue, Hempstead, NY	S3-205176046	Mcmillen and Newsom LLC	
miss:not_selected	0.5140230886919458	S1-826692256	Summit Smart LLC	Pearsall, 123 Liza Street, TX	S3-380992618	Summit Smart Smart Llc	
miss:not_in_candidates		S1-519528685	Southern Trading	Fb 05, Trans Indus, Agara Village Tataguni, Bangalore, Karnataka	S3-605259124	Southern Services	H.no 944 Fb 05, Bangalore, KA
miss:not_in_candidates		S1-319504638	Bay Fresh Pgim Co	157 Forest Avenue, Oyster Bay, NY	S2-598992301	Rizanex	FOREST AVE, OYSTER BAY, NY
miss:not_in_candidates		S1-851261880	Guru Infra LLP	West Godavari, Mahatma Gandhi Road, Sivalam Ganapavaram Mandalam Pippara, 1-49, Andhra Pradesh, East Godavari	S2-543212611	Guru LLP Center	Andhra Pradesh, 1-49, MAHATMA GANDHI ROAD, SIVALAM GANAPAVARAM MANDALAM PIPPARA, WEST GODAVARI
miss:not_in_candidates		S1-724313435	Foot & Ankle Center LLC	OR, 1899 J Street, Springfield	S3-104415042	Foot & Ankle  Center LLC Ventures	
miss:not_in_candidates		S1-439705127	Vijay Projects Private Limited	Maharashtra, Thane, 53, 5Th Floor, Vijay Nagari Annex, Ghodbunder Road, Waghbil Naka, 14B, Thane	S3-334720214	Dr Vijay Private Limited Center	14B, Thane, Kasarvadavli, MH
miss:not_in_candidates		S1-111081467	Premier Defense Systems Inc	1187 Pleasant Hill Road, Pink Hill, NC	S3-107919026	Premier Defense Systems	
miss:not_selected	0.6036305464727253	S1-438183902	Career (India) Consultants Private Limited	Shed - 28, Ahmedabad, Gajanan Industrial Hub B/H Amba Estate, Nr Vinzol Patiya, Gidc, Vatva, Gujarat	S2-589582691	Career Consultants Private Limited Services	PLOT 76 SHED - 28, GAJANAN INDUSTRIAL HUB B/H AMBA ESTATE, NR VINZOL PATIYA, GIDC, VATVA, AHMEDABAD, ગુજરાત
miss:not_in_candidates		S1-115876270	Value Biomedical Company	2110 Reform Drive, Wilmington, NC	S2-224916114	Value Biomedical Cómpany	
miss:assigned_elsewhere	3.00431459564296e-6	S1-729728606	Pioneer Care Private Limited	H. No. 20, Floor Basement, A-02/3, Lg Lusa Tower, Naniwala Bagh, Delhi, New Delhi, Delhi	S3-781922307	Pioneer Private Limited Center	Door No G-20, New Delhi, दिल्ली
miss:not_in_candidates		S1-317385127	Cardiology Physicians LP	1706 Woodridge Drive, St Peters, MO	S3-585266579	Physicians Cardiology LP	1706 Woodridge Dr, St Peters, Missouri
miss:not_in_candidates		S1-39074240	Om Consultancy Private Limited	# 408, 4Th Floor, # 15, 16, House Of Lords, St. Marks Road, Bangalore, Karnataka	S3-792835476	ಓಂ ಕನ್ಸಲ್ಟೆನ್ಸಿ ಪ್ರೈವೇಟ್ ಲಿಮಿಟೆಡ್	H.no 408, Bangalore, Banglore, ಕರ್ನಾಟಕ
miss:not_selected	0.6196908038811736	S1-65687741	Real Care Limited	156 A Lenin Sarani, F-71, Kamalalaya Centr 1St Fl, Kolkata, Kolkata, Howrah, West Bengal	S3-143929218	Real Care	158 A Lenin Sarani, F-71, Kamalalaya Centr 1St Fl, Kolkata, Kolkata, Howrah, WB
miss:not_selected	0.6904640261849347	S1-379216856	Classic Axiom	66 St George Road, Staten Island, NY	S2-288447481	Classic Axiom Inc	STATEN ISLAND, NY, 65 ST GEORGE RD
miss:not_in_candidates		S1-722444118	Laxmi Investments Private Limited	810, 8Th Floor, Okay Plus Tower, Near Kalyan Jewel, Hathroi, Jaipur, Rajasthan	S2-339237160	लक्ष्मी इन्वेस्टमेंट्स प्राइवेट लिमिटेड	810, JAIPUR, Rajasthan
miss:not_in_candidates		S1-980392505	Gladden Wisconsin	NY, 30 Heather Dale Chase, Henrietta	S2-610563580	Gladden [Wisconsin]	
miss:not_in_candidates		S1-153554974	Royal Technologies Ltd	H No 2149 Sector 12, Sonipat, Sonepat, Haryana	S2-656855499	Center Royal Ltd	H NO SECTOR 12, SONIPAT, SONEPAT, Haryana
miss:not_in_candidates		S1-535364875	Physical Therapy Group	MD, Walkersville, 122 Phoenix Court	S3-884161125	Physical Therapy	12 Phoenix Ct, Walkersville, Maryland
miss:not_in_candidates		S1-237623860	Swastik Industries LLP	574, 3Rd Floor Main Road, Chirag Delhi, New Delhi, South Delhi, Delhi	S3-289263711	Jaxevo	Delhi, 574, South Delhi, New Delhi, 3Rd Floor Main Road, Chirag Delhi
miss:assigned_elsewhere	5.766215743447233e-7	S1-148835926	Good Projects Pvt Ltd	Shop No. 8, Prince Complex, Ground Floor Khurram Nagar, Lucknow, Uttar Pradesh	S3-264602380	गुड प्रोजेक्ट्स प्रा. लि.	H.no 8, Lucknow, UP
miss:not_in_candidates		S1-550992288	Jay Foods Private Limited	18, Hargobind Enclave, Delhi	S2-786457551	जय फूड्स प्राइवेट लिमिटेड	Delhi, 18, HARGOBIND ENCLAVE
miss:not_in_candidates		S1-802453167	Indus Trading Company	Shop No. A-67, J.J. Colony Pankha Road Uttam Nagar, Delhi, West Delhi, Delhi	S3-743436359	Indus Tráding Co	
miss:not_in_candidates		S1-139710619	Mangal Traders LLP	4/55, Office No. 14 Victoria Building, Saraswati Marg, Wea, Karol Bagh, Delhi, Central Delhi, Delhi	S2-134369558	Sri Bríxhalo	4/55, CENTRAL DELHI, DELHI
miss:not_in_candidates		S1-257900181	Mahalaxmi & Associates	33, Tollygunge Circular Road, Kolkata, Kolkata, Howrah, West Bengal	S3-175302792	Mahalaxmi &	##33, Howrah, Kolkota, পশ্চিমবঙ্গ
miss:assigned_elsewhere	0.000027087540621944825	S1-940752224	Bharat Systems Private Limited	Kh.No.1000, Ground Floor, St. No 31, Jagatpur Ext, Vill Jagatpur, Landmark Jeevan Jyoti Public School, Delhi, North Delhi, Delhi	S3-186404829	Bharat Systems Private-Limited	Kh.no., Delhi, North Delhi, DL
miss:not_selected	0.30422106134827775	S1-896161281	Stenger Midwest Homes Inc	7215 Worley Avenue, Cleveland, OH	S2-168198714	STENGER MIDWEST HOMES INC	
miss:not_in_candidates		S1-727124698	Amalita M. Souffrant, DMD	5213 Palmer Drive, Haltom City, TX	S3-883056612	Xylolyra	Palmer Dr, <NULL>, Haltom City Township, Texas
miss:not_selected	0.3329661139838175	S1-590234952	Bk & Co	C/O Rajsaif Stouv Ind., Nr. Asian Paint, B/H Kasiram Textile, Daskroi, Ahmedabad, Gujarat	S2-201762211	Bk Co. +	
miss:not_in_candidates		S1-68770024	VGS Technology Corporation	Shakarpur, Delhi, Office No. T-1, S-521-522, School Block, Shakarpur, Delhi, East Delhi	S3-829994045	VG5 Technology Corporation	Office No. T-01, Shakarpur, East Delhi, DL
miss:not_in_candidates		S1-280544758	ZN Pan	Bloomington, MN, 1201 96th Street	S2-872312423	ZN-Center	201 96TH STREET, BLOOMINGTON, MN
miss:not_in_candidates		S1-483926539	Platinum Gaming Corp	528 Crestline Drive, Piggott, AR	S2-317977074	Platinum Gaming	
miss:not_in_candidates		S1-137807588	Abs Consultants	38/443, Radha Kaloni, Ghaziabad, Uttar Pradesh	S3-324432627	Abs Center	38/443, Ghaziabad, UP
miss:not_in_candidates		S1-178439419	Pediatric Dentistry Care Associates, Inc	6480 Busey Road, Pickerington, OH	S3-383143404	Pediatric Dentistry CARE Associates, INC	
miss:not_in_candidates		S1-704870039	Cardiology Mountain Specialists Co	408 Lamberton Drive, MD, Silver Spring	S2-53096223	Cardiology Mountain Co Specialists	
miss:not_selected	0.5291401669568656	S1-227519690	India Infracon Vinayak Limited	Bangalore, Ground Floor, 9Th Main Road, 1St Block Hrbr Layout, Kalyan Nagar, Karnataka, No 436	S2-95812331	India  Infracon Vinayak Limited	
miss:not_selected	0.6237022442947955	S1-426273433	Michel Angel Direct Global	2834 Endicott Avenue, Saint Louis, MO	S3-972064284	Miche1 Angbl Direct Global #78725	2834. Endicott Ave, Saint Louis, Missouri
miss:not_in_candidates		S1-750373303	Back Alley Bakery	4216 45th Street, Phoenix, AZ	S3-115999956	Back Amsye Bakery	##4515 45rd St, Arizona, Arcadia
miss:not_in_candidates		S1-868205467	Mumbai Swamy Pvt. Ltd.	1501, Floor 15Th, Plot 36D, Aditya Tower, Naushir Bharucha Marg, Khatauwadi, Grant Road, Mumbai, Maharashtra	S3-414953460	Mumbai Pvt. Ltd. (Service)	Block D-756 1501, Mumbai, Mumbai Ii, MH
miss:not_in_candidates		S1-720154116	Laxmi Trading Private Limited	30, Ishwar Nagar, Near Mathura Road, Delhi, South Delhi, Delhi	S3-569167034	लक्ष्मी ट्रेडिंग प्राइवेट लिमिटेड	30, Ishwar Nagar, Near Mathura Road, Delhi, South East, दिल्ली
miss:not_selected	0.12138583419313691	S1-517613359	Highland Coalition Inc	1131 1st Avenue, Ottawa, IL	S2-785831333	HIGHLAND INC  COALITION	
miss:assigned_elsewhere	0.30678125721392363	S1-389039589	Glyphola Universal Inc	6716 Gardenia Avenue, Broken Arrow, OK	S3-651102871	Glyphola Inc Partners	
miss:not_selected	0.4788639815736423	S1-327214783	Stellar Print (India) Care	Godrej Hill, Barave, Kalyan, Maharashtra, Flat No C 7/30, Thane	S2-504905306	STELLAR  PRINT	
miss:not_in_candidates		S1-534683120	Tiffie Robinson, DMD LP	126 Joyce Lane, Evensville, TN	S2-94370500	Tiffie Robinson, DMD-LLC	
miss:not_in_candidates		S1-192178126	Metropolitan Ford P.C.	40 Bellview Avenue, Unit APT 3A, Winchester City, VA	S3-166981456	Metropolitan Ford PC	
miss:not_in_candidates		S1-359283000	Silver Nails	1230 Jeffery Avenue, Kenai Peninsula Borough, AK	S3-422381883	Silver Naitfls	
miss:not_in_candidates		S1-908640383	Ucal Golden Limited	D-305, Imperial Heights, Tower - D 150 Ft. Ring Road, Opp. Big Bazar, Rajkot, Gujarat	S2-430578153	Synsolvera	D-305, RAJKOT, Gujarat
miss:not_in_candidates		S1-11242867	All Enterprises Pvt Ltd	Survey No. 395, Nr. Sanathal Railway Overbridge, Sarkhej - Bavla Road, Sarkhej, Ahmedabad, Gujarat	S2-334329866	ઓલ એન્ટરપ્રાઇઝિસ પ્રા. લિ.	SURVEY NO. 395, Gujarat, SARKHEJ, AHMEDABAD
miss:not_selected	0.23637703338982208	S1-937427941	Tous Beacon Edison LLC	246 Turner Street, San Benito, TX	S2-689149153	Cirakor	TURNER STREET, SAN BENITO, TX
miss:assigned_elsewhere	0.004579550385049826	S1-653378392	Golden Bistro	7610 Luce Solare Drive, Texas City, TX	S3-645471936	Golden Golden Bntslrot	
miss:not_in_candidates		S1-209983917	MR Abrasives Ltd	Tompe Nagart1, Chandur Bazar, Morshi, Amravati, C/O Rajendra Bhauraoji Kitukale, Maharashtra	S3-222803034	MR-Ltd Services	Block F-681 C/o Rajendra Bhauraoji Kitukale, Morshi, MH
miss:not_in_candidates		S1-839151516	Great International Pvt Ltd	704/60, South Delhi, Seventh Floor, 60, Skylark Building, New Delhi, Delhi	S2-53714540	M/s Great Íhterantonal Pvt Ltd	
miss:not_in_candidates		S1-926626195	Ridge Center Corp	4604 Innis Brook Drive, Springfield, IL	S3-188729611	Ridge Center  Corp	
miss:not_in_candidates		S1-792197046	Behavioral Health Best Care Associates PC	18014 School Street, Lansing, IL	S2-165490950	Behavioral Health Bt Care Associates PC	
miss:not_in_candidates		S1-539141174	Dynamic Consulting	Flno A 1, N 4, F 1, Cidco, Aurangabad, Maharashtra	S3-955911273	Dynamic (Consulting)	
miss:assigned_elsewhere	0.8506663845398144	S1-355895098	Blue Energy LLC	West Burlington, 11142 Timberlake Drive, IA	S2-356519820	BLUE  ENERGY	
miss:assigned_elsewhere	0.016120395148698324	S1-490951547	United Media Private Limited	O-11 2Nd Floor Amber Tower, Sansar Chand Road, Jaipur, Rajasthan	S3-998073180	United Media Private-Limited	
miss:assigned_elsewhere	0.046854738502062315	S1-542006533	Dermatology Empire Physicians Inc	181 Washington Street, Unit Unit 420, Conshohocken Borough, PA	S2-653345032	DERMATOLOGY EMPIRE Enterprises	
miss:assigned_elsewhere	0.000015091622542158112	S1-718650870	Shree Consultants Limited	6 Ram Vihar Colony, Ph 2, Deori Road, Agra, Uttar Pradesh	S3-498195737	श्री कंसल्टेंट्स लिमिटेड	Ram Vihar Coloyn, Agra, UP
miss:not_selected	0.3110752228650336	S1-465697360	Marshall Cantor L.L.C.	22208 2nd Street, Silverhill, AL	S3-723349572	MARSHALL CANTOR L.L.C.	
miss:not_in_candidates		S1-934128561	Hindustan Trading Ltd	Shivpuri Colony, Yamunapar, Laxmi Nagar, Mathura, Uttar Pradesh	S2-191905787	Hindustan Trading	
miss:not_selected	0.11462266013654296	S1-419620124	Regional Capital Partners, Inc	116 Puu Waa Waa Lane, Bastrop, TX	S3-254836281	Regional Capital Inc Partners,	
miss:not_in_candidates		S1-674308503	Ear Nose & Throat Sterling Medicine	677 Grenada Lane, Lusby, MD	S2-662967050	Ear Nose Nose & Medicine Sterling Throat	
miss:not_selected	0.46999235345660223	S1-241749341	Smart Agro Private Limited	C/O Rajagopal, Tank, Vailankanni, Kilvelur, Nagapattinam, Tamil Nadu	S2-907103037	RIZABELO	C/O RAJAGOPAL, NAGAPATTINAM, Tamil Nadu
miss:not_in_candidates		S1-348815115	Urology Group	2530 Hazelwood Street, Phoenix, AZ	S3-843830770	Urology [Group]	
miss:not_in_candidates		S1-836853166	Saint Baptist Church	189 Ball Street, Unit Apartment G1, Port Jervis, NY	S3-119841499	saint baptist church Trading	
miss:not_in_candidates		S1-926388419	Orthopedic Center Corp	8102 Moose River Road, Lyonsdale, NY	S2-750367662	Orthopedic Center Corporation	
miss:not_in_candidates		S1-433674174	Lotus Finance Private Limited	D-217, Shanti Shopping Center, Thane, Maharashtra	S3-17725930	Lotus Private Limited Services	D-217, Thane, MH
miss:not_in_candidates		S1-921019339	Colonial Mountain Affiliated	144 Ann Arbor, Edmond, OK	S3-306984028	Colonial Mountain	
miss:assigned_elsewhere	0.010214867262977677	S1-961013531	Uptown Book Store	3821 200, New Palestine, IN	S2-585761624	UPTOWN UPTOWN BOOK STORE	
miss:not_in_candidates		S1-373332616	Ainslee Schreck Popular	935 Hobart Avenue, Unit Unit 35, Corvallis, OR	S2-868851918	Ainslee Schreck	
miss:not_selected	0.10979359261723086	S1-125292511	Deor LLC	4237 A Ed George Road, AL, Semmes	S3-447848777	Deor Llc	
miss:not_in_candidates		S1-398819664	Hitech Ss Infra Pvt Ltd	26, Hill View, Port Trust Housing Colony Tirusoolam, Chennai, Kancheepuram, Tamil Nadu	S3-427809874	Hitech  Ss lnfra Pvt [Ltd]	026, Chennai, TN
miss:not_in_candidates		S1-412686749	Sindhu Accounting Private Limited	132, Gidc Opp Schutz Carbon, Kalol North Gujarat, Gandhinagar, Gandhi Nagar, Gujarat	S2-599689250	PYRAUMBRAONYX	DOOR NO 42  132, GANDHINAGAR, GANDHI NAGAR, Gujarat
miss:not_selected	0.10466693897438756	S1-774639565	Bhiwandi Marketing Private Limited	H. No. 2354/ Gala No. T-6, Gr.Flr Rajlaxmi Sulzar Park, Nashik Road, Sonal, E Village, Bhiwandi, Thane, Maharashtra	S3-510464080	Bhiwandi  Marketing Private Limited - 4371244681	#2349 Gala No. T-6, Gr.flr Rajlaxmi Sulzar Park, Nashik Road, Sonal, E Village, Bhiwandi, Thane, MH
miss:not_in_candidates		S1-741848305	Riva	622 Sophia Street, Midlothian, TX	S2-651445286	Riva Ltd	
miss:assigned_elsewhere	0.0007007143945271722	S1-16697914	Eastern Cascade Motors Ltd	1658 Lemar Drive, Wooster, OH	S3-929279663	Eastern Motors Ltd Services	
miss:not_in_candidates		S1-91846025	Dental Group	2579 Kimberly Parkway, Columbus, OH	S3-607591862	Dental LLC Trading	
miss:not_in_candidates		S1-309489678	Sai Industries Pvt Ltd	Plot No.B 159, S.No 111P1, Golden Green Ind. Park, Gondal, Rajkot, Gujarat	S2-829954043	Ltd Sai Pvt Partners	H.NO 462 PLOT NO.B 159, S.NO 111P1, GOLDEN GREEN IND. PARK, GONDAL, RAJKOT, Gujarat
miss:assigned_elsewhere	0.00005158707191986638	S1-743270553	Ss Producer	647, 35/29, 03Rd Floor, 11 Main Road, Jayanagar 5Th Block, Bangalore South, Bangalore, Karnataka	S3-252170524	ಎಸ್ಎಸ್ ಪ್ರೊಡ್ಯೂಸರ್	647, Bangalore South, KA
miss:not_in_candidates		S1-635911988	523 Highland Road Partners	254 Grant Avenue, Smithtown, NY	S3-303909640	523 Partners Road Highland	
miss:not_selected	0.36400073629599405	S1-157747730	Walker, Grove & Butz	3936 Aristotle Circle, Rancho Cordova, CA	S2-35904782	Walker,  Grove & Butz	
miss:not_in_candidates		S1-1842970	Ahmadabad City Chemicals Private Limited	14, F.F. Gayatri Krupa Flats, B/H. Fateh Nagar Police Chowky, Ahmadabad City, Ahmedabad, Gujarat	S2-387221539	XYLOLUMKOR	AHMEDABAD, 14, AHMADABAD CITY, Gujarat
miss:not_in_candidates		S1-21126463	Shree Infotech Private Limited	111, Lajpat Nagar, Hisar, Hisar, Hissar, Haryana	S3-695624309	श्री इंफोटेक प्राइवेट लिमिटेड	Hissar, HR, Hisar, Hn 8-313 111
miss:not_selected	0.29974435543557226	S1-186704713	Roopansh Alliance Private Limited	Vasanthanagar Kphb Colony, H.No.16-3-179, Telangana, Hyderabad, Plot.No226	S2-168129971	ROOPANSH AOLLDANE PRIVATE LIMITED	H.NO.16-3-17 , PLOT.NO226, VASANTHANAGAR KPHB COLONY, Telangana
miss:not_selected	0.014704527017368928	S1-198969575	Deepak & Brothers Private Limited	N. S. Road 2Nd Floor, 71C, Howrah, West Bengal, Kolkata	S3-544213870	Deepak & Brothers Private	WB, 7-1C, Calcutta, Howrah
miss:not_in_candidates		S1-641657253	Atlantic Commodities Inc.	Pilot Rock, OR, 40796 Mossie Road	S2-228766373	Atlantic Cómmodities	
miss:assigned_elsewhere	0.0001668576574861876	S1-939312801	Lakshmi Business Limited	D 59/ 235, N Na Nirala Nagar, Varanasi, Uttar Pradesh	S2-148998880	लक्ष्मी बिजनेस लिमिटेड	VARANASI, D 59/ 235, Uttar Pradesh
miss:not_selected	0.24579259233205633	S1-8782849	Complete National LLC	210 Cannon Street, IA, Paullina	S3-993962171	Complete National - 2916657699	208 Cannon St, Union Township, Iowa
miss:not_selected	0.14453337045104545	S1-428475559	He Properties Pvt. Ltd.	B-1302, Kingston Chs Ltd, Hiranandani Gardens Powai, Mumbai, Maharashtra	S2-25220243	He Properties Pvt. Ltd.	
miss:not_in_candidates		S1-550805692	Dynamic First Wholesale PC	9110 Gayle Dr, Louisville, KY	S3-488487361	Dynamic-Wholesale PC Service	
miss:not_in_candidates		S1-343651438	Bright Construction Private Limited	Plot No.4, Ane Salai, Iyyapanthangal, Chennai, Tamil Nadu	S3-683237336	Bright Construction Private	Door No 4, Chennai, TN
miss:not_in_candidates		S1-506840430	Office of Consumer Affairs	NC, 3855 Mock Road, High Point	S2-16469018	OFFICE  OF CONSUMER AFFAIRS	
miss:assigned_elsewhere	0.00018603305806382797	S1-357934919	Baba Constructions Corporation	1018, B/C/2, Nr.Veer Bhadra, Akhada Dawn, Bhavnagar, Gujarat	S2-682916603	bconstructions.com	BHAVNAGAR, 1018, BHAVNAGAR, Gujarat
miss:not_in_candidates		S1-647657312	SA Prairie Advisors	12308 Hardwick Rd, Woodland Hills, KY	S2-171287799	SA PRAIRIE	
miss:not_in_candidates		S1-921197839	Adi Engineering Private Limited	2B, West Palm Fairmont Gardens66 Mount Poonamallee High Road, Manapakkam, Chennai-89, Chennai, Tamil Nadu	S3-217331195	Adi Private Limited Services	H.no 265 2B, Chennai-89, Chennai, TN
miss:not_selected	0.5638690780066871	S1-830344941	JIJ Papad Private Limited	Plot No 11 Kh No 546 Sa, Ashraf Vihar Colony, Lucknow, Uttar Pradesh	S2-189913208	JIJ  Papad Private Limited	
miss:not_in_candidates		S1-409205816	Vanguard Realty LLC	304 7th Street, Unit 2, Millersburg, KY	S2-348082663	VANGUARD LLC SERVICES	304A SEVENTH STREET, MILLERSBURG, KY
miss:not_in_candidates		S1-796277501	Anant (India) Association Pvt Ltd	83/2/1 Topsia Road (S) Ground Floor, Kolkata, Howrah, West Bengal	S3-924746242	Anant (India) Pvt Ltd Partners	
miss:not_in_candidates		S1-246636474	Anand Ventures	B-806 Mondeal Heights, Ramdevnagar Satellite Ahmedabad, Ahmadabad City, Ahmedabad, Gujarat	S2-33354734	આનંદ વેન્ચર્સ	DOOR NO 67 B-806 MONDEAL HEIGHTS, AHMADABAD CITY, AHMEDABAD, Gujarat
miss:not_selected	0.6080733515310588	S1-598731069	Eye Partners-Dallas	TX, 5703 Hanover Avenue, Dallas	S3-473948057	Eye  Paotnners-aras	5703 Hanover Avenue, Dallas, Texas
miss:not_in_candidates		S1-773914143	Super Services	Sree Sailam, Valiyakulangara P.O, Mavelikara, Alappuzha, Kerala	S2-663381662	Super സർവീസസ്	
miss:not_selected	0.43456231490936614	S1-904649898	Mcghee & Alagna PC	IL, 116 Eastwood Avenue, Port Barrington	S3-767990013	Mcghee & Alagna	
miss:not_selected	0.6065790233713426	S1-9074502	Chiropractic Preferred Care Associates	Indianapolis, 3018 Villa Avenue, IN	S2-764538956	CHIROPRACTIC PREFERRED CARE ASSOCIATES	
miss:not_in_candidates		S1-884885056	Zenith Inc	38261 Oklahoma Hill Road, Deer River, MN	S3-813593141	Zenith Ínc	
miss:assigned_elsewhere	0.01813216786483558	S1-356843371	Sweet Tattoo Inc.	206 2nd Avenue, Browning, MT	S3-861060535	Sweet Tattoo Enterprises	
miss:assigned_elsewhere	0.9885332931359356	S1-386564437	Internal Medicine Liberty Clinic L.L.C.	11641 Midlothian Turnpike, VA, Chesterfield County	S3-804169580	Dovacalo	11641c Midlothian Tpke, Chesterfield County, Virginia
miss:assigned_elsewhere	0.00004054632655384382	S1-530834063	Sunrise Systems Private Limited	Shop No.1, P.N.10, Nemi Nagar Vistar, Jaipur, Rajasthan	S2-83836215	सनराइज सिस्टम्स प्राइवेट लिमिटेड	SHOP NO.2, JAIPUR, राजस्थान
miss:not_selected	0.369465257299819	S1-684930240	Ubiquitous Science Private Limited	1373 Rani Bagh Shakur Basti, New Delhi, North Delhi, Delhi	S3-836269528	Ubiquitous Private Limited Services	
miss:not_in_candidates		S1-141656624	Bangalore Estates Pvt. Ltd.	No. 1700, 19Th Main, 2Nd Sector, Hsr Layout, Bangalore, Karnataka	S3-329034851	Ltd. Bangalore Pvt. Center	No. 1700, Bangalore, KA
miss:not_in_candidates		S1-358560219	Foot & Ankle Integrated Health	7717 334th Avenue, Fall City, WA	S3-195168124	Foot + Alle Integrated [Health]	
miss:not_in_candidates		S1-346601531	Classic Builders LLP	C/O- Sri Saroj Kumar Das, Hig-S1/141, Bda Phase-Ii, Bhubaneswar, Khordha, Orissa	S3-33715557	Classic Builders	
