kind	p	s1	s1_name	s1_addr	q	q_name	q_addr
false_merge	0.8097884333099723	S1-972899746	Trim Traders Private Limited	Ugf, Freedom Fighters Enclave, Neb Sarai, New Delhi, Delhi, South West Delhi, D-80 & 79 Kh No.60	S3-323457729	TRIM TRADERS PRIVATE LIMITED	
false_merge	0.9692204526635567	S1-446392177	Cultural Program VI	466 146, Guilderland, NY	S3-27366609	Prógram Cultural BVI	466 146, Guilderland, New York
false_merge	0.7060378302874544	S1-121794941	Elysia's Therapy	Unit A9, Murfreesboro, 2961 Rutherford Boulevard, TN	S3-889603737	Elysia's Therapy (Corp.)	
false_merge	0.9377972850956857	S1-361295785	As Marketing Private Limited	C/O - Mamatarani Bharati, Plot No - 454, Tarini Temple Road, At-Bijayachandrapur, Atharabanki, Paradeep, Jagatsinghpur, Orissa	S3-724692098	As Marketing Limited	71 C/o - Mamatarani Bharati, Plot No - 454, Tarini Temple Road, At-bijayachandrapur, Atharabanki, Jagatsinghpur, OD
false_merge	0.9685456060499802	S1-526262271	Continental Network VI Inc	112 Coal Street, Marietta, IL	S3-253431026	Continental Network VK Ínc	112 Coal Street, Marietta, Illinois
false_merge	0.7901675795380351	S1-629601777	Realize Rentals Company	Ward 8, No 59/4, Suprabha, Nedumangad, Thiruvananthapuram, Trivandrum, Kerala	S3-787334262	Mr Realize Rentals	
false_merge	0.93107179496593	S1-635068586	Montan Pennantpark LLC	1408 Green Street, Edna, TX	S3-705888766	Montan  Pennantpark LLC	
false_merge	0.719175503178432	S1-377089629	Dj Group	2 B, Atharva Chambers, 55, Wakdewadi, Shivajinagar, Pune, Maharashtra	S3-69616219	DJ GROUP	
false_merge	0.7235615321250678	S1-552843282	Secure Latin	442 Fm 833, TX, Fairfield	S3-177173376	Secure Latin	
false_merge	0.7263547828576472	S1-338794194	Caldio Wellness	172 Salem Street, Unit 1, Boston, MA	S3-308309480	Caldioa Wellness	172 Salem Street, Massachusetts, Boston, Unit 1
false_merge	0.7985842628994653	S1-873951422	Primary Care Physicians Inc.	11901 Meadowgreen Street, Houston, TX	S2-82297332	primary care physicians inc	11902 MEADOWGREEN STREET, HOUSTON, TX
false_merge	0.9322832168920602	S1-911599720	Caldan Cms LLC	7533 Hedgington Drive, Memphis, TN	S2-845182545	KALDAN  CMS	7533 HEDGINGTON DR, TN, MEPMHIS
false_merge	0.9807531819925929	S1-986850359	Signature Choice Short	281 3100 Road, IL, Clifton	S2-835772148	Signature Short Choice Inc	28 3100 Rd, CLIFTON, IL
false_merge	0.9568773311303328	S1-664912249	Solio Minerals	2293 225, Washington, IN	S3-559926890	Solique Minerals	002293 225, Wasihngton, Indiana
false_merge	0.8929358413187115	S1-612577097	Cardiology Clinic LLC	3809 Hargis Street, Austin, TX	S2-590805854	cardiologyclinic.com	1216 1/2 BRAKR LN, ASTIN, TX
false_merge	0.974272738836366	S1-894071339	Olanay Care, Corp	104 Second Street, Mount Holly, NC	S2-604106086	Corp Olaniy Care,	104 2TH STREET, MOUNT HOLLY, NC
false_merge	0.8260891290415195	S1-978435811	Advanced Property Corporation	10394 1400 Boulevard, Mt Carmel, IL	S3-484617942	Advanced Property	
false_merge	0.9691948282737295	S1-538714098	Rohini (india) Private Limited	Savita Devi W/O Sajjan Singh V.P.O- Tint, District And Tehsil, Rewari, Haryana, Rewari, Haryana	S3-339458877	Rohini India Private Ltd	H.no 26 Savita Devi W/o Sajjan Singh V.p.o- Tint, Rewari, Haryana, हरियाणा
false_merge	0.9507584633201108	S1-69374164	KSB Investments LLC	629 E Breckinridge St, Louisville, KY	S2-271988049	KSJ INVESTMNTS [LLC]	LOUISVILLE, KY, 29 EAST BRECKINRIDGE ST
false_merge	0.9155008686211387	S1-680689354	Arseneau Xii, Inc	9 Parrish Road, Linden, TN	S3-908619228	dbiotech.com	9 Parrish Road, Linden, Tennessee
false_merge	0.8751403622400002	S1-125588592	Karveer Steels	Sonipat, G.T. Karnal Road, Opp. Parker Tower, Rasoi, C/O Rohtash, Haryana, Sonipat	S3-985350776	Karveer Steels-Co	
false_merge	0.7440638113091587	S1-953654345	Codex Emerge Pvt Ltd	12A, Minerva Industrial Estate, L.B.S Marg, Mulund West, Mumbai, Mumbai City, Maharashtra	S3-238105228	Smt CODEX EMERGE LTD	
false_merge	0.9435479478660835	S1-970326130	Blue Indo Enterprises	C/O Rajendra Kumar Jain, Ward No. 16, Gayatri Nagar, Sagar, Madhya Pradesh	S3-518968246	lfprivate.com	C/o Rajendra Kumar Jain, Ward No. 16, Gayatri Nagar, Sagar, मध्य प्रदेश
false_merge	0.948651480989016	S1-993685121	BQR Health Pvt Ltd	35, Green Park Society, Chorasi, Surat, Gujarat	S2-203249552	BQR Heaht Pvt Ltd	
false_merge	0.7108207469750639	S1-481587366	Laskowski Highview Care	201 New State Road, Manchester, CT	S2-786385213	Laskowski Center Highview	
false_merge	0.7323814367496261	S1-62590461	Digital International Private Limited	4/465-32, Thrissur, 3 Rd Floor Flamon Complex, Kuriachira, Kerala	S2-651844168	ഡിജിറ്റൽ ഇന്റർനാഷണൽ ലിമിറ്റഡ്	Kerala, THRISSUR, 465-37, THRISSUR
false_merge	0.860620623984571	S1-699787714	Surgical Health PLLC	270 78, Norris, IL	S3-972219490	Fayeumbra	Norris CITY, Illinois, PO Box 3151, 270 78
false_merge	1.0	S1-801676987	Rodriguez Black LLC	7709 Cedar Creek Lane, Charlotte, NC	S2-400498883	Rodriguez Westgate LLC Center	7730 CEDAR CREEK LN, CHARLOTTE, NC
false_merge	0.8172876412251897	S1-50404442	Blue Care Private Limited	217 Near Gurudwarav, Dheda, Ghaziabad, Uttar Pradesh	S2-852628207	ब्लू केयर फार्मेसी प्राइवेट लिमिटेड	H.NO 217 NEAR GURUDWARAV, GHAZIABAD, उत्तर प्रदेश
false_merge	0.7969236266624962	S1-199382759	Orbeon Iron Works	4008 130th Circle, Vancouver, WA	S3-251730332	ORBEAN IRON WORKS	4008-C 130th Cir, Vancouver, Washington
false_merge	0.8584778544874899	S1-275526442	Trudey's Iron Works	117 Donelson Pike, Unit 201, Nashville, TN	S2-801340524	Vioquojax	117 DONELSON PIKE, NASHVILLE, TN
false_merge	0.8072024243408504	S1-536715271	Sullivan Sterling Guggenheim LLC	141 Beacon Hill Drive, Dobbs Ferry, NY	S3-655230344	Sullivan Slterling Guggenheim LLC	
false_merge	0.999176776471355	S1-257654882	Montent Telefonica, LLC	130 Auringer Road, Constantia, NY	S3-917408706	Monntent Telefonica, LLC	130 Aruinger Rd, Constantia, New York
false_merge	0.8931824624957357	S1-386946251	Sims Metropolitan Safeguard LP	369 Hawthorne Street, Rialto, CA	S3-263698804	Sims Metropolitan Safeguard Incorporated	
false_merge	0.7324225809328216	S1-440570375	Brightelle Coca Group	2071 Elvira Way, Village Of Suamico, WI	S2-34694584	Brightelari Coca-Group	6072 ELVIRA WAY, VILLAGE OF SUAMICO, WI
false_merge	0.9989988463562114	S1-520893564	Anilya Infotainment Private Limited	D.No.20-2-74/24, Bhatluru Sattenapalli Mandal, Sattenapalli, Guntur, Andhra Pradesh	S2-748740509	Annilya Infotainment Private	D.NO.20-2-74/24, BHATLURU SATTENAPALLI MANDAL, SATTENAPALLI, Andhra Pradesh
false_merge	0.9109227158620202	S1-890169732	Centum Gases Private Limited	109-Esplanade Mansion, 1St Floor, Office No 15, 144, M. G.Road, Mumbai, Maharashtra	S3-754491564	CENTUM GASES PRIVATE LIMITED	
false_merge	0.9354090198510585	S1-608466242	Big 39 Nails	11485 Black Forest Drive, Sandy City, UT	S2-823838505	BIG  39 NAILS	
false_merge	0.9509505042299548	S1-423458311	Kanoria (India) Industries Private Limited	Bhagiyalakshmi Naga, Muthalipalayam, Arasur (Post), Mudalipal, Tamil Nadu, 1/235, Coimbatore	S3-181885093	Kanoria (India) Industries [Limited] [Limited]	Block G-166 1/239, Coimbatore, தமிழ்நாடு
false_merge	0.9371415679835322	S1-940293619	Custom Renewable	4125 336, Gainesville, TX	S3-424527687	Custom Renewable	
false_merge	0.8440059390042877	S1-447793473	Vaayuan Investment Private Limited	C/O Mahinga Singh Danewala Satkosi, Tehsil Abohar, Abohar, Firozpur, Punjab	S3-185544702	Vaayuin Investment Private Límited	#755- C/o Mahinga Singh Danewala Satkosi, Tehsil Abohar, Abohar, Firozpur, PB
false_merge	0.7973021907814071	S1-161795002	Free Engineering Private Limited	Dattasai Apartments, 101, Bhagyanagar Colony, Opp Kphb Colony, Hyderabad, Andhra Pradesh, Telangana	S3-80790593	Free Engineering Limited	H.no 2 Dattasai Apartments, Hyderabad, Andhra Pradesh, TG
false_merge	0.9434100776523695	S1-346135307	Elite Packaging	OH, 206 2nd Street, Stratton	S3-504676856	Elite Packaging	
false_merge	0.9943957137996825	S1-485982729	Olaniq Roofing LLC	3 Lawrence 434 Road, Unit Unit 1-6, Walnut Ridge, AR	S3-984423276	Ollaniq Roofing L.L.C.	6 Lawrence 434 Road, Unit Unit 1-6, Walnut Ridge, Arkansas
false_merge	0.8238903657229981	S1-469086957	Standard Charitable Trust	Plot No 240, H. No 1-10/2, Srinivasapuram, Padmavatipuram, Tiruchanur Road, Tirupati, Cuddapah, Andhra Pradesh	S3-488110154	Standard Charitable  Trust	
false_merge	0.9027900862053054	S1-589946095	CH India Private Limited	C/O Shri Sambhaji Keshavrao, At Post Lonal, Lonal, Mukhed, Nanded, Maharashtra	S2-286202979	ch india private limited	
false_merge	0.7525518307597294	S1-597928485	Nipun Software Private Limited	3Rd Floor, H.No-46, An Path, New Patliputra Colony, Phulwari, Patna, Bihar	S3-337436976	Nipun Software  Private Limited	
false_merge	0.7815343089787353	S1-333911984	Brigit's Federal Environmental Services	3301 Suffolk Road, City Of El Paso, TX	S2-916154350	BRIGIT'S FEDERAL  ENVIRONMENTAL SERVICES	
false_merge	0.7245425242484385	S1-657110369	Niky Spark Limited	Karnataka, Bangalore South, 3Rd Floor, Amr Complex, Mission Road, 76/1, Bangalore	S2-184193537	Nikky Limited Services	
false_merge	0.7625674061767364	S1-771781968	Anchor Business Laboratories	2370 Morrison Road, York, SC	S2-131442846	The Anchor Business Laboratories	
false_merge	0.9646368428796883	S1-747896102	Solent Technologies LLC	703 Stapley Drive, Mesa, AZ	S2-208527607	SOLENTYN TECHNOLOGIES  L.L.C.	703  STAPLEY DRIVE, MESA, AZ
false_merge	0.7510819838670993	S1-785349169	Punya Aqua	W-26/1804, Lodha Amara, Navi Mumbai, Thane, Maharashtra	S3-411855011	PUNYA SERVICES	W-26/1817, Thane, MH
false_merge	0.9277514463869717	S1-722724318	Fresh Education Enterprises LLC	26 Bayou Cove Circle, Mcgehee, AR	S3-682589320	The Fresh Education Enterprises LLC	
false_merge	0.9719864229889782	S1-644717336	Ghaziabad Trading Private Limited	2A/84, Flat No- F-2 Sunrise Apartments, Sector- 2A, Vaishali, Ghaziabad, Uttar Pradesh	S3-952048217	ghaziabadtradingcom	Plt No -02, Ghaziabad, Morta, उत्तर प्रदेश
false_merge	0.980401298701589	S1-845285986	Montify Productions LLC	485 Rainbow Street, Christiansburg Town, VA	S3-316049405	Montieon LLC Productions	485 Rainbow Street, Christiansburg Town, Virginia
false_merge	0.7879154603328483	S1-511515725	Belaus	32 Winterberry Way, Bedford, MA	S2-796452850	mkbay.com	32  WINTERBERRY WAY, BEDFORD, MA
false_merge	0.9216006399295724	S1-963670520	Sampark Solutions Private Limited	S No 23/2/2 Aundh Roadnear Bank Of Maharashtra Thergaon, Pune, Maharashtra	S3-264827351	Smt Sampark Solutions Limited	No. 503 S No 23/2/13 Aundh Roadnear Bank Of Maharashtra Thergaon, Pune, MH
false_merge	0.7745797093590958	S1-742288621	Honcho Foundation	1802, Floor-18, Plot- F P No.119, Harsh Vista, Lt Prakash Kotnis Marg, Mumbai, Maharashtra	S3-331412509	Honcho Foundation	
false_merge	0.8209642310111773	S1-872474399	Dupree, Mclean & Sells	705 Grindstone Hollow Road, Dickson, TN	S3-333463315	Dupree,-Mclean & Sells Inc	07 Grindstone Hollow Rd, Dickson, Tennessee
false_merge	0.9779424073558219	S1-309178711	Orban Bright LLC	1550 River Heritage Boulevard, Unit UNIT 301, Prince William County, VA	S3-762142820	Orbaex Bright L.L.C.	1550 River Heritage Boulevard, Unit UNIT 301, Dumfries, Virginia
false_merge	0.9367915149669203	S1-285158284	Devam Spun	4/100-A Perambalur Main Road, Veppanthattai, Trichy, Perambalur, Tamil Nadu	S2-748478649	Devvam Spun	4/102-A PERAMBALUR MAIN ROAD, VEPPANTHATTAI, TRICHY, தமிழ்நாடு
false_merge	0.7668407453498333	S1-591073288	Urgent Care Coastal Physicians Corporation	2947 Maple Place, Gresham, OR	S3-206678872	Urgent Care-Coastal Physicians (Corporation)	
false_merge	0.9839140589335943	S1-722368923	Varshora Global-Coimbatore South	Sf No.523/2, Udayampalayam Road, Nava India, Avinashi Road, Coimbatore South, Coimbatore, Tamil Nadu	S2-455296648	VARZHORA GLOBAL-COIMBATORE SOUTH	SF NO.523/2, UDAYAMPALAYAM ROAD, NAVA INDIA, AVINASHI ROAD, COIMBATORE SOUTH, Tamil Nadu
false_merge	0.9942225434988133	S1-470033177	Letta K. Covington, MD	502 Nebraska Avenue, Beckley, WV	S3-653802253	Letta K. C0vington, MDH	West Virginia, 502 Nebraska Ave, Beckley
false_merge	0.9395457840199732	S1-744646197	Connaught Communications Corp	E.C.S - 1634/11, 38, 34/11, 38Th A Cross, 8Th Blkjnr, Bangalore, Karnataka	S2-147376923	Ariacalo	HN 212  E.C.S - 1634/11, 38, 34/11, 38TH A CROSS, 8TH BLKJNR, BANGALORE, Karnataka
false_merge	0.9248041742296214	S1-336632522	Devam Wellness	616, Floor 6, Plot-213, Raheja Chambers, Free Press Journal Marg, Nariman Point, Mumbai, Mumbai City, Maharashtra	S2-26859657	Devvam Wellness	618, FLOOR 6, PLOT-213, RAHEJA CHAMBERS, FREE PRESS JOURNAL MARG, NARIMAN POINT, MUMBAI, Maharashtra
false_merge	0.9861609308218386	S1-438170178	Halcora Blackrock Partners	313 Terrace Court, City Of Edgerton, WI	S3-468178079	Halcorayn Blackrock Partners	313 Terrace Court, City Of Edgerton, Wisconsin
false_merge	0.9832883726715234	S1-948731278	Iveneus Lifesciences Group	1120 Milner Street, IA, Ottumwa	S3-846908559	Iveneas Group Lifesciences	PO Box 9285, ##1120 Milner Street, Iowa, Ottumwa Township
false_merge	0.7468236013469526	S1-437364749	Spam Consultants LLP	Plot No. 149, Khata No. 596 Rudrapur, Bhubaneswar, Khordha, Orissa	S2-633742576	Spam Consultants LLP	
false_merge	0.9254416061105001	S1-592032552	Bharat Exports Private Limited	House No 54 Gali No 2, New Bharat Colony Part 1, Opposite Amolic Heights, Sector 88, Old Faridabad, Faridabad, Haryana	S3-619786627	Ariaveo	House No 54 Gali No 2, New Bharat Colony Part 1, Opposite Amolic Heights, Sector 88, Old Faridabad, Faridabad, Haryana
false_merge	0.8945951507790451	S1-79892792	Midwest League II	5072 Reynosa Drive, Fl 0, Saint Louis, MO	S3-304758147	Midwest League III Authority	
false_merge	0.7280940321823237	S1-749122411	Jay Services Private Limited	House No. 695, First Floor, Sector - 54, Mohali, Punjab	S2-225372652	JAY  LIMITED SERVICES	PLOT NO-403 SECTOR-82, IDNUSTRIAL AREA, MOHALI, Punjab
false_merge	0.987665389207508	S1-978369253	Peggi N. Edwards, DO Partners	Henrico County, 1007 Orchard Road, VA	S2-19500728	Edwards, N. Peggi CO Partners	1007 ORCHARD RD, RICHMOND, VA
false_merge	0.9313662291079071	S1-885807826	Fuller Holdings	221 Pine Street, Belmont, NC	S3-428182025	Crews Holdings Partners	221 Pine St, Belmont, North Carolina
false_merge	0.9906256638476065	S1-99902905	Szatkowski Crystal First PC	3530 Val Vista Drive, Unit 202, Gilbert, AZ	S3-634461484	Szatkowski Szatkowski Crystal Fifth	3530 Val Vista Drive, # 202, Gilbert, Arizona
false_merge	0.9038401129186738	S1-993134253	Raviam Technologies Pvt. Ltd.	13/2 House No 519Shitole Nagar Sangavi, Maharashtra, Pune	S2-491143046	Pvt. Ravviam Technologies Ltd.	DOOR NO 13/5 HOUSE NO 519SHITOLE NAGAR SANGAVI, PUNE, Maharashtra
false_merge	0.9973711753307063	S1-29795083	Lyrify Robinhood PC	7148 Calla Pass, City Of Middleton, WI	S3-149509973	Lyrrify Robinhood  PC	7148 Calla Pass, Wisconsin, City Of Middleton
false_merge	0.7440080241086664	S1-774127903	Aditya Infrastructure Private Limited	C/O-Rajesh Kumar Sureka, Agamkuan, Sandalpur, Shitla Nagar, Nalapar, Patna, Bihar	S2-830161060	Sri Aditya Infrastructure Limited	Bihar, NO 33 C/O-RAJESH KUMAR SUREKA, AGAMKUAN, SANDALPUR, SHITLA NAGAR, NALAPAR, PATNA
false_merge	0.9401538053180696	S1-669002772	Nexium Starry LLC	835 Millers Lane, Goochland County, VA	S3-697166901	L.L.C. Neksium Starry	835 Millers Ln, Manakin Sabot, Virginia
false_merge	0.7026605989541447	S1-590976785	661 Lake Realty Ltd	78 Marcus Berry Lane, Tiptonville, TN	S2-717221480	661 Lake Ltd Realty	
false_merge	0.9997885780402428	S1-281067481	Pranendra Construction Private Limited	499/3 Kavika Layout, Bapuji Nagar, Bangalore South, Bangalore, Karnataka	S2-289608760	Prranendra Construction Private Limited	DOOR NO 499/3 KAVIKA LAYOUT, BAPUJI NAGAR, BANGALORE SOUTH, Karnataka
false_merge	0.929446388855797	S1-95169266	Orion Inc	3010 Harrison Street, Kansas City, MO	S2-928572539	ORION INC. INC.	5828 HARRISON ST, KANSAS CITY, MO
false_merge	0.998994550958352	S1-838290334	Maa Dynamic Trading Private Limited	14/1, 1St Main Road, Rajajinagar, Bangalore North, Bangalore, Karnataka	S2-469448833	ಮಾ ಡೈನಾಮಿಕ್ ಟ್ರೇಡಿಂಗ್ ಲಿಮಿಟೆಡ್	14/1, 1ST MAIN ROAD, RAJAJINAGAR, BANGALORE NORTH, <NULL>, Karnataka
false_merge	0.8262963644481315	S1-511993793	Roy Patriot Invest, LLC	2934 Lilly Drive, Lima, OH	S3-993475660	Roy Patriot Inires,t LLC	
false_merge	0.8863862764518062	S1-759503101	SC Drugs Private Limited	Plot No 63/12 1St Floor, Blk- B, Rama Road, Najafgarh Road, Delhi Industrial Area, New Delhi, West Delhi, Delhi	S2-475112379	GC Drugs Private Limited	63/12  1ST FLOOR, BLK- B, RAMA ROAD, NAJAFGARH ROAD, DELHI INDUSTRIAL AREA, NEW DELHI, Delhi
false_merge	0.8757075006392264	S1-442805539	Raj Projects Limited	No 45, Tamil Nadu, Century Towers, 3Rd Floor, Near Gp Hospital, Gandhipuram, Chennai, Coimbatore	S3-627084573	ராஜ் புராஜெக்ட்ஸ் பிரைவேட் லிமிடெட்	No 49, Century Towers, 3Rd Floor, Near Gp Hospital, Gandhipuram, Coimbatore, Chennai, TN
false_merge	0.8410170656774524	S1-639688322	Glyphora Athene LLC	292 Straw Hill Road, Barton, NY	S3-352386888	Glyphoade Athene  LLC	30 Straw Hill Road, Barton, New York
false_merge	0.7576096373191215	S1-479422824	Lianne Zachary Custom Laboratories	13462 167th Street, Homer Glen, IL	S3-925161824	Lianne Zachary Custom Laboratories	
false_merge	0.8549633049542398	S1-560165273	Mumbai Bellows Private Limited	Maharashtra, Bharat Diamond Bourse, G Block, Bandra Kurla Complex, Bandra (E), Gw 4010, Mumbai, Mumbai City	S2-982202092	Mumbai Belers Private Limited	
false_merge	0.9996999187787047	S1-814325390	Orbent Canadian Inc	TN, 2600 Peabody Court, Williamson County	S3-291346068	Orrbent Canadian	Tennessee, 2600 Peabody Court, Williamson County
false_merge	0.8205929821147327	S1-764053328	Osman, Maryjane, DMD	2683 Ridge Lane, Sun Valley, ID	S2-474722696	Osman, DMD Maryjane,	
false_merge	0.8811548644826628	S1-726941762	Turnaround Components Private Limited	Brahmanagar, 1St Lane, Berhampur, Ganjam, Orissa	S2-171779175	Turnaround Commoditiesprivate Private (Limited) (ID: 53371)	Orissa, #22 BRAHMANAGAR, 1ST LANE, BERHMMPUR
false_merge	0.8681926865326288	S1-35086208	Brightyx Infrastructure Associates	13754 Camino Cinco, Victorville, CA	S3-446320551	Brightyxa Infrastructure	California, Victorville, 13754 Camino Cinco
false_merge	0.7616815369823404	S1-56664086	Olanay Catering	172 Royal Star Way, Garner, NC	S3-590092272	Olanay Catering	
false_merge	0.741307278750506	S1-933851142	Sides Mountain Ampercap LLC	129 Stanley Street, Bellefontaine, OH	S3-384174252	Sides Mountain Ampercap Ce	
false_merge	0.8813231036531587	S1-954455974	Complete Market Inc.	134 Irving Avenue, Salina, NY	S2-709733148	Complete Market Inc	137. IRVING AVENUE, SALINA, NY
false_merge	0.8964672248257365	S1-178981023	Kestara Fannie Inc	31607 Mitchell Creek Road, Brighton, IL	S3-915902473	Kestari Fannie Inc	Illinois, 31607 Mitchell Creek Rd, Brighton
false_merge	0.8975157982395996	S1-290535683	Peridic Gss	2888 Park Ridge Boulevard, SC, Rock Hill	S2-625542032	Peridant Gss	2888 Park Ridge Boulevard, ROCK HILL, SC
false_merge	0.856660737417312	S1-899916290	Richardson Ace Webster	957 58, Edwards, NY	S3-45477554	Miraevo	957 58, Edwards, NY
false_merge	0.7414629106122531	S1-545127953	Anchor Staffing Union Inc.	6889 Dayton Liberty Road, Dayton, OH	S3-924558945	Anchor Staffing Union L.L.C.	
false_merge	0.9312167707743764	S1-172395623	Value Wellness Global	2941 Mountain Park Road, Show Low, AZ	S3-11273105	Value Wellness Global LP	
false_merge	0.936983096635576	S1-905105812	Atlantic Great Boral Inc.	709 B Cavalry Court, Taos, NM	S2-913720208	ATLANTIC GREAT BORAL-INC.	
false_merge	0.9876393180608884	S1-87491245	Suryaendra Advisory	54/4C, Stand Road, 1St Floor, Kolkata, Kolkata, Howrah, West Bengal	S3-604019799	Suryaendique Advisory	054/4C, Stand Road, 1St Floor, Kolkata, Howrah, Kolkata, WB
false_merge	0.9936435046369497	S1-771146286	NS Project Corp	Anchor 202, 2Nd Floor, D-Mall, Netaji Subhash Place, New Delhi, East Delhi, Delhi	S3-624899356	NS  Project Limited	202, East Delhi, DL
false_merge	0.8028355732646812	S1-56936194	MKZ Foundation Private Limited	A-F2 Guru Apt, 7Th St, Sudharsan Nagar, Tambaram, Kanchipuram, Tamil Nadu	S2-929313955	MKZ Foundation  Private Ltd	
false_merge	0.9761852327065751	S1-530266603	Zappia Blue Colombier Inc.	TX, 6267 Road 3540, Cleveland	S2-948648711	Inc. Zappia Blue Colombier	270 ROAD 3540, CELVELAND, TX
false_merge	0.7910085859411425	S1-867623651	Liberty Keen	17800 Sandlake Road, Sandlake, OR	S3-474713365	Liberty Keen	
false_merge	0.820682123488653	S1-600460573	Eye Summit Specialists Inc.	45 Elm Street, Lynn, MA	S2-852495658	Casiahe Inc	45 ELM STREET, MA, SOMERVILLE
false_merge	0.9485748143909478	S1-87646587	South Solutions LLP	16/1E, 16/1L, Anjikkath Arcade, Sea [Port- Air Port Road, Vadakode P.O., Kalamasserry, Kerala	S3-166964949	Haloquo	16/1E, 16/1L, Anjikkath Arcade, Sea [Port- Air Port Road, Vadakode P.O., Kalamasserry, Kerala
false_merge	0.9912454214273602	S1-889622791	Premier City	OK, Muskogee, 424 Trenton Road	S2-444164849	Premier City LLC	42 TRENTON ROAD, MUSKOGEE, OK
false_merge	0.9910112754390233	S1-301895087	Montyx Yhn	1040 Wake Towne Drive, Unit 417, Raleigh, NC	S3-429885281	Mantyx Yhn	1040. Wake Towne Drive, Unit 417, Raleigh Township, North Carolina
false_merge	0.9557215403451907	S1-926643180	Brightify Shore Care	WA, 33480 38th Avenue, Federal Way	S2-362057236	Brrightify Cer Shore	WA, FEDERAL WAY, 33482 38TH AVE
false_merge	0.8737999938816021	S1-923168507	Sarasaksh Circles Private Limited	5122, 12Th Floor, Tower No-05 Ats Kocoon, Sector 109, Gurgaon, Haryana	S3-791733892	Sarasaksha Circles	Plot 897 5122, Gurgaon, HR
false_merge	0.9305885589963967	S1-707486456	Sarasiya Software Limited	Bhubaneswar, Plot No. 3035, Orissa, Near Saptasati Mandir, Rasulgarh, Bhubaneswar, Orissa, Khordha	S3-755151002	Limited Saraziya Software	Door No 3035, Bhubaneswar, Khordha, Orissa
false_merge	0.9057672682280644	S1-493270151	Ashlee Limbach, D.O.	275 Wyoming Street, Saint Paul, MN	S2-57539109	Ashlee  Limbach, D.O.	
false_merge	0.9777801472422106	S1-367817510	Clyent Fields L.L.C.	130 Demont Avenue, Unit Unit 140, Little Canada, MN	S3-85860092	Clyont Fields Fields LLC	130 Demont Ave, # Unit 140, Saint Paul, Minnesota
false_merge	0.9199526953234912	S1-517862708	Rrs Institute of Technology	Plot No 196 & 197, Flat 201, Jyothirmoy Residency, Anjenaya Nagar, Kukatpally, Hyderabad, Rangareddy, Telangana	S2-615501238	Rss Institute of Technology LLP	
false_merge	0.9261694268433199	S1-889745906	Namma Recruiters Private Limited	1-396, Gudur, Spsr Nellore (D.T), Gudur, Nellore, Andhra Pradesh	S2-484044662	M/s Namma Recruiters Limited	4-1-403, GUDUT, SPSR NELLORE (D.T), GUDUR, Andhra Pradesh
false_merge	0.7863561614546359	S1-167670511	Dental Frontier Health	1137 27th Street, Newport News City, VA	S3-453245597	Dental Frontier Health  Co	
false_merge	0.9305181353338086	S1-218714771	Rion Willow L.L.C.	104 Talquin Court, Dothan, AL	S3-154914135	Rion Wilrlhow LLC LLC	
false_merge	0.7507334838080337	S1-786547977	Prime Metro Onfolio LLC	UT, 882 Foxboro Drive, City Of North Salt Lake, Unit C201	S3-733090778	Prime Metro Onfolio Llc	
false_merge	0.8834758466344067	S1-10302786	Aarvansh Solutions	1 Sanjana Park, Bicholi Mardana Road, Indore, Madhya Pradesh, Indore, The Agrawal Corporate House	S3-92650298	aarvanzh solutions solutions	MP, 1 Sanjana Park, Bicholi Mardana Road, Indore, The Agrawal Corporate House
false_merge	0.7152667589325984	S1-793538970	Southern Workshop LLC	1022 Arbor Street, Omaha, NE	S3-993864528	Southern Workshop Llc	
false_merge	0.9676843368040783	S1-647621201	Lyrola White LLC	16631 El Lago Boulevard, Unit 213, Fountain Hills, AZ	S2-756577337	LYROYX WHITE L.L.C.	FOUNTAIN HILLS, 16631 El Lago Blvd, AZ
false_merge	0.7861076604801256	S1-455655008	Prime Northland, LLC	7840 Abundance Avenue, Houston, TX	S3-723090440	Prime LLC Northland	
false_merge	0.9478409750762756	S1-288058001	Solutions Krishnas Growers Limited	1-106 Vemulapalli Street, Paipula Rd Lane-6, Vijayawada (Urban), Krishna, Andhra Pradesh	S3-200642980	Solutions Krishnas	1-117 Vemulapalli Street, Paipula Rd Lane-6, Krishna, AP
false_merge	0.9283386455329574	S1-201996681	Pune Pharmaceuticals Private Limited	1St Floor, Shangrila Garden, C Wing, Bund Garden Road, Pune, Maharashtra	S3-887907714	Dovamiranexio	1St Floor, Shangrila Garden, C Wing, Bund Garden Road, Pune, Maharashtra
false_merge	0.9211504762121082	S1-677689358	Threesixty Estates Corporation	New Delhi, F-228 Ground Floor Lado Sarai New Delhi, Delhi	S2-421700872	Threesixty  Multi	F-228 GROUND FLOOR LADO SARAI NEW DELHI, NEW DELHI, दिल्ली
false_merge	0.7146445461553591	S1-126347634	Select Bay World	842 Howell Street, Saint Paul, MN	S2-250628666	Select Bay World Co	
false_merge	0.9445605104098699	S1-142668758	Cornerstone Staffing Solutions, LLC	4814 139th Avenue, Omaha, NE	S3-582289173	Nextavopyra	4814 139th Ave, Ommaha, Nebraska
false_merge	0.8843625403888333	S1-346234722	Vanguard Transit Brands LLC	30 Ridge Square, Unit 811, Washington, DC	S3-744589876	Vanguard Trtánsit Brands	
false_merge	0.7288858454533357	S1-803608344	Ivenova Telecommunication	16830 Rankin Avenue, Dunlap, TN	S2-19189243	IVENOVI CENTER	016830 RANKIN AVE, DUNLAP, TN
false_merge	0.7482954865081574	S1-942369055	India Vivek Holding Private Limited	4 Batteary Lane Rajpur Road Civil Lane, New Delhi, North Delhi, Delhi	S2-247921859	India Vivek Holding Private	
false_merge	0.8489134649638604	S1-416619259	PQ Metro Futurecorp Inc.	120 Kaufman Road, Somerset, MA	S3-158608328	PQ Metro Fúturecorp Inc	PO Box 3782, Somerset, Massachusetts, 0127 Kaufman Rd
false_merge	0.8113733765100359	S1-496761025	Jaipur Vizag LLP	C/Omnit Innovation And Incubation Centre (Miic) J L N Marg, Jaipur, Rajasthan	S2-936538697	jaipur vizag ltd	
false_merge	0.7318273518434727	S1-474281877	St. Community Church	419 Achievement Drive, Nashville, TN	S3-78005696	Rizamiravera	517 Achievement Drive, # B, Nashville, Tennessee
false_merge	0.7662640969622252	S1-271805469	Industrial Mortgage Global Associates	8355 Fairmount Avenue, Fl 1, Scottsdale, AZ	S2-963835301	Vantagefluxavi	SCOTTSDALE, AZ, 8355 FAIRMOUNT AVENUE
false_merge	0.7633024573855656	S1-439550886	3675 Church Lane Owners Corp LLC	847 Steer Creek Road, Tellico Plains, TN	S2-173002292	3675 Church Lane Owners Corp	85 Steer Creek Road, TELLICO PLAINS, TN
false_merge	0.7847804591783587	S1-494550645	Imminent Fund Private Limited	Sy No.339&340, P.No.415, Csk Green Villas, Farooqnagar, Mahabub Nagar, Telangana	S3-857362770	Imminent Fund Private  Limited	
false_merge	0.949646712629107	S1-425074007	France International	Virginia Beach City, VA, 1300 -101 Pine Cone Circle	S2-876840653	France International Ltd	1300 -106 PINE CONE CIR, VIRGINIABEACH, VA
false_merge	0.9793107133084987	S1-533711215	Ear Nose & Throat Associates, LLC	OH, 6084 Avon Belden Road, North Ridgeville	S3-721449971	earnosethroat.com	Ohio, Columbus, Belden Rd
false_merge	0.9411368098422923	S1-736210234	Supreme Media Private Limited	Dwarka Vedmani, Ad-169, Sector-1, Kolkata, Kolkata, Howrah, West Bengal	S2-367778976	Supreme Media Limited	NO G-18 DWARKA VEDMANI, AD-169, SECOTR-1, KOLKATA, KOLKATA, পশ্চিমবঙ্গ
false_merge	0.7209415606327557	S1-170119256	Halceon Electric	65 Princeton Street, Unit 522, Chelmsford, MA	S2-886097406	HALCEONYN  ELECTRIC	65 PRICETON STREET, CHELMSFORD, MA
false_merge	0.9670400175209404	S1-948423322	Burnside Rivernorth LLC	211 Lafayette Road, Unit Apartment 317, Syracuse, NY	S2-686941137	Burns Rivernorth LLC	22 LAFAYETTE ROAD, SYRACUSE, NY
false_merge	0.9592512292741322	S1-557103406	Clyos Atlanta LLC	180 300, Unit 248, Salt Lake City, UT	S3-522343968	Klyos  Atlanta	180 300, # 248, Salt Lake City, Utah
false_merge	0.8598564396487893	S1-96465019	Calday Electricity Care	91 Sankaty Road, Nantucket, MA	S2-315472015	KALDAY CARE ELECTRICITY	91 SANKATY ROAD, NANTUCKET, MA
false_merge	0.745661591899169	S1-761068828	Vaix Desert Medicines	Unit 17, Crossville, TN, 77 Cross Creek Place	S2-109293011	Vaix Desert Miines	
false_merge	0.9174384001005552	S1-68947826	Krc Millet Private Limited	246, Ground Floor, Jagriti Enclave, New Delhi, East Delhi, Delhi	S3-281937780	Krc Millet Piltae Limited	
false_merge	0.8630851248969522	S1-579204684	Copple Motors LLC	OK, Broken Arrow, 3516 Aurora Street	S3-166791312	Connell Moirs LLC	3516 1/2 Aurora St, Broken Arrow, Oklahoma
false_merge	0.7907284832680822	S1-597165094	Copper India Private Limited	Sunrice Greens Mig - 805, Adarshpally Road, Newtown, Kolkata, Kolkata, Howrah, West Bengal	S3-886731693	Copper (India)	Sunrice Greens Mig - 809, Kolkata, WB
false_merge	0.9646378921284868	S1-542227129	Tech Services Private Limited	Flat No.201, Narsi Greens, Plot No.78, Tngos Colony-I, Behind Q City Road, Manikonda Jagir, Financial Dirstrict, Seri Lingampally, K.V.Rangareddy, Telangana	S3-69813270	Tech Private Limited (Services)	H.no 201, Delhi, North West Delhi, DL
false_merge	0.8150995109009095	S1-366015434	MQ Bright LLC	18665 State Route 141, Sturgis, KY	S2-624028883	HQ BRIGHT	1866 STATE ROUTE 141, STURGI SCDP, KY
false_merge	0.999241737980608	S1-80792559	Lumova Keystone LLC	13581 Colorado Road, Pinon Hills, CA	S3-425828282	Lummova Keystone Keystone Llc	California, Piñon Hills, 13581 Colorado Rd
false_merge	0.9749349057775888	S1-923245408	North Southern Industries LLP	Shop No.10, Tanwar Tower, Chs Ltd, Deepak Hspt Rd, Vasai, Thane, Maharashtra	S2-279674120	Rizaariaevo	VASAI, SHOP NO.G-10, THANE, Maharashtra, TANWAR TOWER, CHS LTD, DEEPAK HSPT RD
false_merge	0.960084123047581	S1-192306698	Noveus Ridge LLC	11230 162nd Street, Douglas County, NE	S2-191400769	Noveuz Ridge LLC	11230B 162th Street, DOUGLAS COUNTY, NE
false_merge	0.9998420427873065	S1-325487512	Lyrara Transportation LLC	252 Buckshollow Road, Carmel, NY	S3-264910328	Lyrrara Transportation  LLC	252 Buckshollow Rd, Mahopac ICTY, New York
false_merge	0.848905350167556	S1-167709579	MY Heights Private Limited	21/7, Girija Nagar West, Redhills Road, Kolathur, Ambattur, Tiruvallur, Tamil Nadu	S3-210235241	AY Heights Private Limited	21/7, Girija Nagar West, Redhills Road, Kolathur, Tiruvallur, Ambattur, TN
false_merge	0.9389978496966006	S1-118090769	Jarlan Prudential Associates	4196 50, Chinquapin, NC	S2-85552910	Jarlanyn Prudential Associates Ltd - 4042599866	4196 50, CHINQUAPIN, NC
false_merge	0.9072169380641574	S1-24260848	Sgp Trading Private Limited	'' Orbit Avenue'', Old No - 128, New Number - 180, Thirugnanasambandar Road, Race Course, Coimbatore, Tamil Nadu	S2-523911738	Sgp Trading Limited	தமிழ்நாடு, H.NO 30 '' ORBIT AVENUE'', OLD NO - 128, NEW NUMBER - 180, THIRUGNANASAMBANDAR ROAD, RACE COURSE
false_merge	0.8749684803695443	S1-865596274	Christensen Safe Drilling	635 Ocean Avenue, New London, CT	S3-683300491	Christensen Safe-Drilling	
false_merge	0.9441053335611775	S1-170803698	Durgapur Mc Services LLP	C/Okrishnendukarmakar, College More, House No4734, Durgapur Mc, Bardhaman, West Bengal	S3-483709534	Durgapur Mc Co Services	WB, Durgapur Mc, Bardhaman, C/o R K Bhattad
false_merge	0.9692615477500363	S1-872040939	Marget Rivera Dynamic Paloma	Portland, OR, 512 60th Avenue	S2-310746006	Marget Rivera Dynamic Services	514 60TH AVE, PORTLAND, OR
false_merge	0.7157213348949286	S1-444571411	Schuster Colonial House Inc.	18816 258th Avenue, Maple Valley, WA	S3-728882989	Schuster Colonial Hdouose Inc	
false_merge	0.8321040538735698	S1-372411159	Chandrika Extraction Private Limited	A 603, Magnum, Vasant Marvel, Off Western Express Near Magathane Telephone Exchange, Boriv, Ali, (E), Mumbai, Maharashtra	S3-795507944	Chandriora Extraction Private Ltd	A 6-03, Magnum, Vasant Marvel, Off Western Express Near Magathane Telephone Exchange, Boriv, Ali, Mumbai, (E), महाराष्ट्र
false_merge	0.7133873853765624	S1-159777170	Heartland Specialty	Rialto, CA, 1385 Wedgewood Street	S2-373283111	Heartland Specialty Inc	
false_merge	0.9968345892742533	S1-316812990	Jarlon Neurosciences	7706 11th Avenue, Seattle, WA	S3-668040964	Jarlant  Neurosciences	7706. Eleventh Ave, Setatle, Washington
false_merge	0.943105296576036	S1-734388321	Mcclure, Sonya, DPM	NC, 19 Shomee Lane, Alexander	S2-311522937	Mcclure, Sonya, DPMB	19 SHOMEE LN, ALEXANDER, NC
false_merge	0.9468620584509112	S1-463314907	Midwest Project VI Inc	1212 Bragg Street, Montgomery, AL	S3-532811134	Midwest Project VIZ VIZ Inc	1212 Bragg Street, Montgomey, Alabama
false_merge	0.9403476011318685	S1-967383530	Meeniya Industries Pvt. Ltd.	No.2 Survey No. 49/1 & 49/3, A M Industrial Area Hongasandra Village, Begur Hobli, Banglaore, Bangalore, Karnataka	S3-968641471	meenniya industries pvt. ltd.	No.6 Survey No. 49/1 & 49/3, Bangalore, Bengaluru Urban, KA
false_merge	0.7273931584711375	S1-37999517	Urban Systems Private Limited	Airindia Building, 14Th Floor Nariman Point, Mumbai, Maharashtra	S3-469963267	Urban Systems Limited	H.no 59 Airindia Building, 14Th Floor Nariman Point, Mumbai, महाराष्ट्र
false_merge	0.9514265895168398	S1-962874463	Kritansh Power Limited	Tower-3, Flat No-184, Pebble Bay, 1St Main Road, Rmv 2Nd Stage, Nti Layout, Bangalore, Karnataka	S2-228818885	Critansh Power Limited	TOWER-3, FLAT NO-184, PEBBLE BAY, 1ST MAIN ROAD, RMV 2ND STAGE, NTI LAYOUT, BANGALORE, Karnataka
false_merge	0.7234694108367888	S1-274881332	3 18 Financial	2297 New Glendale Road, Elizabethtown, KY	S3-292676761	3 18 financial	
false_merge	0.9222333289007486	S1-260271086	Shalimar (India) Producer Co	The Visvas Nagri Sah Patsanstan Ltd Mhaisal Ves Vakhar Bhag Miraj San, Gli, Miraj, Sangli, Maharashtra	S2-763491127	Shalimar (Idoia) Service Co	Maharashtra, THE VISVAS NAGRI SAH PATSANSTAN LTD MHAISAL VES VAKHAR BHAG MIRAJ SAN, GLI, MIRAJ
false_merge	0.8340239375000008	S1-75712662	Crystal Catalyst Huntington	121 Midvale Drive, Huntington, WV	S2-83754159	Crystal Catalyst Huntington Inc	12 MIDVALE DR, HUNTINGTON, WV
false_merge	0.7907965533230689	S1-26266123	U G & U Blue LLC	598 Norfolk Street, Abingdon Town, VA	S3-63726684	U G + U [(Blue)]	
false_merge	0.9012598219221066	S1-525804527	Gold Tech Private Limited	3A/205, 3A/205A, Azad Nagar, Nawabganj, Kanpur Nagar, Uttar Pradesh	S2-129587314	M/s Gold Tech Limited	#523 3A/216, 3A/205A, AZAD NAGAR, NAWABGANJ, <NULL>, Uttar Pradesh
false_merge	0.7223055885695008	S1-800994173	Horizon Innovative All Inc	Unit A, MD, 1951 Edgewater Drive, Edgewood	S3-123737255	Horizon Innovative  All (Inc)	
false_merge	0.8199028755595839	S1-575762267	Lotus Exports Private Limited	Exim Chambers, Unit No 6, Building No 18 Samhita Complex, Andheri Kurla Road, Sak, Inaka, Mumbai, Maharashtra	S2-826196737	LOTUS EXPORTS LIMITED	H.NO 11 EXIM CHAMBERS, UNIT NO 6, BUILDING NO 18 SAMHITA COMPLEX, ANDHERI KURLA ROAD, SAK, INAKA, Maharashtra
false_merge	0.8665957525232431	S1-461922697	Butler, Locascio & Abreu LLC	27200 171st Lane, Surprise, AZ	S3-166646188	Butler, Locascio & Ábreu LLC	
false_merge	0.9914139197320752	S1-736489866	Taraya Care	Hyderabad, Medchal Malakjgiri District, Flat No 301, Doolapally Dundigal- Gandimaisamma Mandal, Sanjanas Interlaken Block-6, Telangana	S3-738836146	Taraova Care	Sanjanas Interlaken Block-6, Flat No 301, Doolapally Dundigal- Gandimaisamma Mandal, Medchal Malakjgiri District, Hyderabad, తెలంగాణ
false_merge	0.9170129537307823	S1-360226964	XM Centre Public Limited	B-120 Third Floor Kh No, 393/264, New Ashok Nagar, East Delhi, Delhi	S3-608384408	Fxm Centre Públic Limited	B-120 Third Floor Kh No, Mumbai, East Delhi, DL
false_merge	0.932775425466917	S1-920223806	Nexara Xrp LLC	8424 Boise Street, Ventura, CA	S2-810735911	Nexaique Xrp LLC	8424 BOISE STREET, VNTURA, CA
false_merge	0.9193234040045327	S1-313856993	Bombay Medical Centre	C/O Dhiraj Kumar, Dhaukalganj, Biswan, Biswan, Sitapur, Uttar Pradesh	S3-31516305	Bombay Medical (Cetrne)	
false_merge	0.9555289023984177	S1-384703655	Secure Data Industries	15446 Greenway-hayden Loop, Unit UNIT 3025, Scottsdale, AZ	S2-775018408	Secure Data Inndaavtinos	
false_merge	0.7893905086071052	S1-927921135	Keriis Industries	1218 44, Unit LOT 39, Shepherdsville, KY	S2-33148967	KERIIS INDUSTRIES	
false_merge	0.9433834628590818	S1-808775385	Shaili Metals Private Limited	Plot No. 200, Ward No. 21A, Vanasiri Nagar, Citb Layout, Behind Dental College, Sattu, R, Dharwad, Dharwad, Dharwar, Karnataka	S3-140246404	Dovabelo	Plot No. 200, Ward No. 21A, Vanasiri Nagar, Citb Layout, Behind Dental College, Sattu, R, Dharwad, Dharwad, Dharwar, Karnataka
false_merge	0.9211174904185042	S1-372333041	Hagaman Star Automotive Inc	5402 Wade Road, Baytown, TX	S2-508404874	Drexbrix	5402 WADE RD, BAYTOWN, TX
false_merge	0.9946949870966296	S1-583189738	Nagraj Gold Private Limited	D K House 4Th Floornr Mithakhali Under Bridge Ellisbridge, Ahmedabad, Gujarat	S3-920065924	Naggraj Gold Private  Limited #29564	D K House Th Floornr Mithakhali Under Bridge Ellisbridge, Ahmedabad, GJ
false_merge	0.7654941890584693	S1-336357189	Kathye T. Calabrese, MD	12 3 Whitcomb Avenue, Tonasket, WA	S3-725589832	Kathye T. Calabrese,  MD	
false_merge	0.7971632145948946	S1-337160282	Sun Clinic	Tambaram, Kanchipuram, Malleswari Nagar, Tamil Nadu, 250 9Th Street	S3-170985982	Sun Clinic LLP	
false_merge	0.9847287964942549	S1-506875987	Sudhir Industries Group	P 51A, Ground Floor, Shop No -2, Vijay Vihar, New Delhi, West Delhi, Delhi	S2-306588779	Sudhir Industries Group Industries Industries Ltd	दिल्ली, P 058A, GROUND FLOOR, SHOP NO -2, VIJAY VIHAR, NEW DELHI
false_merge	0.7234800974335321	S1-381863313	Nripati Traders Private Limited	No 496, 1St Cross, 8Th Block Koramangala Layout, Bangalore, Karnataka	S2-878767178	NRIPATI TRADERS PRIVATE LIMITED - 7888197151	
false_merge	0.9414731287041583	S1-125265061	Caldan Brown	NY, 4158 9, New Lebanon	S3-957262973	Kaldan  Brown	4158 9, E. Chatahm, New York
false_merge	0.775028876916061	S1-554932049	Miller, Matthews and Hostler Enterprises LLC	IN, Indianapolis, 3060 Colby Lane, Unit APT G	S3-400444592	Obrien,  Matthews and Hostler Enterprises LLC	3060 Colby Ln, Indianapolis, # APT G, Indiana
false_merge	0.8815802937631507	S1-434702	Chandransh Services Private Limited	House No. 2C/3342, Court Road, Gill Colony, Saharanpur, Uttar Pradesh	S2-600120529	Khandransh Sfvmies Private Limited	HOUSE NO. 2C/3342, COURT ROAD, GILL COLONY, SAHARANPUR, Uttar Pradesh
false_merge	0.9945759406960611	S1-133214253	Federal Center	7216 Baldwin Avenue, Inver Grove Heights, MN	S3-214652858	Federal Cénter	Baldwin Avenue, Waukegan, Illinois
false_merge	0.7499510649951352	S1-356769311	FE Nippon Inc	31032 Tigress Road, Lewes, DE	S2-895800515	armadaestradadynamic.com	TIGRESS ROAD, LEWES, DE
false_merge	0.884198125487714	S1-908663162	Meenora Vyapaar Limited	Flat No. C-302, Shri Guru Ganesh Nagar Katraj, Pune, Maharashtra	S2-590921515	Meennora Vyapaar Limited	DOOR NO 317 FLAT NO. C-303, SHRI GURU GANESH NAGAR KATRAJ, PUNE, Maharashtra
false_merge	0.7044471141821228	S1-747234645	Varshiya Technologies Private Limited	Radheyshyam Paradhar Hotel Green Park Ke Peeche, Pushkar, Patni, Ajmer, Rajasthan, Radheshyam Paradhar Ajmer, C/O Asharada	S2-740215527	Varzhiya Technologies Private	C/O ASHARADA, RADHEYSHYAM PARADHAR HOTEL GREEN PARK KE PEECHE, PUSHKAR, PATNI, RADHESHYAM PARADHAR AJMER, Rajasthan
false_merge	0.9808905492451457	S1-778203097	MLE Leather Private Limited	C/O. Titan Eye Plus, Ground Floor Po Village Ps Domjur, Foker Doken, Howrah, West Bengal	S2-580315366	DLE Leather Private Limited	C/O. TITAN EYE PLUS, GROUND FLOOR PO VILLAGE PS DOMJUR, FOKER DOKEN, HOWRAH, West Bengal
false_merge	0.8846096281449397	S1-7087938	Gerladina Lietz Metropolitan Bancorp	6337 Three Way Road, Decaturville, TN	S3-720433595	Gerladina Lietz	
false_merge	0.8124282332116285	S1-659129166	CB Chem Co	Kalyan, 102, 201, 202, 301, Mohan Tribeca, Near K M Agrawal College, Thane, 101, Maharashtra	S2-63358869	CF Cmf Co	101, 102, 201, 202, 301, MOHAN TRIBECA, NEAR K M AGRAWAL COLLEGE, KALYAN, Maharashtra
false_merge	0.9725822632984951	S1-852533710	Builders Rajasthan Hydraulics Private Limited	Ward F, 302 B, Tulips Residency, Karande Mala, Tarabai Park, Kolhapur, Maharashtra	S2-728348242	Builders Raajagasthan  Hydraulics Limited	H.NO 67 WARD F, 302 B, TULIPS RESIDENCY, KARANDE MALA, TARABAI PARK, KOLHAPUR, <NULL>, Maharashtra
false_merge	0.9962715003784621	S1-388537440	Vaayuita Ng Private Limited	Biprannapara, Domjur, West Bengal, Howrah, N.H.-6 - Domjur	S2-711269899	Vaayuitta Ng  Private Limited	NO 37 BIPRANNAPARA, N.H.-6 - DOMJUR, DOMJUR, পশ্চিমবঙ্গ
false_merge	0.9804029138341352	S1-298384039	Nertie K. Hatten, DDS	837 162nd Street, South Holland, IL	S3-538444820	Nertie  Hatten, K. DCDS	837 162nd Strert, South Holland, Illinois
false_merge	0.9704957017397866	S1-595299439	Aurora Industries LLC	122-20 A Powells Cove Boulevard, College Point, NY	S3-18139682	Aurora Industries	
false_merge	0.934888647953881	S1-386223243	Aquarius Infra Private Limited	C/O Dipak Ghadge Flat No, A1-302 Kohinoor Begonia, Maval, Pune, Maharashtra	S3-480183599	Limited Aquarius Infra	H.no 75 C/o Dipak Ghadge Flat No, Pune Region, Pune, महाराष्ट्र
false_merge	0.718827408218749	S1-149284906	Baker Keystone Distribution LLC	110 Canada Street, Unit 2, Sturgeon, MO	S2-75795146	ARIAVANTAGE	110 CANADA ST, STURGEON, MO
false_merge	0.9871174897963949	S1-641389315	Primary Care Clinic	3523 Commonwealth Avenue, Fl 0, Saint Louis, MO	S3-527566775	Primary Care Clinic (ID: 70985)	Saint Paul Avenue, Fl. 0, Wichhita, Kansas
false_merge	0.7633470045151726	S1-42601242	Standard Wholesale Worldwide, LLC	2523 Pine Lane, Milwaukie, OR	S2-671470138	Standard-Wholesale Worldwide, LLC	
false_merge	0.9917490604822556	S1-587692137	SA Quality Hotels	504 Jackson Downs Boulevard, Bldg 5, Nashville, TN	S2-769168435	Bayer Quality Hotels	504-B JACKSON DOWNS BOULEVARD, NASHVILLE, TN
false_merge	0.8014502860080587	S1-521030935	Galaxy Industries Private Limited	B-71 Naraina Industrial Area Phase-2, Delhi, New Delhi, Delhi	S2-388687237	Private Galaxy Vrntures Limited	SHOP NO. 2, DELHI
false_merge	0.701846388615171	S1-689637549	Aarvendra Services Private Limited	17-437/E Thodaparambu, Koovappady Po Perumbavoor, Kunnathunad, Ernakulam, Kerala	S2-761813695	Aarvendri Services Private Ltd	H.NO 17-437/E THODAPARAMBU, KOOVAPPADY PO PERUMBAVOOR, KUNNATHUNAD, Kerala
false_merge	0.9915688627019554	S1-103927184	Hernandez Ventures Inc.	432 Drema Court, Murfreesboro, TN	S2-775913973	Inc Hernandez Véntures	43 DREMA COURT, MURFREESBORO, TN
false_merge	0.8813409754401756	S1-522460029	Halcus Renewable Inc	500 Shore Line Lane, Pocomoke City, MD	S2-104600378	halcyx renewable inc	07 SHORE LINE LN, POCOMOKE CITY TTOWNSHIP, MD
false_merge	0.944592841453523	S1-839445858	Lyryn Interactive, LLC	547 Reagan Street, Palestine, TX	S3-134907979	Lyryns Itneractive, LLC	547 1/2 Reagan St, Texas, Palestine
false_merge	0.7343623212755483	S1-132016971	Tria Services Private Limited	C/O Krishna Gopal Gupta, Ghanta Ghar, Mirzapur Sadar, Mirzapur, Uttar Pradesh	S2-263556900	Shri tria services private limited	
false_merge	0.7159945914842778	S1-488132540	Azua First Square LLC	2932 Dixie Drive, Kettering, OH	S2-254731035	Azua First Square L.L.C.	
false_merge	0.9682110335883197	S1-7074989	HSF Virginia LLC	15110 Buxley Street, Houston, TX	S3-895006892	HSFK Virginia L.L.C.	15110 Buxley Street, Houston, Texas
false_merge	0.7930588430787125	S1-271142910	Laser Support Co	Bhishma 5 Th Floorvishal Nagar Malad [W], Mumbai, Maharashtra	S3-608349376	Laser Support (Center)	
false_merge	0.8724300216907644	S1-996482142	Hotel & Sons Private Limited	R.No 4, Ramraj Yadav Chawl Jaihind Nagar, Ex Highway, Khareast, Mumbai City, Maharashtra	S2-306328987	Hotel & Sons Private Ltd	
false_merge	0.9768191415727534	S1-215092353	Lyrio Array Group	66 Farrell Court, Marblehead, MA	S3-595618801	Lyrioyn Group Array	66 Farrell Ct, Marblehead, Massachusetts
false_merge	0.9132592069614596	S1-840074398	Baseus Clean Rice Inc.	14 Lowell Avenue, Unit 1, Newton, MA	S2-601608280	Baseus Clean Rice Inc	15 1/2 LOWELL AVENUE, NEWTON, MA
false_merge	0.7399067698206268	S1-374771175	Deriex LLC	4037 Lodge Road, Sherrodsville, OH	S2-483325554	Deriex LLC	
false_merge	0.9266849715110821	S1-33245936	Nurture Infra Care	Fl 12 5Th Fl Sno.1170/27 Fp No 542872873/2, Awing Butte Patil Prestige, Revenue Colony, Shiv, Ajinagar, Pune, Maharashtra	S3-257487864	M/s Nurture Liability  Care	Fl 12 5Th Fl Sno.1170/27 Fp No 542872873/5, Awing Butte Patil Prestige, Revenue Colony, Shiv, Ajinagar, Pune, MH
false_merge	0.7856337685886559	S1-384528680	Advanced Innovative Btc Inc	1125 Lincoln Street, North Chicago, IL	S3-761790304	Mirazeta	1125 Lincoln Strfet, PO Box 719, Hobart, Indiana
false_merge	0.7607957919177385	S1-973171860	Ortensia's Produce	3607 Beasley Drive, Indianapolis, IN	S2-855648780	Paolini Produce	3607 1/2 BEASLEY DRIVE, INIANAPOLIS, IN
false_merge	0.7030005973262933	S1-4150358	Aks Paints Corp	H No 2619 (Second Floor) Phase 11(Sector 65), Mohali, Punjab	S3-210887390	Aks Aks Paints Ltd	
false_merge	0.9865148817166088	S1-338861894	Aditva Landbase Private Limited	#Sy No.95/1, Ground & 1St Floor, Anekal, Bangalore, Karnataka	S2-240244825	Additva Landbase	#SY NO.95/5, GROUND & 1ST FLOOR, ANEKAL, Karnataka
false_merge	0.735392414891138	S1-532510457	Jones Viking, LLC	804 Madam Moores Lane, New Bern, NC	S3-107119420	Jones Víking LLC LLC	
false_merge	0.8306446871765463	S1-451755789	Chandigarh International	Vadodara, Savli, Gujarat, 4, Tdt Mega Industrial Park, Lamdapura Savli	S2-794737715	Chandigarh International	
false_merge	0.8296350476109629	S1-353104831	Urology All Care Associates LLC	8640 Waukomis Drive, Kansas City, MO	S3-95384694	Urology All Care Llc	
false_merge	0.8845687090261389	S1-295783470	Kaveransh Energy Private Limited	23B, Aswini Dutta Road, Ground Floor, Room No. 4, Kolkata, Kolkata, Howrah, West Bengal	S2-669404148	Energy Kaverinsh Private Limited	24B, ASWINI DUTTA ROAD, GROUND FLOOR, ROOM NO. 4, KOLKATA, KOLKATA, HOWRAH, পশ্চিমবঙ্গ
false_merge	0.7362837719262806	S1-636410606	Aureon Pharmaceuticals Inc	6932 Broussard Avenue, Olmito, TX	S3-483020156	Aurex Inc Services	6932 Broussard Avenue, <NULL>, Olmito, Texas
false_merge	0.987526373795136	S1-750317094	Digital It Private Limited	223, Main Bazar South, Padrauna, Kushinagar, Uttar Pradesh	S3-919077281	डिजिटल आईटी प्राइवेट लिमिटेड	No 3 Subash Chokw, Padrauna, Kushinagar, UP
false_merge	0.9659761710874717	S1-133405899	Mountain Center LLC	74 Lincoln Avenue, Yonkers, NY	S3-147498973	Mountain Center	1496 Nepperhan Avenue, Yonkers, New York
false_merge	0.9430626475786833	S1-714723790	WUB Mandir Pvt Ltd	Bangalore South, Shubhakara Courtyard, Karnataka, Bangalore, 1(580), Ground Floor, 44Th Cross, 8Th Block, Jayanagar	S3-519588474	WUB-Mandir Pvt Ltd	
false_merge	0.9981561098136961	S1-409497215	Pediatric Dentistry Partners	6527 Old Shell Road, Unit 44, Mobile, AL	S3-83176819	@pediatricdentistry	Old Shell Rd, Mobile, Alabama
false_merge	0.9475449205984944	S1-787736997	Sai Trading Private Limited	50A / 3B, Gcc Flats, Shri Raghavendra Nagar, Chengalplattu, Kanchipuram, Tamil Nadu	S2-340066169	சாய் டிரேடிங் லிமிடெட்	9A / 3B, KANCHIPURAM, CHENGALPLATTU, தமிழ்நாடு
false_merge	0.981671850012778	S1-953211311	Chandrraj Healthcare Pvt Ltd	Mumbai, Revechi Heights Chs Plot No 25, Sec-7, Kharghar Panvel, Shop No 7, Raigarh, Maharashtra	S3-741092814	Chandrreon Pvt  Healthcare Ltd	Shop No 007, Revechi Heights Chs Plot No 25, Sec-7, Kharghar Panvel, Raigarh, Thane, MH
false_merge	0.7876394088074941	S1-255453440	WVA Transcription Private Limited	New No. 103/1, Old No.54/1, Sir Theyagaraya Road, T.Nagar, Chennai, Tamil Nadu	S2-927810236	WVA Transcription Limited	NEW NO. 103/14, OLD NO.54/1, SIR THEYAGARAYA ROAD, T.NAGAR, CHENNAI, தமிழ்நாடு
false_merge	0.9162769499260416	S1-664060818	Lumari Hill LLC	8951 Warner Road, Unit 106, Mesa, AZ	S3-699618596	Lumade Híll Llc	8951 Warner Rd, Unit 106, Mesa, Arizona
false_merge	0.8614048239311084	S1-539292043	Colonial Charities II	22 Oakview Road, Newtown, CT	S2-222716006	Colonial Charities ÍI	
false_merge	0.9682888155041546	S1-799983451	Anilesh To Pvt Ltd	Basant Vihar, 1-S-1 To 4, Bhilwara, Rajasthan, Bhilwara	S3-900857792	Anilesha To Pvt Ltd	Door No 1-S-1 To 4, Basant Vihar, Bhilwara, RJ
false_merge	0.8310857607519275	S1-373870494	Drayiq Intelligent Inc.	MA, 110 Monastery Avenue, West Springfield, Unit 314	S2-712458969	Drayiqyn Intelligent Inc.	11 MONASTERY AVE, WEST SPRINGFIELD, MA
false_merge	0.7947035883940271	S1-833802049	Greene Steel, Inc	14 Peridot Place, Durham, NC	S2-555545073	German Steel, Ínc	14 PERIDOT PL, NC, DURHAM
false_merge	0.9035991039437969	S1-998595562	Yamuaksh Patil Private Limited	Plot No.724/A, And B Ttc, Rabale, Maharashtra, Navi Mumbai, Thane	S2-533009359	YAMUACSH PATIL PRIVATE	Maharashtra, 724/A , AND B TTC, RABALE, NAVI MUMBAI
false_merge	0.8356873501773237	S1-701603799	Aniltech Mercantile Private Limited	1St Floor, Cts No 551/32, Aroto House, P.K. Road, Mulund (West), Mumbai, Mumbai City, Maharashtra	S3-379312907	Aniltech Mercantile Prívate Limited	
false_merge	0.956533847869303	S1-565687367	Devya Healthcare Private Limited	Level-5 Grande Palladium, 175, Cst Road Off Bkc Kalina, Near Mercedes Showroom, Santacruz, Mumbai, Maharashtra	S2-565820955	Devvya Healthcare Private Limited	BLOCK G-962 LEVEL-7 GRANDE PALLADIUM, 175, CST ROAD OFF BKC KALINA, NEAR MERCEDES SHOWROOM, SANTACRUZ, MUMBAI, Maharashtra
false_merge	0.8029503370022898	S1-751259475	Caldance Can LLC	345 Chauncey Street, Brooklyn, NY	S2-183363873	Caldanco Can	345 CHAUNCEY ST, BROOKLYN, NY
false_merge	0.8684656741511602	S1-44500208	Foundation Marine Health Limited	Flat No - F1, Ballad Estates, Opposite David Memorial College, Taranaka, Secunderabad, Hyderabad, Telangana	S3-282937732	Foundation Marine-Health Co	
false_merge	0.9939392840855737	S1-56078951	Prairie Third PLLC	TX, 3341 Brittany Avenue, Port Arthur	S2-672412360	Prairie PLLC Sixth	3341 BRITTANY AVE, PORT ARTHUR, TX
false_merge	0.8485898939009714	S1-17157288	LF Agro Limited	D-23 Third Floor, Tagore Garden Ext, West Delhi, Delhi	S3-79881266	LL Aafgr Limited	D-23 Third Floor, Tagore Garden Ext, DL, West Delhi
false_merge	0.7474060349692923	S1-230249880	Pediatric Mountain Center LLC	43442 68th Street, Cave Creek, AZ	S2-389555403	Pediatric Mountain Chetr [LLC]	
false_merge	0.7543642100049561	S1-326959365	Kim Select World, L.L.C.	3426 Glenhaven Drive, Phoenix, AZ	S2-753556944	KIM SELECT WORLD, L.L.C.	
false_merge	0.9362446962407962	S1-172137847	Calday Starwood Inc	19 Champlain Drive, Old Lyme, CT	S3-328119751	Kalday Starwood Ínc Ínc	19 Champlain Dr, N/A, Old Lyme, Connecticut
false_merge	0.9640732912377302	S1-783148600	Trivision Clinic	Kariyattu Buildings Mannady, Kerala, Pathanamthitta	S2-883911506	Trivision Service	DOOR NO 32 KARIYATTU BUILDINGS MANNADY, PATHANAMTHITTA, Keralam
false_merge	0.9954552400887061	S1-850142165	Drayium Made Inc.	1166 Castle Drive, Southside, AL	S2-480645820	Drrayium Mnebea  Inc.	1166 CASTLE DIRVE, SOUTHSIDE, AL
false_merge	0.7806975365927283	S1-556950411	Ratangarh Ideal Private Limited	Ward No. 9 Post Ratangarh, Rajasthan, Ratangarh, Near Oswal Mohalla, Churu	S3-60874128	Ratangarh Ideal Limited	Door No #80 Near Oswal Mohalla, null, Ratangarh, Churu, RJ
false_merge	0.7978210221480709	S1-204528852	@ Care 5 It	1373 Stebbins Road, Hanover, NY	S2-452225033	@ CARE 5 IT CO.	
false_merge	0.924154653505083	S1-853941301	Sarasora Solutions Private Limited	81, Indutrial Area Banmore, Morena, Madhya Pradesh	S2-787504494	Sarazora So1utions Private Ltd	81, INDUTRIAL AREA BANMORE, Madhya Pradesh
false_merge	0.7841729673141195	S1-861933939	Shelli Ahern, DDS	40475 300th Avenue, IA, Rolfe	S2-799629912	Ahern,, Shelli DDKS	40475 300TH AVE, ROLFE, IA
false_merge	0.8123734256925713	S1-679644878	ILX Producer Ltd	C/O Bijay Chandra Sahu Bell Road, Jeypore, Koraput, Orissa	S3-342429231	ILX Producer [Ltd]	
false_merge	0.9987204818295142	S1-393249966	Devita Nidhi Private Limited	Kozhikode, Paappachan Building, Near To Private Bus Stand, Quilandi, Kerala, 18/667 B, Kozhikode	S3-318006372	Devvita Nidhi-Private	H.no C-18/667 B, Paappachan Building, Near To Private Bus Stand, Quilandi, Kozhikode, KL
false_merge	0.9575162420101402	S1-795066071	Verrance Manufacturing LLC	1904 N Lincoln Ave, Davenport, IA	S3-649032970	Verrancea Manufacturing LLC	190 N Lincoln Ave, Davenport, Iowa
false_merge	0.9904180871536736	S1-464577551	Mitchell Holdings	Unit APT 1406, Indianapolis, IN, 8018 Crestway Drive	S3-920866491	Mitchell Holdings Holdings	#8029 Crestway Drive, Unit APT 1406, Indianapolis, Indiana
false_merge	0.942292707917531	S1-708023946	GDJ Microcredit	S-101, Badli Industrial Area, Delhi	S3-328662975	KDJ Microcredit Limited	Delhi, Badli Industrial Area, H.no 395 S-101, DL
false_merge	0.7764343433081465	S1-567308323	Family Partners	2696 Saint Benedict Street, Baltimore, MD	S3-545235115	Family Partners Partners	2709 Saint Benedict Street, Baltimroe, Maryland
false_merge	0.9628991043058911	S1-558927559	Chandrika Technologies Corp	Ist Floor, B-6, P C Colony Kankarbagh, Sampatchak, Patna, Bihar	S3-711257535	Chandriora Technologies  Corp	Ist Floor, B-6, P C Colony Kankarbagh, Sampatchak, Patna, BR
false_merge	0.7176915576726183	S1-67456270	Sai & Co	18, Rabindra Sarani Room No. 308, Floor 3, Gate No. 4, Podda, R Court, Kolkata, Kolkata, Howrah, West Bengal	S3-394004222	Sai &	018 Rabindra Sarnai, Kol, Calcutta, WB
false_merge	0.7899133633243202	S1-462815242	Durgamata Commercials Limited	199 Gagan Vihar, Delhi, South Delhi, Delhi	S3-753778938	Shri Durgamata Commercials Company	
false_merge	0.7153970103644659	S1-969749536	Silver Great	627 Douglas Avenue, Arlington Heights, IL	S2-111870073	Silver-Great	
false_merge	0.8937515267590416	S1-755957450	Hitech Enterprises	H.N. 407 Sanjay Nagar Mati Road Near Chc, Akbarpur, Kanpur Dehat, Uttar Pradesh	S3-8639506	Vantagekorbrix	H.n. 407 Sanjay Nagar Mati Road Near Chc, Akbarpur, Kanpur Dehat, उत्तर प्रदेश
false_merge	0.8314259175377371	S1-658123793	Industries East Retail Limited	F.No.401, Hyderabad, Nandini Nagar, Telangana, Tirumalagiri	S2-239498473	Calozetasyn	FLAT NO 401, HYDERABAD, Telangana
false_merge	0.9034136773849542	S1-218356602	Kaveraksh Carbon of Nalgonda	H.No. 4-259/1 Thripuraram, Indiramma Colony, Nalgonda, Telangana	S3-960176587	Solcira	#4-259/1 Thripuraram, Indiramma Colony, Miriyalguda, Andhra Pradesh
false_merge	0.733304534100185	S1-474016181	Buie Holdings Group LLC	WV, Myrtle, 1541 Holly Road	S2-62410454	Buie Holdings Group Group	WV, 1548 HOFLY ROAD, MYRTLE
false_merge	0.9888592529618856	S1-16706121	Jarliq Ethereum	10 Lilac Lane, Danbury, CT	S2-197666274	JARLUQ ETHEREUM	10-12 LILAC LANE, DANBURY, CT
false_merge	0.9574492731821103	S1-470178700	Pashupati India (India) Private Limited	C/O Vijay Singh, Vpo Budhwal Narnuaul, Nangal Choudhary, Mahendragarh, Haryana	S3-929737917	Pashupati India India Private Limited	
false_merge	0.9688612055094667	S1-236255037	Certified Apparel Worldwide Company	10700 Marfa Way, Mckinney, TX	S2-906660214	Certified Apparel  Worldwide	
false_merge	0.999995377285819	S1-776596697	Enrichetta Waldron Anchor Flaherty	1 Shoal Court, Unit 16, Sacramento, CA	S2-452752582	Enrichetta Waldron Anchor Flaherty Highland Inc.	1503 SCOTTSDALE ROAD, SCOTTSDALE, AZ
false_merge	0.9884044945364014	S1-224674282	Chandrtech People Private Limited	Madhya Pradesh, Indore, 224-B, Sanwer Road Industrial Road, 225-A, Sector-F	S2-134730244	KHANDRTECH KHANDRTECH PEOPLE PRIVATE LIMITED	BLOCK G-56 224-B, 225-A, SECTOR-F, SANWER ROAD INDUSTRIAL ROAD, Madhya Pradesh
false_merge	0.9191186026567936	S1-555583122	Clear Property Advisors PC	16401 Marsham Drive, Upper Marlboro, MD	S3-554581268	Wexarialum	16401 Marsham Dr, Upper Marlboro, Maryland
false_merge	0.785668362876184	S1-344135042	South Smart Transportation LLC	2113 W 53rd St, Davenport, IA	S2-471126332	Nexnyla	WEST 53RD ST, DAVENPORT, IA
false_merge	0.8100533904918784	S1-937940644	Himes Advanced Heritage	9814 Charity Drive, Rogersville, MO	S3-760555674	Himes Advanced  Heritage	
false_merge	0.7340921059258152	S1-291720641	Sunrise Energy Pvt Ltd	Level 6, Chennai Citi Centre 10/11, Dr. Radha Krishnan Salai, Chennai, Tamil Nadu	S2-546960856	சன்ரைஸ் எனர்ஜி லிமிடெட்	CHENNAI CITI CENTRE 10/11, தமிழ்நாடு, DR. RADHA KRISHNAN SALAI, CHENNAI, LEVEL 11
false_merge	0.9683834161205092	S1-358614446	Vision Technologies Pvt Ltd	Survey No. 124/P, Plot No. 24, 25 & 26 Road No. 12, Ida, Nacharam, Hyderabad, Telangana	S3-310531043	Mirayuma	Nacharam, Hyderabad, Telangana, Plot No. 24, 25 & 26 Road No. 12, Ida, Survey No. 124/P
false_merge	0.7115883623051059	S1-612436406	Cedar Inc	239 Dale Drive, Silver Spring, MD	S2-63350466	Inc Cedar	2335 LONDON BRIDGE DR, SILVER SPRING, MD
false_merge	0.757131645462284	S1-780032125	Reliable Energy Partners LP	7610 Woodlawn Drive, Mounds View, MN	S3-854817888	reliable energy partners	
false_merge	0.8062107928009197	S1-212328129	UF Regional Advisors LLC	43 Korda Drive, Duluth, MN	S2-742864104	uf regional advisors llc	
false_merge	0.8348344728938546	S1-282073054	Falcon Inc.	8359 Blackwater Road, Isle Of Wight County, VA	S2-857226988	Falcon Inc	8360 BLACKWATER RD, ISLE OF WIGHT COUNTY, VA
false_merge	0.7588818542681776	S1-560698461	Classic Projects LLP	No.9, Manikkavasakar St, Chitlapakkam, Chennai, Kanchipuram, Tamil Nadu	S2-109337085	கிளாசிக் புராஜெக்ட்ஸ் எல்எல்பி	H.NO ##6, KANCHIPURAM, CHENNAI, தமிழ்நாடு
false_merge	0.7390327760400728	S1-216693820	Lefebvre Health Center	18634 Tonto Verde Drive, Rio Verde, AZ	S3-55730939	Ariaarc	18634 Tonto Verde Dr, Rio Verde, Arizona
false_merge	0.9517283006291753	S1-442751658	IJL Producercompany Private Limited	Office 102, Ambica Compex Vasai East, Navghar, Thane, Maharashtra	S2-525825297	IJLL Producercompany Private Ltd	OFFICE 104, AMBICA COMPEX VASAI EAST, NAVGHAR, THANE, Maharashtra
false_merge	0.7166574459822815	S1-461787295	Rpc Trading Limited	3711/14 Netaji Shubhash Marg, Daryagnaj, Central Delhi, Delhi	S2-371549897	Rpc Tráding Límited	
false_merge	0.82847678019138	S1-487220002	Midwest Lifesciences	651 Church Lane, Church Hill, TN	S2-233761110	ARCSOLDELTA	CHURCH LANE, CHURCH HILL, TN
false_merge	0.772937349233975	S1-321594345	Piedmont Elite Flaherty L.L.C.	222 Elm Street, Indiana, PA	S2-860877672	Piedmont Elite-Flaherty LLC	
false_merge	0.7559028465349878	S1-468837835	Mais Capital Partners, LLC	400 Ponderosa Drive, Unit 129, Dunn, NC	S3-917795873	Mais Capital Partners, Partners	403 Ponderosa Dr, Dunn, North Carolina
false_merge	0.7617555052342854	S1-58126124	Kestic Coastal LP	7 Deland Acres Drive, Perinton, NY	S2-366942418	Cestic Coastal LP	7 DELAND ACRES DRIVE, FAIRPORT, NY
false_merge	0.8077275408037934	S1-389764529	Surya Black Infotech Private Limited	Gautam Buddha Nagar, Office No. 1008 Gaur City Mall C 01, Gautam Buddha Nagar, Bgh 01 Sector 4 Greater Noida, Uttar Pradesh	S2-539584524	सूर्या ब्लैक इंफोटेक लिमिटेड	OFFICE NO. 1008 GAUR CITY MALL C 14, BGH 01 SECTOR 4 GREATER NOIDA, GAUTAM BUDDHA NAGAR, उत्तर प्रदेश
false_merge	0.8465276913676223	S1-52520206	CFD Giri Private Limited	110A Muzzaffar Ahmed Street 4Th Floor, Kolkata, Calcutta, West Bengal	S2-724321746	CFD Giri Limited	112A MUZZAFFAR AHMED STREET 4TH FLOOR, KOLKTAA, West Bengal
miss:not_in_candidates		S1-147262504	Dravya & Co	108, Chennai City Corporation, Tamil Nadu, Chennai, Duraiarasan Street	S2-761223590	DVMA & [CO]	108, DURAIARASAN STREET, CHENNAI CITY CORPORATION, CHENNAI, Tamil Nadu
miss:not_selected	0.5433413256829943	S1-427442447	Diamond Star LLC	345 Heritage Road, Lander, WY	S3-736501806	Diam0nd Soar LLC	281 Heritage Rd, Landert Ownship, Wyoming
miss:not_in_candidates		S1-64726722	Jillana Sherrod Modern Income Group	MA, 165 Allandale Street, Boston	S2-373081036	Jillana Sherrod  Modern	
miss:assigned_elsewhere	0.00019160608300006977	S1-37688710	Gulf Farmers Clinic	109 Main Street, Village Of Palmyra, WI	S2-255029514	GULF CLINIC FARMERS	
miss:not_in_candidates		S1-859315837	As Trading Private Limited	40 Strand Road, 5Th Floor, Room No 508A, Kolkata, Kolkata, Howrah, West Bengal	S3-979624236	As Private Limited Center	#40 Strand Road, Kolkata, Howrah, WB
miss:not_in_candidates		S1-198250213	Sree Consultants Limited	X-135/1, Ground Floor, X-Block, Street No. 11, Brahampuri, North East, Delhi	S2-649812768	श्री कंसल्टेंट्स लिमिटेड	X-135/1, BRAHAMPURI, NEW DELHI YAMUNA VIHAR, दिल्ली
miss:not_in_candidates		S1-354585980	Delta Cornerstone Colombier	389 Valdez Avenue, Goleta, CA	S2-131952483	Nexbrix	8 1/2 VALDEZ AVENUE, GOLETA, CA
miss:not_selected	0.5022239730715083	S1-870578366	Tri-State Berto, LLC	17019 Lumberton Drive, Cypress, TX	S3-17817428	Tri-State Bert, LLC	
miss:assigned_elsewhere	0.27279776409462647	S1-917776961	Cordero Highland Crown LLC	4813 Minnesota Avenue, Sioux Falls, SD	S2-920104603	Cordero Híghland	
miss:not_selected	0.057154088141786324	S1-500557951	Elysha T. Jones, DO LLC	8030 Club Manor Drive, Unit 113, Raleigh, NC	S3-890018662	LLC Elysha T. J, DO	7809 Club Manor Drive, # 113, Raleigh, North Carolina
miss:not_in_candidates		S1-843516112	Metro Heritage Aberdeen LLC	119 Bracey Lane, Little Rock, AR	S2-338305106	Metro Aberdeen Heritage LLC	AR, LITTLE ROCK, 11 BRACEY LN
miss:not_in_candidates		S1-773360575	Slade Black LLC	OK, Spiro, 18546 Orchard Lane	S2-328160140	Slade LLC  Center	
miss:not_in_candidates		S1-723604628	New Foods Pvt Ltd	Ja-1020 Dlf, Tower A Jasola District Centre, New Delhi, South Delhi, Delhi	S2-489883350	LTD NEW PVT CENTER	JA-1020 DLF, SOUTH DELHI, NEW DELHI, Delhi
miss:not_in_candidates		S1-505493079	Producer Mm India Ltd	Gujarat, Rajkot, Opp Kanya Vidyalaya, Bijal Road, Upleta	S3-124242826	Xylovantage	Bijal Road, Opp Kanya Vidyalaya, Upleta, Rajkot, Gujarat
miss:not_in_candidates		S1-258559237	Om Software Private Limited	Ananthapur, Kalyandurg, D.No 9A/161-15, Gareeb Nagar, Andhra Pradesh	S2-426277965	ఓం సాఫ్ట్‌వేర్ ప్రైవేట్ లిమిటెడ్	NO 9A/161-15, GAREEB NAGAR, KALYANDURG, ANANTHAPUR, Andhra Pradesh
miss:not_in_candidates		S1-818962154	Ridgeline PC	3141 Allen Street, Fairfax County, VA	S3-295628345	Ridgeline PC Enterprises	
miss:not_selected	0.14681182715227795	S1-768856074	Vallejo Academy	1032 368 Adlai Stevenson Drive, IL, Springfield	S2-667511244	Vallejo Academy-Corp	ADLAI STEVENSON DRIVE, PMB 7285, SPRINGFIELD, IL
miss:not_in_candidates		S1-628670789	Holy Cathedral	108 Second Street, Murfreesboro, NC	S2-163895159	HOLY CATHEDRAL CORP	
miss:not_selected	0.35426263967083677	S1-39190449	Karel Nichols, DO Inc.	1204 Midland Avenue, Yonkers, NY	S2-660433464	Karel Nichols, DO Ínc.	
miss:not_in_candidates		S1-525880541	Piedmont Laboratories PC	1309 C Street, Independence, OR	S2-388257884	PIEDMONT  LABORATORIES PC	
miss:not_in_candidates		S1-95051976	Downtown Hypnosis	6780 Deer Valley Road, Glendale, AZ	S2-942888015	Downtown  Hypnosis Co	
miss:not_in_candidates		S1-918513142	Om Lakshmi Investments Private Limited	544/836 Gali N 1, Hardoi Road Sarfaraj Ganj, Lucknow, Uttar Pradesh	S2-40926815	ॐ लक्ष्मी इन्वेस्टमेंट्स प्राइवेट लिमिटेड	LUCKNOW, #544/836 GALI N 1, Uttar Pradesh, LUCKNOW
miss:not_selected	0.4363465754102883	S1-192471056	Grady Opportunities LLC	La Feria, 10476 Us Highway 281, TX	S3-898972066	Keloveonovi Co	10476 Us Highway 281, La Feria, TX
miss:assigned_elsewhere	0.8497755654375416	S1-421446151	Soria Inc.	430 Bernard, Wallis, TX	S2-680404167	Ariaflux	430 BERNAD, WALLIS, TX
miss:not_in_candidates		S1-692143384	Sterling Premier General	1404 Park Lane, Unit C, Newberg, OR	S2-500063265	Sterling-General Premier	1056 PARK LN, null, NEWBERG, OR
miss:not_in_candidates		S1-19816931	City Tech LLP	41- Bldg-5, Om Namo Sujatam Co-Op Hsg Soc Ltd Shivaji Nagar, Vakola Bridge Santacruz (, E), Mumbai, Mumbai City, Maharashtra	S3-278088204	City LLP LLP Services	41- Bldg-5, Bombay, Mumbai City, MH
miss:not_in_candidates		S1-99116064	Pediatric Health	145 Maple Road, Thousand Oaks, CA	S3-299862031	Pediatric Hsetlh	145-147 Maple Road, Newbury Park, California
miss:not_in_candidates		S1-662523701	Beth Baptist Church	21 Crockett Avenue, Boston, MA	S2-132726006	Ba1tnlst Beth Church	#21 CROCKETT AVE, DORCHESTER, MA
miss:assigned_elsewhere	0.43775582425687704	S1-858722091	JS Plutonian Inc	18179 Birch Street, Unit B-16, Rehoboth Beach, DE	S2-902272505	JS PLUTONIAN | www.jsplutoni.com	
miss:not_in_candidates		S1-249926749	Om Processing Pvt Ltd	Plot No. 69 Upper Ground, Floor Lucknow Road, Delhi, North Delhi, Delhi	S3-52131491	Sri Om Pvt Ltd Cénter	Floor Lucknow Road, Plot No. 69 Upper Ground, दिल्ली, Jasola
miss:not_in_candidates		S1-109691304	Mgf & Co	506, Usha Nagar Extension Indore, Indore, Madhya Pradesh	S2-793333518	Mgf & Company	
miss:assigned_elsewhere	0.0002566953232935105	S1-26046148	Royal Construction Pvt Ltd	Ward No Iv/175 Aloor P.O, Aloor Centre, Thrissur, Kerala	S2-189405072	റോയൽ കൺസ്ട്രക്ഷൻ പ്രൈവറ്റ് ലിമിറ്റഡ്	THRISSUR, WARD NO IV/175 ALOOR P.O, ALOOR CENTRE, കേരളം, THRISSUR
miss:assigned_elsewhere	0.0379455510219214	S1-176278418	New Life Presbyterian Church	601 Gleason Drive, Fl 0, Saint Louis, MO	S3-980705458	New Lfne Presbyterian Church	
miss:not_in_candidates		S1-639329719	Gurgaon Foundation Pvt. Ltd.	4Th Floor 2 Room Set Khata No. 508/625 Khasra No. 1591-92/969/3/2, 3, 7 Milestone, Gurgaon, Haryana	S2-625038819	GURGAON FDUATFIION PVT. LTD.	
miss:not_selected	0.6804052193105418	S1-880381952	Bellanca Chan Atlantic Farms LP	7767 Cecil Ridge Street, Houston, TX	S2-608305878	bellanca chan atlantic farms lp	
miss:assigned_elsewhere	0.00009775342031054061	S1-495953784	Shiva Estate Private Limited	No. 94, R -2, R T Nagar, 3Rd Main, 1St Block, Bangalore North, Bangalore, Karnataka	S2-797035029	ಶಿವ ಎಸ್ಟೇಟ್ ಪ್ರೈವೇಟ್ ಲಿಮಿಟೆಡ್	94, BANGALORE NORTH, BANGALORE, Karnataka
miss:not_in_candidates		S1-132339235	Maa Future Logistics	B-69, 1St Floor Vasant Kunj Enclave, New Delhi, South Delhi, Delhi	S3-485644313	मां फ्यूचर Logistics	B-069, South Delhi, New Delhi, DL
miss:not_selected	0.6778076101432534	S1-590500225	Pediatric Dentistry Liberty Medicine LLC	IL, 1004 8th Street, Harvard	S3-173433598	Partners Pediatric Liberty Medicine LLC	100 8th St, Harvard, Illinois
miss:not_in_candidates		S1-427501264	Bombay Labs Private Limited	302 / B-6, Laxmi Complex, Subhash Chowk Laxmi Nagar, Delhi	S3-168493877	M/s Bombay Private Limited Services	A-302 / B-6, Subhash Chowk Laxmi Nagar, Delhi, दिल्ली
miss:not_in_candidates		S1-256674324	Simla Management Private Limited	H.No: 8-2-293/82/L/96-A, Plot No 96-A, Road No 12 Mla'S Colony, Banjara Hills, Hyderabad, Telangana	S3-145445167	Smt managementprivate.com	Block C-17 H.no: 8-2-293/82/L/96-A, Hyderabad, తెలంగాణ
miss:assigned_elsewhere	0.38117678542257827	S1-194646730	Tarang Welfare Society	3219, Nai Abbadi, Gaushala Road, Sirhind, Punjab	S2-966739698	Sri Tarang Welfare Society Limited	
miss:not_in_candidates		S1-417035874	Jaipur Chemicals	P. No.606, Adarsh Nagar, Bees Dukan, Jaipur, Rajasthan	S3-540234674	Jaipur [Center]	P. No.606, Jaipur, RJ
miss:not_selected	0.48968938558973757	S1-742936786	Behavioral Health Better Specialists LLC	118 Orchard Drive, Nitro, WV	S2-354485265	Behavioral Health Better Specialists LLC	
miss:not_in_candidates		S1-677700174	Infotech Equipments Pvt Ltd	2 Puran Vihar, Jagadhri, Haryana	S3-783087088	Infotech Pvt Ltd Service	Haryana, #2 Puran Vihar, Jagadhri, हरियाणा
miss:not_selected	0.1620052916394199	S1-641435901	Martinez, Woosley & Turner LLC	306 Stevens Circle, Unit 3B, City Of Aberdeen, MD	S2-898895210	Partners Martinez, Woosley Turner LLC	306 STEVENS CIRCLE, MD, PMB 998, CITY OF ABERDEEN
miss:not_in_candidates		S1-508722307	Geo (India) Technologies Corporation	Building No. 5/241, (New No.5/207) Kareem Manzil Eramalloor P O, Cherthala, Alappuzha, Kerala	S2-770400635	technologiesindiageo.com	Kerala, Alappuzha, NULL, H.NO 311 BUILDING NO. 5/241
miss:not_selected	0.3871553985057377	S1-561716264	Trowbridge Dental Associates	48 Craighead 452 Road, Jonesboro, AR	S2-975099660	TROWBRIDGE DENTAL	
miss:not_in_candidates		S1-689331246	New Delhi Farmers Private Limited	211, Okhla Industrial Estate 211, Okhla Industrial Estate Phase-3, New Delhi, South Delhi, Delhi	S2-512488049	Brixirikor	211, NEW DELHI, Delhi
miss:not_in_candidates		S1-472455387	PHQ Encore Inc	8771 61, Schroeder, MN	S2-732616673	PHQ Inc [Center]	
miss:not_in_candidates		S1-589432914	Blue Ministries	100 Black Nugget Lane, Cle Elum, WA	S2-720998013	Blue Services	101 BLACK NUGGET LN, PMB 4170, CLE ELUM, WA
miss:not_selected	0.5794169352989176	S1-617437953	Chinar Charitable Trust	Boda Bag Amaha House, Rewa, Madhya Pradesh	S3-139493484	Chinar Cahrifatbne Trust	
miss:not_in_candidates		S1-385444333	Saa	17725 9, Piedmont, AL	S3-635319500	Saa	
miss:not_in_candidates		S1-275456725	Midwest Commodities Co	2127 Faith Avenue, Baker, LA	S2-799703957	Midwest  Co Center	FAITH AVE, BAKER, LA
miss:not_selected	0.6492913326202693	S1-678830817	Rosemary Jacques Highland LLC	615 Eastern Avenue, Washington Court House, OH	S3-484802097	Rosemary Jacques Highland L.L.C.	
miss:not_in_candidates		S1-833042131	Shree Foundation Group	No.14, 1St Circular Street, Perambur Purasawalkam, Chennai, Tamil Nadu	S3-740321655	Shree  Foundation Company Enterprises	
miss:assigned_elsewhere	0.00082002659343565	S1-796932350	Jai Services Private Limited	Cenora Medical Center, Pattathavenue, Oravampuram, Ernad, Malappuram, Malapuram, Kerala	S2-649688874	ജയ് സർവീസസ് പ്രൈവറ്റ് ലിമിറ്റഡ്	HN 528 CENORA MEDICAL CENTER, PATTATHAVENUE, ORAVAMPURAM, ERNAD, MALAPURAM, MALAPPURAM, Keralam
miss:assigned_elsewhere	0.2614636864464218	S1-438547894	Popular & Co	Howrah, Deshbandhu Chittaranjan Road Budge Budge, Kolkata, 8/1/B, Kolkata, West Bengal	S3-875213954	Popular &	
miss:not_in_candidates		S1-430012786	Guru Agro LLP	Gala No.08, Thane, Maharashtra, Bldg No.7, Merchant Industrial Estat, Vasai	S2-990491393	GURU AGRO (L.L.P.)	
miss:not_in_candidates		S1-687505199	Office of Aging PC	42 5th Avenue, Islip, NY	S3-563148835	Office óf Abgg PC	42 Fifth Ave, BAY Shore CITY, New York
miss:not_in_candidates		S1-509039943	Shakti City Hospitality LLP	Old No.12, New No.5, Kulathery Main Road G.V.D.Thottam, Uppilipalayam, Coimbatore, Tamil Nadu	S3-603143027	Shakti City LLP Services	No 12, Coimbatore, TN
miss:not_in_candidates		S1-658701690	Integrated Learning Enterprises LLC	1200 Mountain Creek Road, Unit 200, Chattanooga, TN	S3-177024440	Integrated Learning	
miss:not_in_candidates		S1-184353397	Laxmi Ventures Private Limited	Unit No 203, 2Nd Floor Suite 106, Sbr Cv Towers, Sector - I Syno 64 Hudatechno Enclave, Shaikpet, Hyderabad, Telangana	S3-415702973	Laxmi Ventures Private	
miss:not_in_candidates		S1-766028882	Rocky Society	2804 Park Lane, Glenview, IL	S2-539286496	Rocky Service	2804- PARK LN, GLENVIEW, IL
miss:not_selected	0.574845877603381	S1-786480940	Vanguard Hologram Inc	507 Whitney Lane, Unit Trlr K, Kensett, AR	S2-814976734	Vanguard Hologram	
miss:not_selected	0.5831425315371759	S1-95293670	Tech One Food Pvt Ltd	38/74, Mass Tower, 2Nd, Floor Bazullah Road, Chennai, Tamil Nadu	S2-813893586	Tech One Fd Pvt Ltd	
miss:not_in_candidates		S1-321078760	Blue Bakery Inc.	18575 Century Drive, Unit Unit 1112, Bend, OR	S3-686556904	Blue Bákery Inc.	
miss:not_selected	0.04598201032622821	S1-384389849	Rodrigues Illinois	3691 Old Us Hwy 421, Vilas, NC	S2-209595960	Rodrigues Íllinois LLC	380 OLD US HWY 421, VILAS, NC
miss:not_in_candidates		S1-106338910	DG Foundation Pvt Ltd	Tower 1, 15Th Floor, 1501 B, One Word Centre, Senapati Bapat Marg, Prabhadevi, Mumbai, Maharashtra	S3-900821910	Foundation	15Th Floor, 1501 B, One Word Centre, Senapati Bapat Marg, Prabhadevi, Mumbai, Maharashtra, Mumbai, Tower 1
miss:not_in_candidates		S1-136371021	Satya (India) Enterprise Pvt. Ltd.	Plot No-264, Swarna Mahal Rasulgarh, Bhubaneswar, Khordha, Orissa	S2-62311499	Satya (India) Enterprise Pvt. [Limited]	
miss:not_selected	0.11330967513056209	S1-53608699	Strategic Mobility Works Co	Spring Hill, 215 Columns Way, Unit 334, TN	S2-783720989	STRATEGIC MOBILITY WORKS	212 Columns Way, SPRING HILL, TN
miss:not_selected	0.584885906257958	S1-676105366	Integrated Storage Inc	1874 Pender Avenue, Petersburg City, VA	S3-524581101	Integrated Storage Ínc	
miss:not_in_candidates		S1-921805000	Shree Exports Private Limited	Sonepat, Haryana, Sector-57, Phase Iv Kundli Industrial Estate, Kundli, Plot No. 74	S3-219370641	श्री एक्सपोर्ट्स प्राइवेट लिमिटेड	No 74, Sector-57, Phase Iv Kundli Industrial Estate, Kundli, Sonepat, HR
miss:not_in_candidates		S1-443587405	Supreme Sree Marketing Limited	Mumbai City, Allahbux Chawl, Maharashtra, Sv Road, Gamdevi Road, Poisar, Kandivali East	S2-878169529	सुप्रीम श्री मार्केटिंग लिमिटेड	KANDIVALI EAST, महाराष्ट्र, ALLAHBUX CHAWL, MUMBAI CITY
miss:not_in_candidates		S1-468474981	Sn Clinic	No. 2 Cmm Street, Nungambakkam, Chennai, Tamil Nadu	S2-763012070	SN CENTER	Tamil Nadu, 2 CMM STREET, NUNGAMBAKKAM, CHENNAI
miss:not_in_candidates		S1-50548173	Man Academy Group	78 3Rd Flr Sri Lakshmi Twr Spaces &, Morebusiness Pk Cbi Col Madhapur, Shaikpet, Hyderabad, Telangana	S3-990823380	Fluxxylo	No 78 3Rd Flr Sri Lakshmi Twr Spaces &, Hyderabad, Shaikpet, తెలంగాణ
miss:not_in_candidates		S1-853074858	Red Solutions	House No. 1, Ground Floor, Phase-1, Budh Vihar, Delhi, North West Delhi, Delhi	S2-536368367	रेड सॉल्यूशंस	HOUSE NO. 1/8, NORTH WEST DELHI, DELHI
miss:not_in_candidates		S1-998515940	Ronak Solutions	4Th Floor 46 B.B. Ganguly Street, Kolkata, Howrah, West Bengal	S3-398298398	Ronak Center	
miss:not_in_candidates		S1-238305984	Ml International Limited	C/O Kamlesh Kr Jha, Gadadher, Pally, Phansidewa, Darjiling, Darjeeling, West Bengal	S3-403580422	Ml International Ltd	
miss:not_in_candidates		S1-338289690	Highland School of Medicine P.C.	2022 Canfield Avenue, Park Ridge, IL	S2-525962835	Center Highland of Medicine P.C.	2022-2024 CANFIELD AVE, PARK RIDGE, IL
miss:not_in_candidates		S1-491891369	Vijay Vision Energy Private Limited	405 Suyojan Toweroff C G Road Navrang Pura, Ahmedabad, Gujarat	S2-779231777	VIJAY VISION PRIVATE LIMITED SERVICES	
miss:not_in_candidates		S1-676381020	Bharat Logistics Pvt Ltd	C-122, New Rajendra Nagar 1St Floor, New Delhi, Delhi	S2-349774717	Bharat Logistics Logistics Pvt-Ltd	
miss:not_in_candidates		S1-977924179	Heartland Management LLC	TX, 7619 Breezeway Street, Houston	S2-418421455	Heartland LLC Services	#7619 BREEZEWAY ST, HOUSTON, TX
miss:not_selected	0.06877201738920126	S1-280256671	Noida Consulting Ltd	Jalvayu Vihar Sector 21, Noida, Uttar Pradesh, F-64, Gautam Buddha Nagar, Noida	S2-929227961	Noida Consulting Ltd.	
miss:not_selected	0.4180903178309364	S1-157684654	Epicure Rich Private Limited	C/O Bikash Narayan Naik, Housing Board Badpatrapali, Sundargarh, Odisha, Sundargarh, Orissa	S2-453745188	EPICURE RICH PRIVATE	C/O BIKASH NARAYAN NAIK, HOUSING BOARD BADPATRAPALI, SUNDARGARH, ODISHA-70001, SUNDARGARH, Odisha
miss:not_selected	0.5214199007457864	S1-399863030	West Metal Works	16433 58th Street, Sand Springs, OK	S2-131131647	West Metal Wdosk	
miss:not_in_candidates		S1-728593884	New Delhi Engineers Private Limited	27/1, New Delhi, 2Nd Floor, Main Road, Govind Puri, Kalkaji, Delhi, South Delhi	S3-716726707	Fluxlyra	27/1, New Delhi, South Delhi, DL
miss:not_in_candidates		S1-661232424	Trarous Inc	203 1st Street, Gwinner, ND	S3-227784778	Truso Inc	1nd Street, Gwinner, North Dakota
miss:assigned_elsewhere	0.10165950066518015	S1-92112047	Diaz Anchor Money Inc.	54 Grandview Drive, Dublin, OH	S3-413012954	Diaz Anch0r	
miss:assigned_elsewhere	0.000430291876631627	S1-240152866	Fly Park Ltd	4Th Floor, S 4, Kartarpura Industrial Area, Jaipur, Rajasthan	S3-435136730	Fly Ltd Center	Door No 4Th Floor, S 4, Kartarpura Industrial Area, Jaipur, RJ
miss:not_in_candidates		S1-326206931	Gopi Properties LLP	Tamil Nadu, Agathiyar Street, Erode, D.No.2, Erode	S3-555643597	GP	D.No.2, Agathiyar Street, Erode, Tamil Nadu
miss:not_in_candidates		S1-30720332	Sun Solutions Private Limited	2/101 B C Colony, Anantapur Gooty, Gooty, Ananthapur, Andhra Pradesh	S3-11057687	SS	Anantapur Gooty, Gooty, 2/101 B C Colony, Andhra Pradesh, Ananthapur
miss:not_in_candidates		S1-976925929	Sarah Builders Private Limited	27, Kewal Industrial Estate, S. Bapat Marg, Lower Parel, Mumbai, Mumbai City, Maharashtra	S3-350993058	Dr Sarah Limited Private Builders	27, <NULL>, Mumbai, Mumbai City, MH
miss:not_in_candidates		S1-207695210	My Infra Private Limited	55, Shiv Shanti Enclave, Ganeshpur Rahmanpur, Lucknow, Uttar Pradesh	S2-993824498	माय इंफ्रा प्राइवेट लिमिटेड	55, SHIV SHANTI ENCLAVE, GANESHPUR RAHMANPUR, LUCKNOW, Uttar Pradesh
miss:not_in_candidates		S1-898772739	My Investment Pvt Ltd	10 Bahadurpur, Nh-30 Jagdamba Mandir Road, Bahadurpur, Bakhtiyarpur, Patna, Bihar	S2-911321164	माय इन्वेस्टमेंट प्रा. लि.	#C-10 BAHADURPUR, BAKHTIYARPUR, PATNA, Bihar
miss:not_in_candidates		S1-176875172	Environmental Program LLC	Town Of La Grange, 24236 Jefferson Street, WI	S2-665246756	Environmental LLC Services Services	
miss:not_in_candidates		S1-883037947	Star Management Pvt Ltd	89 Budana, Modinagar, Ghaziabad, Uttar Pradesh	S2-549238348	Sri Star Magebment Pvt Ltd	
miss:not_in_candidates		S1-995168635	Ram Engineering Limited	C/O Mubashir K.C, No. 5/220 Palakadavath House, Valillapuzha Po, Malappuram, Malappuram, Malapuram, Kerala	S2-397345956	രാം എൻജിനീയറിംഗ് ലിമിറ്റഡ്	Keralam, MALAPPURAM, C/O MUBASHIR K.C, MALAPURAM
miss:not_in_candidates		S1-915407724	One Clinic Limited	Plot No.20A/2, Block-A&B, 3Rd Floor, Block A, 2Nd Floor 1St Cross Road, K.I.A.D.B, 1St, Phase, Peenya Industrial Area Bangaluru, Bangalore, Karnataka	S3-189561895	One  Clinic Limited	
miss:not_in_candidates		S1-541736460	Delta Foundation Corporation	IL, Bellwood, 1127 Rice Avenue	S3-330068370	Delta Corporation Center	Illinois, Rice Avenue, Bellwood
miss:not_in_candidates		S1-230786824	Mountain Highland Asa	Unit 209, Skokie, 9445 Kenton Avenue, IL	S3-946086279	Mountain Asa Center	9445 Kenton Avenue, # 209, Skokie, Illinois
miss:not_in_candidates		S1-835105639	Garner Trusted Culture Inc	TX, Fort Worth, 920 Reveille Road	S3-995978269	Garner Trusted Curlore Inc	
miss:not_in_candidates		S1-696472017	IQN Creative	3819 Blaine Street, Washington, DC	S3-103102779	creativeiqn.com	District of Columbia, Washington, Blaine Street
miss:not_in_candidates		S1-484516170	Harbor Teucrium Inc	TX, Unit 4, 3240 Whitestone Boulevard, Cedar Park	S3-112590629	Harbor Inc Center	3240 Whitestone Blvd, PO Box 3118, Cedar PARK CITY, Texas
miss:not_in_candidates		S1-500728271	I+ Intermediate	6845 South Street, Westmoreland, NY	S2-167428702	I+ Services	6845 SOUTH ST, WESTMORELAND, NY
miss:not_in_candidates		S1-41909840	Galaxy Infrastructure	167 Old China Bazar Street, Kolkata, Calcutta, West Bengal	S3-396266990	GALAXY (INFRASTRUCTURE)	
miss:not_selected	0.45440553210348644	S1-822262672	Pediatric Dental Clear Partners LLC	13152 Putnam Circle, Prince William County, VA	S3-815697918	Pediatric Dental-Clear Partners LLC	
miss:not_selected	0.5815058524484996	S1-738818356	Ss Properties Limited	No.151/5A, First Floor, 2&3 Mullai Nagar Wireless Road, Airport(Post), Tiruchirappalli, Tamil Nadu	S3-746241629	ssproperties.com	No.151/5a, First Floor, 2&3 Mullai Nagar Wireless Road, Airport(post), Trichy, Tiruchirappalli, தமிழ்நாடு
miss:not_selected	0.3904873036139145	S1-50410240	Ss Foundation Private Limited	Cabin No. 550, 3 Rd Floor, Padam Towers, 14/113, Civil Lines, Stock Exchange, Kanpur Nagar, Uttar Pradesh	S3-774415765	ssfoundation.com	Stock Exchange, UP, Kanpur Nagar, 3 Rd Floor, Padam Towers, 14/113, Civil Lines, Cabin No. 50
miss:assigned_elsewhere	0.01583505837071993	S1-540383583	Bangalore Concept Pvt Ltd	#258 Madhuranagar 2Nd Stage, Nr Gov Boys Hostel, Muthsandra Main Road, Varthur Post, Bangalore, Karnataka	S3-845306242	Nexnyla	#25 Madhuranagar 2Nd Stage, Bangalore Urban, Bangalore, KA
miss:not_selected	0.33254108798002524	S1-872407654	Gore, Jonell L., MD	9058 Sanguine Drive, Marana, AZ	S2-840059543	Gore, Jonell L, MD Ltd	9058 1/2 SANGUINE DRIVE, TUCSON, AZ
miss:not_selected	0.5616942185440523	S1-95887622	Sheelah Halterman Architecture LLC	Brunswick, ME, 29 Periwinkle Lane	S3-623022594	Sheelah Halterman	
miss:assigned_elsewhere	0.00007970902176595947	S1-36859750	Star Defense Group	4012 Olive Street, City Of Racine, WI	S2-739353506	Star Group Center - 3045567228	RACINE, 4012 OLIVE ST, WI
miss:not_in_candidates		S1-959552097	My Impex Private Limited	Flat No. 21, Sector 29, Noida, Noida, Gautam Buddha Nagar, Uttar Pradesh	S2-273205331	माय इम्पेक्स प्राइवेट लिमिटेड	FLAT NO. #21, SECTOR 29, NOIDA, NOIDA, GAUTAM BUDDHA NAGAR, उत्तर प्रदेश
miss:not_in_candidates		S1-337933774	Interstate Royal Harmony Corp	8941 1000, Demotte, IN	S2-54076267	Interstate Royal	IN, DEOTTE, 8941 1000
miss:not_in_candidates		S1-683722966	Advanced Transit Corporation PC	1401 Seals Street, Alma, AR	S3-951324070	Advanced Corporation PC Center	Seals Street, Alma, Arkansas
miss:not_in_candidates		S1-415172419	Smith, Solano and Trujillo Software Inc	25841 Whyman Street, Buckeye, AZ	S3-968367193	Smith, Solano And Trujillo Software	
miss:assigned_elsewhere	0.00009333412958548543	S1-581197054	Veix Tokyo Inc	1615 196th Avenue, Omaha, NE	S3-123395026	Veix Inc Services	##1615 196nd Ave, Omaha, Nebraska
miss:not_in_candidates		S1-233192850	Balaji Ventures Private Limited	513/A, 3Rd Floor, Opp Police Station 80 Feet Rd, Koramangala 8 Block, Koramangala, Bangalore, Karnataka	S3-244064823	Ventures Balaji Private Limited	513/A, Bangalore, ಕರ್ನಾಟಕ
miss:not_selected	0.33729459147156077	S1-206412643	Aero Technologies Ltd	Shop 11, Lilavanti Bhavan, Patan-Veraval, Gujarat, C/O Raja Vipul Jamnadas, Junagadh	S2-817908236	Aero Technologies	
miss:not_selected	0.4534696253094	S1-162168236	Cardiology Signature Partners	835 Dorwin Road, Town Of Hudson, WI	S2-209837094	Dovaumbranex	00835 DORWIN RD, HUDSON, WI
miss:not_in_candidates		S1-918722234	East Infrastructure LLP	New Officers Colony, Anand Marg Road Near Durga Mandir, Raidopur, Azamgarh, Uttar Pradesh	S2-137157615	East LLP [Center]	NEW OFFICERS COLONY, ANAND MARG ROAD NEAR DURGA MANDIR, RAIDOPUR, AZAMGARH, Uttar Pradesh
miss:assigned_elsewhere	0.0034781258843236667	S1-242148229	Behavioral Health Physicians L.L.C.	7413 11th Court, Fl 1, Olympia, WA	S3-207249268	Behavioral Health  L.L.C. Center	7413 1/2 11th Court, Floor 1, Laecy, Washington
miss:not_selected	0.5642102597567452	S1-99634081	Kotz Centers Inc.	138 Full Bright Lane, Cameron, NC	S2-604666355	K0tz Centers Incorporated	138 FULL BRIGHT LANE, CAMERON, NC
miss:not_in_candidates		S1-401256843	Jain Enterprises Private Limited	12-2-709, Laxmi Niketa, Rethibouli, Asifnagar, Hyderabad, Telangana	S3-408066826	Dr Jain Enterprises Private	
miss:assigned_elsewhere	0.04279971899727725	S1-237024775	Big Cafe	WI, 3223 Eclipse Drive, Village Of Bellevue	S3-212114525	Big [Cafe]	
miss:not_in_candidates		S1-675379581	Tiger Trading Private Limited	C-924, Part Of Khasra No.29/1, And 6/2, Palam Extn., New Delhi, West Delhi, Delhi	S2-456175009	TIGER TRADING PRIVATE LIMITED	
miss:assigned_elsewhere	0.00499980551442837	S1-604068366	Dental Group of Bombay LLC	457 4, NY, Bombay	S3-142893836	Dental Group of Borby LLC	
miss:not_in_candidates		S1-967661114	Veer Foundation Limited	Chennai, Fm Blackers Road, Chennai, No 1/L, Tamil Nadu	S2-637889806	Smt Veer Limited  Services	NO 1/L, FM BLACKERS ROAD, CHENNAI, <NULL>, Tamil Nadu
miss:not_selected	0.6994807052331795	S1-180210920	Bail, Cross and Hanning Inc	443 Hubbard Street, Winslow, IL	S3-895894024	Bail, Cross & Hanning Inc Services	
miss:not_in_candidates		S1-172285585	Harbor Inflection Inc	2554 Anderson Road, Crescent Springs, KY	S2-305287613	HARBOR  INFLECTION INCORPORATED	
miss:assigned_elsewhere	0.0485095036362664	S1-818535	Jyoti India Private Limited	61, 2Fl, Bhaktinandan Sec 2, Mota Varachha, Surat, Gujarat	S3-299754637	Sri Jyoti India	
miss:assigned_elsewhere	0.0020943319986563894	S1-786249576	SF Outsource LLP	Plot No. 789, Rakanpur Ind. Area, Rakanpur, Ta: Kalol, Gandhinagar, Gandhi Nagar, Gujarat	S2-198590788	SF LLP CENTER	
miss:assigned_elsewhere	0.25429329707713694	S1-854217961	Nelson Select PLLC	4422 Shelburne Road, VA, Pulaski County	S3-976018186	Nels0n Select	
miss:not_in_candidates		S1-693050091	LF Developers Limited	Versalite Est., Nr. Gopalcharan Ind. Estate, Odhav, Ahmedabad, Gujarat, Shed-7, Ahmedabad	S3-222332648	[Developers] LF Limited	Shed-7, Ahmedabad, GJ
miss:not_in_candidates		S1-963609873	Arunodaya Constructions Pvt. Ltd.	#111, 13Th Cross, Telecom Layout Penafiled Gardens 2 Srirampura, Jakkur Post, Bangalore, Karnataka	S2-362501759	Nexecto	DOOR NO 111, BENGALURU, BANGALORE, Karnataka
miss:not_in_candidates		S1-935511331	Gold Foods Private Limited	Flat No. 12, Rushiraj Park Apartment, Near Arihant Home, Madhukamal Nagar, Gangapur, Road, Nashik, Maharashtra	S3-406364661	गोल्ड फूड्स प्राइवेट लिमिटेड	12, Nashik, महाराष्ट्र
miss:not_in_candidates		S1-817898491	Real Energy Pvt Ltd	First Floor, Sco No 123, Sector-5, M.D.C, Panchkula, Panchkula, Haryana	S2-28664297	REAL ÉNERGY PVT LTD.	
miss:not_selected	0.4615019204549289	S1-439080457	Sai Industries Limited	1St Floor, Narayan Complex, Navrang Industrial Soc, Nr.Sarvodaya Petrol Pump, Opp.Ambanagar, U M Road, Udhna, Gujarat	S3-981093998	Sai Industrfis Limited	#3St Floor, Narayan Complex, Navrang Industrial Soc, Nr.sarvodaya Petrol Pump, Opp.ambanagar, Udhna, U M Road, GJ
miss:not_in_candidates		S1-194536912	Great Sangh	Sectoer No 21 Plot No 80 Yamuna Nagar Pcntda Nigadi, Maharashtra, Pune	S3-766454596	Great Service	Plot 74 Sectoer No 21 Plot No 80 Yamuna Nagar Pcntda Nigadi, Pune, Nigdi, MH
miss:not_in_candidates		S1-467968445	Caster Barclays PLLC	5745 70, Unit A, NC, Princeton	S2-497063146	Caster Babclatls PLLC	70, PRINCETON, NC
miss:assigned_elsewhere	0.00014717259815071884	S1-689566069	Anderson Connecticut LLC	13520 6th Avenue, Unit 45, Airway Heights, WA	S2-80079952	Anderson LLC Center	13520 SIXTH AVE, AIRWAY HEIGHTS, WA
miss:not_selected	0.5692781113308799	S1-920099761	Synsoft Secure Johnson Inc	668 Valley Road, Spruce Pine, NC	S3-890469999	... Syns0ft Scerte Johnson Johnson Inc	668 Valley Rd, Spruce Pine, North Carolina
miss:not_in_candidates		S1-78025863	Geiger Money	5593 16, Twelve Mile, IN	S3-115266230	Geiger Money	
miss:not_selected	0.6934561785832948	S1-680296908	Provaa First Fusion LLC	500 Atlantic Avenue, Unit 19L, Boston, MA	S3-118520760	Provaa First Fusion	
miss:not_in_candidates		S1-111940160	Pacific Design Enterprises LLC	4312 Sawyer Avenue, Chicago, IL	S2-615095215	PACIFIC DIERSINR ENTERPRISES LLC	
miss:not_selected	0.6376520709708878	S1-321943717	Jones Games LLC	4805 Graham Street, Seattle, WA	S3-310779505	Jones Games (LLC)	
miss:not_selected	0.43518026292093853	S1-291525972	Laxmi Care Private Limited	19, Madina Nagar Kho Nagoriyan, Jaipur, Rajasthan	S3-368659270	Nexarc	19/1, Madina Nagar Kho Nagoriyan, Jaipur, RJ
miss:not_selected	0.5262997502103067	S1-93507536	Brower Custom Kodiak	1245 Freestone Court, Fort Worth, TX	S2-517513402	Brower Custom Kodiak Ltd	FREESTONE COURT, PO BOX 9745, FT WORTH, TX
miss:not_in_candidates		S1-6481300	Swastik Jai Solutions Private Limited	Surat, Surat City, Sf-222 Roongta Signature, Gujarat, Nr Marcello Bharthana	S2-492495427	સ્વસ્તિક જય સોલ્યુશન્સ પ્રાઇવેટ લિમિટેડ	SF-B3/222 ROONGTA SGNATURE, NR MARCELLO BHARTHANA, SURAT, SURAT CITY, Gujarat
miss:not_in_candidates		S1-270100877	Beva	19711 Shores Drive, Galveston, TX	S3-855824319	Beva Ltd #65504	
miss:not_in_candidates		S1-992760535	Img Agro Co	Wz-11, Krishna Nagar New Sahib Pura, New Delhi, Delhi	S3-712442184	IA	Wz-11, Krishna Nagar New Sahib Pura, New Delhi, Delhi
miss:not_selected	0.0947336750223814	S1-280746380	Classic Housing (India) Private Limited	504 Nain Kripa118/122 Kazisyed S T, Mumbai, Maharashtra	S2-60756714	Classic Housing (India) Private	DOOR NO 509 NAIN KRIPA118/122 KAZISYED S T, MUMBAI, Maharashtra
miss:not_in_candidates		S1-385818010	WB Mandala Pvt. Ltd.	7-5 Devaralanka, M P P School, Bodasakurru, East Godavari, Andhra Pradesh	S2-37468344	WB Pvt. Ltd. Center	7-5 DEVARALANKA, M P P SCHOOL, BODASAKURRU, <NULL>, ఆంధ్రప్రదేశ్
miss:not_in_candidates		S1-834436224	Continental League	Montour Falls, 105 Steuben Street, NY	S2-800910131	Continental League	
miss:not_in_candidates		S1-4667573	Interstate Liberty Intercontinental L.L.C.	68 Ledge Road, VT, Burlington	S3-988929975	Interstate	68 Ledge Road, VT, Burlington
miss:not_in_candidates		S1-119010046	Piedmont Integrated Babcock Company	1073 Hancock Street, Unit 102, Quincy, MA	S3-148481009	Piedmont Integrated	Hancock St, Quincy, Massachusetts
miss:assigned_elsewhere	0.7155626658234937	S1-566543933	Surgical Vanguard Center LLC	31414 3958 Drive, Washington County, OK	S3-915588744	Surgical Vanguard Center LLC Foundation	
miss:not_in_candidates		S1-105526003	Sai Foundation	Plot No. 304. Badli Road, Vil- Kheri Jat, Jhajjar, Jhajjar, Haryana	S3-204932965	Sai Foundation Corporation	
miss:not_in_candidates		S1-525574767	Kenna Mallette Trinity LLP	7570 Dreamview Trail, Flagstaff, AZ	S2-468157320	Kenna Mallette Trinity Trinity	
miss:not_in_candidates		S1-697320029	Real Sports Pvt Ltd	No.88, Sipcot Industrial Estate, Gummidipundi, Tiruvellore, Gummidipundi, Tamil Nadu	S2-150203713	Real Pvt Ltd Service	Tamil Nadu, DOOR NO 88 , SIPCOT INDUSTRIAL ESTATE, GUMMIDIPUNDI, TIRUVELLORE
miss:assigned_elsewhere	0.00027980225944107507	S1-919433728	Summit Charter School	2769 206, Coventry, NY	S3-220652852	Summit  School Center	##2769 206, Greene ITY, New York
miss:not_in_candidates		S1-555492567	Atlas Third Corp	1723 E Street, San Bernardino, CA	S2-230537870	(Services) Atlas Corp	1723 E ST, SAN BERNARINO, CA
miss:not_selected	0.4082377997663316	S1-894193914	Coastal Affiliated LLC	1003 Freedom Mill Road, Gastonia, NC	S2-362876043	Coastal Affiliated	
miss:not_in_candidates		S1-32494607	W+ Metals	126 Division Street, Chandlerville, IL	S3-404331500	W+ Services	Chandlerville, Illinois, 126 Division Street
miss:not_in_candidates		S1-161517528	Valley Flex Inc	104 Wild Meadow Lane, Union, WV	S3-442461836	Valley Inc Services	104 Wild Meadow Ln, Union, West Virginia
miss:not_in_candidates		S1-885227575	Tri-State Fidelity	1011 40 Street, Brooklyn, NY	S3-950319400	Tri-State Fidelity Inc Enterprises	
miss:not_in_candidates		S1-561055063	Jay Industries Limited	Kolkata, Netaji Subhas Road, 5Th Floor, Room No - 7, West Bengal, Howrah, 12A	S2-304811538	জয় Industries লিমিটেড	12A, KOLKATA, HOWRAH, West Bengal
miss:not_selected	0.021180823514106443	S1-587469448	Green Technologies Private Limited	23-225/1-53, Chunnambattiwada, Near Rising Sun School, Mancherial, Sy.No.367, Telangana, Adilabad	S2-321370147	గ్రీన్ టెక్నాలజీస్ ప్రైవేట్ లిమిటెడ్	SY.NO.367, ADILABAD, Andhra Pradesh
miss:not_selected	0.5119512078106256	S1-288933392	Advanced Recruiting	38 Shelby Lane, Dadeville, AL	S2-861282970	recruitingadvanced.com	DADEVILLE, ##25 SHELBY LN, AL
miss:not_selected	0.567240604204054	S1-668414710	Superior Home Improvements LLC	910 2nd Street, Henderson, KY	S3-201252858	Orbiaria	2nd St, Henderson, Kentucky
miss:not_selected	0.4782084495893203	S1-801285376	Autism Assistance League	District Heights, 6106 Surrey Square Lane, Unit 101, MD	S2-798929490	Caloxyloxylo	6106 SURREY SQUARE LN, DISTRICT HEIGHTS, MD
miss:not_in_candidates		S1-80044378	Ridge Veterinary Clinic	1717 Omar Drive, Mesquite, TX	S2-811227899	Ridge Veterinary Clci	
miss:not_selected	0.42032566596804805	S1-716658474	OOT Solutions Private Limited	3Rd Floor, Hind Rajasthan Chamber, 6 Oak Lane, Fort, Mumbai, Maharashtra	S2-420095527	oot solutions private limited	
miss:not_in_candidates		S1-983174538	Aroma & Brothers LLP	Haveli, Maharashtra, Flat No 705 Sr No 524, Golden Palms A-Wing, Pune	S2-936867718	Partners Aroma & LLP	PLOT 836- GOLDEN PALMS A-WING, PUNE, PIMPRI CHINCHWAD, Maharashtra
miss:not_in_candidates		S1-626769918	Sheridan Textiles Co	6509 Winter Spring Drive, Rolesville, NC	S2-441582305	SHERIDAN CO  CENTER	
miss:assigned_elsewhere	0.0012612341718582596	S1-256320364	Twisted Nails	387 Nantasket Avenue, Unit 7, Hull, MA	S3-307832477	Twisted Nails Ventures	
miss:not_in_candidates		S1-147566676	Anand Ventures Pvt Ltd	C Q A L Layout, #199Sahakara Nagar Bangalore, Bangalore, Karnataka	S2-410776283	ಆನಂದ್ ವೆಂಚರ್ಸ್ ಪ್ರೈವೇಟ್ ಲಿಮಿಟೆಡ್	C Q A L LAYOUT, #199SAHAKARA NAGAR BANGALORE, BANGALORE, Karnataka
miss:not_selected	0.5921674074019194	S1-35296241	Hitech Foundation Private Limited	No.11, Old No.6, Mahalingam, Street, Mahalingapuram, Chennai, Tamil Nadu	S3-954448955	Hitech Foundation Private Ltd	No.1-1, Old No.6, Mahalingam, Street, Mahalingapuram, Madras, Chennai, TN
miss:not_in_candidates		S1-6223158	International Foundation Private Limited	Sawai Madhopur, Vigyan Nagar Ranthambhore Road, Rajasthan, Mangal Murti, Sawai Madhopur	S3-467602980	International Foundation Pte Limited	
miss:not_in_candidates		S1-632977516	Youth Services Partners	Seneca, 468 Foxfire Court, SC	S3-482240428	PARTNERS SERVICES YOUTH	#468 Foxfire Court, Seneca, South Carolina
miss:not_selected	0.4990266991202563	S1-805570404	Charvat Mobility LLC	528 Birch Lane, Richardson, TX	S3-597431484	Charvat Moilsiy Moilsiy LLC	
miss:not_in_candidates		S1-720969519	Star Solutions Pvt Ltd	14/97C, R R Arcade, Hoc Junction, Kunnathunad, Ernakulam, Kerala	S3-642383626	സ്റ്റാർ Solutions Pvt Ltd	14/97C, Kunnathunad, Ernakulam, കേരളം
miss:not_selected	0.5944686335527469	S1-601953290	Shed Best Assets	5501 Mallard Lane, Monticello, MN	S2-634482640	Shed Best Asshdst	
miss:not_in_candidates		S1-442881962	Sun Investment Pvt Ltd	5/564, Remya Sadanam, Kollam, Kerala	S2-499319459	സൺ ഇൻവെസ്റ്റ്മെന്റ് പ്രൈവറ്റ് ലിമിറ്റഡ്	5/564/1, REMYA SADANAM, KOLLAM, Kerala
miss:assigned_elsewhere	0.0005099932689588327	S1-487407614	Maldonado Summit Keystone	4104 Craighead 318 Road, Bono, AR	S3-78226329	Maldonado Keystone 5ummit	
miss:not_in_candidates		S1-629681824	East Montessori School	737 Murray Avenue, Ravenna, OH	S2-26335820	emschool.com	null, 73 MURRAY AVENUE, OH, RAVENNA
miss:not_in_candidates		S1-732435046	Chandrva Facility Limited	Bldg A-5 Navrabag Societykurla East, Mumbai, Maharashtra	S2-965937352	CHANDRVA FACILITY LIMITED	
miss:not_in_candidates		S1-886062071	Magenta Kay	74/A, 1St Floor, Sreerastu Towers Vengalrao Nagar, Sr Nagar, Hyderabad, Telangana	S3-130537713	Pyraavi	74/A, Hyderabad, తెలంగాణ
miss:not_in_candidates		S1-651214888	Hyderabad Solutions Limited	1-8-308/4, Pattigadda, Begumpet, Hyderabad, Telangana	S3-83180032	Hyderabad Solutions Limited	
miss:not_in_candidates		S1-823205297	Auro & Co	Ahmedabad, Navin House Opp Sardar Patel Seva Samaj Hall Ellisbridge, Gujarat	S3-894206870	Ar & Co	Hn 548 Navin House Opp Sardar Patel Seva Samaj Hall Ellisbridge, Ahmedabad, ગુજરાત
miss:not_selected	0.6347108499749357	S1-158031292	Karita Edwards Games	1819 Osage Street, Independence, MO	S3-159596530	Karita  Edwards Games	
miss:assigned_elsewhere	0.03541420396658553	S1-55610759	9-Point LLC	115 Eastwind Drive, Lake Havasu City, AZ	S3-669539648	9-Point LLC	
miss:not_selected	0.37656323101824035	S1-764244869	Suryakiran (India) Enterprises Private Limited	Nl-5-4-15, Sec - 11, Nerul, Mumbai, Mumbai City, Maharashtra	S3-791612318	Aviiri	Nl-5-4-1, Sec - 11, Nerul, Mumbai, Mumbai City, महाराष्ट्र
miss:not_selected	0.11861636140870212	S1-319868525	Sm Residency	C/O Wave Industries Pvt. Ltd. Amroha Road Malasiatehsil Dhanaura, Dhanaura, Jyotiba Phule Nagar, Uttar Pradesh	S2-955285263	Sm Residency Limited	H.NO ##148 C/O WAVE INDUSTRIES PVT. LTD. AMROHA ROAD MALASIATEHSIL DHANAURA, DHANAURA, Uttar Pradesh
miss:assigned_elsewhere	0.00009218524733659324	S1-564040742	Forest City Allied Brc LLC	NC, Forest City, 924 Main Street	S3-158375768	Forest Brc Allied-City LLC	1284 Msin Street, PMB 7085, Forest City, North Carolina
miss:assigned_elsewhere	0.0010969959666355016	S1-823926148	Orthopedic Gulf Physicians LLC	246 Panorama Court, Poughkeepsie, NY	S3-830018490	Orthopedic Physicians LLC Center	24 Panorama Ct, Poughkeepsie, New York
miss:not_in_candidates		S1-463091070	Shiv (India) Engineers Pvt. Ltd.	Unit No. 605, Primus Business Park Wagle Estate, Thane West, Thane, Maharashtra	S2-857998596	Shiv Engineers (India) Pvt. Ltd.	
miss:not_selected	0.4856145041791441	S1-144035786	Leum Companies Inc.	304 Main Street, Pretty Prairie, KS	S2-360537640	LEUM COMPANIES INC.	
miss:not_in_candidates		S1-151746012	Gulf Worldwide LLC	68 Summer Street, Unit 337, Malden, MA	S3-325017002	Gulf LLC Center	#68 Summer St, <NULL>, Malden, Massachusetts
miss:not_in_candidates		S1-851396721	Fulk Family Practice LLC	602 Dellasburg Road, Columbus, IN	S3-137593233	Fulk Practice  Family LLC	
miss:not_in_candidates		S1-641244862	One Investments Private Limited	# 88, Yalaghach Tq: Haveri, Haveri, Karnataka	S3-767046303	ಒನ್ ಇನ್ವೆಸ್ಟ್‌ಮೆಂಟ್ಸ್ ಪ್ರೈವೇಟ್ ಲಿಮಿಟೆಡ್	D/354, Haveri, Yalaghach Tq: Haveri, Haveri, KA
miss:not_in_candidates		S1-832946809	Krishna Engineering Private Limited	D-368, Sec-11, Pratap Vihar, Ghaziabad, Uttar Pradesh	S2-643468588	कृष्णा इंजीनियरिंग प्राइवेट लिमिटेड	Uttar Pradesh, GHAZIABAD, D-36, GHAZIABAD
miss:not_in_candidates		S1-974061264	Laxmi Investments LLP	Shop C-5/662, Ist Floor, Shivpuri Patparganj Road, Krishna Nagar, Delhi, East Delhi, Delhi	S2-289963233	लक्ष्मी इन्वेस्टमेंट्स एलएलपी	Delhi, EAST DELHI, SHOP C-5/662, IST FLOOR, SHIVPURI PATPARGANJ ROAD, KRISHNA NAGAR, DELHI
miss:not_in_candidates		S1-14303830	Temple Church	11624 Kedvale Avenue, Alsip, IL	S3-982741392	TEMPLE CHURCH CHURCH	
miss:not_in_candidates		S1-161819882	Shiv Agro Private Limited	Plot No-10, Ground Floor, Block-Ef, Inderpuri, New Delhi, Central Delhi, Delhi	S3-107503075	Shiv Afo Private Limited	Plot No-10, New Delhi, Central Delhi, DL
miss:not_in_candidates		S1-319897068	Maa Agro Private Limited	Office No.103, A-Wing, Shubham Premises Chsl Chakala, Gracious Road, Andheri (E), Mumbai, Mumbai City, Maharashtra	S2-130223488	माँ एग्रो प्राइवेट लिमिटेड	NO 3-591 OFFICE NO.103, A-WING, SHUBHAM PREMISES CHSL CHAKALA, GRACIOUS ROAD, ANDHERI (E), MUMBAI, MUMBAI CITY, महाराष्ट्र
miss:assigned_elsewhere	0.00034670255918014506	S1-906900106	Cascade Investments Ltd	12022 5th Street, Houston, TX	S2-469835530	Cascade-Ltd Service	12022 FIFTH STREET, HOUSTON, TX
miss:not_in_candidates		S1-968089267	One Energy Pvt Ltd	Bangalore, Akr Tech Park, 3Rd Floor, C Block, Sy # 112 Krishna Reddy Industrial Area, 7Th Mile, Hosur Road, Karnataka, Bangalore	S2-561865185	ಒನ್ ಎನರ್ಜಿ ಪ್ರೈವೇಟ್ ಲಿಮಿಟೆಡ್	AKR TECH PARK, 3RD FLOOR, C BLOCK, SY # 112 KRISHNA REDDY INDUSTRIAL AREA, 7TH MILE, HOSUR ROAD, BANGALORE, ಕರ್ನಾಟಕ
miss:not_selected	0.5704117571620563	S1-200198570	Shiva Management Private Limited	Plot No A-1/2, Sector 40/41, Surajpur - Kasna Road, Greater Noida, Gautam Buddha Nagar, Uttar Pradesh	S2-586220099	शिवा मैनेजमेंट प्राइवेट लिमिटेड	PLOT NO A-9-1/2, GREATER NOIDA, GAUTAM BUDDHA NAGAR, उत्तर प्रदेश
miss:not_in_candidates		S1-118020911	QF Hotels Pvt. Ltd.	303 Emerald Tower, Kgb Ka Rasta, Johari Bazar, Jaipur, Rajasthan	S3-859137290	QF Pvt. Ltd. Services	H.no 303 Emerald Tower, Jaipur, राजस्थान
miss:not_selected	0.676445170229799	S1-617660780	Arnone and Laxton Properties PC	138 Main Street, Unit STE 1, Paris, ME	S3-465435417	Amone & Ln Properties PC	138 Main Street, Unit STE 1, Paris, Maine
miss:not_in_candidates		S1-479910300	Om Trading	No. 94, Aravind, 11Th Cross, Margosa Road, Malleswaram, Bangalore, Karnataka	S2-973821793	ಓಂ ಟ್ರೇಡಿಂಗ್	94, BANGLORE, BANGALORE, Karnataka
miss:not_in_candidates		S1-186978966	Dental Medicine P.C.	Taunton, 4 B Cherry Avenue, MA	S3-90370889	Dental P.C. Center	004 B Cherry Ave, Taunton, Massachusetts
miss:not_in_candidates		S1-893195317	Spi Agro Private Limited	West Bengal, 66, Salkia School Road, Howrah	S3-369271588	Spi Private Limited  Center	2-66, Howrah, Thana Mukhia, WB
miss:not_in_candidates		S1-910344314	Indo Impex Private Limited	815, Gd Itl Tower, B-8, N.S.P Pitampura, Delhi, North West Delhi, Delhi	S3-891075758	II	815, Gd Itl Tower, B-8, N.S.P Pitampura, Delhi, North West Delhi, Delhi
miss:not_in_candidates		S1-245884471	Mike Internet	Crossville, 720 Flatrock Road, TN	S2-840930829	Mike (Services)	
miss:not_in_candidates		S1-484964331	Quality Opendoor	20 Horicon Birches Road Extension, Horicon, NY	S2-478791294	Quality Opendoor	
miss:not_in_candidates		S1-68155085	Three Traders Limited	C/O Lakhan Singh 1, Vill Khaman Pura, Iradat Nagar, Agra, Uttar Pradesh	S3-964833121	Three Limited Center	Agra, C/o Lakhan Singh 1, उत्तर प्रदेश
miss:not_in_candidates		S1-311219180	Blue Center	3649 62, Corydon, IN	S3-977045275	Blue	IN, 3649 62, Corydon
miss:not_in_candidates		S1-315452258	Pinnacle Arrow Inc	3135 Mayfair Street, Spokane, WA	S3-22304288	Pinnacle Inc Inc Services	3135 Mayfair Street, Spokane, Washington
miss:not_in_candidates		S1-784631826	Liberty First Holdings	615 Lincoln Avenue, Addison, IL	S3-950169809	Liberty First Inc	
miss:not_in_candidates		S1-298846245	Krishna Institute	D.No.16, 2Nd Floor, Bbc City Park, Phase-1 No.76, Anna Salai, Chinna Porur, Valasaravakkam, Chennai, Tamil Nadu	S3-283210868	Krishna Services	Chennai, TN, Door No 16
miss:not_selected	0.6456177170653024	S1-776466381	Lotus Ace Hospitality Private Limited	House No. 82-A, Basement Floor, Kamla Nagar, Delhi, North Delhi, Delhi	S2-803567847	लोटस एस हॉस्पिटैलिटी प्राइवेट लिमिटेड	HOUSE NO. 52-A, DELHI, NORTH DELHI, Delhi
miss:not_in_candidates		S1-617781362	Green Beyond LLC	2228 2864, Nacogdoches, TX	S3-629246879	Green LLC Services	Nacogdochhes, Texas, 2228 2864
miss:not_in_candidates		S1-437797626	Nova Institute of Technology	D.No: 58-2-15, Santhapeta, Near Anjaneyaswamy Temple, Ongole, Prakasam, Andhra Pradesh	S2-587182640	LYRAIRI	D.NO: 58-2-15, SANTHAPETA, NEAR ANJANEYASWAMY TEMPLE, ONGOLE, PRAKASAM, Andhra Pradesh
miss:not_selected	0.518570947412156	S1-491467121	Rameshwar Foundation Associates	F.No: 54, 5Th Floor, Srinidhi Mansion Guathami Enclave, Kondapur, Hyderabad, Telangana	S2-940111923	Rameshwar Rameshwar Foundation Associates Co	
miss:not_in_candidates		S1-711274208	Shree Agro Private Limited	Flat No 40/103, First Floor Vardhman Nagar, Palghar West, Palghar, Thane, Maharashtra	S2-583741136	श्री एग्रो प्राइवेट लिमिटेड	Maharashtra, PALGHAR, THANE, FLAT NO 40/103, FIRST FLOOR VARDHMAN NAGAR, PALGHAR WEST
miss:not_in_candidates		S1-952372494	East Tech Limited	First Floor, B Wing, Block A, Salarpuria Softzone, Survey No 80/1, 81/1 & 81/2, Bangalore South, Bangalore, Karnataka	S2-158342011	ಈಸ್ಟ್ ಟೆಕ್ ಲಿಮಿಟೆಡ್	FIRST FLOOR, BANGALORE, Karnataka
miss:not_in_candidates		S1-814977770	Physical Therapy Partners Corp	3030 Rockingham Rd, Davenport, IA	S3-977148565	Physical Partners Corp Partners	3030 Rockingham Rd, Davenport, Iowa
miss:not_in_candidates		S1-959524	Webb, Green & Thomas	8501 University Executive Park Drive, Unit 4006, Charlotte, NC	S3-453554966	Webb, Gcheen & Th0mas	
miss:assigned_elsewhere	0.0014329214335586538	S1-687181195	Sun Enterprises LLP	34/935, 69Th Street, 11Th Sector, K K Nagar, Chennai, Tamil Nadu	S3-905775328	சன் எண்டர்பிரைசஸ் எல்எல்பி	Chennai, 34/935, தமிழ்நாடு, Chennai
miss:not_in_candidates		S1-932630465	Jay Technology Private Limited	Site# 15, 16 & 17 Kno 354, Kalkere Village, Bangalore North, Bangalore, Karnataka	S3-344099306	ಜೇ ಟೆಕ್ನಾಲಜಿ ಪ್ರೈವೇಟ್ ಲಿಮಿಟೆಡ್	Bangalore, KA, Bangalore North, Site# 15/7
miss:not_selected	0.6453702511561409	S1-721558624	Apex Network Partners	931 Center Street, Conway, AR	S3-310954491	Apex Network Partners Inc	
miss:not_in_candidates		S1-4010583	Baba It Private Limited	16, Cci Chambers, Dinsha Vachha Road, Opposite Cci Club, Churchgate, Mumbai, Mumbai City, Maharashtra	S3-555634427	Baba It Private Ltd	16, Mumbai City, MH
miss:not_in_candidates		S1-397573175	Orthopedic Innovative Medicine	505 150th Street, East Chicago, IN	S3-904553673	Orthopedic Medicine Center	505 150th Street, Indiana, East Chicago
miss:not_in_candidates		S1-167913204	High Investments Limited	Khordha, Orissa, Phase Ii, Metro Satellite City, Hanspal, Po Nahar Kanta, Duplex 49, Bhubaneshwar	S2-310963402	Fayelyraonyx	BLOCK F-506 DUPLEX 49, KHORDHA, BENUPUR, Orissa
miss:not_in_candidates		S1-168951115	Super Creative International	Astra Towers, Unit No. Ano-608, Action Area- Iic, New Town, North 24 Parganas, West Bengal	S3-79787537	Super Creative Center	Astra Towers, North 24 Parganas, WB
miss:not_in_candidates		S1-118616789	Moreno Imperial LLC	123 Johnson Road, Malone, NY	S2-214610775	FAYEDELTA	JOHNSON RD, MALOE, NY
miss:not_in_candidates		S1-924381689	Mumbai Corporate Pvt. Ltd.	Anand Building, 2Nd Floor Kamal Mahal Compound, 17 M L Dahanukar M, G, Mumbai, Mumbai City, Maharashtra	S3-7578816	Mumbai Csormrea Pvt Ltd	
miss:not_in_candidates		S1-332008140	Jay Healthcare Pvt Ltd	14 Mahamaya Nagar Takrohi Indira Nagar, Lucknow, Uttar Pradesh	S2-189537235	जय हेल्थकेयर प्रा. लि.	H.NO 14 MAHAMAYA NAGAR TAKROHI INDIRA NAGAR, LUCKNOW, Uttar Pradesh
miss:not_selected	0.6202265252382099	S1-489921930	Indus & Sons	E 99, 1St Floor Greater Kailash Part-2, New Delhi, New Delhi, South Delhi, Delhi	S2-897175453	Indus & Sas (ID: 80214)	E 99, 1ST FLOOR GREATER KAILASH PART-2, NEW DELHI, NEW DELHI, Delhi
miss:not_in_candidates		S1-983351419	Gertie Shannon Chimera Corp	3376 Jade, Tampa, KS	S3-973875820	Gertie Shannon Corp [Chimera]	
miss:assigned_elsewhere	0.0001255027808839798	S1-882131099	Lnb India Private Limited	Malsiras, 130 Ganeshgaon Ganeshgaon, Solapur, Malsiras, Maharashtra	S3-612129261	Irinex	130 Ganeshgaon Ganeshgaon, Malsiras, Solapur, Maharashtra, Malsiras
miss:not_selected	0.2426927821338339	S1-347237544	Mahon, Dietz & Ramirez Tge	TX, 803 Crockett Street, Fl 0, Beeville	S2-441287039	Mahon, Dietz & Ramirez Tge Corp	03 CROCKETT STREET, BEEVILLE, TX
miss:not_selected	0.533164665972719	S1-327469941	Lee Sui	AZ, Tonto Basin, 224 Packard Drive	S3-985388425	Lee Sui LP	
miss:not_in_candidates		S1-221730203	Interstate Perfect	5003 Twin Feathers Run, TN, Spring Hill	S3-711334446	Interstate Center	5003. Twin Feathers Run, Spring Hill, Tennessee
miss:not_in_candidates		S1-312501053	Great Hospitality LLC	2848 Riverview Drive, Norfork, AR	S2-183809326	GREAT HOTIAISTY [LLC]	
miss:not_in_candidates		S1-101816996	Maa Services Private Limited	F-227, Near Guru Govindswami Mandir Samadhi Ward, Chandrapur, Maharashtra	S2-593576095	मां सर्विसेज प्राइवेट लिमिटेड	CHANDRAPUR, NEAR GURU GOVINDSWAMI MANDIR SAMADHI WARD, CHANDRAPUR, F-227, Maharashtra
miss:not_selected	0.2515251215416746	S1-702424320	Gurgaon Equipments Pvt Ltd	Opp. Maruti Gate No - 1, Delhi Road, Gurgaon, Haryana	S3-274349899	Gurgaon Equipments Pvt	
miss:not_in_candidates		S1-695541559	City Polytechnic Pvt Ltd	Lane-1, Nilachakra Nagar Atharanala, Puri, Orissa	S2-124804519	City Pvt Ltd-Center	LANE-2, NILACHAKRA NAGAR ATHARANALA, PURI, ଓଡ଼ିଶା
miss:not_selected	0.4488982770311595	S1-107594307	Ram Consultants Private Limited	Maradu P O, No.12/526 Sivakripa, Kerala, Ernakulam	S2-137273523	Ram Csoeutlastns Private [Limited]	#12524 SIVAKRIPA, MARADU P O, Kerala
miss:not_in_candidates		S1-21162161	City Consultants Private Limited	No.44, Thiyagi Srinivasan Street, Arantangi, Pudukkottai, Sivaganga, Tamil Nadu	S2-863382363	சிட்டி கன்சல்டன்ட்ஸ் பிரைவேட் லிமிடெட்	NO.44, SIVAGANGA, Tamil Nadu
miss:assigned_elsewhere	0.00008425755420585459	S1-783330893	Platinum Plutonian LLC	307 Willow Way, TX, Victoria	S2-809808910	Platinum LLC Center	307 WILLOW WAY, VICTORIA, TX
miss:not_in_candidates		S1-307387231	Shree Producer Pvt Ltd	A-9, Sector-31, Ansal City, Thanesar, Kurukshetra, Haryana	S3-776145611	Mr Shree Producer  Pvt	
miss:not_in_candidates		S1-345437496	Cardiology Group of Loxley PC	12835 Philadelphia Boulevard, AL, Loxley	S3-496182836	Cardiology Group of PC  Services	1283 Philadelphia Boulevard, Loxley, Alabama
miss:not_in_candidates		S1-726067511	Lakshmi Engineering Private Limited	505, Second Main Street Kk Nagar, Madurai, Tamil Nadu	S2-835585118	லக்ஷ்மி இன்ஜினியரிங் பிரைவேட் லிமிடெட்	Tamil Nadu, MADURAI, 505
miss:not_in_candidates		S1-304003503	Cardiology Medicine Corp	NY, Islip, 123 Lake Shore Drive	S3-40227334	Center Cardiology Corp	123- Lake Shore Drive, Islip, New York
miss:not_in_candidates		S1-555494987	Marketing Dhara Foundation Private Limited	Plot No.23-B Industrial Area, Faridabad, Haryana	S3-131570266	Marketing	Haryana, Faridabad, Plot No.23-B Industrial Area
miss:not_selected	0.2346128168145624	S1-316425968	Guru Agro Limited	B-32, Gaurav Apartment, I.P. Extension Patparganj, East Delhi, Delhi	S3-419311257	6uru Limited Center | www.gurulimit.com	No. C-945 B-32, Gaurav Apartment, I.p. Extension Patparganj, East Delhi, DL
miss:not_in_candidates		S1-677690810	Piedmont Ministries LLC	1938 Deering Avenue, Baltimore, MD	S2-25199179	Piedmont LLC-Center	1938 DEERING AVE, BALTIMORE, MD
miss:not_in_candidates		S1-522479955	New Delhi House Private Limited	A--62, Fiee Complex, Phase 2 Okhla Industrial Area, New Delhi, South Delhi, Delhi	S3-539952770	New Delhi Private Limited Services	A--0062, South Delhi, DL
miss:not_in_candidates		S1-283440576	Guru Estate	South Delhi, Lower Ground, Green Park Main, New Delhi, T-19, Delhi	S3-466529130	Guru [Service]	T-19, New Delhi, Delhi, DL
miss:not_in_candidates		S1-948299071	Gy Trading Private Limited	Bhudhlada-Ratia Road, Boha, Mansa, Punjab	S3-742960877	Gy Private Limited Center	Bhudhlada-ratia Road, Mansa, Boha, PB
miss:not_in_candidates		S1-634626816	Yashoda Agriventure Pvt Ltd	Door.No-44-76/1, 1St Floor, Beside 7Th Day High School, Maharajupeta, Bobbili, Vizianagaram, Andhra Pradesh	S2-88566741	YASHODA PVT LTD SERVICES	
miss:not_in_candidates		S1-600009025	Premier Solutions Private Limited	H.No.6-3-833, Flat No.3/C, Usha Mansion Punjagutta, Hyderabad, Telangana	S3-150040780	ప్రీమియర్ సొల్యూషన్స్ ప్రైవేట్ లిమిటెడ్	Hyderabad, TG, 64191
miss:not_in_candidates		S1-352397131	Internal Medicine Associates LLC	1356 Kensington Road, Berlin, CT	S3-453677314	Internal LLC Associates Medicine	1356b Kensington Road, Berlin CITY, Connecticut
miss:not_selected	0.5550294352753299	S1-53040358	Morrison and Fairbrother Cyber, Inc	126 Hanssler Place, Peoria, IL	S2-397943937	Morrison and Fairbrother Cyber, Inc	
miss:not_in_candidates		S1-296050235	Professional Infrastructure Studios Inc	309 Edna Street, Fl 0, Weatherford, TX	S2-734057367	Professional Infrastructure Studios Inc	
miss:not_selected	0.36395693743184215	S1-713040464	Arnold Cornerstone Irenic LLC	1800 900, Unit 2, Salt Lake City, UT	S2-149735587	ARNOLD CORNERSTONE IRENIC LLC	1787 900, SALT LAKE CITY, UT
miss:not_selected	0.2645708691259142	S1-954946343	One Technology Private Limited	Chennai, I Floor, Sree Ganesh Apts 373, Iii Main Road, Vijayanagar Velacher, Y, Chennai, Flat No 6, Tamil Nadu	S3-773855473	ஒன் டெக்னாலஜி பிரைவேட் லிமிடெட்	#17, I Floor, Sree Ganesh Apts 373, Iii Main Road, Vijayanagar Velacher, Y, Chennai, TN
miss:not_in_candidates		S1-374000018	Innovative Titan	2072 Grandview Drive, Camarillo, CA	S3-299772291	Innovative Partners	
miss:not_selected	0.3489877397019758	S1-303320439	Youth Peak Services	1614 White Oak Circle, Prescott, AZ	S2-221011622	Youth Peak Services  Corp	1616 WHITE OAK CIRCLE, PRESCOTT, AZ
miss:not_in_candidates		S1-102986317	Shakti Systems Private Limited	Plot No 216/B/3, Mancheswar Industrial Est, Bhubaneswar, Khordha, Orissa	S2-823096034	SSPRIVATECOM	H.NO #216/B/3, MANCHESWAR INDUSTRIAL EST, KHORDHA, BHUBANESWAR, Orissa
miss:assigned_elsewhere	0.00021502038394088626	S1-715212126	Patriot Pineapple LLC	6990 Bangor Avenue, Highland, CA	S2-376574391	Patriot LLC Center	6988 BANGOR AVE, HIIGHLAND CITY, CA
miss:not_in_candidates		S1-899557993	Grand Ofs	480 Cedar Bend Road, Beech Grove, TN	S2-630734576	Grand  Center	480 CEDAR BEND RD, BEECH GROVE, TN
miss:not_in_candidates		S1-18602626	NU Ventures	G-18, Vali Manzil Gaddigodam Square, Kamptee Road, Nagpur, Maharashtra	S3-469530815	NU (Service)	Nagpur, G-18, महाराष्ट्र
miss:not_in_candidates		S1-800747465	Tech It Limited	2Nd Floor, Unit No 223, Gurgaon, Haryana	S2-159746309	टेक आईटी लिमिटेड	2ND FLOOR, GURGAON, हरियाणा
miss:not_in_candidates		S1-423035789	Synor Center	MN, Unit Apartment 202, Saint Paul, 160 Western Avenue	S2-656172293	Synor Sérvices	160 WESTERN AVE, ST .PAUL, MN
miss:not_in_candidates		S1-57208054	Desert Guild	122 Fawn Forest Drive, AL, New Market	S3-609639223	Desert Center	122 Fawn Forest Drive, New Market, Alabama
miss:not_in_candidates		S1-785972681	Om Solutions Pvt. Ltd.	Pune City, Aarcon, S No 25, Gaikwad Nagar, Kate Wasti, A1209, Maharashtra, Pune	S3-261234855	Drexquodova	Polt C-311 A1209, Pune, महाराष्ट्र
miss:not_selected	0.17702500482159744	S1-562363372	Precision Net LLC	700 Buchannan Peninsula Road, AL, Cherokee	S3-582504511	Precision Net	
miss:assigned_elsewhere	0.04951108213551261	S1-820364909	Little Massage	5223 Potter Drive, Glendale, AZ	S3-279984239	Little-Massage	
miss:not_in_candidates		S1-709552145	Sree Media Private Limited	29A/1, Asaf Ali Road 4Th Floor, New Delhi, Delhi	S2-183009258	श्री मीडिया प्राइवेट लिमिटेड	29A/1, AGRA, NEW DELHI, Delhi
miss:assigned_elsewhere	0.00001339005095754326	S1-795961655	Alpha Shree It Pvt Ltd	1125, Sykes Ext, Vasant Prabha Chembers 1 - 2, Kolhapur, Maharashtra	S2-747052887	अल्फा श्री आईटी प्रा. लि.	1125, KOLHAPUR, Maharashtra
miss:not_in_candidates		S1-246549235	Aditya Builders Private Limited	Sanjay Place, Uttar Pradesh, Block-19, Agra, Shop No. -16 Shoe Market	S3-414201538	Aditya Builders Private Limited Enterprises	
miss:not_selected	0.002133556630327065	S1-700124463	Towe Franklin	73 Laurel Lane, Marlborough, CT	S3-86953428	Towe Franklin Corp	62 Laurel Lane, <NULL>, Marlborough, Connecticut
miss:assigned_elsewhere	0.00039410669891854963	S1-978098490	Metro Empire Spartacus	6510 373rd Avenue, Town Of Wheatland, WI	S2-666071965	Metro  Empire	6510-B 373ND AVE, BURLINGTON, WI
miss:not_in_candidates		S1-841403412	Dermatology Clinic Inc.	VT, Marshfield, 167 Cassady Road	S3-679017035	Dermatology-Clinic	
miss:not_in_candidates		S1-888709681	Oncology Signature Specialists	2257 Viking Drive, Saint Cloud, MN	S3-235926968	Oncology Specialists Center	2257-D Viking Dr, Saint Cloud, Minnesota
miss:not_in_candidates		S1-24295857	Gujju Media LLP	H No.-25 Lords Colony, Nayapura, Lalghati, Huzur, Bhopal, Madhya Pradesh	S3-706931985	GM	H No.-25 Lords Colony, Nayapura, Lalghati, Huzur, Bhopal, Madhya Pradesh
miss:not_in_candidates		S1-593403917	Highland Transport LLC	10107 Mill Point, Missouri City, TX	S2-776186381	Highland Transport  LLC	
miss:not_in_candidates		S1-593878661	Prairie Fresenius, LLC	115 Chancellors Ridge Drive, Durham, NC	S2-400375494	Prairie LLC Center	NC, DURHAM, 115  CHANCELLORS RIDGE DRIVE
miss:not_in_candidates		S1-664079079	21 Center Drive Partners	6340 Sr 287, West Liberty, OH	S3-539965365	Center	6340 Sr 287, West Liberty, OH
miss:not_in_candidates		S1-619484160	Pinnacle Online LLC	1224 Cheyenne Drive, Fl 1, Chandler, AZ	S2-358979491	Rizaevozeta	CHEYENNE DR, ANDERSEN SPRINGS, AZ
miss:not_selected	0.6653614715082472	S1-463263306	Spectrum Foods Private Limited	7/22-C, Tilak Nagar, Swarup Nagar, Kanpur Nagar, Uttar Pradesh	S3-988000394	Spectrum Foonedhs Private Limited	
miss:not_selected	0.603468827121053	S1-242660608	Aditya Business Private Limited	63 A, Bhupalpura, Girwa, Udaipur, Rajasthan	S3-822924712	Kelopyra	Rajasthan, Udaipur, 63 A, Bhupalpura, Girwa
miss:not_in_candidates		S1-454379620	Sterling Education Services, Inc.	840 Summer Street, Paxton, IL	S3-158640130	seservices.com	#840 Summer Street, Incorporated, Illinois
miss:not_in_candidates		S1-180372584	West Of Chord Road Ii Stage Next To G.D.Hall Foundation Group	121/1, I Main, West Of Chord Road Ii Stage Next To G.D.Hall, Bangalore, Karnataka	S3-833468325	Foundation	121/1, I Main, West Of Chord Road Ii Stage Next To G.D.Hall, Bangalore, Karnataka
miss:not_in_candidates		S1-985901339	High Finance Pvt Ltd	B-201, Rajshree Royal Chs Ltd, Karani Lane, Near Corporation Bank, Ghatkopar (W), Mumbai, Maharashtra	S2-934528900	हाई फाइनेंस प्रा. लि.	B-2-01, MUMBAI, महाराष्ट्र
miss:not_in_candidates		S1-954834299	Dynamic Energy Pvt Ltd	9, Prathamesh Apartments, 5Th Lane, Prabhat Road, Pune, Maharashtra	S3-643978509	डायनामिक एनर्जी प्रा. लि.	9, Pune, महाराष्ट्र
