kind	p	s1	s1_name	s1_addr	q	q_name	q_addr
false_merge	0.8225848311265546	S1-34661288	Vanteus Chain, Inc	8203 Creek Way, Avon, IN	S3-331781401	Vanteuz Chain,	8203 Creek Way, Avon, Indiana
false_merge	0.821476643787131	S1-768931229	Silver Tattoo LLC	6641 Sauterne Drive, Indianapolis, IN	S3-56553759	Ectoyuma	06641 Everbloom Ln, Indianapolis, Indiana
false_merge	0.7843947262821916	S1-547531837	Solstice	804 Carey Street, Baltimore, MD	S3-692464004	Veosol	Carey St, Baltimore, Maryland
false_merge	0.9716616646561845	S1-348066826	Hoops, Farrell & Clifford Ocean	379 Caprice Court, Gleneagle, CO	S3-786935402	Veravio	379 Caprice Court, Gleneagle, Colorado
false_merge	0.9988543911096109	S1-69045771	Solelle Construction Inc	323 Palmer Road, Shenandoah County, VA	S2-123826715	Sollelle Construction Inc	323 PALMER RD, BASYE, VA
false_merge	0.9035146171791522	S1-738739298	Vaayutech Cigarettes	Bihar, Ward No-13, 3Rd Floor, Opposite Masjid, Muzaffarpur, Prabhat Nagar	S3-464907234	Vaayutecha Cígarettes	Prabhat Nagar, Ward No-13, 3Rd Floor, Opposite Masjid, Muzaffarpur, BR
false_merge	0.9285799293750631	S1-762311516	Nexyn Kongsberg	3990 700, Unit 14, Millcreek, UT	S3-889120570	Noxyn Kongsberg Kongsberg	3990 700, SAT LAKE CITY CDP, Utah
false_merge	0.9599288425821472	S1-782098630	Ferrus Taxable	870 Broadway, Milford, CT	S2-251540077	Ferres Taxable	870 BROADWAY, MILFORD, CT
false_merge	0.9833448779969359	S1-122130421	Halcos Rio Center	Elk, 36716 Muehle Road, WA	S2-466291791	HALKOS RIO CENTER	36716 MUEHLE ROAD, ELK, WA
false_merge	0.9976351183289061	S1-493956864	India Hk Traders Huzur	Plot No. R-12, Zone-I Mp Nagar, Huzur, Bhopal, Madhya Pradesh	S3-56901055	India Hk Trans Huzur	Plot No. R-12, Huzur, Pune, MP
false_merge	0.7162987800700278	S1-965256799	KGD Associates Private Limited	S.No.48/1/1, 48/2/1, Buld. No. K-7, Flat No.1003 Katepuram Ph-Ii, Pimple Gurav, Pune, Maharashtra	S2-890791286	Aviaria	S.N 48/1/1 48/2/1 BULD NO, HAVELI, PUNE, Maharashtra
false_merge	0.919541572162974	S1-726396118	Verrium Alliancebernstein Inc	2611 Mile 3 Road, Mission, TX	S3-121000910	Verriuma Alliancebernstein	2611 Mile 3 Rd, Mission, Texas
false_merge	0.9284011393668065	S1-962789327	H+ Good	772 700, Huntington, IN	S3-244006615	H+ Good,	
false_merge	0.9787007208177778	S1-179077866	Indraya Education Private Limited	Survey No.1, Brundavan Colony, Uddamgadda, Mailardevpally, Rajendranaga, R, Telangana, Hyderabad, Plot No. 176/P, Hyderabad	S2-495085876	Inndraya Limited Private Education	DOOR NO 181/P , SURVEY NO.1, BRUNDAVAN COLONY, UDDAMGADDA, MAILARDEVPALLY, RAJENDRANAGA, R, HYDERABAD, Andhra Pradesh
false_merge	0.8029456726492068	S1-59381864	Noveon Mexico PLLC	13108 Grant Road, Unit 0, Lemont, IL	S2-11035493	The Novveon Mexico PLLC	13109 GRANT ROAD, LEMONT, IL
false_merge	0.9032893730553759	S1-122900094	CM Infra Private Limited	A-1/136 Safdarjung Enclave, New Delhi, South Delhi, Delhi	S3-836121344	Faye0rbidova	A-1/136/3 S/f Safdarjung Enclave, New Delhi, DL
false_merge	0.7366894232674307	S1-14727334	Panacea & Sons Private Limited	Flat No. 302, 3Rd Floor Pushp Enclave A2, Pratap Nagar, Sanganer, Jaipur, Rajasthan	S3-958659583	Smt Panacea & Sons Limited	Flat No. 303, Jaipur, RJ
false_merge	0.9966772582609718	S1-632629181	Taraita Equipments Private Limited	Village - Mastali, P.O. - Labpur P.S. - Labpur, Dist. - Birbhum, Birbhum, West Bengal	S3-95575289	Tarraita Equipments Private Limited	Village - Mastali, P.o. - Labpur P.s. - Labpur, Dist. - Birbhum, Birbhum, WB
false_merge	0.7214107334163793	S1-873585927	Clyex Maywood PC	48 Inman Street, Unit 2, Cambridge, MA	S3-751500631	Clyeks  Maywood PC	48 Inman Saint, <NULL>, Cambridge, Massachusetts
false_merge	0.921993831243267	S1-236255037	Certified Apparel Worldwide Company	10700 Marfa Way, Mckinney, TX	S2-906660214	Certified Apparel  Worldwide	
false_merge	0.7181373189792969	S1-103990317	Montic Xcel LLC	217 Rita Road, Ortonville, MN	S2-546439573	Montica Xce1 LLC	217 Rita Road, ORTONVILLE, MN
false_merge	0.9979034343531383	S1-412668751	Soliq Pgim LLC	Rio Rico, AZ, 543 Ramanote	S2-222788856	Solliq Pgim LLC	543 Ramanote, RIO RIC OCITY, AZ
false_merge	0.9905595833968647	S1-439546686	Orbos Blue L.L.C.	139 Whiting Street, Plainville, CT	S3-617751037	Orboro Blúe L.L.C.	Plaiinville, 39 Whiting St, Connecticut
false_merge	0.8674438678466816	S1-326949322	Quantova Aegon LLC	7384 72, Fyffe, AL	S2-411717278	Kwantova Aeghrn LLC	7384 72, FYFFE, AL
false_merge	0.9954542910798067	S1-933725172	Bangalore Services Pvt. Ltd.	No.401, Ranka Park Apartment, Richmond Circle Lalbagh Road, Bangalore, Karnataka	S3-265015255	Bangalore  Corp Services	No 401, Bangalore, ಕರ್ನಾಟಕ
false_merge	0.9961246756500135	S1-75585868	Meenora Estates Private Limited	Plot No:19 & 20, Survey No 41, 42 & 43(Glr No.764) Second Floor, Bhel Colony, Rasoolpura, Telangana, Secundrabad, Hyderabad	S2-408547970	Meennora Estates Private	BLOCK C-76 PLOT NO:19 & 20, SURVEY NO 41, 42 & 43(GLR NO.764) SECOND FLOOR, BHEL COLONY, RASOOLPURA, SECUNDRABAD, Telangana
false_merge	0.8497880633127295	S1-850838285	Daniels Brewing	3741 Edgewater Boulevard, Vermilion, OH	S2-762331512	DANIELS  BREWING,	
false_merge	0.9797436357089012	S1-327908581	Raviaya Abode Limited	42B, Aamir Cplony, Anandpura@Phoota Talab, Kota, Rajasthan	S2-983353695	Raviaora Limited Abode	BLOCK F-00515 42B, AAMIR CPLONY, ANANDPURA@PHOOTA TALAB, KOTA, Rajasthan
false_merge	0.8621214461500157	S1-789088401	Freedman, Hakes & Warnick Group	1603 Hillcrest Avenue, Saint Paul, MN	S3-714476900	Freedman, Hakes	
false_merge	0.9822214147579216	S1-238284814	Angels Traders Private Limited	Vadodara, Gujarat, A-100 G/F, F/F Pranav Soc, Lalbag Makarpura Road Vad	S3-494781172	Angels Traders Limited	A-1-03 G/f, Vadodara, GJ
false_merge	0.9715824246525102	S1-541162833	Gilmore Citigroup Group	669 Cotton Terrace Loop, Deatsville, AL	S3-522009068	Gilmore Citigroup  Group	670 Cotton Terrace Loop, Deatsville, Alabama
false_merge	0.8067442465039686	S1-145208128	White Hospitality Private Limited	2002/2003, 20Th Floor, B1, F Residences Survey No. 45, Nr Sopan, Balewadi, Pune, Maharashtra	S2-914351454	Shri >> White Hospitality Private (Limited)	NO 45, LUCKNOW, Uttar Pradesh
false_merge	0.9570364521392083	S1-41805186	Aarvva Agro Pvt Ltd	Awfis, 01St Floor, Parinee Cresenzo, C-38-39, G Block, Bandra Kurla Complex, Bandra East Bkc Mumbai, Mumbai, Maharashtra	S2-971767284	Aarrvva Agrro Pvt (Ltd)	#51- AWFIS, 01ST FLOOR, PARINEE CRESENZO, C-38-39, G BLOCK, BANDRA KURLA COMPLEX, BANDRA EAST BKC MUMBAI, MUMBAI, Maharashtra
false_merge	0.7444453769197801	S1-196179279	Chicago Regional Chiropractic L.L.C.	IL, 6350 Ingleside Avenue, Chicago	S2-912836772	LLC CHICAGO RGEIONAL CHIROPRACTIC	6352 INGLESIDE AVE, CHICAGO, IL
false_merge	0.7669299004697175	S1-564751449	Midwest Rocky, LLC	NM, Albuquerque, 1120 Del Mastro Drive	S2-672696690	MIDWEST  ROCKY	
false_merge	0.994789099268185	S1-726178100	United Foods Private Limited	Plot No.7, Gut No.490, Chapadgaon, Shevgaon, Ahmadnagar, Ahmednagar, Maharashtra	S2-353753058	यूनाइटेड फूड्स प्राइवेट लिमिटेड	HOUSE NO 7, SANGAMNER, AHMEDNAGAR, Maharashtra
false_merge	0.9510007158029105	S1-312602428	Colonial Elm	613 27th Street, Unit 108, Charlotte, NC	S2-742351161	COLONIAL ELM GF	
false_merge	0.8518115923203482	S1-242486645	Vaayuansh Sahyadri	Unit-6 Ganganagar, Plot No-G/2, Orissa, Bhubaneswar, Khordha	S2-289858305	VAAYUANSHA SAHYADRI	PLOT NO-G/6, UNIT-6 GANGANAGAR, BHUBANESWAR, Odisha
false_merge	0.8174223577755397	S1-950344459	Trivikram Pest Company	No. 23, 1St Floor, Bull Temple Road, Basavanagudi, Bengaluru, Bangalore, Karnataka	S2-631396728	Trivikram Pest	
false_merge	0.7395509551678728	S1-556349237	Imr Sadashiv Clinic	3226/31, Office No.-303, Third Floor Beadonpura, Saraswati Marg, Karol Bagh, New Delhi, Central Delhi, Delhi	S3-147259597	Imr  Sadashiv	
false_merge	0.8938045129095866	S1-490985842	Pahuja Trust	D 203, Skyways Esfera, Porwal Road, Lohegaon, Pune City, Pune, Maharashtra	S2-333843024	Pahuja Company Trust	
false_merge	0.8639384953939018	S1-244370354	Golden Wholesale Networks	15 Stanton Street, Worcester, MA	S2-389042012	Golden Wholesale [Networks]	
false_merge	0.7283543131652597	S1-447040452	Beacon Line LLC	6905 Speaker Street, Hitchcock, TX	S2-846102291	Beacon Lóigg LLC	
false_merge	0.7922260620435395	S1-543224148	XSM Equipments Private Limited	No 677, 13Th Cross, 1St Sector, Bangalore South, Bangalore, Karnataka	S2-955909412	XSM Equipments Limited	NO 81 , 13TH CROSS, 1ST SECTOR, BANGALORE SOUTH, Karnataka
false_merge	0.8236969868299174	S1-230793707	American League Associates	10620 Brandywine Lane, Cincinnati, OH	S3-667462843	American League Associates	
false_merge	0.7110365137822477	S1-362103962	Smith Liberty	16360 S River Road, Caroline County, VA	S2-888717581	Smith Liberty	
false_merge	0.8155787129311184	S1-613244205	EYU Unnayan Limited	South Delhi, 345 G/F Pocket-D Dilshad Garden Behind School, Delhi	S2-274200264	MYU Unnayan Limited	3-345 G/F POCKET-D DILSHAD GARDEN BEHIND SCHOOL, DELHI, Delhi
false_merge	0.8406850403098264	S1-910932952	Catherin Taylor, DDS, M.D., P.C.	14020 Loch Loyal Drive, Charlotte, NC	S3-878547866	Catherin Taylor, LDDS, (M.D.,-P.C.)	14024 Loch Loyal Dr, Charlotte, North Carolina
false_merge	0.9920881117398984	S1-306694400	Vantyn Enclave	34 A Orchard Street, Medford, MA	S3-733487474	Vanntyn Enclave	34 A Orchard St, Medford, Massachusetts
false_merge	0.7877910537712064	S1-363923359	ZU Colonial Aegon LLC	120 Murrah Street, Point Comfort, TX	S2-548116805	ZLU Colonial	120 MURRAH ST, POINT COMFORT, TX
false_merge	0.9912212162565047	S1-51592496	Infra Vsv Properties Private Limited	Flat No., L-267, Jhai, Near Sez, Ashiana Umang, Jaipur, Rajasthan	S2-461075563	Infra Vsv Limited Private Services	47 FLAT NO., L-267, JHAI, NEAR SEZ, ASHIANA UMANG, JAIPUR, Rajasthan
false_merge	0.9957905434497212	S1-957617959	Karad It Private Limited	1121, A/P. Wing, Karad, Satara, Maharashtra	S2-882534705	KARAD  SERVICE	G-1121, A/P. WING, KARAD, महाराष्ट्र
false_merge	0.9792150830816735	S1-528773213	Womens Health Center Associates	151 Andrus Road, Northwood, OH	S3-154060218	Womens  Health Center Associates	
false_merge	0.705719003490186	S1-923389771	Behavioral Health Specialists L.L.C.	3037 Clarendon Avenue, Phoenix, AZ	S2-823825627	Behavioral Health Specialists Inc.	262 45RD AVENUE, POHENIX, AZ
false_merge	0.7838611912145466	S1-523629602	Supreme Telefonica	356 Revere Road, Akron, OH	S2-375902028	SUPREME TELEFONICA	
false_merge	0.9216312437207408	S1-576499872	Ziraesh Textiles Group	Orissa, Bhubaneswar, Plot No-784/1391, Gv-05 Girish Vihar, Bharatpur, Khordha	S2-350189365	Ziraezh Textiles Group Group	PDOT NO-784/1391., GV-05 GIRISH VIHAR, BHARATPUR, BHUBANESWAR, Odisha
false_merge	0.999171599581084	S1-685195143	Novyn Ithax LLC	Charlotte, NC, 13820 Queens Harbor Road	S3-518812662	Novvyn  Ithax L.L.C.	13820 Queens Harbor Rd, Charlotte, North Carolina
false_merge	0.9994680599133294	S1-79117481	Drishti Group of Companies	Sirsa, Haryana, C/O Ravi Kumar, Sirsa, H. No 15/246 Barnala Road, U Bansal Colony	S2-622714031	Drishti Group of Companies	44 C/O RAVI KUMAR, H. NO 15/246 BARNALA ROAD, U BANSAL COLONY, SIRSA, Haryana
false_merge	0.726830880760215	S1-451957788	Shaikpet Home Private Limited	Pno.287, Ff Winsom Villa, Road No.6, Kakatheeya Hil, Shaikpet, Hyderabad, Telangana	S3-626442334	Shaikpet Hmbhhs Private Limited	
false_merge	0.9631959855209761	S1-209591569	Vantex Southwest LLC	805 Central Avenue, Locust, NC	S3-7256790	Vantexa Southwest LLC	80 Central Avenue, Locust, North Carolina
false_merge	0.8283496358439135	S1-451583951	Star Restaurant Inc	Henrico County, VA, 2315 Kent Street	S2-956081912	Avidelta	HENRICO CDP, VA, NULL, 2315- KENT SAINT
false_merge	0.8577888135325912	S1-690645882	Owens and Steen	32 Wheelock Avenue, Norwood, MA	S3-85564550	Owens & Stm | www.owensst.com	
false_merge	0.7662162130288669	S1-45829301	Serilingampally Overseas Private Limited	H.No.1-36/1/12/45, Reddy Colony, Serilingampally, K.V.Rangareddy, Telangana	S3-54956602	Seri1ingampally Limited Center	P.no.1 Sy.no.12, K.v.rangareddy, Serilingampally, TG
false_merge	0.9997375981540221	S1-564905197	Meenendra International Limited	Thane, H.No..415/0 Flat:104, Bhiwandi, 1St Flr, Bldg:8/A, Near Shantinagar Police Station, Ashok Nagar, Maharashtra	S3-329414708	Meennendra Limited International	H.no..415/0 Flat:104, महाराष्ट्र
false_merge	0.986354187129819	S1-133049786	Jones Metropolitan Alchemy	1415 Edwards Street, Springfield, IL	S3-752465334	Ciralyrabelo	1415-B Edwards Street, Springield, Illinois
false_merge	0.9925673773620418	S1-814543146	Padua Advertising Partners	ME, Farmington, 163 Middle Street	S2-585354225	Padua Advertising Partners  LP	
false_merge	0.9164468465546114	S1-824214420	Yamuan Welfare Private Limited	Gautam Buddha Nagar, 1St Floor, Plot No P-2/12, Black Gold Apartment, Sector Omega-1, Greater Noida, Maicha, Uttar Pradesh, Flat No B-106	S3-672675828	Yammuan Welfare Limited Private	Flat No B-##115, 1St Floor, Plot No P-2/12, Black Gold Apartment, Sector Omega-1, Greater Noida, Maicha, Gautam Buddha Nagar, UP
false_merge	0.8949998909029221	S1-743676529	Keystone Textile Industries Inc.	18019 12th Place, Bellevue, WA	S3-35999876	Inc Keystone Textile Industries	Bellevue, 18032 Twelfth Pl, Washington
false_merge	0.8484309924230506	S1-211496085	LC Producer Public Limited	No.28, Shinivagilu Chandra Reddy Layout, Vivek Nagar Post, Bangalore, Karnataka	S2-833660022	GC Producer Public	H.NO 28 , SHINIVAGILU CHANDRA REDDY LAYOU, VIVEK NAGAR POST, Karnataka
false_merge	0.9547981934377792	S1-364927444	The Dent Bistro Inc.	Bristol, Unit Unit 45, 489 Wolcott Street, CT	S3-265321710	The Dent Bistro Inc	491 Wolcott Street, Unit Unit 45, Bristol, Connecticut
false_merge	0.981067005689436	S1-186380516	Vertex Inc.	Holly Springs, 4102 Reef Court, NC	S3-856675918	Vertex Inc	105 Reef Ct, PMB 1373, Holly Springs, North Carolina
false_merge	0.8046696922048476	S1-851614586	Rolex & Co	D-8, Suryakiran Society, Plot No. 1 Panchpakhad, Thane, Maharashtra	S2-525944659	Mr Rolex &	
false_merge	0.9052774504934382	S1-180728771	Green Ventures Private Limited	Gujarat, Rajkot, Pranav Comp, Rajkot, Sh No 20, R Rd, Jivan Nagar Nr Darjivadi	S3-587736259	Green Ventures Limited	Rajkot, No 11 Pranav Comp, ગુજરાત, Rajkot, Sh No 20, R Rd, Jivan Nagar Nr Darjivadi
false_merge	0.9200602360046828	S1-106450926	Kaverin Software Pvt Ltd	Shree Nikethanam, 222, Mavelipuram, Kakkanad, Cochin, Kerala	S3-997057459	Caverin Software Pvt Ltd	No 35 Shree Nikethanam, 222, Mavelipuram, Kakkanad, Cochin, KL
false_merge	0.9958531896367451	S1-949978863	Bushey Vanguard Biopharmaceuticals Inc.	9601 169th Avenue, Redmond, WA	S2-789438513	Aoroa	##9601 169TH AVE, REDMOND, WA
false_merge	0.9184062109920389	S1-893814627	Galaxy Properties Private Limited	C/O Vinod Daware, Barde, Nagar, Shivamkunj, Nagpur, Maharashtra	S3-343855786	Galaxy Properties Limited	#37 C/o Vinod Daware, Nagpur, MH
false_merge	0.8294113643619025	S1-178122172	Fairmont Medical Centre	Hyderabad, 1-58/1/67, Telangana, Model Colony, Pranamhospital, Madinaguda, Tirumalagiri	S2-307367251	FAIRMONT MEDICAL CENTRE	
false_merge	0.7969616134237117	S1-113927372	Ams Infratech Private Limited	B 5/133Safdarjung Enclave, New Delhi, South Delhi, Delhi	S2-85967399	Ams Infratech Limited	B 5/146SAFDARJUNG ENCLAVE, NEW DELHI, दिल्ली
false_merge	0.9083235112138885	S1-540548603	Indriya Pee Pvt. Ltd.	C/O Reeta P J, Chettikulangara, Kozhikode, Kerala	S2-590595932	Inndriya Pee Pvt. Ltd.	കേരളം, NO 0023 C/O REETA P J, CHETTIKULANGARA, KOZHIKODE
false_merge	0.7393098595722243	S1-27357169	Jarlari Hotel LLC	805 Lewis Street, Oxford, NC	S3-43689464	Jarlatis Hotel LLC	Oxford, 805 Lewis St, North Carolina
false_merge	0.9986056962263224	S1-124477993	Peak Aerospace Worldwide Inc.	381 Bullard Street, Holden, MA	S2-720412491	Peak Aerospace Inc Worldwide	85 BULLARD ST, PO BOX 9169, HOLDEN, MA
false_merge	0.9887265304243645	S1-952231369	Zeis Partners Corp	3120 67th Lane, Phoenix, AZ	S2-849550531	Orbifayegild	3120 67TH LN, PHOENIX, AZ
false_merge	0.9649229500480073	S1-327558046	Devita Life Partners	890A, Ward No. 8, Mehrauli, New Delhi, South West Delhi, Delhi	S2-927007324	Devvita Life Partners Company	903A, WARD NO. 8, MEHRAULI, NEW DELHI, दिल्ली
false_merge	0.8263210160440622	S1-847023148	Value Realty Inc	2628 Yorktown Place, Tulsa, OK	S3-332872881	Value Realty lnc. Inc.	
false_merge	0.9686148441298091	S1-785203905	Ferreus Jones	10250 144th Place, Orland Park, IL	S2-259318314	Ferreuz Jones	10250 144TH PLACE, IL, ORLAND PARK
false_merge	0.7322953623374813	S1-381499611	VIV Short	1421 44th Avenue, WA, Camas	S2-383871194	... VI Sh	WA, 1421 44TH AVENUE, CAMAS
false_merge	0.9560980789248766	S1-118621457	Apex & Sons Private Limited	Shop No S101, Phase 3, Spencer Plaza, Chennai, Tamil Nadu	S2-966562664	M/s APEX & SONS [LIMITED]	SHOP NO S02, PHASE 3, SPENCER PLAZA, CHENNAI, Tamil Nadu
false_merge	0.7227916339923907	S1-935085533	Abhiruchi Memorial Trust Saidabad	Door No: 17-2-710/2, Telangana, Saidabad, Hyderabad, Local, Circle: 7-Santoshnagar	S3-459915180	Abhiruchi Memorial Tust Saidabad Limited	Hyderabad, Saidabad, Door No: 17-2-710/5, Local, Circle: 7-Santoshnagar, తెలంగాణ
false_merge	0.7415839526097802	S1-563126969	Kanwal Impex Private Limited	Kmc 33/7, Happy Dale, Kollam, Kerala	S3-903210077	Sri Kanwal Private Limited Center	
false_merge	0.9202683417428198	S1-329540751	Clyic Alpha LLC	10307 China Ditch Road, Melba, ID	S2-315432081	Clyiyx Alpha LLC	10307 CHINA DITCH RD, MELBA, ID
false_merge	0.9718290520082654	S1-775909074	Bangalore South Management Private Limited	Booth No 162, 38, 1St Floor, Ashwini Layout, Bangalore South, Bangalore, Karnataka	S3-9060993	Management Bangalore South Private Limited	No. 26, Bangalore South, Bangalore, KA
false_merge	0.9575748389869089	S1-509145053	Jalgaon Enterprises Private Limited	S.No 173, Jilha Peth Visawi Nagar, Jalgaon, Jalgaon, Maharashtra	S3-246227089	Jalgaon Enterprises Límited	Gandhi Teerth, Jain Hills, Shirsoli Road, Jalgaon, MH
false_merge	0.9995133911857507	S1-459872032	Brightay Mercator LLC	5203 Pinar Trail, Killeen, TX	S3-756772492	Brrightay Msatro LLC	Texas, Killeen, 5203 Pinar Trl
false_merge	0.7916888276014371	S1-664270978	FJD Solar of Hyderabad	Plot No .1-88/2, 5Th Floor, Gem Square Building, Near Metro Pillar No 1743, Above Hdfc Ban, K, Madhapur, Hyderabad, Telangana	S3-14708288	FJPD Solar  of Hyderabad	Plot No .1-88/2, 5Th Floor, Gem Square Building, Near Metro Pillar No 1743, Above Hdfc Ban, K, Madhapur, Hyderabad, TG
false_merge	0.948747316629296	S1-704698105	Blue It Private Limited	A-1, Groud Floor, Plot 590A, B N Kapol Niwas Dr Babasaheb Ambedkar Road, Matunga, Mumbai, Maharashtra	S3-418873835	BLUE IT PRIVATE LIMITED	A 01, Thane, महाराष्ट्र
false_merge	0.9098576515393256	S1-121865781	Gujarat & Sons	Flat No-G 1054 12Th Avenue Gaur City -2, Sector-16 C Greater Noida, Uttar Pradesh, Gautam Buddha Nagar, Uttar Pradesh	S3-876513472	Gujarat & Sóns	
false_merge	0.9921156092175746	S1-289777797	Ferrora Productions L.L.C.	3908 Rosedale Street, Gig Harbor, WA	S3-459979943	Ferrrora Productions (L.L.C.)	915 Rosedale St, Gig Harbor Township, Washington
false_merge	0.9998128005714904	S1-367253800	Great Center IV PC	1660 305th Street, Eddyville, IA	S2-519995929	Great Center IVV	1660 305TH STREET, EDDYVILLE CITY, IA
false_merge	0.8469468200717666	S1-981344024	Burger Newbury Inc.	76 Jackson Street, North Attleborough, MA	S2-363682702	Barker Newbury Inc.	76 JACKSON ST, ATTLEBORO FALLS CITY, MA
false_merge	0.9988752895001297	S1-102420172	YHR Cornerstone Cannabis Inc	6560 Weatherfield Court, Maumee, OH	S3-57632623	YHH C0rnerstone Cannabis Inc	6560  Weatherfield Court, Monclova Twp, Ohio
false_merge	0.7972592051104065	S1-820212508	Stephenson and Burrows Inc.	812 Warwick Road, City Of El Paso, TX	S3-640928887	Stephenson and Burrows Inc	19 Warwick Road, EL PASO, Texas
false_merge	0.9084436840803758	S1-977630068	East Transport Center	86 Mill Street, Dover, NY	S3-411971524	East Transport Center	
false_merge	0.8535162309459734	S1-70671174	Maple Investment Center	Plot No-4271/9578 Flat No-B/306, Krishna Enclave/Sarbahal, Jharsuguda, Orissa	S3-834336524	Maple Investment	
false_merge	0.7258307633718397	S1-872669152	Hope Infrastructure Private Limited	Sr No 117/1, Sanghriya 502 Pune City (C B), Pune, Maharashtra	S3-92804694	Hope Infrastructure  Limited	Block E-689 Sr No 117/5, Pune, MH
false_merge	0.9505300420947334	S1-914098011	Patriot Golden	1631 Old Military Road, Paris, AR	S2-547028225	PATRIOT  6OLDEN	
false_merge	0.987487474118443	S1-207748532	Jarlent Space Inc	1263 Randolph Goodluck Road, Edmonton, KY	S2-342440864	Jarleix  Space Inc	EDMONTON, 1263 RANDOLPH GOODLUCK RD, KY
false_merge	0.8391504200002528	S1-103569542	Long, Patel & Gonzalez Inc.	4303 Midtown Square, Unit 3032, Suitland, MD	S2-88313365	LONG, PATEL & GONZALEZ INC.	
false_merge	0.8081420266411125	S1-584912519	Thomas and Hoang	MT, 360 Gladys Glen Road, Coram	S3-577120822	Thomas and Hoang  Co	Montana, Coram CITY, 62 Gladys Glen Road
false_merge	0.9967611933428245	S1-844713145	Taraita Mining Private Limited	Flat No.401, Vrusha One Plot No.1070/B, Ambawadi, Bhavnagar, Gujarat	S3-417141310	Tarraita Minng Private Limited	H.no 401, Bhavnagar, GJ
false_merge	0.9490781276833853	S1-97248421	Thomas Regional Quality L.L.C.	709 Jamestown Avenue, Portsmouth City, VA	S2-837997630	Thomas Regiona1 Quality L.L.C.	711 JAMESTOWN AVE, PORTSMOUTH, VA
false_merge	0.8311486761638862	S1-827830968	Ebony Wilson Vaneck Associates	IN, 1011 First Street, Winslow	S2-182725729	Lyravio	1011 FIRST ST, WASHINGTON, DC
false_merge	0.9995805798441529	S1-476055642	Auriq Hub Inc	1649 Summit Avenue, New Albany, IN	S2-749831468	Aurriq Inc Center	NEW ALBANY, IN, 1649 SUMMIT AVENUE
false_merge	0.977164392900865	S1-486870196	New Delhi Services Private Limited	H.No.67, 1St Floor Block-A, Kewal Park Extn., New Delhi, North West, Delhi	S3-859564897	De1hi Limited Services	No ##67, North West Delhi, DL
false_merge	0.7784817561423419	S1-98664956	Dream Management Private Limited	Maharashtra, Nanavati Mahalaya, Flr 3 & 4, Plot 18 Mudhana Shetty Marg, Nr Bse, Fort, Mumbai City, Mumbai	S3-353659453	Dream Management Private-Ltd	Floor, Mumbai, महाराष्ट्र
false_merge	0.8938803386629336	S1-859896610	Sai Overseas Private Limited	408, Floor-4, Plot-88/89, Surat Sadan Street, Dana Bunder, Chinchbhunder, Mumbai, Mumbai, Maharashtra	S3-803496033	Sai Overseas Limited	42, Floor-4, Plot-88/89, Surat Sadan Street, Dana Bunder, Chinchbhunder, Mumbai, Mumbai, महाराष्ट्र
false_merge	0.9819970285384735	S1-1249686	Hercules Brothers Private Limited	Iiird Floor, Karol Bagh, New Delhi, Delhi	S3-720770942	Hercules Brothers Infratech Private Limited	# Iiird Floor, Karol Bagh, New Delhi, DL
false_merge	0.8270938228944951	S1-663536135	Physical Therapy Desert Care Associates	W11583 478th Avenue, Town Of Oak Grove, WI	S3-703573274	Physical Therapy Desert Care (Associates)	
false_merge	0.9308243436877841	S1-542227129	Tech Services Private Limited	Flat No.201, Narsi Greens, Plot No.78, Tngos Colony-I, Behind Q City Road, Manikonda Jagir, Financial Dirstrict, Seri Lingampally, K.V.Rangareddy, Telangana	S3-69813270	Tech Private Limited (Services)	H.no 201, Delhi, North West Delhi, DL
false_merge	0.861129367800132	S1-683814557	Roanne Wix Signature Rare LLC	21268 Rosefield Lane, California, MD	S3-748119516	Rosales Wix Signature Rare LLC	21268-21270 Rosefield Ln, California, Maryland
false_merge	0.8270461603725264	S1-757135093	Indrendra Rolling Private Limited	C/O Moon Devi, 1St Floor Bharat Nagar Dudauli Road, Sitapur Road, Lucknow, Uttar Pradesh	S3-618935094	Inndrendra Reolmnig Private Limited	Lucknow, UP, Door No 99 C/o Moon Devi, Lucknow
false_merge	0.9251344172063802	S1-958452327	Dharuhera Solution Private Limited	House No-12 Azaad Nagar, Hari Nagar Road Near Dharuhera- Bass Road, Dharuhera, Rewari, Haryana	S3-948145434	Dharuhera Private  Limited Services	Amd Cioy, Rewari, Dharuhera, HR
false_merge	0.9996620971493516	S1-257983876	Gangin Services Private Limited	A Shop, Near Govt. Primary School, Chatrpura, Mangrol, Siswali, Tehsil- Sangod, Baran, Rajasthan	S2-395249947	Ganngin Services Private (Limited)	A SHOP, NEAR GOVT. PRIMARY SCHOOL, CHATRPURA, MANGROL, SISWALI, TEHSIL- SANGOD, BARN, NULL, Rajasthan
false_merge	0.8669335966278164	S1-212356471	Mayank Mark Private Limited	C/O Singh Shiva Ashok, F. No.703, Bld2, Rashmi, Vasai, Thane, Maharashtra	S2-769479933	Private Mayank Dines Limited	F. NO.703, BLD2, RASHMI, DOOR NO 55- C/O SINGH SHIVA ASHOK, VASAI, THANE, Maharashtra
false_merge	0.9855635982562188	S1-996139547	OBZ Network Private Limited	8, 2Nd Floor, Sanghrajka House, Plot-431 Dr. Dadasaheb Bhadkamkar Marg, Mumbai, Mumbai City, Maharashtra	S3-720895950	UOBZ Netlhrk  Private Limited	MH, 8, Mumbai, Mumbai City
false_merge	0.7095895845062316	S1-502913796	Sky Apex Technologies Private Limited	52/56 Vithalwadikalbadevi Gr Flr, Mumbai, Maharashtra	S2-288785343	एपेक्स स्काई टेक्नोलॉजीज प्राइवेट लिमिटेड	SH-13, MUMBAI, Maharashtra, NULL
false_merge	0.825824971145236	S1-698140545	Halcus Athene LLC	250 Mcarthur Street, Chillicothe, OH	S2-599067863	LLC Halcyx Athene	250. MCARTHUR ST, NULL, CHILLICOTHE, OH
false_merge	0.9796199921812898	S1-695741906	Anilya Advertising	Mhow, A.B. Road, Madhya Pradesh, Mewara Garden, Kishanganj	S3-718830050	Annilya Advertising Corporation	No 86 Mewara Garden, Kishanganj, MP
false_merge	0.9814912862814792	S1-854618547	Mumbai Solutions Private Limited	701, Sarvesh, Bhavani Shankar Road, Near Kabutarkhana Dadar West, Mumbai, Mumbai City, Maharashtra	S3-702139512	Mumbai Solutions Private-Limited	##701, Mumbai Ii, महाराष्ट्र
false_merge	0.8624888568411311	S1-669002772	Nexium Starry LLC	835 Millers Lane, Goochland County, VA	S3-697166901	L.L.C. Neksium Starry	835 Millers Ln, Manakin Sabot, Virginia
false_merge	0.9713909072684063	S1-598515647	Chandranth Mills	2Nd Floor, Plot No - E28 Siddharth Nagar, Maliviya Nagar, Jaipur, Rajasthan	S3-580025876	Khandranth Mills	2Nd Floor, Jaipur, RJ
false_merge	0.9714499851967842	S1-740381437	Charms Medicare Center	Block-J, 220, New Alipore, Kolkata, Kolkata, Howrah, West Bengal	S2-506569414	Charms Medicare Center Limited	NO 21 BLOCK-J, 220, NEW ALIPORE, KOLKATA, KOLKATA, West Bengal
false_merge	0.9997865069700465	S1-400886405	Meeniya Media Limited	C-301 Shrushti Heights, Nr Virr. Link Road, Vasai, Thane, Maharashtra	S2-79667784	Meenniya Mdeia Limited	महाराष्ट्र, BLOCK G-833 C-301 SHRUSHTI HEIGHTS, NR VIRR. LINK ROAD, VASAI
false_merge	0.9996753783001846	S1-599283654	Brightara Home LLC	5928 100th Avenue E, Tulsa, OK	S3-545063424	Brrightara  Home	5928 100th Ave E, Tulsa, Oklahoma
false_merge	0.9943061966166759	S1-553688472	Bnb (India) Farms Private Limited	A-1 Flat 1 Vitta Sanchay, Chs Nr Vasi Village Chemb, Mumbai, Maharashtra	S2-391163404	Bnb  (India) Farms Limited	A-C-1 FLAT 4 VITTA SANCHAY, CHS NR VASI VILLAGE CHEMB, MUMBAI, Maharashtra
false_merge	0.863725505962275	S1-338464474	Jabalpur Nidhi Private Limited	H.No 26 Amber Vihar-7, Amanpur, Jabalpur, Madhya Pradesh	S3-879782752	Jabalpur Nidhi	Shop No. 41, Jabalpur, MP
false_merge	0.9883209053885167	S1-251415796	Lyray Sumitomo LLC	WI, W155N6991 Amberleigh Circle, Village Of Menomonee Falls	S2-681747639	llc lyrray sumitomo	PMB 5596, WI, W155N6996 AMBERLEIGH CIRCLE, VILLAGE OF MENOMONEE FALLS
false_merge	0.7449695566051013	S1-755841444	Mcfarland & Gaydos Liquor Clinic	IN, East Chicago, 3802 Erie Court	S2-904953984	Mcfarland & Gaydos Liquor Clinic Ltd	380 ERIE CT, EAST CHICAGO, IN
false_merge	0.7029150940944154	S1-130520281	Kavertech Studios Ltd	Unit No. C-103, First Floor, Tower C Royal Business Park, Chandigarh-Ambala H, Ighway, Zirakpur, Mohali, Punjab	S2-664199442	Kavertech Studios Ltd	
false_merge	0.9458965940616947	S1-258990044	Taraya Realty Private Limited	H.No. 57, New Akola Road Code 122, Sangamner, Ahmednagar, Maharashtra	S3-472955119	Taraova Realty-Private Limited	H.no. G-57, Sangamner, MH
false_merge	0.7729926259965109	S1-131321754	Super Real Infotech Private Limited	Siliguri, C/O Mahesh Sah, Jalpaiguri, Shantinagar Housing Complex, Near Ioc Terminal, Njp P.O. Dabgram 2, Bh, Aktinagar, West Bengal	S3-256341276	Super Real Infotech Limited	No 19 C/o Mahesh Sah, Shantinagar Housing Complex, Near Ioc Terminal, Njp P.o. Dabgram 2, Bh, Aktinagar, Jalpaiguri, WB
false_merge	0.9941225594028023	S1-798276149	Planas, Pusateri and Greene	2461 Celestial Drive, TX, Prosper	S2-437750723	Planas, Pusateri and  Greene Co	PROSPER, TX, 246 CELESTIAL DR
false_merge	0.9002200217728781	S1-502574894	Vaayuendra Data Limited	Door No.3A, M.G.R. Nagar, 5Th Main Road Velacherry, Chennai, Tamil Nadu	S2-204442051	Vaayuendova Data Limited	DOOR NO.3A  , M.G.R. NAGAR, 5TH MAIN ROAD VELACHERRY, Tamil Nadu
false_merge	0.8531731253444496	S1-20242322	Roopan Services of Govind Nagar LLP	117/K/636 Amb Nagar, Kakadeo, Govind Nagar, Kanpur Nagar, Uttar Pradesh	S2-174381189	RUPAN SERVICES OF GOVIND NAGAR (LLP)	H.NO 117/K/647 AMB NAGAR, KAKADEO, GOVIND NAGAR, Uttar Pradesh
false_merge	0.8123938534520566	S1-646963375	Delta Silver Restaurants	1700 43rd Street, City Of Kenosha, WI	S3-950863199	Delta Silver Center	
false_merge	0.796639693917014	S1-161739464	Emporia Community Prime Association LLC	1113 West Street, Emporia, KS	S2-413757749	emporiacommunityservices.com	521 ELM ST, KS, EMPORIA
false_merge	0.9605577647181957	S1-81257265	TDM Chit Pvt. Ltd.	36/387-1 Vigneswara Granites Vencode Po Vattappara, Kerala, Trivandrum, Thiruvanathapuram, Thiruvananthapuram	S2-880427753	Pvt. TDMM Chit Ltd.	3-6/387-2 VIGNESWARA GRANITES VENCODE PO VATTAPPARA, THIRUVANATHAPURAM, TRIVANDRUM, Keralam
false_merge	0.9804041951985055	S1-13413482	Diamond Mortgage Solutions	3230 13th Street, Temple, TX	S2-344591220	Diamond Mortgage Solutions	
false_merge	0.7805233706264975	S1-913212191	Projects Tulip Collective	Pune, C/O Mainabai Pawar, Thrud, Maharashtra, Pawar Niwas, 88/8Bgujrat Colony Near Laxmi Provision Stores, 2Nd Floor, Ko	S3-826931482	Rizaumbraxylo	Maharashtra, Pawar Niwas, 88/8Bgujrat Colony Near Laxmi Provision Stores, 2Nd Floor, Ko, Pune, C/O Mainabai Pawar, Thrud
false_merge	0.9855412189048366	S1-496194135	Maid Auto Body PLLC	1802 Jackson Street, Muncie, IN	S2-407970494	Novinyla	1802 JACKSON STREET, PHOENIX, AZ
false_merge	0.9573578224131915	S1-236012623	Orbis Permian Inc.	108 Cambridge Drive, Columbia City, IN	S3-460623788	Orbiz Permian Inc.	108 Camridge Drive, Columbia City, Indiana
false_merge	0.7090887979510468	S1-622440925	Select Textile Partners	104 127th Street, Unit 325, Ocean City, MD	S3-797101169	Select Textile Partners Partners	11 127th Street, Ocean City, Unit 325, Maryland
false_merge	0.8494541581360472	S1-470410082	Kimberly Johnson, L.C.S.W., P.C.	2475 Pecos Road, Fl 0, Chandler, AZ	S2-17493544	Avizeta	002475 PECOS ROAD, N/A, CHANDLER, AZ
false_merge	0.9996195293758479	S1-581652184	Devam Exim Limited	Flat No. 199 Khushi Vihar, Near Patrkar Colony, Jaipur, Rajasthan	S2-799188057	Devvam Limited Services - (3355798997)	#199 KHUSHI VIHAR, NEAR PATRKAR COLONY, JAIPUR, Rajasthan
false_merge	0.7711151585210086	S1-864976773	Brighteon Consulting	16426 4100, Lindale, TX	S2-761153704	Brighteona Partners	##16426 4100, LINDALE CITY, TX
false_merge	0.9994337005406925	S1-626400245	Vanteon Copley LLC	465 Trabold Road, Gates, NY	S2-851074270	Vannteon Cópley LLC	465 TRABOLD RD, GATES, NY
false_merge	0.9448000586343647	S1-515059008	Varshanth Solution Private Limited	Shop 16 Salasar Commercial Centre, Fatak Road, Near Gas Godown, Bhayander (E), Mumbai, Mumbai City, Maharashtra	S2-327856869	Varshanade Solution Pirvate Limited	SHOP 16 SALASAR COMMERCIAL CENTRE, FATAK ROAD, NEAR GAS GODOWN, BHAYANDER (E), MUMBAI, Maharashtra
false_merge	0.9710248604859086	S1-650178882	Nicky Moss, DPM	867 Oakmont Loop, Albany, OR	S3-395045003	Nicky Móss, DPMY	867 Oakmont Loop, Albany, Oregon
false_merge	0.994688268186508	S1-826583006	Guarino, Shelley and Denney Center	433 93rd Way, Mesa Four Peaks, AZ	S2-64225974	Guarino, Shelley and Denney LP Center	
false_merge	0.9665177246013191	S1-144450079	Sarasiya Worldwide Private Limited	West Bengal, Plchlapukur, Kmdjotsudam, Pichlap, Dakshin Dinajpur, Kushmandi, South Dinajpur, C/O- Tachhimaddin Jotsudam	S3-478336770	SARAZIYA WORLDWIDE PRIVATE LIMITED	C/o- Tachhimaddin Jotsudam, Plchlapukur, Kmdjotsudam, Pichlap, Dakshin Dinajpur, Kushmandi, South Dinajpur, WB
false_merge	0.9994402697511432	S1-648244761	Brightay Resources	470 Branham Mill Road, Gallatin, TN	S3-674589180	Brrightay Res0urces Resources	00470 Branham Mill Rd, Gallatin, Tennessee
false_merge	0.9971529333584344	S1-103169443	Kestova System Brooklyn Center LLC	1350 Shingle Creek Crossing, Brooklyn Center, MN	S2-313248538	Kestoade System Brooklyn Center LLC	BROOKLYN CENTER, 1350 SHINGLE CREEK XING, MN
false_merge	0.7817740623376719	S1-560937535	Vasai Service Private Limited	139, Dayashankar Chawl, Hansvijay Ngr, S Bhavan, Vasai, Thane, Maharashtra	S3-698007616	Vasai Vasai Private Limited Service	
false_merge	0.9796899024742597	S1-428321566	Heritage Education Works LLC	2000 Dayton Ave, Ames, IA	S3-583833770	Heritage Education Works LLC	2000 Daid Ave, Kenai Peninsula Borough, Alaska
false_merge	0.881478576590877	S1-284813433	Drayeon Pet Care PC	12524 Greenbriar Boulevard, IN, Sellersburg	S3-312061859	Drayean Pet Care PC	Indiana, Sellersburg, 12524 Greenbriar Boulevard, PMB 9075
false_merge	0.9610519052731126	S1-352984197	Baba Exports Private Limited	Block - A, Cc Colony, North Delhi, Delhi, A-11	S2-21200833	बाबा Exports गारमेंट्स प्राइवेट लिमिटेड	A-11, BLOCK - A, CC COLONY, DELHI, NORTH DELHI, Delhi
false_merge	0.9733902577243734	S1-675221219	Gauransh Brothers Private Limited	45 Arjun Marg, Dlf-1 Sec 26A, Dlf Qe, Gurgaon, Haryana	S3-293261359	Rizad0va	45, Arjun Marg, Sector-26a Dlf Phase-1, Dlf Qe, Gurgaon, हरियाणा
false_merge	0.9952963994790855	S1-283826002	Ashlie Barnes, MD	6450 Double Eagle Drive, Unit 315, Woodridge, IL	S3-354290078	Ashlie Barnes,	
false_merge	0.998429290694362	S1-57989441	Indrora Chess	House No. 15, Scheme No. 6 Kumbha Nagar, Chittorgarh, Rajasthan	S2-902425200	Inndrora Chess	HOUSE NO. 15., SCHEME NO. 6 KUMBHA NAGAR, राजस्थान
false_merge	0.9266417581736307	S1-958462099	Bombay Technology Private Limited	Nagapattinam, Tharangambadi, South Madavilagam., Tamil Nadu, No.3/120	S3-184763741	Bombay Technology [Limited] #42782	No.b3/3/122, Nagapattinam, தமிழ்நாடு
false_merge	0.9653125271303999	S1-68079815	Indrendra Technologies Limited	C/O Jindal Petro Foam Private Limited, Village Mandhour, Naraingarh Road, Ambala, Haryana	S3-41332263	Inndrendra Technologies-[Limited]	No 20 C/o Jindal Petro Foam Private Limited, Village Mandhour, Naraingarh Road, Ambala, HR
false_merge	0.867197663977535	S1-690619531	Noviq Surgical Clinic	1911 Linmar Dr NE, Cedar Rapids, IA	S3-857270582	Novuq Surgical [Clinic]	1911-1913 Linmar Dr Northeast, Cedar Rapids, Iowa
false_merge	0.9100997585394619	S1-332117228	Summit Bridge L.L.C.	1716 Shepardsville Highway, Bloomington Springs, TN	S3-829693453	Summit LLC Bridge	1717 Shepardsville Hwy, Tennessee, Bloomington Springs
false_merge	0.750935916009398	S1-62417133	Orozco Bay Calamos L.L.C.	109 Long Bay Circle, Hollister, MO	S3-155375294	Orozco Bay Calamos (LLC)	11 Long Bay Cir, Hollister, Missouri
false_merge	0.995969687081128	S1-618232134	Raise Hub Pvt Ltd	H N 893-B Flat No-1 Ff Kh, N-1151/3 Ward N8 Mehrauli, New Delhi, South West Delhi, Delhi	S2-23262580	Pvt Raise Services Ltd	H N 893-B  FLAT NO-3 FF KH, SOUTH WEST DELHI, NEW DELHI, दिल्ली
false_merge	0.8037281223314093	S1-527017209	Family Express Medicine Inc.	3106 Craig Cove, Paragould, AR	S3-248942181	Family Express Medicine Inc.	3108 Craig Cv, N/A, Pargould, Arkansas
false_merge	0.7681407344727499	S1-277283783	2003 Lake Avenue Partners LLC	161 Buckley Drive, Martin, TN	S3-331346621	2003 Lake Avenue Partners Center	74 Buckley Drive, Martin, Tennessee
false_merge	0.992246411975169	S1-910180684	Continental Center VI	NC, 637 Ansley Way, High Point	S2-934976143	Continental Center EI	637 ANSLEY WAY, HIGH POINT, NC
false_merge	0.9997973761488851	S1-71921980	Indian Galaxy Healthcare Private Limited	Laha Print House, 1St Floor 7, C. R. Avenue, Kolkata, Howrah, West Bengal	S3-336184977	ইন্ডিয়ান গ্যালাক্সি হেলথকেয়ার লিমিটেড	No 7 Laha Print House, 1St Floor 7, C. R. Avenue, Kolkata, Howrah, পশ্চিমবঙ্গ
false_merge	0.8452856854351694	S1-130481975	Pratt Signature Electrical Inc	NC, Raleigh, 4800 Greenclose Drive	S3-241533567	Pratt Signature Electrical #15204	
false_merge	0.9902616393991542	S1-741591125	Starco Enterprises Private Limited	Martin Burn Business Park, Plot 3, Block Bp, Sec V, Saltlake, North 24 Parganas, West Bengal	S3-920859690	Mr Starco Enterprises Limited	No 95 Martin Burn Business Park, Plot 3, Block Bp, Sec V, Saltlake, No Block, পশ্চিমবঙ্গ
false_merge	0.9934610461753182	S1-853064587	Aguinaga Micro Inc	3722 Echo Forest Trail, High Point, NC	S3-242444567	Aguinaga  Micro Inc	
false_merge	0.9644552602600408	S1-696074957	Clear Apparel Concepts Inc	Mesa, 460 Los Alamos, AZ	S3-19555476	clear apparel concepts inc	
false_merge	0.9544587139099059	S1-210166777	Ziraesh Textiles of Pune	3/146, Sr.No.89, Alandi Road, Kalas, Pune, Maharashtra	S3-835952276	Textiles Ziraezh of Pune	3/16, Sr.no.89, Alandi Road, Kalas, Poona, Pune, MH
false_merge	0.9822360238901564	S1-932123910	PS Legacy Infrastructure LLC	2833 Dove Drive, Sierra Vista, AZ	S3-558069852	PYS Legacy Ínfrastructure [LLC]	2833 Dove Dr, PMB 484, Sierra Vista, Arizona
false_merge	0.8532731299530181	S1-727171301	Jackelyn C. Lara, MD	946 Briarcliff Drive, Santa Maria, CA	S2-520345483	JACKELYN C LARA, [MC]	946 BRIARCLIFF DRIVE, SANTA MARIA, CA
false_merge	0.9714178561749686	S1-610431918	SU Modern Madison Clinic	8515 Imperial Court, Florence, KY	S2-978699215	SUW Modern Mádison Clinic - 5693038175	8515 IMPERIAL COURT, PMB 3684, FLORENCE, KY
false_merge	0.9922754650400456	S1-188078099	Tejam Estate Private Limited	Delhi, Central Delhi, 6182, Block No.-1, Gali No-3, 1St Floor, Dev Nagar, Karol Bagh	S3-700529379	Tejjam Estate Private	Door No 717 6182, Block No.-1, Gali No-3, 1St Floor, Dev Nagar, Karol Bagh, Delhi, Central Delhi, दिल्ली
false_merge	0.889791271665986	S1-522089731	Bangalore Realestate Private Limited	1St Floor, 3Rd Cross Agromore Layout, Attiguppe Extension, Bangalore, Karnataka, No. 14	S3-752291811	bangalore realestate private limited	#42, Bangalore, KA
false_merge	0.9989831927412275	S1-580999096	Buscher Group	2035 Brook Meadow Drive, Forney, TX	S2-478014150	Buscher  Group Corp	2035 BROOK MEADOW DR, FORNEY, TX
false_merge	0.8615474818104144	S1-536844905	International Consulting Private Limited	8-3-960/3, Ground Floor, Raghava Nilayam, Beside Axis Bank, Sri Nagar Colony, Hyderabad, Telangana	S3-371793389	Sri INTERNATIONAL CONSULTING LIMITED	TG, Hyderabad, 8-3-960/16, Ground Floor, Raghava Nilayam, Beside Axis Bank, Sri Nagar Colony, Hyderabad
false_merge	0.9968252385876734	S1-831606710	Solola Spdr	1306 Williamsfield Drive, Stillwater, OK	S2-451673507	... Sollola Spdr	1306 WILLIAMSFIELD DR, STILLWATER, OK
false_merge	0.7698357035549525	S1-331420077	Systems Morning Data Pvt Ltd	2/155 Jnkp Vistar, Lucknow, Uttar Pradesh	S3-38887797	PVT Systems Morning Services LTD	No 2/168 Jnkp Vistar, Lucknow, उत्तर प्रदेश
false_merge	0.9923614810367226	S1-334408795	Trio Properties Private Limited	Jk Business Centre 82293/82/A/787/1/4F/1, Roadno.36, 4Thfloor, Shaikpet, Hyderabad, Telangana	S2-705232944	Trio Protesr Private  Limited	
false_merge	0.7333076573312828	S1-73919014	Jay Care Private Limited	Tps No.8 4A/1, Bh Ghasiram Chaudhri Hall Nr Radhakrishna Mandir, Shahibaug, Ahmedabad, Gujarat	S3-766816398	AE	Tps No.8 4A/1, Bh Ghasiram Chaudhri Hall Nr Radhakrishna Mandir, Shahibaug, Ahmedabad, Gujarat
false_merge	0.7073086178957039	S1-759794390	Himayatnagar Hyderabad Steel Pvt Ltd	3-6-361/12/2, Himayatnagar Hyderabad, Andhra Pradesh, Telangana	S2-549909253	Pvt Himayatnagar Hyderabad Silk Ltd	2-3-6-361/12/11, HIMAYATNAGAR HYDERABAD, ANDHRA PRADESH
false_merge	0.7551029962521626	S1-481149609	Producer Cmj Navnirman Private Limited	C/O Ch.Venkata Subbaiah, 3-447 Mitta Street, Chennur-2, Gudur, Tippavarapadu, Nellore, Andhra Pradesh	S2-54510957	Producer Cmj Navnirman Limited	A-27 C/O CH.VENKATA SUBBAIAH, 3-447 MITTA STREET, CHENNUR-2, GUDUR, TIPPAVARAPADU, NELLORE, Andhra Pradesh
false_merge	0.8566410987178481	S1-221042110	Aarvva Specialists Private Limited	Pune, Building No H2, Belvdere, Sr No.134/1, Haveli, Flat No 704, Maharashtra	S2-344984864	Aarrvva Specialists Private Ltd	FLAT NO 709, BUILDING NO H2, BELVDERE, SR NO.134/1, HAVELI, Maharashtra
false_merge	0.7739446078357185	S1-507724199	United Technologies Partners	615 Churchgate Chambers5 New Marine Lines, Mumbai, Maharashtra	S2-96254909	Xyloyuma	H.NO 105 CHURCHGATE CHAMBERS5 NEW MARINE LINES, MUMBAI, Maharashtra
false_merge	0.9335559636632756	S1-350002132	Aarvtech Sugars Private Limited	8-2-293/82/J-111/213 Phase-111, Jublee Hills, Hyderabad, Telangana	S2-371806717	AARVTEKH (SUGARS)	8-2-293/82/J-111/213 PHASE-111, JUBLEE HILLS, తెలంగాణ
false_merge	0.9756346015271256	S1-660652105	Saharanpur (india) Private Limited	Uttar Pradesh, Saharanpur, C/O Ruhi Anjum, 8 Link Road, Geeta Colony	S2-888485453	Saharanpur Vrinda Private-Limited	H.NO 4 C/O RUHI ANJUM, 8 LINK ROAD, GEETA COLONY, SAHARANPUR, Uttar Pradesh
false_merge	0.8553122737290207	S1-9177221	Drayiq Street LP	401 Main Street, Salemburg, NC	S2-96056352	LP Drayiqyn Street	401 MAIN STREET, SALEMBURG, NC
false_merge	0.746433442912543	S1-96277279	Superior Learning Services Inc	Magnolia, TX, 40587 Slough Way	S2-856211052	Superior Learning Inc. Services	
false_merge	0.8987393890793566	S1-689067210	Aditaya Finance Pvt Ltd	Wz-106/81, 2Nd Floor, Rajouri Garden Extension, New Delhi, West Delhi, Delhi	S2-720486616	Aditayi Finance Pvt Ltd	WZ-106/81, 2ND FLOOR, RAJOUDI GARDEN EXTENSION, NEW DELHI, Delhi
false_merge	0.9959598140154025	S1-745032107	Rona's Value Bistro Inc.	Forsyth, MO, Unit Unit 7, 245 Kallarney Road	S3-18166818	Rona's Bistro Value Inc	248 Kallarney Rd, Unit Unit 7, Forsyth, Missouri
false_merge	0.8144062443701465	S1-117069302	Zia Mcelwee, DO, DDS PC	4714 Portwest Circle, Fl 0, Wichita, KS	S3-136461498	Zia Mcelwee, DO, DDS PC Partners	Fl. 0, Wichita, 717 Portwest Circle, Kansas
false_merge	0.9665888121257782	S1-228563705	Rosemarie E. Richardson, DPM	611 Freeman Avenue, Oakley, KS	S2-776909291	Rosemarie E. Richardson, CDPM	61 FREEMAN AVENUE, OAKLEY, KS
false_merge	0.9603609606662896	S1-426402647	North Business Private Limited	C/O Ram Prakash Kushwah Near Kushwah Samudayak Bhawan, Guda, Lashkar, Gwalior, Madhya Pradesh	S2-627041506	नॉर्थ जय Business प्राइवेट लिमिटेड	A 77, GWALIOR, Madhya Pradesh
false_merge	0.9661712364343835	S1-573621661	VUN Markets Inc	2545 Nonpareil Road, Sutherlin, OR	S3-532147082	VWN Márkets Inc	02545 Nonpareil Road, Sutherlin, Oregon
false_merge	0.9186500794679768	S1-698499291	Tejam Foundation Private Limited	Telangana, Hyderabad, 1St Floor, Road No.45, Jubilee Hills, Plot No.L36L	S3-401029771	tejjam foundation private limited #50190	Plot No.l47l, 1St Floor, Road No.45, Jubilee Hills, Hyderabad, Jubilee Hills, తెలంగాణ
false_merge	0.9461377674097684	S1-430887891	Malwa Trading Private Limited	5Th Floor 544 Yash Arian Nr. Swami Vivekanand Chowk, Near Guirukul, Memnagar, Ahmedabad, Gujarat	S2-131153301	Ariakelo	H.NO 5TH FLOOR: 544 YASH ARIAN NR. SWAMI VIVEKANAND CHOWK, NEAR GURUKUL, MEMNAGAR, AHMEDABAD, ગુજરાત
false_merge	0.7137067947115427	S1-930899042	Enriquez & Cantrell Kkr Corp	1139 6th Street, Unit B, IL, Charleston	S3-494073408	Enriquez & Cantrell Kkr Corporation	
false_merge	0.9941653843106929	S1-121688036	Infrastructure Green Machines Private Limited	Chiranjiv Tower, 43, M-1, New Delhi, Delhi, Nehru Place	S2-146799310	lnfrastructure Green Machines Limited	M-2, CHIRANJIV TOWER, 43, SOUTHEAST DELHI, NEW DELHI, दिल्ली
false_merge	0.8719107261699691	S1-481621551	Lishe Mcvey Grading	1170 Crescent Drive, Painesville City, OH	S2-713026412	Lishe Mcvey	
false_merge	0.8755348646133889	S1-519350936	USA Lifestyles Limited	9, Floor-1, Hague Building, Ballard Estate, Mumbai, Maharashtra	S2-851091028	USUA LIMITED  CENTER	##9, FLOOR-1, HAGUE BUILDING, BALLARD ESTATE, MUMBAI, <NULL>, महाराष्ट्र
false_merge	0.758936954456563	S1-516641110	KSP Resilience Inc.	KY, 1952 30, Booneville	S3-208387332	KSP Résilience Inc	1953 30, Booneville, Kentucky
false_merge	0.994925332540463	S1-152436929	Yamuin Enterprises Private Limited	No.2/183, Avadi Road, Senneerkuppam, Chennai, Tamil Nadu	S2-890698506	Yammuin Enterprises Private Límited	2/204 , AVADI ROAD, SENNEERKUPPAM, CHENNAI, தமிழ்நாடு
false_merge	0.7137725800205225	S1-973244240	Mahagauri Projectprivate Private Limited	501, Siddheshwar Height, Moghul Lane, Mumbai, Maharashtra	S2-978695817	Limited Mahagauri Projectprivate	MUMBAI, 50, महाराष्ट्र, MUMBAI, SIDDHESHWAR HEIGHT, MOGHUL LANE
false_merge	0.7613288020773845	S1-277019719	Classic Estate Private Limited	C/O Tarlochan Singh, Vpo Masitpalkot Tehsil Dasuya, Hoshiarpur, Punjab	S3-236421957	Classic  Estate Limited #89585	No 69 C/o Tarlochan Singh, Hoshiarpur, PB
false_merge	0.7039812278387388	S1-957111550	Carpenters Local Union 574	131 84 Parkland Drive, Sunnyside, WA	S3-176224322	Carpenters Local Union 574 Corp	131 8 Parkland Dr, Sunnysied Township, Washington
false_merge	0.8257539176622961	S1-281503195	Al Pour (India) Private Limited	C/O Sambhu Ray, No, Ghora, P.O Bankipur, Machhariyaw, Patna City, Patna, Bihar	S2-171107900	M/s Al Pour (India) Limited	DOOR NO 23 C/O SAMBHU RAY, NO, GHORA, P.O BANKIPUR, MACHHARIYAW, PATNA CITY, बिहार
false_merge	0.7253290509537041	S1-59173429	Mariquilla Kelly, DPM	2951 Nash Place, Unit 101, Washington, DC	S2-907600754	Mariquilla Kelly, DPMN	2951 NASH PL, WASHINGTON, DC
false_merge	0.9786757674681634	S1-803266159	Drayon Floating Co	1300 Renaissance Circle, Unit APT 403, Charleston, WV	S2-66261865	Drrayon Fstanig Co	001300 RENAISSANCE CIR, CHARLESTON, WV
false_merge	0.9983933767986052	S1-55630743	Lakshmi Infra Private Limited	Unit No-500 5Th Floor Itl Twin Tower Plot No-B-9 Nsp Pitampura Delhi, Delhi, New Delhi, Delhi	S2-50158692	Shri Lakshmi Inrfa Limited	UNIT NO-500- 5TH FLOOR ITL TWIN TOWER PLOT NO-B-9 NSP PITAMPURA DELHI, DELHI, दिल्ली
false_merge	0.8198079017176687	S1-25489048	Agro Ceramic Agro Ltd	Indira Nagar, 14/165 Sector 14, Lucknow, Uttar Pradesh, Lucknow	S2-579427599	AGRO CERAMIC LTD  CENTER	14/17 SECTOR 14, INDIRA NAGAR, LUCKNOW, Uttar Pradesh
false_merge	0.9976740091771262	S1-855764327	PT Farmers Private Limited	D-2, Benmal Apartment, Beside Mehboob Studio Hill Road, Bandra (W), Mumbai, Mumbai City, Maharashtra	S3-279124339	private ptt farmers limited	D-002, Benmal Apartment, Beside Mehboob Studio Hill Road, Bandra (W), Mumbai, Mumbai City, MH
false_merge	0.9017817500477835	S1-908454123	ORZ India Corporation	Office No 401 Sai Infotech Patel Chowk Ghatkopar East, Mumbai, Mumbai City, Maharashtra	S2-688236678	ERZ Ia Corporation	OFFICE NO 401 SAI INFOTEIH PATEL CHOWK GHATKOPAR EAST, MUMBAI, Maharashtra
false_merge	0.880834464358067	S1-370462645	Eye Group	300 Campbell Street, Gore, OK	S3-192474458	Eye Group	301-303 Campbell Street, Oklahoma, Gore
false_merge	0.9586924207351891	S1-262517442	A Cure 8 IT	6030 Blue Ridge Drive, Unit F, Highlands Ranch, CO	S3-176563343	A Cure 8 NT	6030 Blue Ridge Dr, Unit F, Highlands Ranch, Colorado
false_merge	0.8848295121746489	S1-257821231	Solio Construction LLC	17448 Little Mill Road, Sussex County, VA	S3-854308332	Solique Construction LLC	Virginia, 17448 Little Mill Rd, Sussex County
false_merge	0.8281861822941211	S1-144311133	Tejan Cold Private Limited	Gurgaon, Ridgewood Estate, Dlf City, Phase - 4, Haryana, Gurgaon, 1A092	S3-308633897	Tejin Cold  Private Limited	1A092, Divreportingcircle, Gurgaon, HR
false_merge	0.9969442212839258	S1-322870263	Montus Atlas L.L.C.	145 Plaza Boulevard, Madison, AL	S3-682161839	Montus Atlas L.L.C.	66 Plaza Blvd, Madison, Alabama
false_merge	0.7793704417736708	S1-152512126	Complete Property Partners L.L.C.	505 Santorini Drive, Cary, NC	S2-987160510	Complete Property Inc Partners	
false_merge	0.8461347943710019	S1-458440305	Michel S. Gonzalez, DDS	31 Crescent Street, West Hartford, CT	S2-860704093	MICHEL S. GONZALEZ, DDS	
false_merge	0.8459043113828885	S1-729012540	Ferryn Sea Corp	21415 Poate Court, Rogers, MN	S3-455873670	Ferrryn Sea Corp.	Minnesota, Rogers, 21416 Poate Court
false_merge	0.72156838328247	S1-934442376	Aarvesh Realty Center	Sco No. 85, Mahila Ashram Complex Ground Floor And Basement, Karnal, Haryana	S2-351637286	Aarvezh Realty	SCO NO. 85, MAHILA ASHRAM COMPLEX GROUND FLOOR AND BASEMENT, KARNAL, Haryana
false_merge	0.7174275026326218	S1-902207455	Signature Business Innovations	1524 Parrish Avenue, Unit DR2, Owensboro, KY	S2-65696496	SIGNATURE BUSINESS INNOVATIONS	
false_merge	0.7882088741590922	S1-939779479	Lumora Assets	Unit B7, NC, 4506 Rolling Hill Drive, Charlotte	S3-877301490	Lummora Ássets	4515 Rolling Hill Drive, # B7, Charlotte, North Carolina
false_merge	0.9720458614753491	S1-840881849	Lumio Railway	5323 6th Avenue, Countryside, IL	S3-597152087	Lummio Railway	5342 Sixth Avenue, PO Box 5037, Countryside, Illinois
false_merge	0.9402291807249632	S1-633450577	Snow Clothing LLP	Chandra Sadan, 191 B-4 Opposite Road No 5, Jay Prakash Nagar, Phulwari, Patna, Bihar	S2-417117522	Snow Services LLP	NO 70 CHANDRA SADAN, 191 B-4 OPPOSITE ROAD NO 5, JAY PRAKASH NAGAR, PHULWARI, Bihar
false_merge	0.8421430690897921	S1-377378301	Rev It Up Deli!	621 Cuzin Raye Lane, Clinton, TN	S2-982561807	Rev It Up Dnelga! Inc	62 CUZIN RAYE LANE, CLINTON, TN
false_merge	0.8676336110964863	S1-996625679	Clyola Research	4489 232nd Court, MN, Saint Francis	S3-585274144	Clyoade Research	4489 232nd Court, Saint Francis, Minnesota
false_merge	0.9729547728249494	S1-871352632	Roopya Memorial Pvt Ltd	Ahmedabad, Nehru Park. Op.H. Society Ltd. Opp. Bhairavnath Mandir, Kankariya, Gujarat, 14, Ahmedabad	S3-369600116	Pvt Roopique Mémorial Ltd	Hn 447 14, Nehru Park. Op.h. Society Ltd. Opp. Bhairavnath Mandir, Kankariya, Ahmedabad, GJ
false_merge	0.9843759081544419	S1-944058591	Farnham, Jones and Baker Coca PC	7 Hollywood Boulevard, Acoma, NM	S2-272146414	Wi1bur & Mnbz	7 HOLLYWOOD BOULEVARD, ACOMA, NM
false_merge	0.8847413505693372	S1-23019469	Capital Fellowship IV	303 Eagle Crest Drive, Poteau, OK	S2-473937068	Capital Fellowship EV	303-307 EAGLE CREST DRIVE, POTEAU, OK
false_merge	0.9588139592426554	S1-790541031	Kaverin Enclave Ltd	Off. No. 2 And 3, 1St Floor, Saran Market, Baldev Nagar, Nh-68, Barmer, Rajasthan	S2-385099742	CAVERIN LTD ENCLAVE	OFF. NO. 2 AND 3, 1ST FLOOR, SARAN MARKET, BALDEV NAGAR, NH-68, BARMER, Rajasthan
false_merge	0.9437073856407591	S1-702776667	Rapid Learning Worldwide	736 State Street, Unit A207, Farmington, UT	S2-902630769	Rapid Léarning Worldwide	
false_merge	0.985231175730824	S1-35395410	Aurora Liberty Inc	2316 Aspen Rd, Unit 203, Ames, IA	S3-415229407	Auroyx Liberty Inc	2316 Aspen Rd, Unit 203, Ames, Iowa
false_merge	0.8195392230410697	S1-339710987	Gujarat Exports Private Limited	Karnataka, Bangalore, Sapatagiri Castle 101 First Flr, Bangalore, Kallena Agrahara, Near Meenakshi Temple	S3-90465002	Gujarat Expts Private Limited	Door No 02Nd Floor, Bangalore North, Bangalore, KA
false_merge	0.9268941571653503	S1-761171334	BSS Energy Private Limited	Gut No. 225, P. No. 17, Sambhaji Nagar, Near Subhadra Mangal Karyalaya, Nanded, Maharashtra	S2-140537928	Irievodelta	GUT NO. 225, P. NO. 17, SAMBHAJI NAGAR, NEAR SUBHADRA MANGAL KARYALAYA, NANDED, Maharashtra
false_merge	0.7625260070653064	S1-331243243	Frontier Anchor Prime	124 Belew Road, Lawrenceburg, TN	S2-793051152	Frontier Anchor	
false_merge	0.8186426306305168	S1-329250594	Jay Global Private Limited	Jb-24 Iind Floorkhirki Extension Malviya Nagar, New Delhi, South Delhi, Delhi	S3-453190128	Smt jay global limited	#03 Jb-29 Iind Floorkhirki Extension Malviya Nagar, <NULL>, New Delhi, South Delhi, दिल्ली
false_merge	0.9856967014957517	S1-421146450	Novora Standard Inc	120 Farrell Road, NC, Rowland	S3-576500869	Novvora Standard Inc.	120 Farrell Rd, Rowland, North Carolina
false_merge	0.7111969673039992	S1-568130028	Aarvtech Finance Private Limited	6-3-1246/B Somajiguda, Hyderabad, Telangana	S2-223627630	Aarvtekh Finance Private Ltd	DOOR NO 06-3-1246/B SOMAJIGUDA, HYDERABAD, Andhra Pradesh
false_merge	0.9986156372842114	S1-342532551	Apex Silver Metal, LLC	3540 Maize Road, Unit APT 503, Wichita, KS	S3-611978364	Apex Silver Metal, Inc	3540 Maize Rd, Unit APT 503, Wichita, Kansas
false_merge	0.9977350621856266	S1-644153611	Surbhi Ability Private Limited	Road No - 12, Anand Banjara Line, Banjara Hills, Telangana, Hyderabad, Plot No : 8-2-684/4/16, Hyderabad	S2-764351730	SURBHI ABILITY PRIVTE LIMITED	
false_merge	0.8373120748587343	S1-491806853	Vaayuva Consultants Limited	A-31 Gali No. 2, Madhu Vihar, Delhi, East Delhi, Delhi	S2-346771215	VAAYUVAER C0NSULTANTS LIMITED	#B3/276 A-31 GALI NO. 2, MADHU VIHAR, DELHI, Delhi
false_merge	0.7176979601079161	S1-318402495	Meenraj Int Private Limited	Sterling Towers, No. 30 Aruna Nagar, Tiruchirappalli, Tiruchirappalli, Tamil Nadu	S3-199671366	>> Meenrajyn Int Privget Limited	Tiruchirappalli, TN, Sterling Towers, Trichy
false_merge	0.8981887818132197	S1-66447632	D 3 Ace Pegasus LLC	824 Dundee Road, Fl 1, Olympia, WA	S3-750390056	D 3 Ace Pegasus LLC	
false_merge	0.9882545047868638	S1-825094156	Lumelle Parts PLLC	Worth, IL, 10828 Neenah Avenue	S3-326064973	Lumello Parts PLLC	Illinois, Woorth, 10828 Neenah Ave
false_merge	0.9353227323209595	S1-96476894	Secure Media Holdings Clinic	2710 Armistead Avenue, Unit STE B, Hampton City, VA	S2-252289120	secure media holdings clinic holdings	731 ARMISTEAD AVENUE, HAMPTON, VA
false_merge	0.7484633795912388	S1-698449154	Clyara Total-Spring City	TN, Spring City, 698 Rocky Springs Road	S2-131534401	The Klyara Total-Spring City	70 Rocky Springs Road, SPRING CITY, TN
false_merge	0.9899151623567575	S1-224588622	City Services Pvt Ltd	R-006, Builders Scheme, Greater Noida, Kasna, Maicha, Gautam Buddha Nagar, Uttar Pradesh	S2-588076404	सिटी श्री सर्विसेज	H-##6, NOIDA, GAUTAM BUDDHA NAGAR, Uttar Pradesh
false_merge	0.8842453571028985	S1-57844280	Orbelle Concord, LLC	638 Miles Avenue, Billings, MT	S3-407707424	Orbellea Concord,	63 Miles Ave, Billings, Montana
false_merge	0.9763401625949847	S1-358535604	Green Environmental Enterprises LLC	1149 Esters Road, Unit 1211, Irving, TX	S3-902146518	Green Environmental Enterprises	
false_merge	0.9970046150384271	S1-355588580	Novora Otg	2715 Palladin Circle, Portage, IN	S3-210808551	Novvora Otg	2715 Palladin Circle, PMB 2703, Portage, Indiana
false_merge	0.7404881743561398	S1-137062291	Hester Lopez, L.C.S.W. Group	1333 Cactus Road, Apache Junction, AZ	S3-992238458	Hester Lopez, L.C.S.W. Group	1335 Cactus Road, Apache Junction, Arizona
false_merge	0.8150234063061879	S1-949947719	India Praxis Pictures Pvt Ltd	505/1, Ramanathapuram Village, Sowripalayam Pirivu, Coimbatore South, Coimbatore, Tamil Nadu	S2-151361789	India Praxis Key Pvt Ltd	505/10, RAMANATHAPURAM VILLAGE, SOWRIPALAYAM PIRIVU, COIMBATORE SOUTH, Tamil Nadu
false_merge	0.8965986202662275	S1-268713028	Blue Foundation Private Limited	S-233, S/F (Second Floor), Greater Kailash-I, Delhi, South Delhi, Delhi	S3-151979251	Blue Foundation Limited	S-36, S/f (Second Floor), Greater Kailash-i, Delhi, Delhi Gk, DL
false_merge	0.8182950868307746	S1-533853093	Peay Consultants Center	13661 Cridercrest Place, Unit UNIT 201, Prince William County, VA	S2-365814157	Peak Consultants Center	
false_merge	0.8178029675899535	S1-22494065	Proo Grand Altenergy Inc.	88 Kingwood Drive, Mcminnville, TN	S2-844118869	PROO GRAND ALTENERGY INC.	
false_merge	0.9536386795665529	S1-807669669	Kestola Automobile Inc	903 Church Road, Springfield Township, PA	S3-991381149	Cestola Automobile Inc	Pennsylvania, 903 Church Rd, Orelaand
false_merge	0.9995488076704343	S1-877886399	Tri-State Society III	17607 Fireside Drive, Spring, TX	S3-354865111	Tri-State Society II	7607 Fireside Drive, Spring, Texas
false_merge	0.9699956615405471	S1-848009161	Grand Prairie Interfaith Society L.L.C.	201 Skyline Circle, Unit 37, Grand Prairie, TX	S3-177669792	Grand Prairie Iiiteraih Society LLC	212 Skyline Circle, # 37, Grand Prairie, Texas
false_merge	0.973900816709365	S1-125142507	Verrus Land L.L.C.	3750 Nokomis Road, Port Orchard, WA	S2-250897571	Verruz Land (L.L.C.)	PORT ORCHARD, WA, ##3750 NOKOMIS ROAD
false_merge	0.8482465932590532	S1-718992477	Indranth Sciencesprivate Private Limited	1145 Shora Kothi, Sabzi Mandi, Ghanta Ghar, Delhi, North Delhi, Delhi	S3-15590248	INDRANARI SCIENCESPRIVATE PRIVATE LIMITED	D/1145 Shora Kothi, Sabzi Mandi, Ghanta Ghar, Delhi, North Delhi, DL
false_merge	0.9939952281274682	S1-785902130	TL Royal Metal Works Corp	4521 Berkley Avenue, Fort Smith, AR	S3-423689630	TLE Royal Metal Works Corp.	4521 Berkley Ave, Fort Smith, Arkansas
false_merge	0.9957505768590639	S1-534350188	Cabridyne Choice Pet Care Inc	41090 Big Bear Boulevard, Big Bear Lake, CA	S2-55084148	Corp Cabridyne Choice Pet Care	41090 BIG BEAR BLVD, BIG BEAR LAKE, CA
false_merge	0.9781375235796927	S1-848716267	Digi Development Private Limited	H.No.8-40/8, Bhanu Enclave Yapral, Secunderabad, Hyderabad, Telangana	S3-548665542	Digi Development Limited	H.no.8-40/9, Bhanu Enclave Yapral, Secunderabad, Hyderabad, TG
false_merge	0.967283461501403	S1-542836340	Mccarthy, Emmie B., MD	5104 Destination Way, TX, Leander	S3-496176091	Mccarthy, MZ B., Emmie	005104 Destination Way, Leander, Texas
false_merge	0.8949955806011316	S1-329796858	Robin Anderson Premier Digital	146 Roberts Street, Unit 501, Asheville, NC	S3-573093280	Yon Anderson Premier Dígital	46 Roberts Street, NULL, Asheville, North Carolina
false_merge	0.9988043152677705	S1-804704135	Taram Consultancy Private Limited	Sanjay Place, Agra, Uttar Pradesh, Agra, C-10/7F Cloth Market	S3-122913451	Tarram Consultancy Private-Limited	C-10/7f Cloth Market, Sanjay Place, Agra, UP
false_merge	0.7783183444181344	S1-540363007	Althoff Aurora	Glen Easton, WV, 8352 Middle Grave Creek Road	S3-80398986	Corp Althoff Aurora	835 Middle Grave Creek Rd, N/A, Glen Easton, West Virginia
false_merge	0.9887084511763036	S1-892539543	H+ Leapfrog	IN, 115 State Street, Francesville	S3-673003547	H+ Leapfrog	
false_merge	0.8797748166498749	S1-315599974	Aditya Infra Private Limited	A-701 New Blue Heaven Juhu Versova Link Road Andher West, Mumbai, Mumbai City, Maharashtra	S2-599693768	आदित्य इंफ्रा प्राइवेट लिमिटेड	FLAT NO A-701, THANE, <NULL>, महाराष्ट्र
false_merge	0.9834554529026792	S1-757812182	India Techman (india) Pvt. Ltd.	C/O Ram Shankar Madnure, H.No 451, Chainpur, Tal-Deglur, Chainpur, Nanded, Maharashtra	S2-412213741	India Techman Pvt. Ltd. Services	H.NO 19 C/O RAM SHANKAR MADNURE, H.NO 451, CHAINPUR, TAL-DEGLUR, CHAINPUR, Maharashtra
false_merge	0.955595589927677	S1-323808646	Senais	300 1 Shady Lane, Rush Twp, PA	S2-760833295	Senais Inc	300 2 SHADY LN, PHILIPSURG, PA
false_merge	0.9253426562940593	S1-30652675	White Developers Pvt Ltd	Saidulajab, Delhi, Property No 55 Thirdfloor, New Delhi, South West Delhi	S3-60319150	uniteddevelopers.com	H.no 188 Plot No-55, Delhi, South West Delhi, DL
false_merge	0.7506453614146881	S1-962064518	Sellars's Salon	500 Moonefield Drive, Smithfield Town, VA	S3-520042978	Synumbra	Smithfield Town, Moonefield Drive, Virginia
false_merge	0.9855177753724317	S1-213026781	Mumbai Solutions Private Limited	Flat No 602 New Mahada Colony Bldg No C-2 Dindoshi Malad East, Mumbai, Mumbai City, Maharashtra	S3-935242404	Mumbai Solutions-Private Limited	Door No 33 602, Mumbai, Mumbai City, MH
false_merge	0.7202763371019539	S1-202194472	Jarlial Iron Works LLC	32810 Bent Tree Avenue, San Benito, TX	S2-797628710	LLC JARLIEL IRON WORKS	32810 BENT TREE AVE, SAN BENITO, TX
false_merge	0.9995873926442821	S1-970719090	Anand Properties Private Limited	18 D-9 Shran Shanti Bldgwadala Truck Terminal Wadala, Mumbai, Maharashtra	S3-440713204	Anand	18 D-9 Shran Shanti Bldgwadala Truck Terminal Wadala, Mumbai, Maharashtra
false_merge	0.8501816279467793	S1-868502319	Pediatric Prairie Partners	1840 Sheila Drive, Azle, TX	S2-325350594	PEDIATRIC PRAIRIE  PARTNERS	
false_merge	0.793315993532899	S1-623548411	Solan Energy LLC	6855 Woodland Avenue, Unit Unit 1403, West Des Moines, IA	S2-884374870	SOLIN ÉNERGY LLC	6855 WOODLAND AVENUE, WEST DES MOINES, IA
false_merge	0.9815879214209726	S1-997619659	Tendulkar Marketing Private Limited	Second Floor, 150/82 M K Amman Koil Street, Mylapore, Chennai, Tamil Nadu	S2-944140105	Tendulkar Marketing Limited	H.NO G-4 SECOND FLOOR, 150/82 M K AMMAN KOIL STREET, MYLAPORE, CHENNAI, Tamil Nadu
false_merge	0.9758121769955811	S1-734283711	VL Consulting Private Limited	F21, Ambattur Industrial Estate, Ambattur, Tiruvallur, Tamil Nadu	S3-219525022	Private VLL Cnfsulting Limited	தமிழ்நாடு, Ambattur, Fd/21, Tiruvallur
false_merge	0.7903848521116764	S1-328671573	Nagika Product Private Limited	Off 0601 Corporate Office, Lbs Marg Mumbai Mulund (W, Mumbai, Maharashtra	S3-81907466	Nagica Product Private Ltd	Off 0601 Corporate Office, Mumbai, MH
false_merge	0.7502187403472931	S1-903332040	Anthikad Hospitalities Limited	Anthikad, Menothuparambil Complex Puthenpeedika Po, Thrissur, Kerala	S3-393715888	Sri Lumarc	Block B-c-374 Menothuparambil Colplex Puthenpeedika Po, Anthikad, Thrissur, Keralam
false_merge	0.7532709769114875	S1-659809671	PXM Fund Private Limited	Delhi, Ram Nagar, Kiran Garden, Uttam Nagar, New Delhi, West Delhi, Rz-17	S3-269747515	LXM Fund	Rz-g-17, Ram Nagar, Kiran Garden, Uttam Nagar, New Delhi, Delhi, West Delhi, DL
false_merge	0.7765778595969487	S1-675812814	Digital Technologies Private Limited	Gangadvar, S.No. 121, Hissa No 1A/2A/27, Near Old Kale Gym Khandve Nagar, Lohagaon, Pune, Maharashtra	S3-847071867	Private Digital Services Limited	Door No 81 Gangadvar, S.no. 121, Hissa No 1A/2A/27, Near Old Kale Gym Khandve Nagar, Lohagaon, Pune, MH
false_merge	0.946483074683165	S1-528810466	Vatech Clinic	6109 Wyma Avenue, Fl 0, Saint Louis, MO	S2-69804824	VATECH CIEI	
miss:not_selected	0.12922116213289175	S1-568689262	Mumbai Gases Private Limited	Level Lg, 02&03, Wing B, Art Guild House Phoenixmarket City Mall, Lbs Marg, Kurla-W, Mumbai, Mumbai City, Maharashtra	S2-209919809	Mumbai 6ases Private Ltd	DOOR NO 9-745 LEVEL LG, 02&03, WING B, ART GUILD HOUSE PHOENIXMARKET CITY MALL, LBS MARG, KURLA-W, MUMBAI, महाराष्ट्र
miss:not_in_candidates		S1-526936762	Loa LLC	732 Megan Court, Westmont, IL	S3-669153727	Loa LLC Enterprises	
miss:not_in_candidates		S1-522232330	Raj Solutions Pvt Ltd	G 1249 Laxmi Textile Park Gidc Sachin Village Sachin Ina, Surat, Gujarat	S3-685737085	Smt Raj Pvt Ltd Partners	
miss:not_in_candidates		S1-185954616	Krishna Global Private Limited	No 6, Bhaskar Colony, Dasarathan Street Virugambakkam, Chennai, Tamil Nadu	S3-392250364	Krishna Gsl Private Limited	#A-6, Chennai, TN
miss:assigned_elsewhere	0.00003672141813493112	S1-183706372	Galaxy Exports Private Limited	9/53A, First Floor, Indl Area Kirti Nagar, New Delhi, West Delhi, Delhi	S3-11085577	Dr galaxy exports private limited	
miss:not_in_candidates		S1-246874906	Raj Construction Pvt Ltd	India Exchange Place, Room No-203, Kolkata, Kolkata, Howrah, 1, West Bengal	S3-125817145	RAJ Construction PVT LTD	3, Howrah, Kolkata, WB
miss:not_in_candidates		S1-117798958	Apex Hospital	# 4 & 5, 1St Floor, Basavalingappa Nagar, Chikkabettahalli, Near Sambram College, Vidyaranyapura Post, Bangalore, Bangalore North, Bangalore, Karnataka	S3-680276761	Apex Hospital	
miss:not_in_candidates		S1-140610856	Vision Liberty Care Associates	4205 Emelita Drive, Green Valley, AZ	S3-537936319	Vision  Liberty Cg Associates	
miss:not_selected	0.39354223718868603	S1-851145481	Delta Foundation	1067 Kristy Lane, Unit Apt A, City Of Onalaska, WI	S2-14267893	Delta Foundation Inc	106 KRISTY LN, CITY OF ONALASKA, WI
miss:not_selected	0.4334156980119178	S1-452768244	Valley Internet	4623 144th Street, Cleveland, OH	S3-403879939	Valley Internet	
miss:not_in_candidates		S1-343408487	Federal Empire Associates P.C.	635 North Street, Warrensburg, IL	S3-736385037	assocempirefederal.com	63 North St, Illinois, Warrensburg
miss:not_in_candidates		S1-350999446	Main Street Bakery	9106 Hawkins Road, Indianapolis, IN	S2-133597443	MAIN STREET BÁKERY	
miss:not_in_candidates		S1-774820473	Anand Exports Private Limited	216, Bhaveshwar Arcade Annexe L.B.S Marg, Ghatkopar West, Mumbai City, Maharashtra, Mumbai	S2-367335830	आनंद एक्सपोर्ट्स प्राइवेट लिमिटेड	216, MUMBAI, Maharashtra
miss:not_in_candidates		S1-254103578	Coastal Project	11707 103rd Avenue, Kirkland, WA	S3-36292386	Coastal Project Society	
miss:not_selected	0.4004670035791986	S1-124264851	Silver Coca	275 Fairfield Avenue, Lombard, IL	S2-284607400	Silver Coca	
miss:not_in_candidates		S1-996689120	Prisha Consumer (India) Private Limited	Banka, Purva(New Colony Pata), Bidhuna, C/O Savitri Devi, Uttar Pradesh, Auraiya	S2-13771857	Sri Umbraevo	BIDHUNA, #430 C/O SAVITRI DEIV, AURAIYA, उत्तर प्रदेश
miss:not_in_candidates		S1-519558789	Aditya Constructions Private Limited	No.103, Vishal Vishwa Commercial Complex Mali Mala Road, Talegaon, Dhamdhere, Shirur, Pune, Maharashtra	S2-398736344	आदित्य कंस्ट्रक्शंस प्राइवेट लिमिटेड	NO.6-103, PUNE, Maharashtra
miss:assigned_elsewhere	0.0007806411329532803	S1-8037911	New Life Emanuel	16205 81st Street, Rhame, ND	S3-521273360	New Life Center	North Dakota, 81rd St, Rhamme
miss:not_selected	0.41850584114297945	S1-848578176	Fresh Health Systems PLLC	52 Wagner Street, Bryant, AR	S2-761803879	Fresh Health Systems PLLC	
miss:not_in_candidates		S1-245024052	MM Engineering Private Limited	C/O-Smt.Swati Singh, Patna, Bihar, W/O-Manoj Kumarsingh Maliya Mahadev, Jalla Road, Meena Bazar, Patna	S2-615743767	MM  Engineeitrdg Private Limited	
miss:assigned_elsewhere	0.001721686644419671	S1-179153331	Kashyap Trading Private Limited	No.42, Devaraya Nagar, 2Nd Street, Simco Meter, Tiruchirappalli, Tamil Nadu	S2-524079511	SOLXYLO	DOOR NO 42, TIRUCHIRAPPALLI, Tamil Nadu
miss:not_in_candidates		S1-194156880	Strategic Engineering Alliance Inc.	401 Maryland Avenue, Fulda, MN	S3-456935072	Strategic Engineering Inc. Partners	
miss:not_in_candidates		S1-823147992	Ratnagiri Files Private Limited	Shop No. G-006, Shri Gajanan Chs, Ratnagiri, Maharashtra	S2-489208954	Nylasyn	SHOP NO. G-0-06, RATNAGIRI, Maharashtra
miss:assigned_elsewhere	5.3005423217381215e-6	S1-60494105	Laxmi Consultancy Pvt Ltd	312, The Embassy Apartments 15/34, Ali Asker Road, Bangalore, Karnataka	S3-677328276	ಲಕ್ಷ್ಮಿ ಕನ್ಸಲ್ಟೆನ್ಸಿ ಪ್ರೈವೇಟ್ ಲಿಮಿಟೆಡ್	312, Bangalore, ಕರ್ನಾಟಕ
miss:assigned_elsewhere	1.6958847342676686e-6	S1-5434265	Jay Engineering Pvt Ltd	100B, Block-25 Dda Flats, Sarai Kale Khan, New Delhi, South Delhi, Delhi	S2-782045758	जय इंजीनियरिंग प्रा. लि.	100, BLOCK-25 DDA FLATS, SARAI KALE KHAN, SOUTH DELHI, NEW DELHI, Delhi
miss:not_in_candidates		S1-871006155	Jai Tech Finance Private Limited	H-5A, First Floor, Kalkaji Near Desh Bandhu College, Delhi, South Delhi, Delhi	S2-279572525	जय टेक फाइनेंस प्राइवेट लिमिटेड	H-5A, DELHI, SOUTH DELHI, दिल्ली
miss:not_in_candidates		S1-183470731	Tech Projects	R-868 New Rajinder Nagar, New Delhi, Central Delhi, Delhi	S2-764852285	Tech Projects Ltd	
miss:not_selected	0.4943315227125784	S1-898635272	Express Gen LLC	205 South Street, Unit APT J1, Lincoln Center, KS	S2-570822666	Pyravera	205 SOUTH STBEET, LINCOLN CENTER, KS
miss:not_selected	0.4904026618761864	S1-624877216	Midwest Brands	6408 Webber Road, Fl 1, Central Point, OR	S3-908133954	Midwest  Brands Ltd	066 Webber Road, Fl. 1, Central Point, Oregon
miss:not_in_candidates		S1-897365508	Martinez Limited Inc	30 Kendrick Road, Belen, NM	S2-340171993	Martinez Limited	
miss:not_in_candidates		S1-952441918	Xl Farms Private Limited	79, Khadi Gramudyog Raod, Rajasthan, Kagzi Mohalla Sanganer, Jaipur	S3-627423743	X1 Fárms Private-Limited	79, Jaipur, RJ
miss:not_in_candidates		S1-295878794	Hari & Co	Bunglow No. 81, Clover Hills, Nibm Road, Kondhawa, Pune, Maharashtra	S3-786089081	Hari Co Services Services	Bunglow No. 81, Pune, MH
miss:not_in_candidates		S1-168049150	Campbell and Estrada Principal Inc.	412 16th Avenue, Plattsmouth, NE	S3-274699374	Deltaverazeta	412 16st Avenue, Pllattsmouth, Nebraska
miss:not_in_candidates		S1-108767892	Balaji Energy Limited	House No. 219B, Scheme No. 103, Indore, Madhya Pradesh	S2-800598938	Balaji Eegyr Limited	
miss:not_in_candidates		S1-245913510	North Health Center L.L.C.	3411 N Elmwood Ave, Davenport, IA	S3-972511270	North  Health Trading	
miss:not_selected	0.6283956631908494	S1-753309527	Ventura & Martinez	3605 Mcdowell Road, Mesa, AZ	S2-8734565	Ventura + Marbnzfe	3605 MCDOWELL RD, MESA, AZ
miss:not_selected	0.5702305674544218	S1-403589335	Moyra Summers Total Australian, Inc	4035 Chinquapin Road, Nanjemoy, MD	S2-348600327	MOYRA SUMMERS TOTAL  AUSTRALIAN, INC	4030 CHINQUAPIN RD, NANJEMOY, MD
miss:assigned_elsewhere	0.5605161088101702	S1-718779900	AI Textiles Private Limited	F-281, Sector-5, Dsidc, Bawana Industrial Area, Delhi, North West Delhi, Delhi	S2-235845786	AI TEXTILES PSRVNET LIMITED	
miss:not_selected	0.474397917604879	S1-74641527	Cochran Fresh Nano PC	Boston, MA, 1120 Washington Street	S3-724248500	Cochran Fresh Nano Pc	
miss:not_selected	0.3477173595246976	S1-85748340	Pioneer Premier Goldman, LLC	315 Betsy Pack Drive, Jasper, TN	S3-293828400	Pioneer Premier Goldman, Llc	
miss:assigned_elsewhere	0.000042040150102301266	S1-952226511	Jain Foundation LLP	3036, Koshthi Galli, Barshi, Dist Solapur (Mh), Barshi, Solapur, Maharashtra	S3-289455596	jain foundation llp	
miss:not_selected	0.41945795530271923	S1-19648684	Mckenna Holdings	399 St Francis 336 Road, Forrest City, AR	S2-244301195	Mckenna	
miss:not_in_candidates		S1-488280748	Wedeking's United Plumbing P.C.	932 6th Street, Saint Paul, MN	S2-268359955	Wedeking's United Plumbing	
miss:not_selected	0.48893939368527284	S1-734005907	Harbor Ses Inc	905 Falls Creek Lane, Unit Q, Charlotte, NC	S2-277264001	... Jaxwex	CHARLOTTE, 905 FALLS CREEK LN, NC
miss:not_selected	0.6322441774489727	S1-434487613	Rodriguez's Cafe	Town Of Rib Falls, 234939 Schoolhouse Lane, WI	S3-721392063	Rodriguez's Cafe Ltd	
miss:not_selected	0.6468273116147006	S1-264681277	QL Agrotech Public Limited	Rajasthan, Opp. State Bank Of India, Krishi Mandi Road, C/O Ishwar Singh S/O Jai Singh, Bhinmal, Jalor	S3-252750657	QL Agrotech Public	No. 769 C/o Ishwar Singh S/o Jai Singh, Jalor, राजस्थान
miss:not_in_candidates		S1-362931594	Jai (india) Pvt Ltd	D.No. 51 B, Chinnammal, Layout, Mettupalayam, Mettupalayam, Coimbatore, Tamil Nadu	S3-149092488	Jai (india)  Pvt Ltd	
miss:not_in_candidates		S1-94813743	Red Energy Private Limited	Bunglow No -169 Saroj, Jankidevi School Road, Andheri We, St, Mumbai, Mumbai City, Maharashtra	S3-284276589	Red Energy Private	
miss:not_in_candidates		S1-43625425	Vijay Projects Private Limited	123-A, S. V. Road, Khar West, Mumbai, Mumbai City, Maharashtra	S2-796684774	Vijay Pr0jects Prívate Ltd	
miss:not_in_candidates		S1-14828091	Fresh Ice Cream	631 67th Avenue, Duluth, MN	S3-546120574	Fresh Ice Cream Inc	
miss:not_in_candidates		S1-149198239	Unique Constructions Private Limited	Skandalaya, Old No.4 New No.7 Justice Sundaram Road, Mylapore, Chennai, Tamil Nadu	S2-1384373	Private Unique Condtuctians Limited	DOOR NO 200 SKANDAALYA, PALLAVARAM, தமிழ்நாடு
miss:not_selected	0.4961999658307743	S1-447431290	Capital & Sons Private Limited	Shop No. 37, Office No. 4 Krishna Plaza, Mayur Vihar, Phaes-1, Delhi, East Delhi, Delhi	S3-992161900	Capital & Sons Pinrvae [Limited]	
miss:not_in_candidates		S1-206901650	Dkg Future Ltd	Midc, T T C Industrial Area, Nerul, Maharashtra, New Mumbai, D - 150, Thane	S3-405626042	Services Dkg Ltd	D - 150, New Mumbai, Thane, महाराष्ट्र
miss:assigned_elsewhere	0.3769355613398525	S1-842959033	Capital Foundation Inc	606 Toliver Drive, Molalla, OR	S2-480850732	Zetadelta	606 TOLIVER DRIVE, MOLALLA, OR
miss:not_in_candidates		S1-777028221	Anand Projects Private Limited	A-509, Naroda Icon, Nr.Toll Plaza Ring Road, Ahmadabad City, Ahmedabad, Gujarat	S2-872691419	આણંદ પ્રોજેક્ટ્સ પ્રાઇવેટ લિમિટેડ	A-D/509, AHMADABAD CITY, GANDHINAGAR, Gujarat
miss:not_selected	0.6165405514371384	S1-854448648	Siddi Services Private Limited	No.734, 14Th Cross, 7Th Main, Mahalakshmi Layout, Bangalore North, Bangalore, Karnataka	S3-562235935	Siddi Shervfiaces Private Limited	H.no 73, Bangalore, Bangalore North, KA
miss:not_selected	0.5754126693458572	S1-801293654	Bellingham Global Regions Clinic	53 Scott Hill Boulevard, Bellingham, MA	S3-7604506	8ellingham Global Regions	Massachusetts, Bellingham, 53A Scott Hill Blvd
miss:not_in_candidates		S1-521945828	East Procap	1263 Greenbay Avenue, Calumet City, IL	S2-20618777	East Center	CALUMET CITY, 263 GREENBAY AVE, IL
miss:not_selected	0.5615915072426042	S1-600804110	First Business	B3/63 Janak Puri, New Delhi, West Delhi, Delhi	S3-187305822	Tavosynumbra	B3/63 Janak Puri, New Delhi, West Delhi, Delhi
miss:not_in_candidates		S1-208492193	JK Service Pvt Ltd	Pl. No. 95, Alkapur Township, Puppalaguda, Rangareddy, Telangana	S3-25720528	jkservice.com	Pl. No. ##95, Rangareddy, TG
miss:not_in_candidates		S1-20057280	Nexify Inc	OH, Columbus Grove, 20261 Rd 18-S	S2-229703587	NGEXIYF  INC	20261. RD 18-S, COLUMBUS GROVE, OH
miss:not_in_candidates		S1-940070361	Pediatric Continental Center	37348 Hansville Road, Hansville, WA	S2-61245474	Pediatric Continental Center Ínc	
miss:not_in_candidates		S1-441567580	Ennar Courier Private Limited	Subhash Nagar, 78, Rajasthan, Udaipur	S3-36752588	Ennar	78, Subhash Nagar, Udaipur, Rajasthan
miss:not_selected	0.6946059092985253	S1-867245816	Hanumanta Educational Society	A2, Neevari Road, Mathura, Uttar Pradesh	S3-981865591	Mr Hanumanta Educational Society-Limited	##42 A2, Mathura, UP
miss:not_in_candidates		S1-6377092	Summit Program	3560 Rhodes Avenue, Chicago, IL	S2-75744364	Summit Prógram	
miss:not_selected	0.510535944653922	S1-137929759	Hanson and Story Co	1422 Capistrano Drive, Brownsville, TX	S2-335931894	HANSON ÁND STORY CO.	
miss:not_in_candidates		S1-603604191	Ruthie's Express Enterprises	3275 Tehama Circle, Flagstaff, AZ	S2-182491571	Ruthie's Express Enterprises  LLC	
miss:not_in_candidates		S1-603035452	Basalt Inc	2322 E Kimberly Rd, Unit STE 200W, Davenport, IA	S3-120907921	Basalt  Inc Trading	
miss:not_selected	0.14642067347001314	S1-789321863	Maid Barbershop	11840 N Alexander Lake Road, Town Of Wascott, WI	S2-853475968	Maid Barbershop Inc	1184 N ALEXANDER LAKE RD, GORDO CDP, WI
miss:not_selected	0.19747483805641108	S1-886322825	Chelette Pinnacle Regency	302 Alexander Street, Clinton, IL	S3-463562261	Chelette Pinnacle Régency	0303 Alexander Street, Clinton, Illinois
miss:not_selected	0.5614050985868257	S1-989839524	Mathers, Lishe W., M.D. Corp	Albuquerque, NM, 2071 Maywood Drive	S3-654408044	mathers, 1ishe w., w., m.d. corp	2071 Maywood Dr, Albuquerque, New Mexico
miss:not_in_candidates		S1-550094450	2918 Jefferson Lane Partners Associates	13755 Loney Lane, Hillsboro, OR	S2-784315543	Umbravera	13755 LNNEY LANE, HILLLSBORO, OR
miss:not_selected	0.6452235497014853	S1-471748027	Debor Flanagan Steers	411 Damian Street, Vandalia, OH	S2-55015732	Debor Flanagan Steers	
miss:not_selected	0.21829807747352603	S1-895122079	Elisabeth Cooper Renaissancere	19714 Irish Creek Road, Arlington, KS	S2-341362999	Elisabeth Cooper Renaissancere Corp	19702 IRISH CREEK ROAD, ARLINGTON, KS
miss:not_selected	0.5306930585317031	S1-417628278	PPP Consultancy Private Limited	5-9-1115/405, Flat No.405, 4Th Floor Kanchanjunga Complex, King Koti Road, Ab, Ids, Hyderabad, Telangana	S3-790599596	PPP Consultancy Private	Hyderabad, 5-9-1115/40, Andhra Pradesh, Hyderabad
miss:not_selected	0.5843559751068114	S1-297429613	Riraum Equity Partners LLC	106 Lizabetta Lane, Upper Merion Township, PA	S3-77724995	Riraum LLC Pártners-Equity	
miss:not_in_candidates		S1-521569355	Vanteon Allstate LLC	Nashville, Unit B, TN, 120 Fern Avenue	S3-400858667	-- Pyradrex	Unit B, Nashville, Tennessee, Fern Ave
miss:not_in_candidates		S1-526274848	Kalpataru Commotrade	Madhya Pradesh, Peptech City, Sohawal Mod Sherganj, Raghurajnagar, 138, Satna	S3-567284665	Kalpataru [Center]	
miss:not_selected	0.24187052480353258	S1-848113813	BG Annuities LLC	8135 Dakota Lane, Chanhassen, MN	S2-505784850	BG ANNUITIES LLC LLC	
miss:not_in_candidates		S1-461666019	Creative Developers Pvt Ltd	Tower 9, E 9Th Floor, Vijayshanthi Boulevard, Chinglepet, Kanchipuram, Tamil Nadu	S2-409747008	Creative Developers Pvt Limited	
miss:not_in_candidates		S1-758980085	Golden India Private Limited	Plot No-A/134, Housing Colony, Lohiya Nagar, Kankarbagh Patna, Patna, Bihar	S3-907832337	Golden Private Limited Services	Plot No-a/133, Vaishali, Patna, BR
miss:not_in_candidates		S1-97859647	Custom Sterling Inc	Cicero, 505 Church Street, NY	S2-307016796	Korciralyra	CHURCH STREET, CICERO, NY
miss:not_selected	0.1413358280228178	S1-744050147	Universal Cargo Associates Group	7563 Allegheny Drive, Concord, OH	S2-464043343	Universal Cargo Associates LLC	
miss:assigned_elsewhere	0.0001456293368081924	S1-896889382	Cascade Great	2837 E 2525th Road, Marseilles, IL	S2-573712434	Cascade Partners	837 E 2525RD ROAD, MAREILLES, IL
miss:not_in_candidates		S1-705051327	Jay Finance Pvt Ltd	Ganges Street, 1St Main Road, Vgn Orville, Kolapakkam, Tamil Nadu, Kanchipuram, Plot 4, Sriperumbudur	S3-106448610	Jay Fínance Ltd Pvt	
miss:not_selected	0.4896757242059186	S1-516487534	Tilintech Partners LLC	VA, 105 Walden Street, Manassas Park City	S2-558665305	Tilintech Pártners Pártners LLC	
miss:not_in_candidates		S1-569245505	First Industries Private Limited	Hyderabad, Ys Rao Towers, Sri Rama Colony, Jubilee Hills, 2Nd Floor, Telangana, Shaikpet	S3-186541864	First Industries Private	H.no 2Nd Floor, NULL, Guntur, Hyderabad, TG
miss:assigned_elsewhere	0.010102247920802443	S1-382045525	Trava LLC	8223 7, Saint Louis Park, MN	S3-131479732	Tcaa LLC	7, Saint Louis Park, Minnesota
miss:not_in_candidates		S1-212394874	Cascade Pacific Rexford PC	560 Grand Central Station, Apex, NC	S3-261948496	Cascade  Pacific	
miss:not_in_candidates		S1-341255680	Sunrise Media Private Limited	S No. 168/5 Ujalaiwadi, Tal. Karveer, Kolhapur, Maharashtra	S2-971600108	SUNRISE  MEDIA PRIVATE LTD	
miss:not_in_candidates		S1-789595719	Publishers & Co	605, Amarchand Sharma Complex, 9-1-83 & 84, Sardar Patel Road., Secunderabad, Hyderabad, Telangana	S3-340048538	Pudtblinhsrs & Co	605, Secunderabad, Hyderabad, Andhra Pradesh
miss:not_selected	0.42057637618714744	S1-445903524	Physical Therapy Clinic of Wharton	5783 Fm 961 Road, Wharton, TX	S2-837224409	Physical Therapy Clinic of Wharton Co	578 FM 961 ROAD, TX, WHRTON
miss:not_selected	0.6371608796495248	S1-190973617	Optimal Gulf Chile	953 Biersdorf Street, Carbondale, IL	S3-803659652	Optimal Gulf	
miss:not_in_candidates		S1-225920024	Lester Optics	WI, Village Of Lake Delton, Unit CONDO 103, 350 Hiawatha Drive	S2-421971141	Ariadelta	00350 HIAWATHA DRIVE, VILLAGE OF LAKE DELTON, WI
miss:assigned_elsewhere	0.00017509145442318015	S1-407250679	Om Agro Private Limited	Room No. 2, Sharma Cottage, Pratap Nagar Road Bhandup West, Mumbai, Mumbai City, Maharashtra	S2-417502850	ओम एग्रो प्राइवेट लिमिटेड	ROOM NO. 2, MUMBAI SUBURBAN, MUMBAI, महाराष्ट्र
miss:assigned_elsewhere	0.2281547896610768	S1-43767286	Opel Finance Private Limited	S-9, Jagtarni Tower Jamal Road, Patna, Bihar	S3-84101078	Opel Private Limited Partners	
miss:not_in_candidates		S1-715369098	Education Federation	1102 Arcaro Drive, Gahanna, OH	S3-277474213	Education Federation Trading	
miss:not_selected	0.45529551277371355	S1-836586504	WNV Sugarcane Private Limited	2 B Sagar Apartments Second Floor, Tilak Marg, New Delhi, Delhi	S3-651226641	Mirairi	2 B Sagar Apartments Second Floor, Tilak Marg, New Delhi, Delhi
miss:not_selected	0.6122944346815983	S1-126860875	Mnv (India) Kogyo Ltd	42/45 Sait Colony, 2 Nd Street Egmore, Chennai, Tamil Nadu	S3-184499897	Mnv (lndia) Kogyo	#42/4 Sait Colony, Chennai, TN
miss:not_selected	0.5347622120199302	S1-632365107	Heritage Mission	23 Michael Court, Southampton Township, PA	S2-64374085	Heritage Mission-LLC	
miss:not_in_candidates		S1-499340462	Jay Hospitality Private Limited	Jaipur, Barkat Nagar, Plot No. 132, Tonk Phatak, Rajasthan	S2-955095792	जय हॉस्पिटैलिटी प्राइवेट लिमिटेड	Rajasthan, DOOR NO 132, TONK PHATAK, JAIPUR
miss:not_selected	0.339862266848498	S1-620352495	Salehi Cable LLC	502 Amherst Court, Towamencin Township, PA	S3-270918429	Salehi-Cable LLC	
miss:not_in_candidates		S1-380440218	Indian Management Pvt Ltd	398 Udyog Kendra Extension I, Ecotech Iii, Noida, Gautam Buddha Nagar, Uttar Pradesh	S3-301965225	Indian Pvt Ltd Services	Gautam Buddha Nagar, Udyog Kedra Extension I, Noida, UP
miss:not_in_candidates		S1-155523869	Khubchandani (India) Service Corporation	138 (4/114) G.T Road Ram Bandhu Talab, Asansol, Bardhaman, West Bengal	S2-465258989	Shri Khubchandani (lndia)	
miss:not_selected	0.33505673396667585	S1-745674944	Wilson Centers Inc	4135 Blakewell Lane, Unit 207, Groveport, OH	S3-802621716	Wilson Centers Inc.	
miss:not_selected	0.6846542584674743	S1-319289352	Sky Infrastructure Private Limited	Crest - 409, 98/1, 2 99/1, 2, 3, 4 101/2, 3, Haveli, Pune, Maharashtra	S3-241993281	infrastructureprivate.com	#44 Crest - 409, Pune, MH
miss:not_selected	0.26270181943845133	S1-880373325	Bios Chits Pvt. Ltd.	The Hatmag Vinkar Society, Tilak Chowk, Mahavir Ward, Durga Ground, Hinganghat, Wardha, Maharashtra	S3-263887754	Pvt. Bios Chdits Ltd.	No 155. The Hatmag Vinkar Society, Tilak Chowk, Mahavir Ward, Durga Ground, Hinganghat, Wardha, महाराष्ट्र
miss:not_selected	0.6994791776388757	S1-873784730	Continental Center Partners	555 Ridge Drive, Show Low, AZ	S2-893011885	Continental Continental Center Partners Corporation	55 RIDGE DR, PINEDALE, AZ
miss:not_selected	0.43443671659271815	S1-883773231	Seis	13060 2nd Street, Unit UNIT 22, Yucaipa, CA	S3-927068112	Seis Ltd	13060-13064 Second St, Yucaipa, California
miss:assigned_elsewhere	0.0049242597710968195	S1-776717364	New Delhi Systems Private Limited	13E, Level - 1, Lane No. 4 Vashisht Park, Pankha Road, New Delhi, West Delhi, Delhi	S3-129795546	@Newdelhi	13E, Nangal Dewat, दिल्ली
miss:not_selected	0.6131251513548651	S1-182317587	City Consultants Limited	Plot No.21, Gf, Meeranagar Society, Varachha Road, Surat City, Surat, Gujarat	S3-525729676	સિટી કન્સલ્ટન્ટ્સ લિમિટેડ	ગુજરાત, Surat, Surat City, H.no 2-1
miss:not_selected	0.3839437304172525	S1-656631741	Pratt Kensington LP	903 -A Edwards Avenue, Fairhope, AL	S3-576129373	Pratt Kensington Lp	
miss:not_selected	0.40385460524100797	S1-94487786	Controls LLC	1004 Parkwood Avenue, Charlotte, NC	S3-390529699	Controls (Llc)	
miss:not_in_candidates		S1-215257166	Shree Trading Company	C-5, Pinnac Memories, Kothrud, Pune, Maharashtra	S3-20302662	Shree Company Trading	C-g-5, Pune, MH
miss:not_selected	0.24427075767967385	S1-654445106	Mumford & Johnson LLC	334 Gilpin Street, Houston, TX	S2-497025801	MUMFORD & JHNON LLC	
miss:not_selected	0.3264245292355979	S1-982513698	New Industries Private Limited	H. No. 42, Ward No.2 Farrukhnagar, Gurgaon, Haryana	S3-334558207	Mr New Industries Private	H.no 41, Ward No.2 Farrukhnagar, Gurgaon, हरियाणा
miss:not_in_candidates		S1-25687985	Solstice Travel Inc	NC, Lumberton, 309 2nd Street	S3-567626388	Solstice Inc Services	2nd Street, Lumberton, North Carolina
miss:not_in_candidates		S1-974685286	Prime Defense Company	1300 Blodgett Street, City Of Marshfield, WI	S2-808444053	Prime Decnfse Company	
miss:not_in_candidates		S1-31377618	Gujarat Developers	New Delhi, West Delhi, 1St Floor, Plot 8, Block G, Community Centre, Delhi, B-102	S3-507578838	Gujarat Center	Plot 151 B-102, 1St Floor, Plot 8, Block G, Community Centre, West Delhi, New Delhi, DL
miss:not_selected	0.0024322490429716423	S1-207847030	Frontier Gulf Portfolio	3088 Whitefish Stage, Kalispell, MT	S3-177113736	Frontier  Gulf Portfolio Co	3079 Whitefish Stage, Kalispell, Montana
miss:assigned_elsewhere	0.022799622224235122	S1-403277155	Main Street Nails L.L.C.	Union, NY, 949 Rogers Avenue	S3-418196802	Main Street (Nails)	
miss:assigned_elsewhere	0.025876892907942192	S1-318773613	Bombay Software Private Limited	E-16, Basement, Kh No-1 Etc/26, Gali No-1, Chand Bagh, Delhi, North East, Delhi	S3-461093914	Bombay Software Private	
miss:assigned_elsewhere	0.0014114475962369625	S1-301519882	Shree Group	Plot No. 18, Dheerkhera, Meerut Road, Hapur, Ghaziabad, Uttar Pradesh	S2-785661495	Shree	
miss:not_in_candidates		S1-748827148	Muffley Breeze Corp	150 Walters Lane, Greeneville, TN	S2-599696082	Muffley Blcfeze Corp	
miss:not_in_candidates		S1-750490646	Urgent Care Physicians LLC	OH, Columbus, 1203 Windsor Avenue	S3-736365954	Urgent Care Physicians Associates	
miss:not_in_candidates		S1-469667951	Rocky Trust	110 Friels Drive, Alleghany County, VA	S3-462744454	Rocky [Cénter]	Friels Dr, Covington CP, Virginia
miss:assigned_elsewhere	0.45199988621980486	S1-849634294	Tusk Memorial Trust Corp	7 A Rk Puram, Kota, Rajasthan	S3-624194483	Tusk  Memorial	
miss:not_in_candidates		S1-357834220	Vision Center of Broken Arrow	Broken Arrow, OK, 25228 Hickory Circle	S3-139994169	Vision Center of	
miss:assigned_elsewhere	0.0008003811696375359	S1-154242331	Shree Ventures Pvt Ltd	9A/1/22, Lala Ram Narayan Lal Road Bank Road Behind Garvita Hospital, Allahabad, Uttar Pradesh	S2-470350657	Shree Ventures Enterprises	
miss:not_in_candidates		S1-829400537	Mumbai (india) Private Limited	Unit No. 10, Gr. Flr, Tulsi Bldg, 178-180, Khetwadi Back Road, Mumbai, Mumbai City, Maharashtra	S3-417740730	Mumbai (dia) Private Limited	Unit No. 10, Mumbai, Mumbai City, महाराष्ट्र
miss:not_in_candidates		S1-193621716	Dacia Linkous Trusted Quantumsphere P.C.	2244 Los Padillas Road, Albuquerque, NM	S3-856998195	Dacia Linkous Trusted Quantumsphere	
miss:not_in_candidates		S1-455978073	Unique Management Private Limited	Kubota Agriculture, Showroom, Nh-53, Soundad, Sadak Arjuni, Gondia, Maharashtra	S3-863242205	Unique Management Limited Center	
miss:assigned_elsewhere	0.0017016052601948053	S1-828137170	Life Projects Private Limited	#03, 1St Cross, Behind The Club Nayandanahali South Layout, Mysore Road, Bangalore, Karnataka	S3-878815298	ಲೈಫ್ ಪ್ರಾಜೆಕ್ಟ್ಸ್ ಪ್ರೈವೇಟ್ ಲಿಮಿಟೆಡ್	#B3/03, Bangalore, KA
miss:not_in_candidates		S1-678953853	Multi International School Private Limited	428, Ram Chander Building, Near Mcd School Ghitorni, Mehrauli, New Delhi, Delhi	S3-913479444	Halonexhalo	H.no 47 428, Mehrauli, New Delhi, DL
miss:not_in_candidates		S1-448457194	Rangel Analytics	NY, 4599 31, Clay	S2-483177568	RANGEL CENTER	31, NY, CLAY
miss:not_in_candidates		S1-18628647	Prime Software Private Limited	Plot No 2, Sy No 57/1, Kanta Basthi, Tirumalgiri, Hyderabad, Telangana	S3-579275832	ప్రైమ్ సాఫ్ట్‌వేర్ ప్రైవేట్ లిమిటెడ్	Plot No 2, Hyderabad, Andhra Pradesh
miss:not_selected	0.2641687858233143	S1-15312915	Allied Midwest Copper LLC	3225 Stonegate Circle, Unit Apartment 202, City Of New Berlin, WI	S3-485972693	Allied Midwest Copper	
miss:not_in_candidates		S1-887334893	Beacon Cell LLC	Gatesville, 310 Fowler Street, TX	S3-708574891	Beacon LLC Service	Fowler St, Gatesville, Texas
miss:not_in_candidates		S1-741632439	Frontier Retail PC	14 Baker Street, Winchester, CT	S3-813012364	Frontier Retail Inc	
miss:not_selected	0.5333828706628301	S1-921964187	Faridabad Projects Private Limited	C 3550, First Floor, Greenfield Colony, Faridabad, Haryana	S3-289062559	Faridabad Projects Pivaet Limited	
miss:not_selected	0.6035171339181341	S1-383010109	Msl India Ltd	Old No.15-C, New No.16 Chinnaiaya Pillai Street Maravaneri, Salem Town, Salem, Tamil Nadu	S3-113344755	Ms1 India Limited	Old No.15-c, New No.16 Chinnaiaya Pillai Street Maravaneri, Salem, தமிழ்நாடு
miss:not_in_candidates		S1-453470694	Capital Committee LLC	NY, 505 Main Street, Geneva	S2-852878858	Capital Comemitstaee LLC	605 MAIN STREET, GENEVA, NY
miss:not_in_candidates		S1-300914269	Ennoon Co	1919 39th Street, East Saint Louis, IL	S2-964638924	Co Eonnn	IL, 1919 39ST STREET, EAST ST LOUIS
miss:not_in_candidates		S1-77861943	Modern Estate Private Limited	No:14/7 6Th Cross Vijaya Bank Colony, Banaswadi, Bangalore, Karnataka	S2-915497043	Modern  Estate Private Limited	
miss:not_in_candidates		S1-634587619	Advanced Biomedical Enterprises	TN, Knoxville, 2612 Parkview Avenue	S2-816183067	Advanced Biomedical	
miss:not_in_candidates		S1-668564089	South Hospitality Private Limited	1 Plot No 36/7399, 2 Shiv Nagar Ambad Road, Jalna, Maharashtra	S3-990575784	South Hospitality Prtevte Limited	
miss:not_selected	0.5141657704504075	S1-147285107	Corissa's Peak Produce	5213 Camp Lane, Northampton County, VA	S2-934749409	CORISSA'S PEAK PRODUCE INC.	
miss:not_selected	0.6958127875373544	S1-688893907	Dave Builders Private Limited	G 442 Karni Industrial Area, Bikaner, Rajasthan	S2-706012593	DAVE  BUlLDERS PRIVATE	G 442 KARNI INDUSTRIAL AREA, BIKANER, राजस्थान
miss:not_in_candidates		S1-307129656	Star Foods Pvt Ltd	Flat No 303, Prabhu Darshan, Netaji Chowk, Ulhasnagar, Thane, Maharashtra	S3-341722148	Shri Star Pvt Ltd (Center)	Flta No 103, Navi Mumbai Region, Thane, MH
miss:assigned_elsewhere	0.5277241637846708	S1-664743945	Thomas Manulife	202 Milton Way, Milton, WA	S3-156055321	The Thomas Manulife	
miss:not_selected	0.44706726341771613	S1-667934733	Ace Great Valley Inc.	355 11th Avenue, Cambridge, MN	S2-950069494	Ace Great Valley Inc	
miss:assigned_elsewhere	0.00006524078045013191	S1-198215375	Cp Rise Limited	S-6/23 Nathupur Dlf Phase 3 Farrukhnagar Nathupur 67, Gurgaon, Haryana	S2-563480729	Cp Limited Services	BLOCK A-89 S-6/23 NATHUPUR DLF PHASE 3 FARRUKHNAGAR NATHUPUR 67, GURGAON, Haryana
miss:not_selected	0.023300372545099913	S1-588311382	Strauss, Williams and Kuntz Inc	West Liberty, 2505 Tecumseh Road, OH	S3-879597158	Strauss, Williams and Kuntz Inc Partners	250 Tecumseh Road, W. Liberty, Ohio
miss:not_selected	0.29065688572323045	S1-854915708	Cornerstone Aerospace Ventures LLC	10589 Sunshower Way, Vail, AZ	S3-720987057	cornerstone aerospace ventures llc	
miss:not_in_candidates		S1-15523644	Meyer Summit Biotechnology Inc	4831 Douglas Avenue, Kansas City, KS	S3-543006268	Meyer Sdmmit Biotechnology Inc Inc	
miss:not_in_candidates		S1-353194356	Surgical Physicians Inc	601 Oakway, Victoria, TX	S3-735664473	Surgical-Physicians	
miss:not_in_candidates		S1-303610570	Lucky Bike Shop!	13611 Beckingham Drive, Fairfax County, VA	S3-990485809	Lucky Bike Shop!	
miss:not_in_candidates		S1-664717869	Myers Eaton	601 Seventh Street, Boonville, IN	S3-665857265	>> Irievo	601 7th Street, Boonville, Indiana
miss:not_selected	0.5772055851669503	S1-808845156	Zephic Vehicle LLC	26 Dunlop Avenue, Unit Apartment 2, Buffalo, NY	S2-369972401	ZEPHIC  VAHICSE LLC	26 DUNLOP AVENUE, NY, BUFFALO
miss:not_selected	0.2299718984379558	S1-49062678	Trusted Ridge Bluerock	668 Lake Summerset Road, Davis, IL	S3-63636516	Trusted Ridge	
miss:not_in_candidates		S1-991750704	Northwind LLC	6559 Route 119 Highway, Rayne, PA	S2-478946755	Northwind LLC Trading	
miss:not_in_candidates		S1-562363163	Big 46 Seafood	1107 Tansill Street, Carlsbad, NM	S3-310602379	Big 46 Sedfhod	
miss:not_in_candidates		S1-722481770	Mumbai Technologies Private Limited	4Th Floor, R. No. 115, Palton Road, Devlopment Bank Bldg, Crowford Market, Mumbai, Mumbai City, Maharashtra	S3-823484014	mumbai technologies private limited	Mumbai City, MH, Mumbai, 4Th Floor
miss:not_in_candidates		S1-258693926	Cure Nails	5902 105th Avenue, Kirkland, WA	S3-185740252	Mirakeloecto	5902 105st Ave, Kirkkland Township, Washington
miss:not_selected	0.5130228932411414	S1-457099649	Eastern Prime Advisory Inc.	5859 Roscoe Street, IL, Chicago	S3-492208202	Eastern Prime Advisory  Inc.	
miss:assigned_elsewhere	0.5552464565059102	S1-947028134	Premier Prime Fidelity	1743 85th Street, Chicago, IL	S3-960450768	Premier Fidelity Services	
miss:assigned_elsewhere	0.7053556207578244	S1-21315860	Dwarka Solutions Private Limited	C/O Shushil Sarkar Puran, Bajar Fulbari Cob, Dhupguri, Jalpaiguri, West Bengal	S3-655525113	M/s Dwarka Private Limited Partners	
miss:not_in_candidates		S1-943625577	Shivam Infra Pvt Ltd	House No-2362/1, Portion Front 2 Nd Floor, Village, Shadi Khampur, New Delhi, Central Delhi, Delhi	S3-667215045	Dr Shivam Pvt Ltd Center	House No-2362/1, Central Delhi, New Delhi, DL
miss:not_in_candidates		S1-100044496	Campbell Motor Corp	2624 Crown Road, Montgomery County, VA	S2-438849147	CAMPBELL CORP SERVICE	
miss:not_in_candidates		S1-20523330	Ashla's Research	15 Wildwood Street, Unit 11, Dracut, MA	S3-683148434	Ashla's Center	
miss:assigned_elsewhere	0.000012480140408953279	S1-126687459	My Construction Pvt Ltd	Block No-22, Trilok Puri, Delhi, East Delhi, House No - 26, East Delhi	S2-821856175	माय कंस्ट्रक्शन प्रा. लि.	HOUSE NO - 26, EAST DELHI, Delhi
miss:not_in_candidates		S1-328427808	Dermatology Specialists	601 Main Street, Crossett, AR	S3-35353948	Dermatology Partners Holdings	
miss:not_in_candidates		S1-661330678	Krug Line LLC	1605 Front Street, Billings, MT	S3-120591394	Tavotavo	Front Street, Montana, Billings
miss:not_selected	0.3744462089517699	S1-570875701	Ski International School	Murshidabad, C/O Abbas Molla, West Bengal, Vill-Natungram School Para, P.O-Talgachi	S2-961922450	Ski International School Company	
miss:not_selected	0.24360656016441787	S1-482261034	Landmark Agro Pvt. Ltd.	26, Chandwadkar Park, Above Ndcc Bank Model Colony, College Road, Nashik, Maharashtra	S2-458585693	Shri landmark agro pvt. ltd. #54221	
miss:assigned_elsewhere	0.1598421622331804	S1-481708854	Custom Payment Technologies Inc	677 Caplinger Lane, Sugar Grove, WV	S3-827502808	Custom Payment	
miss:not_in_candidates		S1-383872418	Internal Medicine Clinic, Inc	1103 Mayberry Cove, West Memphis, AR	S3-990446653	Internal Medicine Clinic, Enterprises	
miss:not_in_candidates		S1-901252574	Optimal Publishing LP	1107 26th Street, Independence, MO	S2-513403287	Optimal Publishing LLC	
miss:not_selected	0.48046167421460284	S1-235202948	Infraprojects Dealers Private Limited	517, Bhawani Tent, Indera Nagar-Iii, Brahmpuri, Meerut, Uttar Pradesh	S3-367514739	Infraprojects (Dealers)	
miss:assigned_elsewhere	0.0022261960495118097	S1-54442146	Hotel Consultants Pvt Ltd	4Th Floor, Punjabi Bhawan, 10, Rouse Avenue, New Delhi, Delhi	S3-215038773	Vantageorbi	No ##4Th Floor, New Delhi, Rouse Avenue, DL
miss:not_in_candidates		S1-217676675	Pediatric Associates	8 Ruth Boulevard, Smithtown, NY	S2-191646520	Pediatric Associatdnes	
miss:assigned_elsewhere	0.0010683826160601277	S1-351837899	Music Funds Private Limited	5/188, Naseemas, Pallikunnu, Talap, Pallikkunnu P O, Pallikunnu S.O, Kannur, Kerala	S2-437009082	MFPRIVATE.COM	5/188, KANNUR, കേരളം
miss:not_in_candidates		S1-6335283	Timber	618 2nd Street, Hastings, MN	S3-193401878	Tbser	Minnesota, 618 2th St, Hasting CDP
miss:assigned_elsewhere	0.07506095987866819	S1-282782885	Ridge Preparatory Academy	1053 25, Reynolds, IN	S2-988893760	Ridge Academy Preparatory	
miss:not_in_candidates		S1-187156853	All Logistics Limited	Maharashtra, Mumbai, 3Rd Floor, Mansionz One, Linking Road, Sv Road, Mumbai	S2-190801869	ऑल लॉजिस्टिक्स लिमिटेड	3RD FLOOR, MUMBAI, Maharashtra
miss:not_in_candidates		S1-155868267	BOB Academy Corporation	No. 99, 2Nd Floor, Lakshmana Swamy Salai, Tamil Nadu, K.K. Nagar, Chennai - 600 078.	S2-364500502	BOB-Corporation Services	NO 99 , 2ND FLOOR, LAKSHMANA SWAMY SALAI, K.K. NAGAR, Tamil Nadu
miss:not_in_candidates		S1-728960168	The Dent Yoga	120 Main Street, Helena, OK	S2-50750335	THE  DENT	120 MAIN STREET, HELENA, OK
miss:not_in_candidates		S1-148236818	Synva Corp	617 7, Manchester, NY	S2-639937673	Synva Corp.	
miss:assigned_elsewhere	0.02372278420436229	S1-187993932	Harbor Montessori School Inc	1901 Evans Road, Clarksville, TN	S3-987025037	Harbor Móntessori	
miss:assigned_elsewhere	0.00001633929228367983	S1-517721494	Sterling Keen Corp	458 Pleasant Street, Woodstock, VT	S2-538864780	Sterling Kdbénn [Corp]	
miss:not_in_candidates		S1-560423788	SL Real L.L.C.	9330 Bayshore Road, Lakeside Marblehead, OH, Unit 7	S3-747998678	SL L.L.C. L.L.C. Services	
miss:assigned_elsewhere	0.27827266924665334	S1-45382651	South Insight LLC	Louisville, KY, 10509 Monteray Place Cir, Unit 6	S3-417492477	South Insight	
miss:not_in_candidates		S1-859023720	Creative Finance LLP	Safal Solitare, B-902, Near Divya Bhaskar Press S G Highway, Ahmedabad, Gujarat	S3-823065112	Creative LLP Services	Safal Solitre, Ahmedabad, GJ
miss:not_in_candidates		S1-242603765	Custom Hospitality Partners LLC	9716 191st Street, Mokena, IL	S3-187617662	Custom Partners LLC Center	9716 191th St, Mokna CDP, Illinois
miss:not_in_candidates		S1-896853224	Midwest Health Center	4373 Ruston Avenue, Bldg C1, OH, Columbus	S2-167781747	MIDWEST HEALTH CENTER CO	
miss:not_selected	0.30155453374138524	S1-96983303	North Traders Private Limited	Mohalla- Ramji Chak (West Of Digha Nahar) Po- Bataganj, Ps- Digha, Digha, Bihar	S3-238836855	North Traders Private	#577 Mohalla- Ramji Chak (West Of Digha Nahar) Po- Bataganj, Ps- Digha, Digha, BR
miss:not_selected	0.6459775264995617	S1-427246559	Morris Clear Iheartmedia LP	404 Bond Avenue, Winnie, TX	S3-309998233	Morris Cr Íheartmedia LP	402 Bond Ave, Winnie, Texas
miss:not_in_candidates		S1-593605185	Digital Estate LLP	24, Ii Cross, 2Nd Stage, Indiranagar, Bangalore 38, Bangalore, Karnataka	S3-935523049	Digital LLP (Service)	#183 24, Bangalore 38, Bangalore, KA
miss:assigned_elsewhere	0.32187471987807653	S1-652295118	1545 Union Ave Associates	2212 Hillsboro Heights, Knoxville, TN	S3-424008433	1545 Union Ave Associates Corporation	
miss:not_selected	0.576693996925775	S1-245746296	Fresh Yoga Corp	7782 47th Street, Devils Lake, ND	S2-915452738	Corp Fresh Yoga	7791 47TH ST, DEVILS LAKE, ND
miss:not_in_candidates		S1-200523543	Knr Brothers Public Limited	A 53, Tapovan Vihar, Chandragupt Nagar, Tilavala Ward No. 24, Jagatpura, Th. Sanganer, Jaipur, Rajasthan	S2-392857133	Knr Public Limited Center	
miss:not_selected	0.5407462063813082	S1-902542378	Fernandes, Bowen & Kucharski Restaurant Clinic	716 Mildred Street, NM, Albuquerque	S3-836902250	Fernandes, Bowen & Kucharski Restaurant Clinic Corp	714 Mildred St, New Mexico, Albuquerquue
miss:not_in_candidates		S1-622903729	Valley Program	655 Flores Street, CA, San Bernardino	S2-34256358	Valley Service	FLORES ST, SAN BERNARDINO, CA
miss:not_in_candidates		S1-755302766	Deepak Solutions Pvt Ltd	No.1/1, Aviltharsathiram, Puthur, Keelakoil Pathu, Papanasam, Thanjavur, Tamil Nadu	S3-106282312	Deepak Pvt Ltd Services	Door No 1/1, Papanasam, தமிழ்நாடு
miss:not_selected	0.6667382991820066	S1-911041034	B 9 I Graf Group	1200 Somerby Drive, Unit 1911, Mobile, AL	S3-879950613	B 9 I Graf Inc	Mobile, Alabama, # 1911, 001190 Somerby Dr
miss:not_in_candidates		S1-938988488	Clear Express Research	5679 Cotterman Road, Franklin Twp, OH	S2-629522330	Clear Express	
miss:not_in_candidates		S1-380039407	Urgent Care Group	78 Greenwood Street, Worcester, MA	S3-399236279	Urgent Urgent Care & Co	
miss:not_in_candidates		S1-110625814	Code (India) Apparels Private Limited	Shop/2, La-Vista, Rushivan, Kaju Pada, Borivali (East), Borivlai East, Mumbai, Maharashtra	S2-602907102	Sri Bríxtavo	SHOP/2, BORIVLAI EAST, MUMBAI, Maharashtra
miss:not_selected	0.22457373552242962	S1-863459883	High's Distribution	9844 Avalon Avenue, Chicago, IL	S3-388320961	High's  Disrtlblution	
miss:not_selected	0.6471739153662925	S1-753486355	Keystone Continental City LLC	36 Fulton Street, Phoenix, AZ	S3-693572366	Yumamira	36 Fulton St, Phoenix, Arizona
miss:not_in_candidates		S1-380577290	Universal Exports Private Limited	Bf-4 First Floor, Kuber Market Napier Town, Jabalpur, Madhya Pradesh	S3-209749191	Universal  Exports Private Limited	
miss:not_selected	0.29437677167223786	S1-976674670	Lambert Corporation	6405 Sherwood Addition, Wellpinit, WA	S3-564682565	Lambert Corporation Center	
miss:not_selected	0.517065111911977	S1-998472411	Kangas & Ware LLC	Alpena, AR, 4865 Cr 933	S3-887619932	Kangas & Ware	
miss:not_in_candidates		S1-682408817	Bangalore Industries Limited	Bangalore, 544, R.K.Hegde Nagar Main Road Opp. Rashtrosthanna Vidya Kendra, Karnataka, First Floor	S2-842171501	8angalore Limited Services	FRIST FLOOR, 544, R.K.HEGDE NAGAR MAIN ROAD OPP. RASHTROSTHANNA VIDYA KENDRA, BANGALORE, Karnataka
miss:not_in_candidates		S1-701827875	Cozy Pilates	2502 Linden Circle, Springdale, AR	S3-72950314	Cozy Pcnlsa	
miss:not_in_candidates		S1-649770418	Shiv Service Private Limited	Adnan Complex, Nazirpura Baseerganj, Bahraich, Uttar Pradesh	S2-16289987	shivservice.com	ADNAN COMPLEX, NAZIRPURA BASEERGANJ, BAHRAICH, <NULL>, Uttar Pradesh
miss:not_in_candidates		S1-355020180	Shakti Enterprises Private Limited	Bangalore, No. 20, 4Th Floor, Vishnu Towers, 9Th Cross Iti Layout, 1St Phase, J. P. Nagar, Karnataka, Bengaluru	S3-841672899	Shakti Enterprises Prívate Limited	
miss:not_selected	0.19011310965449454	S1-101775878	New Delhi Resorts Private Limited	65-D T/F A Pkt Budhela Extn, New Delhi, Delhi	S2-361395058	New Delhi Resorts Prvote-Limited	
miss:not_in_candidates		S1-138957555	Borough Of	121 Waimalu Court, Bastrop, TX	S3-511546422	Borough-Of Trading	
miss:assigned_elsewhere	0.0007265077224051209	S1-34834874	Murphy Owl LLC	133 Washington Street, Unit D, MA, Weymouth	S2-109482771	Murphy LLC (Service)	
miss:not_in_candidates		S1-435713809	Shivam It Private Limited	Maharashtra, Shop02, Thane, Shalini, House No1, Kavita Chhaya, Bhd Chhaya Bunglow&Ostwal Tower, Bp Road, Khari Gaon, Bhaindare, Thane	S2-470674934	SHIVAM IT (PRIVATE)	
miss:not_in_candidates		S1-39384239	Ahmedabad Consultancy Private Limited	D-201, S.G. Business Hub S.G. Highway, Ahmedabad, Gujarat	S2-610619028	Ahmedabad Consultancy Private	
miss:not_in_candidates		S1-933980853	Jai Exports Private Limited	1-112-1, Plot No.156, Sector -8 M V P Colony, Visakhapatnam, Vishakhapatnam, Andhra Pradesh	S3-27327346	Jai Exports Private Ltd	
miss:not_in_candidates		S1-271834210	Express Aldabra LLC	2617 22nd Avenue, AL, Birmingham	S2-23819117	Express LLC LLC Services	2617D 22TH AVE, BIRMINGHAM, AL
miss:not_selected	0.3460383511906019	S1-638505227	Literacy League Inc.	10893 Harper Road, Fredonia, KS	S3-469789567	Literacy League	10891 Harper Rd, Fredonia, Kansas
miss:not_in_candidates		S1-189505621	Big Construction Private Limited	C/O-Pramod Ku. Banka, Tiwari Gali, Khetrajpur, Sadar, Sambalpur, Orissa	S2-199606560	Big Construction Private (Ltd)	
miss:not_selected	0.18453063329762762	S1-264179912	Federal Interests	116 Main Street, Unit 105, Cherryville, NC	S2-169955603	Federal Interests	0043 Main Street, CHERRYVIILLE TOWNSHIP, NC
miss:assigned_elsewhere	0.32560922226530087	S1-402047638	Simmons, Luci, Ph.D.	5424 Hartford Avenue, Tulsa, OK	S2-607794370	SIMMONS, LUCI, PH.D.	
miss:not_selected	0.28074302885621805	S1-19434364	Kailash Trading Private Limited	C-14, Ground Floor, Local Shopping Centre, Paschimi Marg, Vasant Vihar, New Delhi, South West Delhi, Delhi	S3-878742058	Sri Kailash Trading Private	
miss:assigned_elsewhere	0.0016724278696654323	S1-556797048	Excelsior Airways (India)	House No. 83/42. At Court Road, Tal. Ambad, Jalna, Maharashtra	S2-80012378	Excelsior Ahrrhaoe (India)	
miss:not_selected	0.15931963576525238	S1-749842192	One Management Private Limited	Sr No. 05, Plot No. 2, Vijay Alankar Socy Dhankawadi, Pune, Maharashtra	S3-479617156	Kelokelo	Sr No. 05, Plot No. 2, Vijay Alankar Socy Dhankawadi, Pune, Maharashtra
miss:not_in_candidates		S1-243964041	Laxmi Engineering Private Limited	Flat No 301, Plot 154/1, Fortune Tower, Atharv Nagari-2, Besa Pipla Road, Nagpur, Maharashtra	S3-895489671	लक्ष्मी इंजीनियरिंग प्राइवेट लिमिटेड	H.no 301., Nagpur, MH, Nagpur
miss:not_selected	0.5003938116878605	S1-858448166	Caldyx Athene	50 Ridge Drive, Locust Fork, AL	S2-631093265	Caldyx  Athene	
miss:not_in_candidates		S1-202325356	Shyam Products	Delhi, 12, East Delhi, Room No.- 1, Ground Floor, Surya Niketan	S3-358918405	Shyam Products  Limited	1-2, East, East Delhi, DL
miss:not_in_candidates		S1-638803291	Global Developers Private Limited	6/10, Anandpuri, West Boring Canal Road, Patna, Bihar	S2-621574619	Global Developers Private-Ltd	
miss:not_in_candidates		S1-966477407	Laxmi Foundation Pvt Ltd	43A Netaji Subhash Ch Bose Rd, Kolkata, Calcutta, West Bengal	S2-145832510	লক্ষ্মী ফাউন্ডেশন প্রাইভেট লিমিটেড	H.NO 43A NETAJI SUBHASH CH BOSE RD, KOLKATA, CALCUTTA, West Bengal
miss:assigned_elsewhere	0.36298821524176955	S1-815413368	Wetzel Rapid Pet Care LLC	119 Alden Drive, NY, Port Jefferson	S3-692672374	Wetzel Rapid Pet Care (LLC)	
miss:not_in_candidates		S1-736140182	Ram Healthcare Private Limited	No. 4/461, 2Nd Floor, Suite #1521, Valamkottil Towers, Judgemukku, Kakkanad, Ernakulam, Kerala	S2-588562126	രാം ഹെൽത്ത്‌കെയർ പ്രൈവറ്റ് ലിമിറ്റഡ്	NO. 4/461, ERNAKULAM, Kerala
miss:not_in_candidates		S1-92250077	Shanna's Cafe	95 Columbus Avenue, Unit Apartment 14, Freeport, NY	S2-186543047	Shanna's Service	
miss:not_selected	0.6140419184825758	S1-27455469	Smartway Power Private Limited	No.14, Manipal Towers, Airport Road, Kodihalli, Bangalore, Karnataka	S2-54754937	Smartway Power Private	NO.7-14 , MANIPAL TOWERS, AIRPORT ROAD, KODIHALLI, Karnataka
miss:not_in_candidates		S1-955564091	Diamond Business Union Inc.	109 Dudley River Road, Southbridge, MA	S2-155245246	Diamond Business	
miss:not_in_candidates		S1-352183905	Zenith Processing Inc.	25 Kendrick Lane, Windsor, CT	S3-733705078	Zenith Inc. Services	25 Kedrick Lane, Connecticut, Windsor Township
miss:not_in_candidates		S1-840866094	Pediatric Dental Associates	MO, 640 Twigwood Drive, Ballwin	S3-577522692	Pediatric Dental Asseociadttes	
miss:not_in_candidates		S1-143066277	Urban Bistro	6463 Hunt Road, Blanchester, OH	S2-190335192	URBAN BISTRO CORP Enterprises	
miss:not_in_candidates		S1-593550319	United Consulting LLP	C/O Sudha Pandey Subrata Pandey Andal Gramandal, Burdwan, Bardhaman, West Bengal	S3-333781595	United Consulting LLP	
miss:assigned_elsewhere	0.19767710001718322	S1-623658797	YUG Ready Inc	3025 Wallin Avenue, Rockford, IL	S2-220601626	YUG Ready Inc	
miss:not_in_candidates		S1-757783642	Divya Consultancy	Plot No 244, F No 401, Friends Colony, Puppalaguda, Rajender Nagar, Manikonda, Hyderabad, Rangareddy, Telangana	S3-127158377	Divya  Partners	Rangareddy, Hyderabad, #A-244, TG
miss:not_in_candidates		S1-643695400	Ember Inc.	2281 Ocean Avenue, Charles City, IA	S3-830065512	The Ember Inc.	
miss:not_in_candidates		S1-308234984	Bergeron, Miller and Miyamoto Sachs	3002 Stonebrooke Lane, Montville Township, OH	S2-51306611	Bergeron, Miller and	
miss:not_selected	0.060946184752473834	S1-844273808	Digital Tech Private Limited	701, 7Th Floor, Regent Chambers Above Status Restaurant, Nariman Point, Mumbai, Maharashtra	S3-402510095	डिजिटल टेक प्राइवेट लिमिटेड	70, Greater Mumbai, MH
miss:not_in_candidates		S1-513533474	Dermatology Associates Inc	1635 Black Brook Road, Seneca Falls, NY	S2-754715939	Dermatology Inc Services	
miss:not_in_candidates		S1-699681058	Knit Foods Corporation	West Bengal, C/O Asish Gupta, Darjiling, Darjeeling, Vill-E, Howdavita, Siliguri	S3-520739680	Knit Foods	
miss:assigned_elsewhere	1.0511835598653652e-6	S1-920834056	AX Defense Inc	Graham, 29303 40th Avenue, WA	S3-665768492	AX Inc Center	29303 40st Ave, Graham, Washington
miss:not_in_candidates		S1-387694500	Bombay Power Private Limited	No: 32/2, 2Nd Floor, Mcc Towers, Opp To Sigma Soft Tech Park, Whitefield Main Road, Ramagon, Danahalli, Bangalore, Karnataka	S3-77197957	Bombay Private Límited Center	
miss:not_selected	0.09428389866002926	S1-605180104	Foot & Ankle Custom Medicine LP	105 Granada Drive, Weatherford, TX	S2-839391183	Foot & Ank1e Custom Medicine Inc	10 Granada Drive, WEATHERFORD, TX
miss:not_selected	0.6852813890145867	S1-277818226	Saque LLC	26607 190th Avenue, Covington, WA	S3-613211564	Evoriza	26607 190rd Ave, Covington, Washington
miss:not_selected	0.44319781301191513	S1-368569298	West Preferred Hennessy	1024 Wilburn Road, Heber Springs, AR	S3-928956781	West Preferred Hennessy Corporation	
miss:not_in_candidates		S1-981510958	Silver Bike Shop PC	Swansboro, 823 Dogwood Lane, NC	S3-173762374	Silver Bike Enterprises	
miss:not_selected	0.5141474166248781	S1-237229319	Meenraj Management of Delhi	House No. 350, 1St Floor, Dera Gazi Khan Tarun Enclave, Pitampura, Delhi, North West, Delhi	S2-286633341	Meenraj Management of Delhi LLP	BLOCK B-359 HOUSE NO. 350, 1ST FLOOR, DERA GAZI KHAN TARUN ENCLAVE, PITAMPURA, DELHI, Delhi
miss:not_selected	0.1440576758562927	S1-594698471	Aparajita Transports Company	Unit No. 119B, 110, 111, & 112, Magnum City Center, Gurgaon, Haryana	S3-371101232	Co Aparajita Transports	Unit No. 19B, Gurgaon, हरियाणा
miss:assigned_elsewhere	0.0000625764001813639	S1-196866377	One Hospitality Pvt Ltd	Daya Shanker, Deoria Khas Deoria, Up, Ind, Deoria, Uttar Pradesh	S3-940957719	One Hospita1ity Pvt Limited	
miss:not_selected	0.35224393263991627	S1-314761186	Next Polytechnic	Flat No. F-1, Ground Floor, Anant Shree Sankul, Temple Road, Civil Lines, Nagpur, Maharashtra	S2-320471212	M/s NEXT PO1YTECHNIC	
miss:not_in_candidates		S1-313068710	Maid Seafood Clinic	City Of Kenosha, WI, 7320 41st Avenue	S3-105008031	Orbidrexbelo	Wisconsin, 732 41rd Ave, City Of Kenosha
miss:not_in_candidates		S1-349712971	Pediatric Group	412 Dennis Avenue, Bradley, IL	S3-40678201	Pediatric	Dennis Ave, Bradley, Illinois
miss:not_in_candidates		S1-97321426	Juniper Inc.	9269 Hinshaw Shop Road, Liberty, NC	S3-349417137	Juniper-Inc.	
miss:not_in_candidates		S1-930905789	Star Travel PLLC	3634 Tullamore Road, University Heights, OH	S3-571094321	Star Taerel PLLC	
miss:not_in_candidates		S1-724050361	Blue Consultants Pvt Ltd	A-41, 4Th Flr, Indrayani Complex, J. K. Sawant Rd, Dadar (W), Mumbai, Maharashtra	S3-824419746	Blue Pvt Ltd Service	A-41, Mumbai, MH
miss:not_selected	0.6756610725457078	S1-3525844	All Projects Private Limited	S No. 172/2 F No 203, Blue Earth, Nr. Datta Mandir Wakad, Pune, Pune, Maharashtra	S3-507365184	All Projects-Private	S No. 172/ F No 203, Blue Earth, Nr. Datta Mandir Wakad, Pune, Pune, MH
miss:not_in_candidates		S1-223069751	A Pioneer Metro Partners	7040 Bobby Street, Orangevale, CA	S3-753883995	A PIONEER METRO PARTNERS	
miss:not_in_candidates		S1-37761789	Chiropractic Global Group	445 Northern Boulevard, NY, Russell Gardens	S3-248198521	Chiropractic Global Enterprises	
miss:not_in_candidates		S1-530183310	Beacon National Allocation L.L.C.	1365 Tahoe Drive, MO, Florissant	S2-905050224	CALOVANTAGEECTO	1365  TAHOE DRIVE, FLORISSANT, MO
miss:not_in_candidates		S1-831461593	K+ Trading	101 Doris Drive, Unit APT 52, Sallisaw, OK	S2-774092803	K+ Tadisg	1 DORSI DR, SALLISAW, OK
miss:not_in_candidates		S1-833449738	K&s Metalworks LLP	Plot No 18. Sf No.151, Sri Karumariamman Nagar, Sriperumbudur, Kanchipuram, Tamil Nadu	S2-337171988	K&s LLP Center	
miss:not_in_candidates		S1-774284948	Delhi Control Private Limited	A-202, Old No. 202, 1St Floor, Main Road Chander Vihar, Mandawali, Delhi, East Delhi, Delhi	S2-967067063	PRIVATE DELHI CONLTORL LIMITED	PLOT 594 A-202, DELHI, EAST DELHI, Delhi
miss:not_in_candidates		S1-80196394	Red Builders Private Limited	1St Floor, Maker Chambers Iv, 222, Nariman Point, Mumbai, Mumbai City, Maharashtra	S3-122002218	Red Builders Prívate Limited	Mumbai City, Mumbai, MH, Door No 01St Floor
miss:not_in_candidates		S1-202452533	Rocky Care	8617 De Oro, Peoria, AZ	S2-193870940	Rocky Service Enterprises	
miss:not_selected	0.5382828892268822	S1-261734405	Innovative Transit Advisors P.C.	2745 Santa Cruz Street, Round Rock, TX	S3-763321285	Innovative Transit Advisors  P.C.	
miss:not_in_candidates		S1-46181156	Laxmi Management Private Limited	Mumbai City, 4Th Floor, Hareshwar Paradise, Off Link Road, Dahisar (West), Mumbai, Maharashtra, Flat A-402	S3-445256838	Laxmi Management Private Límited	
miss:not_in_candidates		S1-959899110	All Engineering Private Limited	39-40 Sayar Kunj, Aashapura Mata Colony, Near Mayur Chopasni School, Jodhpur, Rajasthan	S3-366826665	All Private Limited-Center Enterprises	
miss:assigned_elsewhere	0.045796923879971876	S1-209725665	Fortune Impex Private Limited	Plot No. E-191, Riico Industrial Area, Makhupura, Ajmer, Rajasthan	S3-529542242	Fortune Impex Private Límited	
miss:not_in_candidates		S1-228856113	Lakshmi Trading Private Limited	Miac-2235 Bahadurgarh District Jhajjar, Haryana, Jhajjar, Haryana	S2-691868492	लक्ष्मी ट्रेडिंग प्राइवेट लिमिटेड	MIAC-2235  BAHADURGARH DISTRICT JHAJJAR, HARYANA, JHAJJAR, Haryana
miss:not_in_candidates		S1-490934333	Gallagher Investments LLC	221 Handsome Avenue, Islip, NY	S2-205787745	... QUOLYRA	22 HANDSOME AVE, SAYVILLE, NY
miss:not_selected	0.552884435412432	S1-557068460	Gangin Nuts Private Limited	Wadia House, 2Nd Floor, S.A.Brelvi Road, Fort, Mumbai, Maharashtra	S2-660382995	Gangin Nots Private Limited	WADIA HOUSE, 2ND FLOOR, S.A.BRELVI ROAD, FORT, Maharashtra
miss:assigned_elsewhere	0.004014678526771188	S1-816838855	Vision Care Associates	DC, 1849 L Street, Washington	S3-668518873	Vision Care  Associates Industries	
miss:not_in_candidates		S1-670585691	Shubhankar Carriers Private Limited	D-2, Rajaram Colony, Kodambakkam, Chennai, Tamil Nadu	S3-340942596	scprivate.com (ID: 2770)	Chennai, D-2, TN
miss:assigned_elsewhere	0.09671422684628402	S1-116231036	First Construction Digital LLC	5112 Itasca Street, Lubbock, TX	S2-663281522	First Digital LLC Service	
miss:not_selected	0.282644715341719	S1-585231730	Msquare Modular Pvt Ltd	1366 Gatashram Teela Vishram Bazar Near Dwarika Dheesh Ji Man, Dir, Mathura, Uttar Pradesh	S3-174038423	Msquare Msquare Pvt Ltd Services	
miss:not_in_candidates		S1-593522582	Gautam Sahayog Pvt Ltd	Lohia Jain It Park, 6Th Floor, Sr. No. 150 Paud Road, Kothrud Depot, Chandani Chowk, Pune, Maharashtra	S3-148944656	Shri Keloevo	Pune, MH, Lohia Jain It Park, Pune
miss:assigned_elsewhere	0.008681224027527051	S1-179166164	Gk Heights Pvt. Ltd.	28, Floor-Grd, Plot-103/105, Sugar Manzil, Sheriff Devji Street, Chalakal Market, M, Andvi, Mumbai, Mumbai City, Maharashtra	S2-984019481	Arialyra	#28, MUMBAI, MUMBAI CITY, Maharashtra
miss:not_in_candidates		S1-66438670	Cascade Council	113 Lakeview Court, Lafayette Township, OH	S2-71895537	Cascade Council Inc.	
miss:not_selected	0.016900014230758036	S1-550086793	Literacy Fellowship	24 Price Street, Bridgeport, CT	S2-909383071	Literacy Fellowship Enterprises	
miss:assigned_elsewhere	0.0005412912723314746	S1-982313268	UG Ultra	3375 65th Street, Cleveland, OH	S2-687318916	Ectohalovio	65RD ST, CLEVELAND CITY, OH
miss:not_in_candidates		S1-51045688	Digital Consulting Private Limited	Emaar Digital Greens, Sector- 61, Tower B - 1002, Gurgaon, Gurugram, Haryana	S3-770182101	Digital Consulting  Private Limited Trading	
miss:not_in_candidates		S1-324868454	Ss Healthcare Private Limited	Plot No 10 & 11, Pune, 401, Sr No 23/4A/1, Haveli, Maharashtra	S3-974882417	Kelolumlum	Plot No 10 & 11, 401, Sr No 23/4A/1, Haveli, Pune, Maharashtra
miss:not_in_candidates		S1-234123826	Pinnacle Innovative Shreya	10266 Carmine Drive, Noblesville, IN	S3-653268736	Pinnacle Innnvoamtiev Shreya	
miss:not_selected	0.12018608608899582	S1-896249318	Riley, Abrams & Obeso	231 Knoxville Avenue, Lebanon, TN	S2-36719108	Riley, Abrams & Obeso Inc	52 KNOXVILLE AVENUE, LEBANON, TN
miss:not_selected	0.5366697794867864	S1-657163653	Clean Financial Solutions LLC	Unit COTTAGE 7C, Carroll County, VA, 761 Harrison Circle	S2-394872443	Clean Financial Solutions LLC	762 HARRISON CIRCLE, WOODLAWN, VA
miss:not_selected	0.4162072522452759	S1-716282612	Board of Housing	1815 Church Street, Unit 1503, Nashville, TN	S3-990633308	Board of Housing (Córp)	1814 Church St, Unit 1503, Nashville, Tennessee
miss:not_in_candidates		S1-274479119	Great Solutions Private Limited	House No. 2, Second Floor, Building No. 2, Saini Enclave, Karkardum, A, Delhi, East Delhi, Delhi	S2-80155665	ग्रेट सॉल्यूशंस प्राइवेट लिमिटेड	HUOSE NO. 2, DELHI, EAST DELHI, Delhi
miss:not_in_candidates		S1-560652409	Apex Alpex Inc.	Unit Unit 112, Spring Valley, 17 Sneden Court, NY	S2-992015999	Services Apex Inc.	17 SNEIEN CT, SPRING VALLEY, NY
