kind	p	s1	s1_name	s1_addr	q	q_name	q_addr
false_merge	0.9450604044919811	S1-187262982	Vantova Abony, LLC	202 Johnston Street, Goshen, IN	S2-584932923	Vanntova Abony, Llc	04 JOHNSTON STREET, GOSHEN, IN
false_merge	0.8303023104823725	S1-315517505	Daus Enterprises	75 Main Street, Unit P, Amesbury, MA	S3-481849302	Daus LLC Enterprises	
false_merge	0.7808073842028967	S1-731603578	Raj Impex Private Limited	D-7/F-2, East Jyoti Nagar, Shahdara, Delhi	S3-379849501	Quonylayuma	D-7/f-2, Delhi, Shahdara, DL
false_merge	0.8177733291357634	S1-30878864	Corinne's Productions	814 Saadi Street, Unit B, Houma, LA	S2-463566641	Corinne's Productions	
false_merge	0.8649799143702581	S1-947830884	Patriot Evolution, LLC	227 Millwell Drive, Maryland Heights, MO	S2-741067607	Mroicn LLC	MILLWELL DR, MARYLAND HEIGHTS, MO
false_merge	0.9058417961521827	S1-426402647	North Business Private Limited	C/O Ram Prakash Kushwah Near Kushwah Samudayak Bhawan, Guda, Lashkar, Gwalior, Madhya Pradesh	S2-561076614	नॉर्थ जय बिजनेस प्राइवेट लिमिटेड	A 77, GWALIOR, Madhya Pradesh
false_merge	0.8369658849580339	S1-784488999	Siwan Ventures Private Limited	C/O Uma Shankar Yadav, Don Buzurg, Done, Siwan, Siwan, Bihar	S3-802073717	Siwan Ventures  Limited	No 64 C/o Uma Shankar Yadav, Siwan, BR
false_merge	0.9766078262330524	S1-40981418	867-868 North Owners Corp	105 Dakota Lane, Saltillo, TN	S3-861210864	867-868 North Owners Corp Corporation	107 Dakota Ln, Saltillo, Tennessee
false_merge	0.8025489279735877	S1-656994586	Sol Foundation LLP	A-654, Swarn Apartments Sector-Pi, Greater Noida, Gautam Buddha Nagar, Uttar Pradesh	S3-688190159	Dr Sol Foundation Ltd	
false_merge	0.818155749429738	S1-727313472	Primary Care Green Specialists	1088 Dayton Avenue, Saint Paul, MN	S2-475989874	Arcfluxtavo	1088 B, SAINT PAUL, MN
false_merge	0.9655992494116578	S1-513503660	Signature Energy Holdings LLC	1 Walnut Avenue, Pelham, NY	S2-371693225	Signature Energy Holdings Holdings	82 Walnut Ave, PELHAM, NY
false_merge	0.8671496063616386	S1-716184102	Amafhh Charitable Trust	F/103 Yamuna Appartment, Alaknanda, New Delhi, Delhi	S2-454005606	Amafhh Trúst Charitable	
false_merge	0.9714399862090857	S1-703511179	Unified Equity Solutions Inc.	Emporia, KS, Unit UNIT 2, 1316 Center Street	S3-579349485	Unified Equity Sólutions Inc	1337 Center St, Emporia, Kansas
false_merge	0.8662154227240267	S1-604593389	Blue Estate Private Limited	C/O. Narayanji Rugaji Shinde, No. 348, Lic Colony, Murali Road, Bhopal Naka, Sehore, Madhya Pradesh	S2-681821254	ZETALUM	C/O. NARAYANJI RUGAJI SHINDE, NO. 348, LIC COLONY, MURALI ROAD, BHOPAL NAKA, SEHORE, मध्य प्रदेश
false_merge	0.9674553798464065	S1-30652675	White Developers Pvt Ltd	Saidulajab, Delhi, Property No 55 Thirdfloor, New Delhi, South West Delhi	S3-60319150	uniteddevelopers.com	H.no 188 Plot No-55, Delhi, South West Delhi, DL
false_merge	0.7964257744542772	S1-169903909	National Interprivate	6996 Winners Circle, Trinity, NC	S3-458203205	National Interprivate	
false_merge	0.7732284324825598	S1-552396787	Prime Products Private Limited	Office No.325 2Nd Floor, Garg Plaza Plot No.24, Dda Complex, Rd No44 Pitampura, Delhi, North West, Delhi	S3-666530263	Prime Products Limited	Office No.325 23Nd Floor, Garg Plaza Plot No.24, Dda Complex, Rd No44 Pitampura, North West, DL
false_merge	0.961519688131459	S1-797694036	Fresh Tattoo LLC	3835 Brookshire Drive, Bellbrook, OH	S3-669752241	Fresh  Tattoo (Ltd)	Bellbrook, Ohio, 3835 Brookshire Drive
false_merge	0.8154715084230463	S1-738672987	Brightio Fuel Inc	302 Foster Road, Tewksbury, MA	S2-935373280	Brightioyn Fuel Inc	302 1/2 FOSTER RD, TEWKSBURY, MA
false_merge	0.858588250107753	S1-201755491	Kestus Machines	295 Antioch Rd, Mathews County, VA	S3-904110620	Cestus Machines LLC	295 Antoch Rd, Mathews County, Virginia
false_merge	0.7610450932672479	S1-587753208	Joiner Phoenix Inc.	1128 7th Street, Nashville, TN	S3-405008592	Joiner Phoenix | www.joinerpho.com	
false_merge	0.9977959514875392	S1-279384455	Periday Pgim	83 Plantation Drive, Lexington, TN	S3-385079086	Perriday Pgim	#83 Plantation Drive, Lexington, Tennessee
false_merge	0.8630517794385898	S1-791872521	Thiruvananthapuram (india) Private Limited	5Thflr Amstor Annexe Bldg, Technopark Phase 1, Thiruvananthapuram, Thiruvananthapuram, Trivandrum, Kerala	S2-27336280	ITHIRUVANANTHAPURAM.COM	1, THIRUVANANTHAPURAM, TRIVANDRUM, Kerala
false_merge	0.8072989010548829	S1-872863330	Verrola Farmers	113 Orchard Avenue, Eatonville, WA	S2-294994569	Verrrola  (Farmers)	114. ORCHARD AVE, EATONVILLE, WA
false_merge	0.7429298080918135	S1-810268502	DDY Data LLC	3114 Woodford Drive, Arlington, TX	S3-742248556	Cornrestoene LLC	3114 Docrhester Drive, Arlington, Texas
false_merge	0.84411318760782	S1-736119552	Kritesh Sons Limited	Purnia, Vill-Sonua, Panch-Sonma, Bihar, C/O Surendra Kr. Mandal, Purnea	S3-820032821	Critesh Limited Sons	Vill-sonua, Panch-sonma, 302 C/o Surendra Kr. Mandal, Purnea, Purnia, BR
false_merge	0.9951136584269147	S1-130781331	Red Services Private Limited	27, Elumalai Street, Shanmugamroad, Tambaram, Madras, Chennai, Tamil Nadu	S3-425663829	Evodova	27, Elumalai Street, Shanmugamroad, Tambaram, Madras, Chennai, TN
false_merge	0.8665717521146257	S1-740360810	New York Wildlife Crystal Society LLC	21 Orchard Street, New York, NY	S2-13260676	Keloxylo	21 Orchard Pl, BUFFALO TOWNSHIP, NY
false_merge	0.7200612813912762	S1-280410292	Pediatric Dental Care	City Of El Paso, 407 Nevada Avenue, TX	S3-767663783	pediatricdentalcare.com	529 Mackenzie Drive, Texas, City Of El Paso
false_merge	0.8456403297723226	S1-903807874	Vantance Owl LLC	445 Charity Lane, Murfreesboro, TN	S2-185151610	Vantanova Ówl LLC	445 CHARITY LN, <NULL>, MURFREESBORO, TN
false_merge	0.7274323439167516	S1-327931874	HI Solutions Co	No. 13, 3Rd B Main Road, Kb Sandra Rathan Singh Layout, Rt Nagar, Bangalore, Karnataka	S3-281756114	HI Solutions	
false_merge	0.7700844277077283	S1-222810913	Anand Trust	No. 1/70, Ramnad Main Road Iravathanallur, Madurai, Tamil Nadu	S3-781882201	Anand  Trust Center	
false_merge	0.7209716597168283	S1-194520766	Cure Book Store!	19343 Wabash 18 Avenue, Allendale, IL	S3-864365207	Cure Book-Store! (Inc)	19346c Wabash 18 Ave, Allendale CDP, Illinois
false_merge	0.8849694048778821	S1-955785913	Kalon Producer Pvt Ltd	C/O Shri Kazi Abdul Rasul, 304 Mujawar Galli, Kagal, Kagal, Kolhapur, Maharashtra	S3-233950794	Dr Kalon Films Pvt Ltd	13 C/o Shri Kazi Abdul Rasul, 304 Mujawar Galli, Kagal, Kolhapur, Kagal, MH
false_merge	0.8239172066432432	S1-529650307	Jarlay Environmental Corp	8822 Breaker Point Court, Elk Grove, CA	S3-551089618	jarlaya environmental corp	ELK Grove CITY, California, 824 Breaker Point Ct
false_merge	0.9556480337865623	S1-75147868	Cure Ice Cream	2025 Q Street, Washington, DC	S2-265258120	CURE ICE CREAM CORPORATION	2025 SANDOWN LANE, DBULIN, OH
false_merge	0.9958078094826092	S1-684835804	Boisvert Bhav Inc	225 Sunrise Avenue, Pekin, IL	S3-542236402	Jaxquohalo	225 Sunrise Ave, Pekin, Illinois
false_merge	0.7355545152070182	S1-544823046	Kritesh Trade Partners	Janki Vasundhara Chs Ltd, 101Plot 14/22 Janki Kutir, Mumbai, Maharashtra	S3-182123776	Critesh Trade Partners	No 42 Janki Vasundhara Chs Ltd, 101Plot 14/22 Janki Kutir, Mumbai, महाराष्ट्र
false_merge	0.9749551781881571	S1-390375674	Rocky Empire Inc.	3317 Haseltine Road, Brookline, MO	S2-886381825	Rocky Ehmorie Inc	3320 HASELTINE RD, BROOKLINE, MO
false_merge	0.8817433816873378	S1-926267444	Vaayutech Security Ltd	L-143 Street No.-5 C Road No.- 7 Mahipalpur Extension, New Delhi, Delhi	S3-369248656	Vaayutecha Security Ltd	New Delhi, L-143 Street No.-5 C Road No.- 7 Mahipalpur Extension, दिल्ली
false_merge	0.7146134027071297	S1-956117258	Optimal Freight	6220 Shallowford Road, Unit 512, Chattanooga, TN	S2-402256571	Optimal Freight	
false_merge	0.91940917117573	S1-409212003	Jarlify Aurora LLC	40 Woodruff Road, Clinton, MA	S3-356103006	Jarlifyyn Aurora  LLC	Clinton, Massachusetts, 40 Woodruff Road
false_merge	0.8327997945996574	S1-838541173	Kritita Adhar Company	Building No 11/747-A, Chandramangalath House, Shutter No 7, Sreeram Jan Tower, Alappuzha, Kerala	S3-39454334	KRITITAYN ADHAR COMPANY	കേരളം, Alappuzha, H.no ##474 Building No 11/747-A, Alappuzha
false_merge	0.980548813123341	S1-178593381	Osprey Inc.	4 Barnett Road, Monroe, NY	S2-397235792	Osprey Inc.	5- BARNETT ROAD, MONROE, NY
false_merge	0.7453837534023271	S1-996322322	Hall Health LLC	11260 375, IN, Fairmount	S2-214473050	BURI LLC  CENTER	11260 375, FAIMOUNT, IN
false_merge	0.9120871829531689	S1-643156390	Robbi Castro, DO	905 330th, Durham, KS	S2-469929125	Robbi Castro, ZO	905 330ST, DURHAM, KS
false_merge	0.9204274135376103	S1-712922410	MBQ Gulf Arc P.C.	613 14th Avenue Drive, Hickory, NC	S2-458566121	MJBQ Arc P.C. Center	#613 14TH AVENUE DRIVE, HICKORY, NC
false_merge	0.9995348006712633	S1-781247154	Drayent Futurewave, Inc	2413 5, Schuyler, NY	S3-268421684	Drrayent  Futurewave,	2413 5, Utica, New York
false_merge	0.8005040788297951	S1-211815632	Katheryn B. Woods, O.D.	Yuma, AZ, 871 4th Avenue	S2-597387136	Katheryn B. Woods, O.D. LLC	87 4TH AVE, null, YUMA, AZ
false_merge	0.7860785538997866	S1-68994566	Gc & Co	Nashik, Flat No-3, Maharashtra, Nashik, Godavari Apt Chinchban Road, Panchavati	S2-935566901	Gc &	
false_merge	0.9487523234987709	S1-517367606	RO Bleichroeder	9121 Motz Road, Evansville, IN	S2-427195885	RFO BLÉICHROEDER	9121 MOTZ ROAD, PO BOX 2490, EVANSVILLE, IN
false_merge	0.9655559223244358	S1-895947445	Verryn Credit LLC	5926 165th Avenue, Becker, MN	S3-47684865	verrix credit llc	5926 165nd Avenue, Becker, Minnesota
false_merge	0.837697832665917	S1-493085522	Aspen	1016 Gant Hill Drive, Unit 310, Nashville, TN	S2-22984599	Nyladovakelo	1016 GANT HILL DR, BRNETWOOD, TN
false_merge	0.796333359295532	S1-386792043	Secure Acquisition Inc	46 Wilde Yaupon, Spring, TX	S2-907386217	Secure Acquisition Center	
false_merge	0.8838710488690374	S1-872524258	Back Alley Cleaning Service Center	312 W Tenny Ave, Louisville, KY	S2-940067050	Back Alley Cleaning Service LLC Center	
false_merge	0.991918001595762	S1-541958224	Orbis Ventures	OH, Proctorville, 89 Twp Rd 1234	S2-542639313	ORBIZ VENTURES	89 TWP RD 1234, PROCTORVILLE, OH
false_merge	0.9866130397491369	S1-322384125	Lesniak, Antonietta B., MD P.C.	4639 Hawksbury Road, Pikesville, MD	S3-697075819	Lesniak, Antonietta B., MK P.C.	4639 Hawksbury Road, Pikesville, Maryland
false_merge	0.7296946713669119	S1-137355230	Kc Flames Private Limited	Raipur Raja, Near Dehat Kotwali, Bahraich, Uttar Pradesh	S3-503313505	Kc Flames Limited	Gorakhpur Region, 14 Raipur Raja, उत्तर प्रदेश
false_merge	0.7628011864508413	S1-11293226	Vaayutech Info Pvt Ltd	H. No. 24, F/F, Kh.No. 341, Gali No.1 Main 24 Ft. Road, Oldmustafabad, North East, Delhi	S3-846428104	Vaayutecha Io Pvt Ltd	F/f, Kh.no. 341, Gali No.1 Main 24 Ft. Road, DL, North East, H. No. 31, Oldmustafabad
false_merge	0.9960197370636087	S1-503902177	Urology Specialists Group	TN, Soddy Daisy, 9752 Hamby Road	S3-349769294	Urology Specialists  Group	975 Hamby Road, Tennessee, Soddy Daisy
false_merge	0.7100231723911358	S1-137142323	Diamond Payroll Dynamics Inc.	3536 Woodland Hills Drive, Tuscaloosa, AL	S2-137009205	Diamond Payroll Dynamics Inc	539 WOODLAND HILLS DR, TUSCALOOSA, AL
false_merge	0.9983986909116597	S1-481786239	Novyn White LLC	675 Mud Lick Road, Avawam, KY	S2-749447166	Novvyn White	75 MUD LICK RD, AVAWAM, KY
false_merge	0.9990673271131395	S1-485474243	Aditya Trading	No.1/1, Vinayaka Tower, 1St Cross, Gandhinagar, Bengaluru, Bangalore, Karnataka	S3-103891582	Aditya Trading Limited	No.1/1, Vinayaka Tower, 1St Cross, Gandhinagar, Bangalore, KA
false_merge	0.9627059070506762	S1-309178711	Orban Bright LLC	1550 River Heritage Boulevard, Unit UNIT 301, Prince William County, VA	S3-762142820	Orbaex Bright L.L.C.	1550 River Heritage Boulevard, Unit UNIT 301, Dumfries, Virginia
false_merge	0.9630105379683586	S1-401153230	UNU School Clinic	Orchid Apartment, 6Th Floor, 601 Karande Mala, Behind Circuit House, Kolhapur, Maharashtra	S2-361975311	UNSU School Clinic	ORCHID APARTMENT, 6TH. FLOOR, 601 KARANDE MALA, BEHIND CIRCUIT HOUSE, KOLHAPUR, Maharashtra
false_merge	0.7885218748618054	S1-214850431	LQI Software Clinic	406-407, Eco Space, Mogra Village Road, Andheri (East), Mumbai, Mumbai City, Maharashtra	S3-969021849	LQIV Software	83 406-407, Mumbai, MH, Eco Space, Mogra Village Road, Andheri (East)
false_merge	0.9658789111883187	S1-122470954	SS Iron	Flat No. 703 & 708, 7Th Floor, Swaroop Smriti Vihar Apartment, P.S. Jak, Kanpur, Patna, Bihar	S3-469576906	SF Iron Ltd	Flat No. ##703 & 708, Patna, BR
false_merge	0.9987545572390102	S1-850142165	Drayium Made Inc.	1166 Castle Drive, Southside, AL	S2-480645820	Drrayium Mnebea  Inc.	1166 CASTLE DIRVE, SOUTHSIDE, AL
false_merge	0.9993767801682363	S1-362760710	Nagin Institute	Shop No-1, Koyna Chs, Sector -15, Sanpada, Navi Mumbai, Thane, Maharashtra	S3-176813316	Naggin Institute Ltd	Shop No-1/2, Koyna Chs, Sector -15, Sanpada, Navi Mumbai, Thane, MH
false_merge	0.8201176152162859	S1-341113385	Shivam Tirupati Projects Limited	No. 2/148, South Madavilagam, Thirukadaiyur, Tharangambadi, Nagapattinam, Tamil Nadu	S2-800861045	சிவம் திருப்பதி புராஜெக்ட்ஸ் பிரைவேட் லிமிடெட்	NO. 2/149, NAGAPATTINAM, THARANGAMBADI, Tamil Nadu
false_merge	0.854573055709131	S1-973750647	Glyphial Rio	6325 Fennell Place, Unit 5, La Plata, MD	S3-335405468	glyfial rio	6325 Fennell Pl, # 5, La Plata, Maryland
false_merge	0.8145089737992851	S1-818973411	Bhavya Enclave Andheri East Private Limited	Andheri East, Mumbai City, Maharashtra	S2-892142658	Bhavya Enclave Andheri East Limited	96 ANDHERI EAST, ANDHERI EAST, Maharashtra
false_merge	0.7021409206055245	S1-498574510	Smith's Grand Advisors	Rancho Cucamonga, 11660 Church Street, Unit UNIT 32, CA	S2-918854842	Fayekorflux	CA, RANCHO CUCAMONGA, 11660 CHURCH STREET
false_merge	0.8647962529901403	S1-54016707	Optimal Navios Partners	398 Brewer Road, Edgemont, AR	S3-1016408	Optima1 Partners Partners Navios	399 Brewer Road, Edgemont, Arkansas
false_merge	0.9595308343068134	S1-570580415	South Family Practice Group	2600 Coyle Avenue, Chicago, IL	S2-7794660	South Family Practice LLC	260 COYLE AVE, CHICAGO, IL
false_merge	0.9995480152129974	S1-526269098	Peridan Managed Inc.	8301 Nahas Court, Pearland, TX	S3-324348192	Perridan Inc. Service	8301 Nahas Ct, Pearland, Texas
false_merge	0.7971399057470736	S1-177600727	ZU India Associates	Ii Floor, Saket Mall Plot No. 75-76, Gandhi Nagar, Bye Pass R, Oad, Agra, Uttar Pradesh	S3-316436887	ZUY India Associates Company	#3 Ii Floor, Oad, Agra, UP
false_merge	0.959612172034447	S1-456418931	Drayium Net LLC	NY, Ancram, 223 Hall Hill Road	S2-992571111	Drrayium Net LLC	223- HALL HILL RD, ANCRAM, NY
false_merge	0.9968314833647934	S1-442967678	Morataya, Bonita G., CPA	4230 Capstone Road, Midlothian, TX	S2-539181906	Morataya, Bonita G., CPA Corp	423 CAPSTONE ROAD, MIDLOTHIAN TOWNSHIP, TX
false_merge	0.9754178358877854	S1-482743557	Clyay Amplify Group	101 Kari Linda Court, TX, Weatherford, Fl 0	S2-963695499	KLYAY  AMPLIFY GROUP	101-103 KARI LINDA CT, WEATHERFORD, TX
false_merge	0.9994409657834056	S1-900475842	Noveon Airlines	1608 Dale Avenue, Roanoke City, VA	S3-869789345	Novveon Airlmns	1608 Dale Avenue, Roanoke City, Virginia
false_merge	0.9743679915916292	S1-392579079	Metropolitan Classic Jpmorgan Inc	20 South Street, Bethel, CT	S3-997905330	Evoiridelta	20 Kellogg St, Bethel, Connecticut
false_merge	0.8804175094810237	S1-477260004	Womens Health Valley Center Inc	655 Callahan Place, Mendota Heights, MN	S2-445103021	Womens Health Valley Center Inc.	
false_merge	0.9906434810381551	S1-7606300	Jarlio National	23 Mills School Road, Patrick County, VA	S3-440260181	Jarrlio Nátional Co	23 Mills School Rd, Claudville, Virginia
false_merge	0.9942978837294794	S1-952231369	Zeis Partners Corp	3120 67th Lane, Phoenix, AZ	S2-849550531	Orbifayegild	3120 67TH LN, PHOENIX, AZ
false_merge	0.9441628883328886	S1-709769763	Julianna Larkin Bumrungrad	11286 274th Avenue E, Coweta, OK	S2-76579538	Larkin, Uchida Bumrungrad	PO BOX 4320, COWETA, 11286 274TH AVENUE E, OK
false_merge	0.8878440229071609	S1-384769887	Roopanth Life Limited	14/291K, Kerala, Suite 57G, 1St Floor, A Square, Edappally Pukkattupady Road, Edathala P.O, Kuzhive, Llippady, Ernakulam	S3-357214639	Roopanth Life Ltd	
false_merge	0.8645986201598249	S1-279597350	Orbent Encore PLLC	343 Prospect Street, Wellington, OH	S2-482932434	PLLC Orrbent Enc0re	34 PROSPECT STREET, WELLIGTON TOWNSHIP, OH
false_merge	0.7771900328719514	S1-667710272	Sweet Hair Studio	1452 Mertensia Road, Farmington, NY	S2-222843225	ECTOKORBRIX	MERTENSIA RD, NY, FARMINGTON
false_merge	0.7614625829880418	S1-452389644	Dehlia Goss Rockwool LLC	87 Hillturn Lane, North Hempstead, NY	S2-198016152	Lumevoevo	HILLTURN LN, N/A, SEARINGTOWN, NY
false_merge	0.9643597980773615	S1-379746763	Suryaendra Steel Private Limited	First Floor, Raj Mahal, 33, Altamount Road, Mumbai, Maharashtra	S3-996799947	Suryaendique Steel Private Limited	Raj Mahal, 33, Altamount Road, MH, No 93 First Floor, Mumbai
false_merge	0.9687129452670957	S1-634746333	Halcos Plumbing LLC	320 Balsam Street, Oxnard, CA	S3-161252326	Halkos Plumbing LLC	320 Balsam Street, City Of Oxnard, California
false_merge	0.8189091065772277	S1-4961827	QPY Tiger Private Limited	1305, 13 Floor, Wing -B, Serenity Heights, Temping Road, Chincholi Bunder, Malad We, St, Mumbai, Mumbai City, Maharashtra	S3-676383390	QYPY Tiger Private Ltd	01305, 13 Floor, Wing -B, Serenity Heights, Temping Road, Chincholi Bunder, Malad We, St, Mumbai, MH
false_merge	0.8637933875948896	S1-290328899	Glyphara Municipals Care	3104 Marnat Road, Pikesville, MD	S2-311418769	Glyphari Municipals Center	003104 MARNAT ROAD, PIKESVILLE, MD
false_merge	0.7046025932297731	S1-868335559	Glyphola Coffee	11104 Bruneau Trail, Austin, TX	S2-795752914	GLYFOLA CINEE	1110 BRUNEAU TRAIL, AUSTIN, TX
false_merge	0.7220249504667086	S1-305569250	Hitech Systems Private Limited	New Delhi, C-3/7 Safdarjung Development Area New Delhi, New Delhi, Delhi	S2-843161346	Zephnylabelo	NEW DELHI, C-3/7 SAFDARJUNG DEVELOPMENT AREA, SOUTH DELHI, Delhi
false_merge	0.9077941078756095	S1-527757219	Mahir Welfare Ltd	No.133/1, Maruthi Nilaya, 4Th Cross, Jeevanahalli, Bangalore North, Bangalore, Karnataka	S3-494620519	Dr Mahir Welfare Ltd	
false_merge	0.8201426926491434	S1-885249039	Strunk Nmp LLC	121 River Bend Drive, Unit 26, Georgetown, TX	S3-542779660	Cirawex	121-125 River Bend Drive, Georetown, Texas
false_merge	0.8325406543525291	S1-888922602	Amsterdam Heart Regional Project	143 Mickelson Boulevard, Amsterdam, NY	S2-129147318	Amsterdam Heart Regional Project Inc.	15 MICKELSON BOULEVARD, AMSTERDAM, NY
false_merge	0.8261016349849155	S1-919917988	Pietila, Lozano & Holloway LLC	366125 United States Highway 62, Boley, OK	S3-918345359	Ariasol	69125 United States Highway 62, Boley, Oklahoma
false_merge	0.8723834622288218	S1-276941221	NBB Clay Pvt Ltd	Shop No.-3, G/F Pocket B-8, Csc No.-2 Mayur Vihar Phase -3, Near Reyaan Public, School, Delhi, East Delhi, Delhi	S2-936636971	nblb clay pvt ltd	SHOP NO.-3, G/F POCKET B-8, CSC NO.-2 MAYUR VIHAR PHASE -3, NEAR REYAAN PUBLIC, SCHOOL, DELHI, दिल्ली
false_merge	0.8467948760914155	S1-182093797	Eby Desert Hospital Inc	4343 Stipp Road, Bloomington, IN	S2-118241003	Eby Desert	
false_merge	0.9018443834899618	S1-505250042	Srl College Co	C/O Avinash Gupta, Godown No. 487/104, Peeragarhi, Near Pole No. Ngl-N-22, Nangloi, New Delhi, Delhi	S2-8601505	SRL  COLLEGE CO	
false_merge	0.8071406051898329	S1-599580265	Menendez Equity Partners Inc	127 Cool Meadow Drive, Centreville, MD	S2-480598269	Menendez Équity Partners Partners	438 COOL MEADOW DRIVE, CENTREVILLE, MD
false_merge	0.9618761170800809	S1-230285166	Internal Medicine Care Associates Care	Eddyville, IA, 18635 63	S3-182769871	Internal Medicine Care Care (Associates)	
false_merge	0.9188713904383007	S1-723465923	Valley Appliance	90 Blanchard Boulevard, Braintree, MA	S2-379299776	VALLEY ÁPPLIANCE	
false_merge	0.901348419195498	S1-863271421	WC Street	108 Merganser Drive, Chestertown, MD	S2-553229461	WCK Street	MD, CHESTERTOWN, 108 MERGANSER DRIVE
false_merge	0.9514245719384105	S1-994815784	Nexay Bynordic Inc	706 National Avenue, Brazil, IN	S2-927754878	NEXANT INC BYNORDIC	BRAZIL, NULL, IN, 706 1/2 NATIONAL AVE
false_merge	0.9980097690304628	S1-116157561	Kaverita Automobiles Pvt. Ltd.	B-Iii 1291/1 Street No 1, Kalyan Nagar, Ludhiana, Punjab	S3-59907861	Kaveriova Automobiles Pvt. [Ltd.]	B-iii 1291/1 Street No 1, Kalyan Nagar, Ludhiana, PB
false_merge	0.9089911502427409	S1-918401463	Best Creative Investments Private Limited	Door No. 1-208/1 Adyar Post, Mangalore, Dakshina Kannada, Karnataka	S3-481190584	Belozetakorio	Door No. 1-208/1 Adyar Post, Mangalore, Dakshina Kannada, Karnataka
false_merge	0.9580449798253511	S1-275370724	Rosaline F. Villatoro, DPM	AZ, 9335 Baseline Road, Mesa, Unit 1015	S3-413939611	Rosaline F. Villatoro, DZM	Arizona, Unit 1015, Mesa Four Peaks, 9336 Baseline Road
false_merge	0.9750334445260849	S1-240861202	Sanjana Traders Private Limited	Wework Cherry Hills, Embassy Golf Links Bp, Bangalore North, Bangalore, Karnataka	S2-55665679	Sanjana Traders Limited	NO 75 WEWORK CHERRY HILLS, EMBASSY GOLF LINKS BP, BANGALORE NORTH, Karnataka
false_merge	0.7882527913938482	S1-438605099	Toran Italia	H. No. 1791, Sadashiv Peth, Pune, Maharashtra	S2-25846841	Sri Toran Italia [Industries] | (www.toranital.com)	Maharashtra, H. NO. , SADASHIV PETH, PUNE
false_merge	0.9541776776521708	S1-460297499	Brightos Chain LLC	1346 5th Avenue, Islip, NY	S3-265117442	Brightoz LLC-Chain	1346-1350 5th Avenue, Islip, New York
false_merge	0.9984009913668254	S1-552685915	Urgent Care National Physicians LLC	760 Camino Del Sol, Casper, WY	S2-560374795	URGENT CARE NATIONAL FYSICIANS INC	760 CAMINO DEL SOL, CASPER, WY
false_merge	0.9979119622901231	S1-78380821	Synmoex Intelligent	110 Dubellette Street, Fl 0, Weatherford, TX	S2-431579830	Synmoex  Intelligent Corp	TX, 110 DUBELLETTE STREET, WEATHERFORD
false_merge	0.8534340750396516	S1-55794761	Mcdonald Aldel LLC	265 Country Road, Brookhaven, NY	S2-877315780	@UPPERSTAR	265 COUNTRY RD, BROOKHAVEN, NY
false_merge	0.7321847033755141	S1-597374876	Shree Software Private Limited	A-1, Veena Geet Sangeet, Opp. Raj Residency Ii Mahavir Nagar, Kandivali (W), Mumbai, Maharashtra	S2-145891812	Shree Software Limited	A-6, VEENA GEET SANGEET, OPP. RAJ RESIDENCY II MAHAVIR NAGAR, KANDIVALI (W), महाराष्ट्र
false_merge	0.8382750549960079	S1-584769621	Zed Hospital Company	105, S. K. Industrial Society 2 Near Sosyo Circle, Bamroli Road, Surat, Gujarat	S3-712417118	Zed Hospital Corp	
false_merge	0.9545444707134132	S1-948459537	Technologies Victory Travels Private Limited	R.K. Mishra, F-305, Shivam Appartment, Saidpur Nahar Road, Patna, Patna, Bihar	S2-379858428	Technologies Victory Services Private Limited	Bihar, H.NO 42 R.K. MISHRA, F-305, SHIVAM APPARTMENT, SAIDPUR NAHAR ROAD, PATNA, PATNA
false_merge	0.9036780499864483	S1-547531837	Solstice	804 Carey Street, Baltimore, MD	S3-692464004	Veosol	Carey St, Baltimore, Maryland
false_merge	0.8308569167976744	S1-661700676	Halcial Biracilik Inc	Reedsville, WV, 507 Breeze View Drive	S2-187360736	Inc Halciant Biracilik	20 BREEZE VIEW DRIVE, REEDSVILLE, WV
false_merge	0.9383490437624051	S1-606628595	Fortune Trading Private Limited	D-53 Sector-2, Noida, Gbn Noida, Gautam Buddha Nagar, Uttar Pradesh	S2-846939541	फॉर्च्यून ट्रेडिंग प्राइवेट लिमिटेड	OFFICE NO. 2, NOIDA, GAUTAM BUDDHA NAGAR, Uttar Pradesh
false_merge	0.990872676785741	S1-319171469	Olanial Opportunities, LLC	NY, Flushing, 132-11 59 Avenue	S2-434004346	Ollanial Opportunities, Llc	FLUSHING, 132-1 59 AVENUE, NY
false_merge	0.9892678064192137	S1-477031758	Sneha Exim Private Limited	No.48/39, Wawoo Mansion First Floor, Rajaji Salai, Chennai, Tamil Nadu	S2-764160324	Sneha Exim Private Ltd Ltd	
false_merge	0.8932212523970436	S1-812437755	EQ Infocom LLP	Bangalore, Flatno.302, Bangalore, Karnataka, 3F, Prestigeno.26/8Viviani Roadrichardstown	S3-719208063	EQ LLP Service	H.no 303, 3F, Prestigeno.26/8viviani Roadrichardstown, Bangalore, KA
false_merge	0.9028625229745796	S1-592805947	Brightola Virginia	5910 W Tree Drive, Anchorage, AK	S3-718397318	Brightova  Virginia	5911 W Tree Drive, Anchorage, Alaska
false_merge	0.9909052148166948	S1-175208595	Nasa (India) Automotives Private Limited	C/O Utpal Kant, Mhagunam Puram, Nh-9, New Raj Nagr, Mehroli, Ghaziabad, Uttar Pradesh	S2-532976499	Nasa (India) Áutomotives Limited	DOOR NO 85 C/O UTPAL KANT, MHAGUNAM PURAM, NH-9, NEW RAJ NAGR, MEHROLI, GHAZIABAD, उत्तर प्रदेश
false_merge	0.952969596396434	S1-570821815	Colonial Trg	510 Ashwick Loop, Sacramento, CA	S3-57815601	Colonial Trg	
false_merge	0.7289990024712376	S1-426328645	Celestial Minerals Ltd	Cst No 4270 Flat No 301 B Wing, The Metropolitan, Pune City, Pune, Maharashtra	S3-420706159	Celestial Minerals	
false_merge	0.8058429608770807	S1-705289071	Premier Fresh Auto Glass, Inc.	7124 Pymatuning Lake Road, Unit 73, Andover, OH	S2-304527987	Premier Fresh Auto Glass, Inc	ANDOVER, 7125 PYMATUNING LAKE RD, OH
false_merge	0.9322342394098442	S1-596523020	Kestance Healthcare Inc	17 Prospect Street, Clinton, MA	S3-218266426	Kestanceyn Inc Healthcare	17-C Prospect Street, Clinton, Massachusetts
false_merge	0.9645969186421806	S1-542138620	Supreme Healthcare Private Limited	Sr 79/2/1, Flat No.1 Ground Floor Rajashri Apartment, Nilgiri Lane, Near Nexa Showroom, Baner Road, Haveli, Pune, Maharashtra	S2-771880336	Smt Supreme Healthcare Limited	SR 79/2/4, FLAT NO.1 GROUND FLOOR RAJASHRI APARTMENT, NILGIRI LANE, NEAR NEXA SHOWROOM, BANER ROAD, HAVELI, महाराष्ट्र
false_merge	0.7297701987706559	S1-950943449	Pediatric Dental Crystal Center of Knoxville	806 Teaberry Lane, Unit 3, TN, Knoxville	S2-681613993	Mirakor	TN, KNOXVILLE, 806 TEABERRY LN
false_merge	0.9891021949951577	S1-683798914	Adittech Supply	Maharashtra, Mumbai, Floor 2, 47, Balkrishna Niwas, Panjarapole, 2Nd Lane, Gulalwadi, Girgaon, 67	S3-194483984	Adittekh Supply	67, Floor 2, 47, Balkrishna Niwas, Panjarapole, 2Nd Lane, Gulalwadi, Girgaon, Mumbai, महाराष्ट्र
false_merge	0.8247738799157784	S1-612371131	Solex Douglas LLC	100 Logans Run, Attleboro, MA	S3-979328504	Solox Douglas  [LLC]	100 Logans Run, Attleboro, Massachusetts
false_merge	0.9436479067565279	S1-791675570	Ivenari Physical	10819 300, Dunkirk, IN	S3-159984546	Ivenary Physical	10819 300, Dunkirk, Indiana
false_merge	0.8914412703919481	S1-499835256	Hanaway and Rojas, LLC	172 Alexander Road, Warwick, NY	S2-997220770	Hanaway and Rojas,	19 VICKSBURG LN, PMB 776, ALEXANDER, AR
false_merge	0.7093595192380778	S1-249159095	Matthews Concepts LLC	252 Beck Lane, Phoenix, AZ	S2-494700152	HHCONCEPTS.COM	1331 BECK LANE, PHOENIX, AZ
false_merge	0.7823585798502393	S1-389364748	Vision Elite Partners LLC	2321 Drusilla Lane, Baton Rouge City, LA	S2-481145185	Pyrakor	2321  DRUSILLA LN, BATON ROUGE, LA
false_merge	0.8523630420957913	S1-888787035	Laborers Local Union 230	100 Trade Center, Unit G100, Woburn, MA	S3-293001716	laborers local union 230 inc	109-D Trade Center, # G100, Woburn, Massachusetts
false_merge	0.8451563407475429	S1-424114149	Nagora Services Limited	Shop No 3 & 4Poonam Chambers Chhaoni, Nagpur, Maharashtra	S2-283712933	nagorayn services 1imited	#3 & 4POONAM CHAMBERS CHHAONI, NAGUPR, Maharashtra
false_merge	0.9649503179426281	S1-315011052	Southern Unique Tech Pvt Ltd	243/2 Khanka Mr-2, Burhanpur, East Nimar, Madhya Pradesh	S2-720586595	Southern  Unique Services Pvt Ltd	DOOR NO 243/3 KHANKA MR-2, BURHANPUR, BURHANPUR, Madhya Pradesh
false_merge	0.7583267540642776	S1-543508195	Charla Baker, DPM	1377 Kings Highway, Charlotte County, VA	S3-488423665	Charla Brkle,r DPM	
false_merge	0.9679772190132128	S1-284371280	Raviendra Super Pvt. Ltd.	Shop No F/9, Plot No 10/11 Sector 4 Nerul, Navi Mumbai, Thane, Maharashtra	S3-760973298	Raviendoro Super Pvt. Ltd.	Shop No F/##9, Plot No 10/11 Sector 4 Nerul, Navi Mumbai, Thane, महाराष्ट्र
false_merge	0.8336829826623811	S1-155868267	BOB Academy Corporation	No. 99, 2Nd Floor, Lakshmana Swamy Salai, Tamil Nadu, K.K. Nagar, Chennai - 600 078.	S2-89866514	Lumumbra	தமிழ்நாடு, CHENNAI - 600 078., 2ND FLOOR, LAKSHMANA SWAMY SALAI, 99, K.K. NAGAR
false_merge	0.945365394243064	S1-742531092	Olanic Spectral Inc	1200 Blue Bill Way, Normal, IL	S3-482032667	Olanik Inc Spectral	1200 Blue Bill Way, Norrmal, Illinois
false_merge	0.8644912583327553	S1-522309289	MH Energia Portland	ME, 1051 Washington Avenue, Portland	S2-918026246	ML Energia Portland	1051 WSHINGTON AVE, PORTLAND, ME
false_merge	0.9084594843167645	S1-379071883	Tejanth Magnetic Private Limited	43, Hakim Manzil, R No. 7 Gr Flr Navpada, Bandra East, Mumbai, Mumbai City, Maharashtra	S2-548467580	Tejantha Magnetic Private  Limited	Maharashtra, 43, HAKIM MANZIL, R NO. 7 GR FLR NAVPADA, BANDRA EAST, MUMBAI
false_merge	0.735993119958646	S1-696944223	Shirdi International School Co	Office No. 809, 8Th Floor, Plot-124/13, City Center Market, Nr. Sosyo Factory, U, . M. Road, Surat, Gujarat	S3-485092462	Mr Shirdi International School Corp	
false_merge	0.9954581548933825	S1-949978863	Bushey Vanguard Biopharmaceuticals Inc.	9601 169th Avenue, Redmond, WA	S2-789438513	Aoroa	##9601 169TH AVE, REDMOND, WA
false_merge	0.9479909563927496	S1-789589364	Gold Universal Healthcare Private Limited	No 107/93D/11K/3, Rajagopalnagar 4Thst East, Thoothukkudi, Tuticorin, Tamil Nadu	S2-594603609	Gold Universal Healthcare Limited	NO 107/93D/11K/4, RAJAGOPALNAGAR 4THST EAST, THOOTHUKKUDI, Tamil Nadu
false_merge	0.9275231844492269	S1-898831295	Tirupati Products Limited	Tiruvallur, Tamil Nadu, Ward 31, Madhavaram, Ponneri, 131 Gnt Road Ring Road	S2-516641188	திருப்பதி புராடக்ட்ஸ் பிரைவேட் லிமிடெட்	152 GNT ROAD RING ROAD, CHENNAI CITY REGION, TIRUVALLUR, Tamil Nadu
false_merge	0.7982794526730549	S1-149570201	Vasoft Media Inc	12723 Songhollow Drive, Tomball, TX	S2-767616934	Vasoft Media Incorporated	
false_merge	0.8522992704986277	S1-68229878	Olaneon Harmony Group	1101 Lorewood Grove Road, Middletown, DE	S2-402669198	Olaneova Harmony	1101A Lorewood Grove Road, MIDDLETOWN, DE
false_merge	0.9699878409172318	S1-934835202	Continental Western	8055 Highway 194, Williston, TN	S2-591124935	Continental-Western	
false_merge	0.9800693164212465	S1-740381437	Charms Medicare Center	Block-J, 220, New Alipore, Kolkata, Kolkata, Howrah, West Bengal	S2-506569414	Charms Medicare Center Limited	NO 21 BLOCK-J, 220, NEW ALIPORE, KOLKATA, KOLKATA, West Bengal
false_merge	0.7420670191793798	S1-219716373	Chennai India Ltd	28/8 Rr Flats Krishnapuri 2Nd Street Bishop Garden Extension R A Puram, Chennai, Tamil Nadu	S3-822451698	Chennai (india) Ltd	Chennai, 78A, தமிழ்நாடு, Savali Avenue, R.a.puram, Chennai
false_merge	0.8821689575140974	S1-444544091	Kavertech Support Private Limited	Ernakulam, 12/435 Ollassil House Sujatha Road, Kerala, Cochin, Fort Cochin	S3-154041047	Support Kavertoch Private Limited	12/435 Ollassil House Sujatha Road, Cochin, Ernakulam, KL
false_merge	0.9110970873597399	S1-406444809	Straight Edge Nails Center	2522 Lakeside Landing, Seabrook, TX	S3-3345893	Straight Edge Nails Center	
false_merge	0.8612412137252333	S1-932280935	Zirava Securities Pvt Ltd	48/1551, Batherys, Thavakkara Po Civil Station, Kannur, Kerala	S3-199195784	Zirrava Securities Pvt  Ltd	കേരളം, 48/1560, Kannur, Batherys, Thavakkara Po Civil Station
false_merge	0.8514573667206418	S1-334452173	Jersey Inc	TN, Henderson, 412 Juanita Drive, Unit 408B	S3-97909993	Jersey Inc. (ID: 44581)	
false_merge	0.8621358334770377	S1-939779479	Lumora Assets	Unit B7, NC, 4506 Rolling Hill Drive, Charlotte	S3-877301490	Lummora Ássets	4515 Rolling Hill Drive, # B7, Charlotte, North Carolina
false_merge	0.8388017362269863	S1-199642175	Leder Fork Private Limited	Alappuzha, Ambalapuzha, Alappuzha, Amcw 45/587 Survey No Bl/36 Rsy. 4, Kerala	S2-239002622	Mr Wexnylazeph	Keralam, AMBALAPUZHA, ALAPPUZHA, AMCW #45/587 SURVEY NO BL/36 RSY. 4
false_merge	0.9567063735066449	S1-369272796	Aarvanth Future Private Limited	39/2475-B1, Suite 867, Lr Towers, Sjrra 104, South Janatha Road, Kochi, Ernakulam, Kerala	S3-916477124	Aarrvanth Ffrhture Private Limited	Hn 683 39/2475-B1, Ernakulam, കേരളം
false_merge	0.7192282671064234	S1-267403156	EC Solutions LLP	Plot No.19, Road No.10 Happy Valley Banjara Hills, Hyderabad, Telangana	S3-758660219	EC Solutions	
false_merge	0.8099837507622557	S1-381681169	Choryasi Finalease Company	B106 Meghmalhar Residency, Bh Harekrishna Export, Choryasi, Surat, Gujarat	S2-478031506	Belocira	BLOCK F-669/3 B106 MEGHMALHAR RESIDENCY, BH HAREKRISHNA EXPORT, SURAT, SURAT CITY, Gujarat
false_merge	0.9885378829892539	S1-679160569	Sankat Hydel (India) Private Limited	H.No. 402/4 Moti Lal Nehru Medical College Parisar, Allahabad, Uttar Pradesh, Prayagraj	S2-589897948	Sankat Hydel (India) Pditte Limited	
false_merge	0.9574854297883415	S1-959341986	Quantis Westin	Fort Mill, Unit STE 105, 1826 160, SC	S2-674854713	Quantant Westin	1826 160, FORT MILL, SC
false_merge	0.9542327957529158	S1-549162351	Jimenez, Cordova and Sullivan L.L.C.	1777 Countryside Drive, Millcreek, UT	S2-687465099	-- JIMENEZ, CORDOVA AND SULLIVAN LLC	SALT LAKE CITY, 178 COUNTRYSIDE DR, UT
false_merge	0.7889581765812675	S1-568838793	Craft Sports Inc	4164 Murray Town Road, Burgaw, NC	S3-59238810	Munter Sports Inc	Burgaw, North Carolina, 4164 Murray Tonw Rd
false_merge	0.9691585199604417	S1-673157248	Taylor Analytics LLC	1300 Ewing Drive, Garland, TX	S3-560160973	tepe analytics llc	Texas, Garland, 1300 Ewing Drive
false_merge	0.9664704477867229	S1-473861677	Halcex Environmental Corp	7228 Picasso Drive, Dardenne Prairie, MO	S3-906205981	Halceks Environmental Córp	7228 Picasso Drive, Dardenne Prairie, Missouri
false_merge	0.7910706949039913	S1-842818935	Better Trusted Utilities Inc.	831 Slaven Ridge Road, Fentress County, TN	S3-573139465	Better Utilities Inc Partners	832 Slaven Ridge Rd, Jamstown, Tennessee
false_merge	0.922732876908722	S1-197819564	ZIC Systems Private Limited	2/17Shanti Niketan, New Delhi, South Delhi, Delhi	S2-666510717	ZIC SYSTEMS LIMITED	##2/20SHANTI NIKETAN, NEW DELHI, Delhi
false_merge	0.8542056822809372	S1-676336817	4625 Sunset Plaza Properties LLC	801 Grove Avenue, Barrington, IL	S3-404065588	4625-Sunset Plaza Properties LLC	
false_merge	0.7916881766405212	S1-224795960	Kolkata Communication LLP	233, Old China Bazar Street Also Known As 7 Swallow Lane, Kolkata, Kolkata, Howrah, West Bengal	S2-593158010	LLP KOLKATA COMMUNICATIONS	7/7, KOLKATA, HOWRAH, West Bengal
false_merge	0.9054052232875924	S1-363969679	Synergy Technology Public Limited	1211, Sadashiv Peth, Fl -8, Tilakwadi Near Bhave School, Pune, Maharashtra	S2-550879279	Synveokor	1211, PUNE, Maharashtra
false_merge	0.8690250871599701	S1-830712054	Aurova Presidio LLC	NY, Unit Lot C05, Volney, 2657 3	S2-598783781	Auroari Presidio-LLC	FULTON, 2657 3, NY
false_merge	0.7473187334118583	S1-585681316	GIB Green Company	Untawadi, Satpur, Sn 761/40/12, Nashik, Maharashtra	S2-555187664	GYB Gfine Company	Maharashtra, 6 UNTAWADI, SATPUR, SN 761/40/12, NASHIK
false_merge	0.999559136541908	S1-87379011	Jain Care Private Limited	No. 2/1, Ground Floor, Rangappa Lane, Chikkamavalli, Bangalore, Karnataka	S2-632870831	ಜೈನ್ ಕೇರ್ ಪ್ರೈವೇಟ್ ಲಿಮಿಟೆಡ್	H.NO 2/1, BANGALORE, Karnataka
false_merge	0.9960919499640508	S1-421879698	Jacquette's Recruiting	1101 Halsey Drive, Unit 1017, Leander, TX	S2-637079798	Jacquette's Recruiting	
false_merge	0.7158794109239409	S1-357840753	AC Accessories Private Limited	803, 8Th Floor, Tower B Dlf Tower, Jasola, New Delhi, South Delhi, Delhi	S3-672919291	ACJ Accessories Private  Limited	803, 8Th Floor, Tower B Dlf Tower, Jasola, New Delhi, South Delhi, DL
false_merge	0.8787396071620768	S1-269593473	Zenith Trading	813 Halagueno Street, Carlsbad, NM	S2-125888440	Zenith Inc Trading	
false_merge	0.9997372402400183	S1-191772688	Brightara Robotics Partners	315 Arlington Avenue, Unit 1504, Charlotte, NC	S2-836970185	Brrightara Robotics Partners	315 ARLINGTON AVE, CHARLOTTE, NC
false_merge	0.7913443235182687	S1-600859563	First Enterprises Private Limited	West Bengal, 184, Harish Mukherjee Road, Kolkata, Kolkata, Howrah	S2-278562843	ফার্স্ট এন্টারপ্রাইজেস ফার্নিচার প্রাইভেট লিমিটেড	184, HARISH MUKHERJEE ROAD, KOLKATA, HOWRAH, KOLKATA, West Bengal
false_merge	0.986868360628772	S1-832568724	Hotel Creative Producer	32/4/1 Chandi Ghosh Road, Chhanda Apt Near Wireless Park, Ps/Po Regent Park, Kolkata, Kolkata, Howrah, West Bengal	S3-914073771	Hotel Creative Producer Limited	#32/4/ Chandi Ghosh Road, Howrah, Kolkata, WB
false_merge	0.860324332612102	S1-269078242	Om Trading Private Limited	No 56, Telecom Layout, Bangalore, Karnataka	S3-948111210	ଓମ୍ ଟ୍ରେଡିଂ ପ୍ରାଇଭେଟ୍ ଲିମିଟେଡ୍	H.no 56 Plot No: 8653, Bhubaneswar, Khordha, ଓଡ଼ିଶା
false_merge	0.9750544119449787	S1-254781506	Vaayuesh Dairy Care	16, R. N. Mukherjee Road, Kolkata, Howrah, West Bengal	S3-517724234	Nexcirawex	16 R.N.Mukherjee Road, Kolkata, Howrah, West Bengal
false_merge	0.9940356155918159	S1-587991447	Verrelle Growth Care	5835 Lakeside Drive, Murray, UT	S2-298381634	verrrelle growth care	UT, 5835 LAKESIDE DRIVE, SALT LAKE CITY TOWNSHIP
false_merge	0.9852140864006976	S1-636124134	Nexify Star	Louisville, 12013 Parkside Vista Ln, KY	S2-439588984	Nexiell Star	12013A Parkside Vista Ln, LOUISVILLE, KY
false_merge	0.9992374109079492	S1-112428730	Lyray Clean, Inc.	601 Peyton Street, Lynchburg City, VA	S3-426384333	Lyrray (Clean,)	601-603 Peyton Street, Lynchburg City, Virginia
false_merge	0.7346033108624955	S1-892906665	EFH Custom Amc Inc	564 Mulberry Avenue, Rialto, CA	S2-88165219	EZFH Custom	564 MULBERRY AVENUE, RIALTO, CA
false_merge	0.8016928188146751	S1-690860984	Jones and Gleaton Specialists Inc	4220 Whittier Street, Tucson, AZ	S3-549118393	Fluxecto	Tucson, 4220 Gagela, Arizona
false_merge	0.7597789147251024	S1-595693615	Aditansh Technology	Shriram Housai, 1672 / E Rajarampuri 10Th Lane, Kolhapur, Maharashtra	S2-371101338	Aditanzh Technology	SHRIRAM HOUSAI, 1672 / E RAJARAMPURI 10TH LANE, KOLHAPUR, Maharashtra
false_merge	0.8022070347812429	S1-660399418	Delta Partners PC	131 Chestnut Street, Kent, OH	S2-956821432	Delta Partners	131-133 6TH STREET, WASHINGTON, NC
false_merge	0.9955263806519511	S1-943275994	Village Of Associates	308 White Sulphur Road, Hot Springs National Park, AR	S3-785736564	Village  Of Associates	
false_merge	0.8533974459558954	S1-867810790	Madella Grizzard Tri-State Creative	426 Douglas Street, Wenatchee, WA	S3-536398589	Madella Grizzard Tri-State Creative Corp	44 Douglas Street, Wenaatchee Township, Washington
false_merge	0.9833443207193366	S1-31925281	Heart Center LLC	KY, 1132 Euclid Ave, Louisville	S3-30987684	Heart LLC Center	1132 Wellsvilae Rd, Memphis, Tennessee
false_merge	0.8280236675461623	S1-724088018	Maru Seva Samiti	4614-16 Main Road, Pahari Dhiraj, Sadar Bazar, New Delhi, Delhi	S3-216995627	Maru Seva Samiti	
false_merge	0.8256100956012353	S1-690006066	Kaveraksh Carbon Private Limited	As-1 Lawrance Road Industrial Area, New Delhi, Delhi	S2-966112729	Caveraksh Carbon Private Limited	Delhi, AS-#6 LAWRANCE ROAD INDUSTRIAL AREA, NEW DELHI
false_merge	0.9914048183833715	S1-182776573	Clio Alley, MD	NC, Goldsboro, 403 Commerce Court	S2-996445706	Clio Alley,  MY	NC, 403 COMMERCE CT, GOLDSBORO
false_merge	0.7338674187798255	S1-382393641	Better Archimedes	1900 Mississippi Street, Beebe, AR	S2-722960100	Better Archimedes	
false_merge	0.8932645697906806	S1-199099101	Raven World Inc	15033 Cardinal Street, Brookville, IN	S3-311269152	Raven Inc. World	
false_merge	0.8756760751986965	S1-214131111	Quantova Wen Inc	108 Meadow Street, Lone Grove, OK	S2-526920486	Kwantova Wen Incorporated	108 MEADOW ST, LONE GROVE, OK
false_merge	0.7560377727703926	S1-37083490	Family Prime Associates Group	Georgetown, TX, Unit 7204, 800 Wolf Ranch Parkway	S2-564929226	Family Prime Associates Partners	807 WOLF RANCH PKWY, GEORGETOWN, TX
false_merge	0.9996156506344162	S1-444483524	Peridara Translational Inc	9219 Talitha Dr, Jeffersontown, KY	S3-377876685	Perridara Translational Inc	9219 Talitha Dr, Loisville, Kentucky
false_merge	0.9322657876139895	S1-540923370	Caldola Ftai LLC	Village Of Ashwaubenon, WI, 999 Ashwaubenon Street	S3-163384679	LLC Caldora Ftai	997 Ashwaubenon St, Green Aby, Wisconsin
false_merge	0.9720185555855776	S1-345826153	Anilesh To Limited	47C Shakespeare Sarani4Th Floor, Kolkata, Calcutta, West Bengal	S2-547298533	anilesha to limited	47C SHAKESPEARE SARANI4TH FLOOR, KOLKATA, West Bengal
false_merge	0.9722420206840627	S1-164989862	Happy (India) Services	Door No. 18-8-1, Ganapathi Nagaram, Kakinada, East Godavari, Andhra Pradesh	S3-722057237	Smt Happy (India) Ltd Services	
false_merge	0.92956834261678	S1-93328149	Solos Private Inc	3729 Tulip Tree Drive, Fort Worth, TX	S3-481802797	Solas Prívate	3729 Tulip Tree Drive, Ft Worth, Texas
false_merge	0.7247330701249468	S1-259966142	New Delhi Logistics Limited	Shop No. 27, 1St Floor, Old Rajinder Nagar Market, New Delhi, Delhi	S3-520407213	Kornyla	Unit No - 27 1St Floor, New Delhi, South Delhi, DL
false_merge	0.8763544788209531	S1-39090753	Tejavi Fabrics Center	E.P.I. Group Co. Op. Socy, R.H-5, Plt-18, Sec-6, Thane, Maharashtra	S3-390288444	Tejavy Fabrics Center Corp	E.p.i. Group Co. Op. Socy, R.h-5, Plt-18, Sec-6, Thane, Navi Mumbai, महाराष्ट्र
false_merge	0.9507935836252746	S1-693586355	Golden Group of Companies	D-204 Sr.No 285/2, Shreenidhi Porwal Road, Pune City, Pune, Maharashtra	S2-970970374	Golden Group  of	D-C-204 SR.NO 285/9, SHREENIDHI PORWAL ROAD, PUNE CTIY, महाराष्ट्र
false_merge	0.8504524141846403	S1-44816260	Perfect Krishna Global	Bopegone, Gat No 491, Dindori, Nashik, Maharashtra	S2-652354623	Perfect Krishna Global Limited	महाराष्ट्र, NO 94 BOPEGONE, GAT NO 491, DINDORI
false_merge	0.9985561408059338	S1-987514522	Brightay Permian	6910 Sun River Drive, Fishers, IN	S2-489514546	Brrightay Permian	6910  SUN RIVER DRIVE, FISHERS, IN
false_merge	0.9915700796694707	S1-591319342	Solon Staking Partners	2050 Brown Road, Grove City, OH	S3-601126336	Solona Staking-[Partners]	##2050 Brown Road, Grove City, Ohio
false_merge	0.7989503768598852	S1-856307634	One Tech Private Limited	Plot No 2, 3 Ellora Shopee, A-Wing 2Nd Floor, Off. 11, Pune City, Pune, Maharashtra	S2-263644093	One Tech Limited	PLOT NO 23, 3 ELLORA SHOPEE, A-WING 2ND FLOOR, OFF. 11, PUNE CITY, Maharashtra
false_merge	0.7299793516884955	S1-773590239	Wilmington Autism Assistance Association Company	2944 Kerr Avenue, Wilmington, NC	S2-204543943	Wilmington Autism Assistance	
false_merge	0.7217397737616467	S1-279648215	Crystal Partnership	55 Hollow Road, Lumberland, NY	S3-270316616	Crystal Partnership	
false_merge	0.9336244911121768	S1-633215915	Jai Jai Services Private Limited	6 Mahasukh Nagar Soc, 6 Prerna Tirth Vibhag 1 Fp 166 167 170, Bh Someshwar Aprt, Satel, Lite, Ahmedabad, Gujarat	S3-701041259	M/s Jai Jai Services Limited	
false_merge	0.9018589420017318	S1-59425293	Family Smart Group	1020 100, Payson, UT	S3-827929436	Fami1y Smárt Group Group	031 100, Payson, Utah
false_merge	0.9854279912302562	S1-261108210	Future Agro Pvt Ltd	677 1St Floor 27Th Main 13Th Cross Hsr Layout Sector 1 Bangalore, Bangalore, Karnataka	S3-554777158	Ltd Future Agro	#1, Bangalore, KA
false_merge	0.9894169902973059	S1-22432793	Urology Partners LLC	1530 Lewis Street, Unit APT 1, Charleston, WV	S2-278237509	Urology Partners Co	1530 Lewis St, CHARLESTON CIITY, WV
false_merge	0.8046121717679611	S1-26254304	Gerber Holding Company	12857 Norfolk Drive, Huntley, IL	S3-898883346	Gerber Holding Company	
false_merge	0.8993060291496834	S1-636707421	Debora's Certified Marketing	144 14 Holly Court, Unit 14, Unionville, TN	S3-180055224	Debora's Certified Marketing Inc	144 19 Holly Ct, Unit 14, Unionivlle, Tennessee
false_merge	0.7976144767675172	S1-867545267	710 Sixth Ave Apartments	20619 Atlanta Road, Bridgeville, DE	S2-899463034	Wexquo	0020619 ATLANTA ROAD, BRIDGEVILLE CITY, DE
false_merge	0.9929899663983168	S1-929105153	Pacific Society III	OH, East Cleveland, 14300 Potomac Avenue	S3-825300926	Pacific Society III Inc	1430 Potomac Avenue, East Cleveland, Ohio
false_merge	0.9988855005781732	S1-300585636	Aditva India Corp	Plot No. 48-B, 8-3-677/24/5, Navodaya Colony, Yellareddy Guda, Khairatabad, Hyderabad, Telangana	S2-596505977	Additva Índia Corp	NO 48-B , 8-3-677/24/5, NAVODAYA COLONY, YELLAREDDY GUDA, KHAIRATABAD, Telangana
false_merge	0.9399947143627104	S1-554667057	TG Stanley Pvt. Ltd.	6/166, Tf Farsh Bazar, Shahdara, Delhi, East Delhi, Delhi	S2-868908845	TH Stanley Pvt. Ltd.	6/167 , TF FARSH BAZAR, SHAHDARA, DELHI, Delhi
false_merge	0.7784734485375887	S1-483712795	Green Healthcare Private Limited	No:88, Borewell Road, Whitefield, Bangalore South, Bangalore, Karnataka	S3-880586259	Miraariatavo	Bangalore, KA, #88 Borewell Road
false_merge	0.7611387298919375	S1-847462531	Complete Architecture	4540 Warm Stone Circle, Perry Hall, MD	S2-116633220	Complete Architecture Inc Service	
false_merge	0.7598226184391843	S1-655403026	Balaji International Private Limited	Plot No. F-110, Midc Satpur, Nashik, Maharashtra	S3-208783375	Private Balaji International Límited	914 Villa No.-110, Hyderabad, Andhra Pradesh
false_merge	0.9482496751131081	S1-81257265	TDM Chit Pvt. Ltd.	36/387-1 Vigneswara Granites Vencode Po Vattappara, Kerala, Trivandrum, Thiruvanathapuram, Thiruvananthapuram	S2-880427753	Pvt. TDMM Chit Ltd.	3-6/387-2 VIGNESWARA GRANITES VENCODE PO VATTAPPARA, THIRUVANATHAPURAM, TRIVANDRUM, Keralam
false_merge	0.8705884464143617	S1-941106540	Ak Brothers Private Limited	Door No. 139/1 Merkupudur Nasianoor, Erode, Tamil Nadu	S3-926086544	Ak Br0thers Private  Limited	
false_merge	0.8082545369993832	S1-497250866	Soleus Telecommunication LLC	7210 Surreywood Way, Sacramento, CA	S3-457285251	Solell  Telecommunication	7210 Surreywood Way, Sacramento, California
false_merge	0.9604321022981852	S1-430887891	Malwa Trading Private Limited	5Th Floor 544 Yash Arian Nr. Swami Vivekanand Chowk, Near Guirukul, Memnagar, Ahmedabad, Gujarat	S2-131153301	Ariakelo	H.NO 5TH FLOOR: 544 YASH ARIAN NR. SWAMI VIVEKANAND CHOWK, NEAR GURUKUL, MEMNAGAR, AHMEDABAD, ગુજરાત
false_merge	0.9987677077703945	S1-498894321	Novova Pennantpark	NY, 244-26 137 Avenue, Rosedale	S3-591769103	Novvova Pennantpark	244-26 137 Ave, Rosedale, New York
false_merge	0.9185675848355376	S1-215016970	Kate Tang Solid Inc.	43 Pipetown Hill Road, Clarkstown, NY	S2-316936967	Tang, Kate Solid Inc	45 PIPETOWN HILL RD, CLARKSTOWN, NY
false_merge	0.737746335673186	S1-373450784	Tejraj Intellect LLP	11482/19, S No 121, Flat No 24, Vaibha, Jalna, Maharashtra	S3-103426901	Tejrij Intellect L.L.P.	Blfck F-247 11482/19, S No 121, Flat No 24, Vaibha, Jalna, MH
false_merge	0.837021308674731	S1-901806898	Nagaksh Agro Private Limited	#558, 2Nd Floor, Main Road, 11Th Block, 2Nd Stage, Terige Bhavana Road, Nagarbhavi, Bangalore, Karnataka	S3-27761095	Nagacsh Agro Private Ltd	#558, Bangalore, KA
false_merge	0.9851722889516058	S1-561413762	Brightium Art Care	41689 Pony Pasture Drive, Avon, NC	S2-473068479	Brightiem Art Care	41689 PONY PASTURE DR, AVON, NC
false_merge	0.9779600031993114	S1-967815143	Aarvaksh Producer Pvt Ltd	B 2008 Mit Niketan 20Th Flr Sanskruti Layout, Thakur Complex, Kandivali E, Mumbai, Mumbai City, Maharashtra	S3-104031111	Aarvakix Pvt Producer Ltd	MH, Thakur Complex, Kandivali E, B 2008- Mit Niketan 20Th Flr Sanskruti Layout, Mumbai City, Mumbai
false_merge	0.7589621119542808	S1-854109206	Rs Beverages Private Limited	66, R. P. Road, Secunderabad, Hyderabad, Telangana	S3-694440729	rs beverages limited	H.no 296 87, R. P. Road, Secunderabad, Hyderabad, TG
false_merge	0.984584652162293	S1-528390077	Delta Antimony, Inc.	804 Marion Avenue, Springfield, MO	S3-180765962	Delta Antimony	
false_merge	0.9946626929140591	S1-979284405	Interfaith Guild IV, Inc	16 Taylor Street, Oxford, NY	S2-73279702	Interfaith Guild JIV Inc	16- Taylor St, OXFORD, NY
false_merge	0.8705835193238931	S1-582410407	Varshaksh Commotrade Center	H.No. 35-356/1 And 2 Shop No 1 To 4, Anusha Estate Adj To Rythu Bazaar, Jeedimetla, Hyderabad, Telangana	S2-621430136	Commotrade Varshakshyn Center	H.NO. 35-356/1 AND 2 SHOP NO 1 TO 4, ANUSHA ESTATE ADJ TO RYTHU BAZAAR, MEDCHAL-MALKAJGIRI, JEEDIMETLA, తెలంగాణ
false_merge	0.7149512418933283	S1-925235674	Renovate & Co	2Nd Cross, Anikethana Nagara, Kannahalli Kodigehalli Post, Yeshwanthpura Hobli, No.18, Bengaluru, Karnataka, Bangalore	S2-259898418	scprivate.com	NO 18, BENGALURU, BANGALORE, Karnataka
false_merge	0.9861947504398277	S1-940460517	Sarasansh Marketing Private Limited	First Floor, Valiyaveettil Buildings, Thalassery, Kannur, 125/C, Kerala	S2-299492803	Sarasanora Marketing Private Limited	125/C, FIRST FLOOR, VALIYAVEETTIL BUILDINGS, THALASSERY, Kerala
false_merge	0.9316251776952783	S1-852533710	Builders Rajasthan Hydraulics Private Limited	Ward F, 302 B, Tulips Residency, Karande Mala, Tarabai Park, Kolhapur, Maharashtra	S2-728348242	Builders Raajagasthan  Hydraulics Limited	H.NO 67 WARD F, 302 B, TULIPS RESIDENCY, KARANDE MALA, TARABAI PARK, KOLHAPUR, <NULL>, Maharashtra
false_merge	0.8366524200767804	S1-646991583	Ivenio Wen Center	122 Pitts Road, Falkville, AL	S2-162995758	Ivenia Wen (Center)	122 PITTS ROAD, FALKVILLE, AL
false_merge	0.8420960444778531	S1-995707665	Premier Travel PC	3640 Pillsbury Avenue, Minneapolis, MN	S2-651346872	Premier Travel  PC	
false_merge	0.9842917871724564	S1-130322417	ZKE Highland Specialty Ltd	500 231, Troy, AL	S3-262470203	TZKE Highland	Troy, 500 231, Alabama
false_merge	0.9671292154318407	S1-665927360	Ortega, Nunn & Rush Cyber Inc.	791 Pine Place, Tulsa, OK	S2-503746094	Ortega, Nunn & Rush Cyber Inc.	##793 PINE PL, TULSA, OK
false_merge	0.9828996602748599	S1-938218662	Sequoia Trading LLC	1251 Downing Street, Seaside, OR	S3-673404091	sequoia.com Trading	
false_merge	0.9947773205933131	S1-699257832	Yamuora Industrial Public Limited	B 1201, Floor 12Th, Plot Cs777/778, B, Ratan Central, Dr. Ambedkar Road, Mumbai, Maharashtra	S3-739088061	Yamuoraer Industrial  Public Limited	B 1201, Floor 12Th, Plot Cs777/778, B, Ratan Central, Dr. Ambedkar Road, Mumbai, MH
false_merge	0.9349015088342472	S1-615962159	Jai Trading Private Limited	Suite No.20 At 113 Park Street, Kolkata, Howrah, West Bengal	S2-565731789	শিব ট্রেডিং প্রাইভেট লিমিটেড	H.NO 20 PARK STREET, KOLKATA, HOWRAH, পশ্চিমবঙ্গ
false_merge	0.9991157358818313	S1-568568483	Verriq Accounting, Inc	957 Kings Highway, Saugerties, NY	S3-339632017	Verrriq  Accounting, Inc	957 Kings Hwy, Saugerties, New York
false_merge	0.9798820272853359	S1-91683651	International Marketing	Kalawati Bhavan, K No. 3, Thane, Maharashtra	S3-797241500	International International Marketing Limited Center	Room No. 03, Thane, MH
false_merge	0.7714026229891798	S1-897734038	Solelle Mustang LLC	112 Pudding Street, Putnam Valley, NY	S2-367078601	SOLLELLE MUSTOTG LLC	NY, PUTNAM VALLEY, 113 PUDING STREET
false_merge	0.9472546674282442	S1-718430257	Mountain Investments LLC	364 Third Avenue, West Haven, CT	S3-633468837	Mountain Investments  Corp	364 3st Ave, West Haven, Connecticut
false_merge	0.9994584355289428	S1-104802417	Auriq Giant	267 69th Street, Tacoma, WA	S2-2927453	Aurriq (Service)	#267 69ND STREET, TACOMA CITY, WA
false_merge	0.7671693650958098	S1-195057552	Halcify Heritage LLC	1701 Kalorama Road, Unit 204, Washington, DC	S2-774512661	Halkify Heritage	1701 KALORAMA ROAD, WASHINGTON, DC
false_merge	0.7240886348618082	S1-9744908	Zak Construction Ltd	2Nd Floor, M Block Market, Greater Kailash- Ii, New Delhi, Delhi, South Delhi, New Delhi, M-28	S2-41532124	Zak Construction Limited	
false_merge	0.8916983556833397	S1-192359084	Halceus Indonesia, Inc	MA, Westport, 134 Washington Street	S3-624580078	Xyloavi	Westport, 134 Highland Avenue, Massachusetts
false_merge	0.9786739643020135	S1-625429828	VNY Solutions Private Limited	C/O-Rupesh Kumar, Girdhari Singh Lane, Street No-2 Pirmohani, Po-Kadamkuan, Ps-Gandhi Maida, N, Patna, Bihar	S3-157915902	vmy s0lutions private (limited)	Girdhari Singh Lane, Street No-2 Pirmohani, Po-kadamkuan, Ps-gandhi Maida, N, BR, Patna, #2-2 C/o-rupesh Kumar, Patna
false_merge	0.8315589348954058	S1-114473265	Aurora Charter LP	232 Monterey Drive, New Lenox, IL	S3-130301439	LP Auroyx Charter	232 Monterey Dr, Incorporated, Illinois
false_merge	0.9291707174438885	S1-749574737	Bangalore North Distillers Private Limited	Spacelance Office Solutions, No. 198, Cmh Road, 2Nd Floor, Suite No. 3512, Bangalore North, Bangalore, Karnataka	S3-971124461	Bangalore North Distillers Limited	#73 Spacelance Office Solutions, No. 198, Cmh Road, 2Nd Floor, Suite No. 3512, Bangalore North, Bangalore Urban, KA
false_merge	0.7254048674137817	S1-426852381	Services Malhotra Health Private Limited	8-3-191/59-60/202, Rama Chandra Nivas, Khairatabad, Hyderabad, Telangana	S3-801912069	Limited Services Malhotra Health	505 8-3-191/59-60/207, Khairatabad, Andhra Pradesh
false_merge	0.9548942185704236	S1-68770024	VGS Technology Corporation	Shakarpur, Delhi, Office No. T-1, S-521-522, School Block, Shakarpur, Delhi, East Delhi	S3-973626170	XGS Technology Córporation	Ofifce No. T-01, Shakarpur, East Delhi, DL
false_merge	0.7426318171965934	S1-230704358	Horn Institute of Technology	E 43/1, Pocket D, Okhla Phase Ii, Okhla Industrial Area, Delhi, New Delhi, Delhi	S3-84430604	kanwalhospital.com	New Delhi, Lodhi Road, No. 199 E-43/1, दिल्ली, Pocket D, Okhla Phase Ii, Okhla Industrial Area
false_merge	0.7684227441814739	S1-254156051	My Properties Pvt Ltd	L B Compound Darbarichhapar Road, Mahuva 364 290 Bhavnagar, Bhavnagar, Gujarat	S2-764328777	માય પ્રોપર્ટીઝ જનરલ પ્રા. લિ.	DOOR NO 57 L B COMPOUND DARBARICHHAPAR ROAD, MAHUVA 364 290 BHAVNAGAR, BHAVNAGAR, ગુજરાત
false_merge	0.9423925577967162	S1-40916374	BBQ Traders Private Limited	C/O-Sidhartha Kumar Das, At-Talapada, Dhamnagar Blo, Dhamnagar, Bhadrak, Orissa	S2-505517753	BQ TRADERS PRIVATE  LIMITED	NO 45 C/O-SIDHARTHA KUMAR DAS, AT-TALAPADA, DHAMNAGAR BLO, DHAMNAGAR, Odisha
false_merge	0.9560953293627225	S1-732642230	UTZ Drivers Limited	No.182 4Thcross 3Rd Main, Rr Layout Nagadevanahalli, Bangalore South, Bangalore, Karnataka	S3-443898811	Limited WTZ Driver	No.182 4Thcross 3Rd Main, Rr Layout Nagadevanahalli, Bangalore South, Bangalore, ಕರ್ನಾಟಕ
false_merge	0.8389246994896943	S1-171733115	Kritesh To Private Limited	C/O Deepak Sakharam Kohakade Sr.No.2 Pl.No.19 & 20 Sopan Bag, Pune, Maharashtra	S3-585058755	Critesh To Limited Services	C/o Deepak Sakharam Kohakade Sr.no.#2 Pl.no.19 & 20 Sopan Bag, Pune, MH
false_merge	0.8814062205007394	S1-508860068	Pioneer Apex Estate Private Limited	301 Gagandeep Building, 12 Rajendra Place New Delhi, New Delhi, Delhi	S2-562480157	पायोनियर एपेक्स Estate लिमिटेड	31 GAGANDEEP BUILDING, 12 RAJENDRA PLACE NEW DELHI, NEW DELHI, Delhi
false_merge	0.7438314970158643	S1-442681094	HLU Cam Ltd	No.56, I Floor, 3Rd Cross24Th Main, Ii Phase J.P.Nagar, Bangalore, Karnataka	S3-134125765	HLU Cam Center	
false_merge	0.8164058696539275	S1-999019260	Vaayuam India Limited	396/ 14, Ground Floor, Malapparamba Junction, Kozhikode, Kerala	S3-610185349	Limited Vaayuamm India	##396/ 15, Ground Floor, Malapparamba Junction, Kozhikode, KL
false_merge	0.8738753636917642	S1-268713028	Blue Foundation Private Limited	S-233, S/F (Second Floor), Greater Kailash-I, Delhi, South Delhi, Delhi	S3-151979251	Blue Foundation Limited	S-36, S/f (Second Floor), Greater Kailash-i, Delhi, Delhi Gk, DL
false_merge	0.7509428089006661	S1-370418371	Vantay Earth LLC	CA, Thousand Oaks, 583 Rio Grande Circle	S3-930596489	Vantaya éarth LLC	583-587 Rio Grande Circle, Thousand Oaks, California
false_merge	0.9930910477753445	S1-541080218	Lumeon Sunstone LLC	309 A Massie Lane, York County, VA	S3-993610330	Lummeon Sunstone	##309 A Massie Ln, York County, Virginia
false_merge	0.7079496388238998	S1-764485056	Anchor Seas	7420 Cumberland Drive, Fairview, TN	S3-241431698	Anchor Seas	
false_merge	0.7504431959204025	S1-648233936	Donegan Delta Innovations Group	10125 Commercial Avenue, Chicago, IL	S2-59230477	Donegan Delta Group lnnovations	
false_merge	0.9290772316571854	S1-499998860	Kaveresh Apparels Center	Ganpati Vihar, Paneriyo Ki Madari, 562, Girwa, Rajasthan, Udaipur	S3-757059712	Kaverosh Apparels Center	562, Ganpati Vihar, Paneriyo Ki Madari, Girwa, Udaipur, RJ
false_merge	0.788222542727542	S1-64786651	Heritage Ridge LLC	212 Old Memphis Road, Tuscumbia, AL	S3-553057535	Heritage-Ridge	
false_merge	0.9947884525135431	S1-299775913	Tirupati Sangh	Flat No 204, Achraj Aristo, Nagpur, Maharashtra	S3-510349687	tirupati sangh	
false_merge	0.9150410929128653	S1-776629914	Highland Holdings	10105 Old Orchard Court, Unit 2B, Skokie, IL	S3-382645601	Highland [Holdings]	# 2B, 10108 Old Orchard Court, Illinois, Skokie
false_merge	0.9952793935013278	S1-282417596	Novyn Archimedes	11 Fir Road, Rockland, MA	S3-20147855	Novvyn Archimedes	11 Fir Road, Rockland, Massachusetts
false_merge	0.9451449314895579	S1-239344714	Rosita Gilstrap Steel	Hingham, 237 Rockland Street, MA	S3-13739386	Evoflux	Maple St, # 237, Rockland, Massachusetts
false_merge	0.8778888263389932	S1-773446628	Boex Douglas	11250 Hopson Road, Unit C, Hanover County, VA	S2-87718852	BOEX DOUGLAS,	
false_merge	0.9983989231589151	S1-757656501	Jarleon Hall Co	401 Graywood Court, Coppell, TX	S2-898185692	Jarrleon Hall Co	401 GRAYWOOD COURT, COPPELL, TX
false_merge	0.8417852496441064	S1-257821231	Solio Construction LLC	17448 Little Mill Road, Sussex County, VA	S3-854308332	Solique Construction LLC	Virginia, 17448 Little Mill Rd, Sussex County
false_merge	0.8040133491665785	S1-950344459	Trivikram Pest Company	No. 23, 1St Floor, Bull Temple Road, Basavanagudi, Bengaluru, Bangalore, Karnataka	S2-631396728	Trivikram Pest	
false_merge	0.9251450639625708	S1-705084098	4704 Madison Court Management LLC	15175 Leicestershire Street, Prince William County, VA	S2-188697804	4704 MADISON COURT MANAGEMENT CENTER	
false_merge	0.9889533602431825	S1-449125420	MMJ Investments Private Limited	201 2Nd Floor Fun N Shop Dr Babasaheb Ambedkar Rd Hindmata, Mumbai, Mumbai City, Maharashtra	S2-108831901	MJ Ieeestmens Private Limited	Maharashtra, DOOR NO 201 2ND FLOOR FUN N SHOP DR BABASAHEB AMBEDKAR RD HINDMATA, MUMBAI
false_merge	0.9327192804032453	S1-860324268	Halcic Beauty LLC	11 Lenox Street, Quincy, MA	S3-654244085	halctis beauty llc	11 Lenox St, Quiny, Massachusetts
false_merge	0.9984532558708209	S1-322870263	Montus Atlas L.L.C.	145 Plaza Boulevard, Madison, AL	S3-682161839	Montus Atlas L.L.C.	66 Plaza Blvd, Madison, Alabama
false_merge	0.9903261337802893	S1-913670211	Solova Vii LLC	4902 Bethany Home Road, Unit 37, Glendale, AZ	S3-480657856	Soloeon Vii  LLC	4902 Bethany Home Road, Unit 37, Glendale, Arizona
false_merge	0.9095361679736712	S1-463311929	Ajit Solutions	Plot No :20, K.V.T Garden Phase Iii, V.S Mani Nagar Madhavaram, Chennai, Tamil Nadu	S2-525729536	Sri Ajit Solutions	
false_merge	0.9035514938680448	S1-176197853	Surya Hospital	Door No 2/1149/I 157, T2, Fourth Floor, Hilite Business Park, Kozhikode, Kerala	S3-162927708	Shri Surya Hospital	
miss:not_selected	0.2114600159770015	S1-227924884	Wang, Kristal, D.C.	60 Briggs Street, Unit 4, New Bedford, MA	S2-276528793	Wang, Kristeal, D.C.	
miss:not_in_candidates		S1-323876192	Ridgeline	3320 Rodkey Road, Garden City, KS	S2-978895028	Ridgeline Enterprises	
miss:not_in_candidates		S1-45747424	Ram Technologies Private Limited	Plot-385, Near Kiit Campus Pa, Tia, Ps- Infocity, Khurda, Odisha, Khordha, Orissa	S3-77129643	Ram Private Limited Center	Door No 65 Plot-385, Near Kiit Campus Pa, Tia, Ps- Infocity, Khurda, Odisha, N/A, ଓଡ଼ିଶା
miss:not_in_candidates		S1-725066384	Sai Healthcare Private Limited	302 Third Floor Plot No. -4 Vikas Marg Sagar Complex New Rajdhani En, Clave Cbse, Delhi, East Delhi, Delhi	S2-297476020	SAl HEALTHCARE	30 THIRD FLOOR PLOT NO. -4 VIKAS MARG SAGAR COMPLEX NEW RAJDHANI EN, DELHI, EAST DELHI, Delhi
miss:assigned_elsewhere	0.6788610614583956	S1-29599975	Cascade Portfolio LLC	857 5th Street, Newport, OR	S3-733850803	Cascade	857 5th Street, Newport, OR
miss:assigned_elsewhere	0.00013109523553110763	S1-189978387	Apex Technology Private Limited	68, Shastri Colony, Jagadhri, Yamuna Nagar, Haryana	S3-631618134	Apex Private Limited Services	68, Jagadhri, Yamuna Nagar, HR
miss:not_in_candidates		S1-580653334	Sunrise Consultancy Private Limited	A-601, Gundecha Heights, Lbs Rd, Bhandup, Mumbai, Mumbai City, Maharashtra	S2-720325528	सनराइज कंसल्टेंसी प्राइवेट लिमिटेड	A-01, MUMBAI CITY, BOMBAY, Maharashtra
miss:not_in_candidates		S1-870083578	Future (India) Security Private Limited	A-201, Sun South Street, Nr. Aarohi Elysium, Safal Parisar 2 Crossroads, South Bopal, Daskroi, Ahmedabad, Gujarat	S2-96143696	fisecurity.com	NO. 00102 A-201, DASKROI, AHMEDABAD, Gujarat
miss:not_in_candidates		S1-45091061	Royal Exports Private Limited	Eden Plaza, Seaport Airport Road, Thrikkakara, Kakkanad, Ernakulam, Kerala	S2-18749767	റോയൽ എക്സ്പോർട്സ് പ്രൈവറ്റ് ലിമിറ്റഡ്	EDEN PLAZA, KAKKANAD, ERNAKULAM, Kerala
miss:not_selected	0.17388770562062314	S1-333231333	Astro Handlooms	U P, Raebareli, Uttar Pradesh, C/O Avinash Kumar Maurya Khurhati Raebareli, Raibareilly, Rae Bareli	S3-113362146	Shri Astro Handlooms LLP	610 C/o Avinash Kumar Maurya Khurhati Raebareli, U P, Raebareli, Raibareilly, Rae Bareli, UP
miss:not_in_candidates		S1-80942879	Ghaziabad Consulting Private Limited	211-B, Ghaziabad, Uttar Pradesh, Nyay Khand-Ii, Indirapuram	S3-763381454	Ghaziabad Private Limited Services Enterprises	
miss:not_in_candidates		S1-859214686	Viswa Trexim	Cuttack, Orissa, Sector-10 Cda, Markat Nagar, Plot No- 5D/1411	S3-608726856	Zetawex	Plot No- 5D/1411, Sector-10 Cda, Markat Nagar, Cuttack, Orissa
miss:not_in_candidates		S1-184481443	Uptown Massage	5390 Dayan Street, Lowville, NY	S3-803260543	uptown mássage	
miss:not_in_candidates		S1-823669788	Everest Ventures	83 New Cloth Marketo/S Raipur Gate, Ahmedabad, Gujarat	S2-662620548	Smt Everest Ventures Corporation	
miss:not_selected	0.5091970751012402	S1-263827288	Nalhati Exim Private Limited	C/O Najrul Islam Gopalpur Birbhum, Nalhati, Birbhum, West Bengal	S2-207811842	Na1hati Em Private Limited	C/O NAJRUL ISLAM GOPALPUR BIRBHUM, NALHATI, BIRBHUM, West Bengal
miss:not_in_candidates		S1-649094517	Trinity Cathedral	9444 Limestone Drive, Dallas, TX	S2-311561480	Trinity Cathedral Co	
miss:not_in_candidates		S1-354906174	Family Group Partners	906 Lincoln Road, Marquette Heights, IL	S2-959463016	Family Group [Center]	906 LINCOLN ROAD, PEKIN TONWSHIP, IL
miss:assigned_elsewhere	0.15059416071813964	S1-839291441	Star Finance Private Limited	D No 27-37-158/A, Mg Road, Governorpet, Vijayawada., Andhra Pradesh, Srikakulam, Andhra Pradesh	S3-185298874	Star Fance Private Limited	
miss:not_in_candidates		S1-627218883	Maa Builders Limited	A-106, Kallash In Complex, Bldg No-2 Veer Savarkar Marg, Parksite, Vikhroli-Wes, T, Mumbai, Mumbai City, Maharashtra	S3-558666973	Center Maa Limited	Mumbai City, A-106, महाराष्ट्र
miss:assigned_elsewhere	0.03160710450477078	S1-857899715	Urban Bike Shop	5418 Harvard Street, Montclair, CA	S2-1142505	Urban Bcke Shop	
miss:not_in_candidates		S1-644761439	Super Services Private Limited	S.C.O No 77 Sector-10A, Gurugram, Gurgaon, Haryana	S3-381366354	Super Services Private Ltd Enterprises	
miss:not_selected	0.5753922182968032	S1-107898468	Pacific Family Office LLC	5162 176th Avenue Circle, NE, Douglas County	S3-396600793	Pacific Family Office L.L.C.	
miss:not_in_candidates		S1-767371258	Baba Services LLP	A-12/G-2, Dilshad Garden, New Delhi, Delhi	S3-716891660	Baba-Services LLP	
miss:not_in_candidates		S1-704470963	Veterans Trust	235 Rolling Rock Lane, Wythe County, VA	S3-870799203	veterans trust Trading	
miss:not_in_candidates		S1-919434064	Green Rivernorth, LLC	2150 Alameda Road, Unit 1191, Phoenix, AZ	S3-685102126	Jaxflux	Alameda Road, # 1191, Phoenix, Arizona
miss:not_in_candidates		S1-516742449	Harsh Service Pvt Ltd	Maharashtra, Mumbai, Ist Floor, Grace Building, Opp. Lotus Eye Hospital, Near Juhu Gymkh, Ana, Juhu, Mumbai City, Flat No. 2	S3-701783104	Shri Harsh Service Pvt (Ltd.)	2, Mumbai, Mumbai City, MH
miss:not_in_candidates		S1-574103900	Vishaka & Co	Telangana, Kalki Enclave, Vikram Hospitals Lane, Madhapur, Hyderabad, Flat No. 103	S2-743622812	Ariagild	FLAT NO. 103, HYDERABAD, Telangana
miss:not_selected	0.3347628657845631	S1-286942955	Hari Traders Limited	Sirohi, Vrandavan Hotel Ke Pass Kesharpura, Sheoganj, Sirohi, Sirohi Road, Rajasthan	S2-447428544	Onyxcalo	NO. 302 SIROHI ROAD, JODHPUR REGION, SIROHI, राजस्थान
miss:not_in_candidates		S1-362429017	Shiv Solutions Private Limited	2Nd Floor, C-39, Lajpat C-Scheme, Jaipur, Rajasthan	S2-301533140	शिव सॉल्यूशंस प्राइवेट लिमिटेड	NO 2ND FLOOR, JAIPUR, राजस्थान
miss:not_in_candidates		S1-972385601	Real Consultants Private Limited	Flat No 07, Navaditya Society, Nashik, Maharashtra	S2-730036123	रियल कंसल्टेंट्स प्राइवेट लिमिटेड	DOFR NO 97, NASHIK, महाराष्ट्र
miss:not_in_candidates		S1-287059140	WI Online Private Limited	Shri Ram Market, English Purani Bazar, Lakhisarai, Lakhisarai, Bihar	S3-771518972	WI Private Limited Services	Shri Ram Market, English Purani Bazar, Lakhisarai, Lakhisarai, BR
miss:not_in_candidates		S1-911065660	Frontier Allied Networks	84 Acorn Road, Dennis, MA	S3-81208224	anfrontier.com	Massachusetts, East Dennis, Acorn Rd
miss:not_selected	0.4912241551717201	S1-4296328	Harbor Council Care	201 Carter Court, Perryville, MD	S3-676876971	Harbor Council Care Inc	
miss:not_in_candidates		S1-343628476	Safe Nutrition Collective LLC	507 15th Avenue, Winfield, KS	S2-898820049	Safe Nutrition	
miss:not_in_candidates		S1-983410661	Johansen and Townsend LLC	27 Broadway, Gosnold, MA	S3-166041213	Johansen & Townsend L.L.C.	
miss:not_in_candidates		S1-380440218	Indian Management Pvt Ltd	398 Udyog Kendra Extension I, Ecotech Iii, Noida, Gautam Buddha Nagar, Uttar Pradesh	S3-301965225	Indian Pvt Ltd Services	Gautam Buddha Nagar, Udyog Kedra Extension I, Noida, UP
miss:assigned_elsewhere	0.0035711025933517623	S1-429848490	Human Rights Association LLC	948 20th Avenue, Seattle, WA	S3-916504254	Human Association Rights LLC	
miss:not_in_candidates		S1-635555861	Baba Systems Private Limited	Unit No.4B, First Floor, Zenith Building, International Tech Park Chennai, (Ascendas), Csir Road, Taramani, Mambalam, Chennai, Tamil Nadu	S3-795805423	Limited Baba Private (Service)	Plot 2-728 Unit No.4b, Mambalam, Chennai, TN
miss:assigned_elsewhere	0.00005481641487602551	S1-552037731	Smart Construction Pvt Ltd	1St B Main, 2Nd Cross, Jayanagar 7Th Block West, Karnataka, No:363, Bangalore	S3-812249101	smart construction pvt ltd	KA, Bengaluru, No:36, <NULL>
miss:assigned_elsewhere	0.3618267687593012	S1-920779681	Trusted Digital	8329 Whispering Willow Lane, Fort Worth, TX	S3-449782406	Trusted Digital	
miss:not_selected	0.306159905876043	S1-31514747	Brooks and Hefner Audio Installation Inc	7347 Foxwaithe Lane, Humble, TX	S3-828399730	Brooks and Hefner Audio Installation	
miss:not_selected	0.5717416154280248	S1-898305304	Lester and Acuna Barings	ME, 209 Prospect Street, Portland	S3-368153308	Lester and Acuna Barings Ltd	09 Prospect Street, Portland, Maine
miss:not_selected	0.34385693234268766	S1-688304083	Davis Alchemy Inc.	6295 Peart Road, Morris, IL	S2-907475229	Ariaumbra	PEART RD, MORRIS, IL
miss:assigned_elsewhere	0.000027372288869786108	S1-662107816	Forge Israel Inc.	143 Augusta Drive, Woodcreek, TX	S3-180809181	Forge Inc. Services	Woodcreek, Texas, 143 Augusat Drive
miss:not_in_candidates		S1-183914274	Memorial Society	415 Grizz Avenue, Unit UNIT D, Helena, MT	S3-975091007	Memorial Society Ventures	
miss:not_in_candidates		S1-547101895	Vision Institute of Technology Ltd	F.L. No-4, Bhaskar Plaza, 3Rd Floor, Shahupuri, Kolhapur, Maharashtra	S3-565701897	Vision-of Technology Ltd Services	H.no 500 F.l. No-4, Bhaskar Plaza, 3Rd Floor, Shahupuri, Kolhapur, MH
miss:not_in_candidates		S1-582609675	Sanchez Crystal Royce Inc.	315 Saybrook Road, Orange, CT	S3-217909834	Sanchez-Crystal Royce	
miss:not_in_candidates		S1-259786506	Epic Offices Private Limited	House.No 111, Upper Ground, Floor, Kh. No. 298/1, New Delhi, South West Delhi, Delhi	S2-748303315	EPIC  PRIVATE LIMITED PARTNERS	
miss:not_in_candidates		S1-602715548	Fresh Bakery Corp	250 Raymond Road, Unit A-12, Spokane Valley, WA	S2-755366282	Fresh Bakery Corporation	
miss:not_in_candidates		S1-347971392	Anand Best Properties Pvt Ltd	1161, Sector 10A, Nearby, Gurugram, Sadar Bazar, Gurgaon, Haryana	S2-288672149	आनंद बेस्ट प्रॉपर्टीज प्रा. लि.	1161, EAST DELHI, SADAR BAZAR, Haryana
miss:not_in_candidates		S1-17330495	Prime Business Pvt Ltd	205. Shilp Corner, Shubhash Chowk Gurukul Road, Memnagar, Ahmedabad, Gujarat	S3-454619016	Sri Prime Pvt Ltd Center	Ahmedabad, GJ, 205. Shilp Corner, Memnagar
miss:not_in_candidates		S1-80265739	Begley and Trice Inc	129 Edge Drive, Hohenwald, TN	S3-866896781	Beg1ey  and Trice Inc	
miss:not_in_candidates		S1-539943742	Butech	279 Bay Road, Belchertown, MA	S2-162839763	BUTECH-CENTER	
miss:not_in_candidates		S1-347528327	Lovaify Inc	197 North Street, Auburn, NY	S3-26376464	Lvary Inc	132 North Street, PMB 2619, Auburnn CITY, New York
miss:not_in_candidates		S1-589787022	Cardiology National Care Associates Center	IL, 7722 159th Place, Tinley Park	S3-803043483	Yumariza	159th Pl, Tinley Park, Illinois
miss:not_in_candidates		S1-134779531	20/20 Eye Care LLC	1872 Waterbrook Lane, Columbus, OH	S3-763365716	20/20 éye Care LLC	
miss:not_in_candidates		S1-357626921	Surgical Center LLC	UT, Midway, 5020 Pine Canyon Road	S2-965704708	Surgical Centre LLC	
miss:not_in_candidates		S1-272422986	Golden Consultancy Pvt Ltd	H.No.9-15, Road No.6 Nacharam, Hyderabad, Telangana	S3-802413971	Golden Consultancy Pvt Pvt	Door No -15, Hyderabad, తెలంగాణ
miss:not_in_candidates		S1-267463305	Surgical Partners	805 Lynn Street, Unit P, Charlotte, NC	S2-208365045	SURGICAL PARTNERS CO	
miss:not_in_candidates		S1-892106548	Urology Summit Center	2 Vantage Way, Nashville, TN	S2-209161801	uscenter.com	NASHVILLE, VANTAGE WAY, TN
miss:not_in_candidates		S1-725273641	Gems Enterprises	Pn 06, Sai Dham Society Tirupati Nangar, Anterjal, Adipur, Gandhidham, Kachchh, Gujarat	S3-515593558	Zephzeph	ગુજરાત, Pn 06, Kachchh, Sai Dham Society Tirupati Nangar, Anterjal, Adipur, Gandhidham
miss:not_in_candidates		S1-103298670	Varela Elm	2811 4th Street, Bldg 2, Renton, WA	S2-13436997	VARETAL ÉLM	2811 FOURTH STREET, RENTON, WA
miss:not_in_candidates		S1-764787709	Associates Trust	Jaipur, Flat No. 1104, Tower B, 11Th Floortrimurty Ariana, Rajasthan	S3-186038598	Associates [Service]	RJ, Flat No. 104, Jaipur
miss:not_in_candidates		S1-886807988	EF Processing	No.27/2, Raghuvanahalli Kanakapura Main Road, Uttarahalli Hobli, Bangalore, Karnataka	S3-379321548	EF Sérvices	Bangalore, #27/2., ಕರ್ನಾಟಕ
miss:not_in_candidates		S1-446349269	Grand Digital Labs PC	31 77th Street, Belleville, IL	S2-559483225	Grand Labs PC Services	31 77RD STREET, BELLEVILLE, IL
miss:not_in_candidates		S1-788640095	Guru Tech Private Limited	102, Jai Jaawan Colony-Iii Jawahar Lal Nehru Marg, Jaipur, Rajasthan	S3-650203911	Guru Tech  Private	102/9, Jaipur, राजस्थान
miss:not_in_candidates		S1-715291403	Dynamic Tech Private Limited	B-44, Venus Appartment, Near Prakash School, Opp. Sandesh Press, Bodakdev, Ahmedabad, Gujarat	S2-442569830	ડાયનેમિક ટેક પ્રાઇવેટ લિમિટેડ	B-D/44, AHMEDABAD, Gujarat
miss:assigned_elsewhere	0.5419594763340829	S1-122008844	Kritaya Aqua Pvt Ltd	108 Cts-402 Commercial Bl, Prism Diagnostics, Wing A, Mumbai, Maharashtra	S2-235341263	Kritaya Aqua Pvt Limited	
miss:not_in_candidates		S1-541673789	Literacy Foundation	2011 246th Street, Sheridan, IN	S3-556131036	Literacy  Center	2011 246st St, Sheridan, Indiana
miss:not_selected	0.41573224929645247	S1-493593723	Coastal Safe Encore LLC	1018 15th Street, Upland, CA	S2-337748794	Coastal Smrtf Encore LLC	1015 15TH STREET, PMB 7610, UPLAND, CA
miss:not_in_candidates		S1-193846627	Cura Farm Limited	Rajvilas Soc., Nr. Kasturba School, Koregaon Park, Pune, Pune City, Maharashtra, F. Pl. 302/A-2	S2-100826147	Cura Limited-Center	
miss:not_in_candidates		S1-137663430	Guru Anand Enterprises Private Limited	Rajasthan, 730, Jaipur, Ashok Chowk, Adarsh Nagar	S3-140459962	गुरु आनंद एंटरप्राइजेज प्राइवेट लिमिटेड	##426 730, Ashok Chowk, Adarsh Nagar, Jaipur, RJ
miss:not_in_candidates		S1-755114070	Dream Media Limited	Sr. No. 585, Pl No. 7576 Bibwewadi Flat No 03, Lares Vista, Pune, Maharashtra	S3-429236657	Dream Media	
miss:not_in_candidates		S1-760300796	New Foundation Private Limited	Delhi, New Delhi, Flat No. 1518, Hemkunt Chambers, 89 Nehru Place, South Delhi	S2-668820463	New Foundation Private Private	
miss:not_in_candidates		S1-287020610	Platinum Packaging Associates LLC	448 A 57 Street, New York, NY	S3-26762870	Platinum Pdakaging  Associates LLC	
miss:not_in_candidates		S1-564287999	Jay Industries	Punjab, Phase Viii-B, Rupnagar, Mohali, F-131	S2-237092002	ਜੈ ਇੰਡਸਟ੍ਰੀਜ਼	F-131, MOHALI, Punjab
miss:assigned_elsewhere	0.028769276481534475	S1-968941618	Arihant Technologies Private Limited	Karnataka, # Flat No H 903, Bangalore North, Prince Town Apt Sy No 11, Bangalore	S3-527203339	Arihant Technologies Limited Private	
miss:assigned_elsewhere	0.1978366661804464	S1-975789984	Shreeyam Power Pvt. Ltd.	C/O Batti Lal Meena, Kishorpur, Ggc, Gangapur, Sawai Madhopur, Rajasthan	S3-325739942	Shreeyam Power Pvt. Ltd	
miss:not_in_candidates		S1-503640978	Desdemona Cunningham Laboratories LLC	506 Ave J, South Houston, TX	S3-254377754	Desdemona Cunningham Laboratories	
miss:not_in_candidates		S1-778156276	Jai Technology Private Limited	Plot No 107 Adarsh Colony Ausa Road, Latur, Maharashtra	S3-579345717	Jai Technology  Private Limited Enterprises	
miss:not_selected	0.33298991671360045	S1-926746236	Crystal Clear Bluerock L.L.C.	3355 Garland Avenue, Fort Wayne, IN	S3-979848252	Crystal Clear Bluork L.L.C.	
miss:not_in_candidates		S1-510161986	Digital Products Private Limited	Shop No. 11, Best Press Building, Morland Road, Mumbai Central (East), Mumbai, Mumbai City, Maharashtra	S3-361122874	Digital Products Prisvrahte Limited	Door No 11, Mumbai, Mumbai City, MH
miss:not_in_candidates		S1-465377830	Safe Media Group	San Bernardino, 1925 College Avenue, CA, Unit UNIT 187	S2-138841625	Safe Group Services	COLLEGE AVE, SAN BERNARDINO, CA
miss:assigned_elsewhere	0.056125078504611514	S1-300717854	New Brothers Private Limited	C-202 Vrundavan Soc Nr Devngr Sai Baba Ngr Borsapada Rd Kandivali (West), Mumbai, Maharashtra	S3-404000798	Sri New Brothers Private Ltd (ID: 19219)	
miss:not_in_candidates		S1-156254791	Digital Industries Private Limited	411, Floor 4, Plot 39, Parekh, Market, Jaganath Shankarsheth Marg, Kennedy Bridge, Mumbai, Maharashtra	S3-844812266	Private Digital Idttmsts (Limited)	00411, Mumbai, MH
miss:not_in_candidates		S1-670236319	Al (India) Medical Pvt Ltd	40, Dobson Road, Ambica Tower 1St Floor, Howrah, West Bengal	S3-134417466	Al Medical Pvt Ltd Services	
miss:not_in_candidates		S1-472174283	A J & R Holding Inc	31201 Lake Road, Shawnee, OK	S2-608554741	A J &  R	
miss:not_in_candidates		S1-47664976	Ram Services	19 Canning St, Kolkata, Calcutta, West Bengal	S3-619482496	রাম সার্ভিসেস	Calcutta, পশ্চিমবঙ্গ, Calcutta, #19 Caning St
miss:not_in_candidates		S1-993891940	Good It	1St Second Cross, 80 Feet Road, K R Garden, Bangalore South, Bangalore, Karnataka	S3-724828883	Good  [It]	
miss:not_in_candidates		S1-268581045	Surya Engineering Private Limited	No. 7, Bellary Road, Gangenahalli, Bangalore, Karnataka	S3-701012115	ಸೂರ್ಯ ಇಂಜಿನಿಯರಿಂಗ್ ಪ್ರೈವೇಟ್ ಲಿಮಿಟೆಡ್	Door No 7, Bangalore, KA
miss:not_selected	0.2633619380058475	S1-453855581	Rajdhani Traders Private Limited	Green Acers Society, Flat No B-36 37, Serial No 1913, Kondhwa, Khurd, Pune City, Pune, Maharashtra	S3-187759701	Mr Rajdhani Traders Private Ltd	
miss:not_in_candidates		S1-493764091	Digital Logistics	64, Sangrila Park Kanadia Road, Indore, Madhya Pradesh	S3-911665406	Digital Service | www.digitalse.com	
miss:not_selected	0.4809217709575219	S1-664905887	Prairie Rockwool	10322 Blades Street, Houston, TX	S2-33580235	Prairie Rockwool	
miss:not_selected	0.33783769530049507	S1-90587142	Hopper Metro Premier	WA, Silverdale, 11658 Breckenridge Lane	S2-511937106	Hopper Metro	
miss:not_selected	0.45067011612908375	S1-449651755	Sai (india) Private Limited	B-21 Pragati Vihar Kalyanpur, Lucknow, Uttar Pradesh	S2-898363563	LIMITED SAl (INDIA) SERVICES	B-21. PRAGATI VIHAR KALYANPUR, LUCKNOW, उत्तर प्रदेश
miss:not_in_candidates		S1-962656091	Lakshmi Global Limited	H.No.55A, G/F, Kh No.310, Gali No.10F Indira Park, Palam Colony, New Delhi, South West Delhi, Delhi	S3-940179654	लक्ष्मी ग्लोबल लिमिटेड	H.o.55a, NULL, New Delhi, South West Delhi, दिल्ली
miss:not_in_candidates		S1-55833975	Southern Learning Center	26037 Talamore Drive, Loudoun County, VA	S3-247965628	Southern Learning Cénter	
miss:not_in_candidates		S1-640341636	Unified Consumer Global	121 10th Street, Omaha, NE	S2-893173310	Unified Global Service	TENTH STREET, OMAHA, NE
miss:not_selected	0.44288781860571463	S1-763295339	Aakarshan Charitable Trust	A203, Bhulalaxmi Business, Centre, Opp Dcb Bank, Pardi, Valsad, Gujarat	S2-796909949	Avikorbrix	A203, VALSAD, Gujarat
miss:not_selected	0.5670894848241284	S1-110640718	Darcy Quintanilla, O.D.	40 Amby Avenue, Oyster Bay, NY	S2-221334971	DARCY QUlNTANILLA,O.D.	
miss:not_in_candidates		S1-520982498	Prime Enterprises Limited	Office No. 406, City Hub, Cts No 198 Pangul Ali Gan, Pune City, Pune, Maharashtra	S3-354653707	Mr Prime Enterprises Ltd	Office No. 40, Pune City, Pune, MH
miss:not_in_candidates		S1-500754972	Red Infotech Private Limited	Howrah, West Bengal, 65, Sir Hariram Goenka St, 3Rd Floor, Bangur Arcade, Kolkata, Kolkata	S3-766876458	Red Infotech Limited Center	
miss:not_in_candidates		S1-44235303	Life Products LLP	Shop No. 1, 2 & 3, Crystal Tower, Gundavali Road No. 3, Off Andheri Kurla Road, Andheri East, Mumbai, Maharashtra	S3-285763376	LLP Life Próducts	Shop No. ##1, Mumbai, MH
miss:not_in_candidates		S1-557661498	Bangalore North Industries Company	Bangalore, Puttenahalli, No 401 Plot No 67 To 72, Bangalore North, Karnataka	S2-712299715	BANGALORE NORTH #5532	
miss:assigned_elsewhere	0.0037997530471817224	S1-512011683	Urgent Care Specialists	2105 Paris Road, Unit 6, Columbia, MO	S2-677032547	Urgent Care Specialists [LLC]	
miss:assigned_elsewhere	0.0005072265585096228	S1-571013586	Laxmi Business Private Limited	46D, Azad Nagar, New Delhi, Delhi	S2-629453877	लक्ष्मी बिजनेस प्राइवेट लिमिटेड	HN 63 46D, AZAD NAGAR, NEW DELHI, Delhi
miss:assigned_elsewhere	0.0000287206392121537	S1-712781063	Best Borders Pvt Ltd	H 4/13-14 Second Floor, Malviya Nagar, Delhi, New Delhi	S2-35030413	BEST PVT LTD  SERVICES	दिल्ली, H 4/13-14 SECOND FLOOR, MALVIYA NAGAR
miss:not_selected	0.40794196768302265	S1-60359872	Bower Biomedical	1394 Sandiwood Court, Claremont, NC	S3-54474090	Bower Biomedical	
miss:not_in_candidates		S1-8893557	Alpha Properties Private Limited	Maharashtra, Pune, Maruti Niwas, A/P & Tal. Rajgurunagar (Khed), C/O.(Rahul Ghorpade)	S2-342258730	Alpha Properties-Private Limited	
miss:not_in_candidates		S1-579609891	Shree Producer Private Limited	2-92/1/21 & 22, Ground Floor, Cyber Valley, Shaikpet, Hyderabad, Telangana	S3-510128932	Shree	2-92/1/21 & 22, Ground Floor, Cyber Valley, Shaikpet, Hyderabad, Telangana
miss:assigned_elsewhere	0.000155772836951194	S1-842028756	Highland Royalty LLC	WA, 611 47th Avenue, Yakima	S2-722787150	Highland LLC Services	611 47TH AVENUE, YAKIMA, WA
miss:not_in_candidates		S1-993434687	Raipur & Sons Private Limited	No 567, 8Th B Main, B, Sector Yelhanka New Town, Bangalore North, Bangalore, Karnataka	S2-507141834	RAIPUR & SONS PRIVATE LIMITED	
miss:not_in_candidates		S1-711274208	Shree Agro Private Limited	Flat No 40/103, First Floor Vardhman Nagar, Palghar West, Palghar, Thane, Maharashtra	S3-183157264	श्री एग्रो Private Limited	40/103, First Floor Vardhman Nagar, Palghar West, Thane, Palghar, MH
miss:not_selected	0.4886034235524888	S1-402222090	Products Havilah Nutraceutical Pvt Ltd	Block B 106 Shripad, Residency Opp Raf Camp, Daskroi, Ahmedabad, Gujarat	S3-699750123	Vantagefaye	Daskroi, Block B 106 Shripad, Gujarat, Residency Opp Raf Camp, Ahmedabad
miss:assigned_elsewhere	0.00019477028037665785	S1-444959282	Binge Power Public Limited	Shop No-4 E- Block Basement 2, 4, 20 Mor Land New Rajinder Nagar Near Fire, Station New Delhi, New Delhi, Delhi	S3-648364821	Binge Public Limited Center	
miss:not_selected	0.2746562552123254	S1-6046127	Toe, Sweeny & Desantis Inc	33118 Fairway Drive, Yucaipa, CA	S2-505045530	Toe, Sweeny & Desantis Inc.	
miss:not_in_candidates		S1-548689275	Tycoon Imports Private Limited	S No. 121/1, Bapuji Buwa Wasti, Pawar Wasti, Tathwade, Pune City, Pune, Maharashtra	S3-640579009	Limited Tycoon Private Center	S No. 121/1, Pune, महाराष्ट्र
miss:not_in_candidates		S1-69880090	Delhi Latex Private Limited	C-1/10860 Gali No.4, Subhash Park, Navin Shahdara, Delhi, East Delhi, Delhi	S3-163452648	Delhi  Private Limited Service	C-01/10860 Gali No.4, Delhi, NULL, DL
miss:assigned_elsewhere	0.0037251155194975172	S1-352198688	Rsf Academy	#43, First Floor, Sgr Plaza, Above Federal Bank, Old Airport Road, Bangalore North, Bangalore, Karnataka	S2-182303475	Rsf Center (ID: 27735)	
miss:not_in_candidates		S1-158591054	Cardiology Physicians	7977 7100, Jensen, UT	S2-676952517	cardiology physicians Enterprises	
miss:assigned_elsewhere	0.3471601513553971	S1-343354165	Pediatric Dentistry American Clinic P.C.	35 Brierfield Lane, Bella Vista, AR	S2-850398436	PEDIATRIC DENTISTRY AMERICAN CLINIC	
miss:assigned_elsewhere	0.3461341220307979	S1-108492185	Balaji Polytechnic	Wework, Cinnabar Hills, Embassy Golf Link Sy 13/2, Bangalore North, Bangalore, Karnataka	S2-20969788	Balaji Polytechnic	
miss:not_in_candidates		S1-584336092	Jewelle's Petroleum L.L.C.	5317 44, Amenia, NY	S2-2283302	Jewelle's L.L.C. Center	
miss:not_selected	0.2928593939136779	S1-277114083	Legacy Wireless Union Inc	46 Robbins Street, Concord, NC	S2-848996293	Legacy Wireless Inc Services	
miss:assigned_elsewhere	0.3935668064551273	S1-960145406	Pringle Arcelormittal LLC	1620 Gaffer Place, Tucson, AZ	S2-550064357	PRINGLE ARCELOMDCRITTL  LLC	
miss:not_in_candidates		S1-912421036	Global Initiative	5516 66th Avenue, Snohomish, WA	S3-10702953	Global Center	5516 66th Ave, Snohomish, Washington
miss:not_in_candidates		S1-548668898	Laxmi Exports Private Limited	91-D, Mansarovar Park, Shahdara, Delhi	S2-864159510	लक्ष्मी एक्सपोर्ट्स प्राइवेट लिमिटेड	MANSAROVAR PARK, WEST DELHI, Delhi, 91, SHAHDARA
miss:not_in_candidates		S1-344373604	Trading Consulting Private Limited	Koilwar, Bihar, C/O Sri Jagnarayan Tiwari, Godhna, Urban-1, Arrah, Bhojpur	S3-654365910	Trading Private Limited Partners	Bhojpur, BR, Hn ##742 C/o Sri Jagnarayan Tiwari
miss:not_in_candidates		S1-401967098	Sree Marketing Private Limited	4Th Main, Avalahalli, Bsk 3Rd Stage, New Bda Layout, Karnataka, Bangalore, Bangalore South, No. 269	S2-92944409	ಶ್ರೀ ಮಾರ್ಕೆಟಿಂಗ್ ಪ್ರೈವೇಟ್ ಲಿಮಿಟೆಡ್	NO. 270, BANGALORE SOUTH, BANGALORE, Karnataka
miss:not_in_candidates		S1-25519053	Shiva Care Private Limited	Near Katyayini Temple Shivajiwada Baad, Nandangadda, Karwar, Uttara Kannada, Karnataka	S2-514028098	ಶಿವ ಕೇರ್ ಪ್ರೈವೇಟ್ ಲಿಮಿಟೆಡ್	NEAR KATYAYINI TEMPLE SHIVAJIWADA BAAD, NANDANGADDA, KARWAR, UTTARA KANNADA, Karnataka
miss:not_selected	0.6234953666025848	S1-220702917	Supreme Consultancy Private Limited	Third Floor, 71/7B-5, Area Measuring 1350 Sq. Fts, Najafgarhroad, Rama Road, Industrial Area, New Delhi, West Delhi, Delhi	S3-176690294	सुप्रीम कंसल्टेंसी प्राइवेट लिमिटेड	Third Floor, New Delhi, Mandola, DL
miss:not_in_candidates		S1-946408464	Vision Technologies Private Limited	Anandale Karyavattom, Thiruvananthapuram, Trivandrum, Kerala	S2-886268220	വിഷൻ ടെക്നോളജീസ് പ്രൈവറ്റ് ലിമിറ്റഡ്	ANANDALE KARYAVATTOM, THIRUVANANTHAPURAM, കേരളം
miss:not_in_candidates		S1-376304642	Kolkata Ventures LLP	25/2 Sodepur 1St Ln Kolkata, Kolkata, Howrah, West Bengal	S2-313217780	Kolkata Vnemturdms LLP	
miss:not_selected	0.4516908867785064	S1-574986232	Sree Impex Private Limited	Karnataka, Behind Rto Check Post, Nh4, Mulbagal Taluk, No. 115 Allalasandra, Kolar	S3-366044439	Sree Private Limited Services | www.sreepriva.com	H.no 15 Allalasandra, Behind Rto Check Post, Nh4, Mulbagal Taluk, Kolar, Banga, KA
miss:not_in_candidates		S1-485085483	Indian & Sons Pvt Ltd	Ahmedabad, Nr. Pragati High School, Opp. Anupam Cinema, Survey No.33, Gujarat, Khokhra	S2-917723755	Indian and Pvt Ltd Service	NO 33 , NR. PRAGATI HIGH SCHOOL, OPP. ANUPAM CINEMA, KHOKHRA, Gujarat
miss:not_in_candidates		S1-66604068	Shree Power Private Limited	002, Plot No.140, Sector-12, Navi Mumbai, Maharashtra	S2-946784141	श्री पावर प्राइवेट लिमिटेड	#838 002, PLOT NO.140, NAVI MUMBAI, SECTOR-12, Maharashtra
miss:not_in_candidates		S1-235008789	Bharat Properties Private Limited	No:247C Pollachi Main Road, Sundarapuram, Coimbatore, Tamil Nadu	S2-357829137	பாரத் புராப்பர்ட்டீஸ் பிரைவேட் லிமிடெட்	NO:7-247C POLLACHI MAIN ROAD, N/A, COIMBATORE, தமிழ்நாடு
miss:not_in_candidates		S1-19573272	Creative Services Limited	202, 1St Main, 6 Cross, Arakere Mico Layout 2Nd Stage, Bangalore, Karnataka	S3-639424001	Creative  Limited Services	202, Bangalore, ಕರ್ನಾಟಕ
miss:not_selected	0.5201825659518488	S1-26467401	Northern Dynamix Inc.	1136 Jefferson Street, Roanoke Rapids, NC	S3-6694994	Northern Dynamix	1137 Jefferson Street, Roanoke Rapids, North Carolina
miss:assigned_elsewhere	8.149561798250335e-6	S1-516434599	Diamond Research Associates, Inc	2198 36, Owingsville, KY	S3-975211174	Diamond Associates, Inc Services	36, Owingsville, Kentucky
miss:not_selected	0.6816647585801383	S1-719375103	Dwarkadas Brothers	659B Vishal Nagar, Rohtak, Haryana	S3-772940438	Dwarkadas Services	
miss:not_in_candidates		S1-904065721	Apex Technologies Private Limited	3Rd Floor, H No716, 11Th, Coss, Ck Nagar, 716, Bangalore South, Bangalore, Karnataka	S2-591274842	ಅಪೆಕ್ಸ್ ಟೆಕ್ನಾಲಜೀಸ್ ಪ್ರೈವೇಟ್ ಲಿಮಿಟೆಡ್	Karnataka, BANGALORE SOUTH, BANGALORE, DOOR NO 15 FLOOR
miss:not_in_candidates		S1-620870716	Neetu Info Private Limited	407, Dda Building, District Centre, Laxmi Nagar, Delhi, East Delhi, Delhi	S2-596199665	Neetu Info  Private Limited	
miss:not_in_candidates		S1-451325009	Cardiology Medicine LLC	902 St Rt 61, Unit 24, Marengo, OH	S3-966758759	Cardiology LLC Medicine	
miss:not_in_candidates		S1-820764427	Holy Fellowship	314 Wendover Heights Circle, Charlotte, NC	S2-154618341	Holy Fellowship	
miss:not_in_candidates		S1-740026943	Continental Interstate Pro Inc	852 Centurion Lane, Unit RM 500B, Houma, LA	S2-702275637	CONTINENTAL PRO INC (CENTER)	52 CENTURION LANE, BAYOU CANE, LA
miss:not_in_candidates		S1-881405486	Shiv Coir Ltd	Malkajgiri, Flat No-202, Plot No-195 Bhel Vista Colony, Jeedimetla, Medchal, Telangana, Hyderabad	S3-726942688	Mr Shiv Ltd Service	TG, Fiat No-202, Hyderabad, Malkajgiri
miss:not_selected	0.3867569815777676	S1-323491011	Cardinal Inc	513 Gainsborough Road, Unit 201, Thousand Oaks, CA	S2-244312513	Camrdanl Inc	THOUSAND OAKS, CA, PMB 829, 51 GAINSBOROUGH ROAD
miss:not_selected	0.6783696908887171	S1-428031944	Oncology Center of City Of Brookfield LLC	1620 Lookout Lane, City Of Brookfield, WI	S2-362925007	ONCOLOGY OF CITY OF BROOKFIELD LLC PARTNERS	
miss:not_in_candidates		S1-652154985	Anand Power Limited	M P 9/761, 3Rd Floor, Near Boys High School, Nedumangadu Taluk, Thiruvananthapuram, Trivandrum, Kerala	S3-986005142	ആനന്ദ് പവർ ലിമിറ്റഡ്	M P 9/761, 3Rd Floor, Near Boys High School, Nedumangadu Taluk, കേരളം, Thiruvananthapuram, Trivandrum
miss:not_in_candidates		S1-275268677	Info Trading Private Limited	The Pentagon Building, Near Panchami Restaurant, Shahu College Rd, Maharashtra, Pune, Pune City, 612	S3-626863325	Fluxlum	612., Pune City, Pune, MH
miss:not_in_candidates		S1-347559252	Sree Engineering Private Limited	Flat No:301, Vindhya Aditya Enclave K.P.H.B.Colony Hyderabad., Hyderabad., Telangana	S2-694471866	శ్రీ ఇంజనీరింగ్ ప్రైవేట్ లిమిటెడ్	HN 281 FLAT NO:301, VINDHYA ADITYA ENCLAVE K.P.H.B.COLONY HYDERABAD., NULL, Telangana
miss:not_selected	0.5827964406541591	S1-605135636	Duncan Endocrinology	310 Kent Street, City Of Wausau, WI	S2-960971517	Duncan Encoritnoloy	309 Kent St, CITY OF WAUSAU, WI
miss:not_in_candidates		S1-331345556	Preferred Quasaredge Inc	1138 Chatham Drive, Zanesville, OH	S3-932485804	Preferred Inc Services	##1158 Chatham Dr, Zanesville, Ohio
miss:not_in_candidates		S1-943826471	Pmd Ventures Private Limited	Maharashtra, F/504 Wing F, Mumbai, Kanakia Paris, F Block, Opposite Of Ascend International School, Bandra Kurla Complex, Mumbai	S2-944646773	Pmd Ventures Private Límited	
miss:not_in_candidates		S1-945614795	Indo Foundation Pvt Ltd	P.No1211 4Th Flr, Above Manjeera Mart, Opp Prajay Magapolis 2Nd Gate, Hafeezpet, Hyderabad, Telangana	S3-272862603	Smt Indo Pvt Ltd Center	P.no1211 4Th Flr, Hyderabad, Andhra Pradesh
miss:not_in_candidates		S1-886171527	Ross Medical Center	497 Tooley Pond Road, Clifton, NY	S3-766341943	Ross Médical Center	
miss:not_in_candidates		S1-40045119	Chloette Mason Allied Tree LLC	1 Overland Street, Boston, MA	S3-866269092	Chloette Mason Allied Tree	
miss:not_selected	0.5527708509562683	S1-547853671	Value First Food Inc	1200 84th Avenue, Brooklyn Park, MN	S2-1470167	Value First Food Incorporated	
miss:not_selected	0.2158996650012829	S1-553014192	Ray First Renewable	3712 Piney Grove Road, Charlotte, NC	S3-524122734	Ray Renewable Frst	
miss:not_in_candidates		S1-176615156	Super 50 Book Store	605 Sutherland Court, Chesapeake City, VA	S3-541821748	Super Book Store Center	
miss:not_in_candidates		S1-876265803	Great Systems Private Limited	15 Morvi House 28/30Goa Street Ballard Estate, Mumbai, Maharashtra, Mumbai City	S2-596848905	great systems private limited	
miss:not_in_candidates		S1-577375473	Eastern Finance Private Limited	19, Shivam 2 Banglows, Chitvan Road, Bopal, Daskroi, Ahmedabad, Gujarat	S3-598962572	Eastern Finance પ્રાઇવેટ લિમિટેડ	#19, Ahmedabad, GJ
miss:not_selected	0.5544802827331811	S1-548683013	Munisuvrat Solutions Pvt Ltd	No.4A, Bavani Amman St, Krishnamoorthy Nagar, Chennai City, Chennai, Tamil Nadu	S2-387326165	M/s Munisuvrat Solutions Pvt Limited	
miss:not_in_candidates		S1-77500554	Southern Consultants LLP	Mudhol, Mahalingapur T/Q, Bagalkot, Mahalingeshwar Complex Bus Stand Road, Karnataka	S3-530096087	Belodrex	Mudhol, Mahalingeshwar Complex Bus Stand Road, KA, Bagalkot
miss:not_in_candidates		S1-238914318	The Dent Bakery	13745 47th Lane, Yuma, AZ	S3-213359587	The Dent Bakery LLC	
miss:not_in_candidates		S1-201649763	Scope Traders Private Limited	S-12, Dwarika Tower, Vidyadhar Nagar, Jaipur, Rajasthan	S2-337151179	stprivate.com	S-12, JAIPUR, राजस्थान
miss:not_in_candidates		S1-568878638	Lo Auto Glass	NY, 1082 Grand Avenue, Hempstead	S2-808601219	Pyralum	NY, GRAND AVE, HEMPSTEAD
miss:not_in_candidates		S1-15308204	Eshan Outsourcing Pvt Ltd	1102, Ivory Towers, South City 1, Gurgaon, Haryana	S3-526670146	Lumjaxlyra	1102, Ivory Towers, South City 1, Ullahawas, HR
miss:not_in_candidates		S1-478465698	Scube Herbal (India) Pvt Ltd	Flat No. B1-103 Kandres, Resi. 1St 25/1/A/2/26/2/2, Pandharpur, Solapur, Maharashtra	S3-295388850	Scube (India) Pvt Ltd Services	Flta No. Bd/1-103 Kandres, Kondharki, MH
miss:not_in_candidates		S1-349712971	Pediatric Group	412 Dennis Avenue, Bradley, IL	S2-196651075	Pediatric LLC	41 DENNIS AVENUE, BRADLEY, IL
miss:not_in_candidates		S1-607488709	Anand Producer Private Limited	D-43, Janpath, Jaipur, Rajasthan	S3-534972922	Anand Producer Private [Ltd]	
miss:not_selected	0.4781222714209345	S1-800054111	Hawley Partnership, LLC	20976 650 Road N, Fairbury, IL	S3-342302057	Hawley Partnership,	
miss:not_in_candidates		S1-483296230	Hutchins Bitcoin	158 Sizemore Road, Summersville, WV	S3-10567076	Hutchins Bitcoin	
miss:not_in_candidates		S1-162978122	Future Jai Business Limited	At Badapadiapo Paradeep, Jagatsinghpur, Orissa	S3-754075112	Future ଜୟ ବିଜନେସ୍ ଲିମିଟେଡ୍	
miss:not_selected	0.5457394629964145	S1-940643861	Urology Grand Health	1441 Rambler Place, Cincinnati, OH	S2-712766215	ughealth.com	1441 RAMBLER PLACE, CINCIINNATI, OH
miss:assigned_elsewhere	0.034127113524000136	S1-975957952	Southern Industries Private Limited	Darjeeling, West Bengal, Siliguri, Sree Bhawanhill Cart Road	S3-272687399	Southern Industries Private	
miss:not_selected	0.08873976458978555	S1-720397888	Shannon Harvey Monte PLLC	98 Clinton Street, Chelsea, MA	S3-23916736	Shannon PLLC Monte  Harvey	
miss:not_selected	0.6371386048644438	S1-993411244	Empire Signature Australia LLC	141 Boat Slip Road, Matagorda, TX	S2-660485684	Empire Signature Australia LLC	
miss:not_selected	0.1267898369736028	S1-529485255	Timber Publishing	9469 High Cliffe Street, Highlands Ranch, CO	S2-270772618	Timber  Publishing	9458 HIGH CLIFFE ST, HIGHLANDS RANCH, CO
miss:not_selected	0.569989530127484	S1-248541222	Murillo, Wright and Sesay	10602 Millers Road, Yates, NY	S3-646651438	Zetakor	10602 Millers Road, Yates, New York
miss:not_in_candidates		S1-227668605	North Institute of Technology	1611 27th Street, Fort Dodge, IA	S3-481077582	North of Technology [Services]	27th Saint, Ft Dodge, Iowa
miss:not_in_candidates		S1-415757776	Buildtech Dx LLP	Dasara Nagar, Near Anand Sagar Visava, Shegaon, Buldhana, Maharashtra	S2-689919941	SOLUMBRA	SHEGAON, Maharashtra, DASARA NAGAR, SHEGAON
miss:not_in_candidates		S1-476201223	Regional Initiative	801 Victoria St, Franklin, KY	S2-330771250	The Regional Initiative	
miss:not_in_candidates		S1-520243668	BO Neuberger Inc	7 Kennison Street, Manchester, ME	S2-749681525	BO Inc Services	MANCHESTER, ME, 9 KENNISON STREET
miss:not_in_candidates		S1-157892886	Rishi It Ltd	Rajasthan, Bali, Pali, C/O: Shravan Singh, Champawat Complex	S3-933736275	Rishiit.Com	C/o: Shravan Singh, Pali, Bali, राजस्थान
miss:not_in_candidates		S1-774820473	Anand Exports Private Limited	216, Bhaveshwar Arcade Annexe L.B.S Marg, Ghatkopar West, Mumbai City, Maharashtra, Mumbai	S2-367335830	आनंद एक्सपोर्ट्स प्राइवेट लिमिटेड	216, MUMBAI, Maharashtra
miss:assigned_elsewhere	4.158237217420025e-6	S1-478484494	Neel Projects Pvt. Ltd.	No.288, 1St Floor, 10Th Main, 100 Ft Road 1St Block, Hrbr Layout, Kaylan Nagar, Bangalore, Karnataka	S3-392413233	Neel Pvt. Ltd. Center	Bangalore, KA, No.288, Bangalore
miss:not_selected	0.11772131576033042	S1-314101541	Ambattur Services Private Limited	Tiruvallur, Ambattur, Tamil Nadu, 1St Floor, Jeevan Lal Nagar, No 14	S2-188142647	Ambattur Services Limited Service	
miss:not_in_candidates		S1-87976920	Cure Pub!	1451 192nd Avenue, Gresham, OR	S3-932335593	Cure Pub! Center	1838 192rd Ave, Portlnd, Oregon
miss:not_in_candidates		S1-205412895	Hill Arts Co	Duxbury, 204 Bianca Road, MA	S3-865760644	Hill Alnts Co	
miss:assigned_elsewhere	0.29377362793109574	S1-595546954	Mckinney Piedmont Legato LLC	3208 Toledo Drive, Unit A, Killeen, TX	S3-273651217	Mckinney Píedmont Leggto LLC	
miss:not_in_candidates		S1-826799016	Ce Infra Pvt Ltd	Shop No 8, Ground Floor, Parshwa (Chandkheda) Co Op Housing Soc Ltd, Ahmedabad City, Ahmedabad, Gujarat	S2-214162391	CE PVT LTD  CENTER	#008 , GROUND FLOOR, PARSHWA (CHANDKHEDA) CO OP HOUSING SOC LTD, AHMEDABAD CITY, Gujarat
miss:not_in_candidates		S1-385419572	Best Solutions Private Limited	Jakhania Govind Pargana-Shadiabad, Jakhania, Ghazipur, Uttar Pradesh	S3-833511095	BS	Jakhania Govind Pargana-Shadiabad, Jakhania, Ghazipur, Uttar Pradesh
miss:not_in_candidates		S1-704870039	Cardiology Mountain Specialists Co	408 Lamberton Drive, MD, Silver Spring	S2-53096223	Cardiology Mountain Co Specialists	
miss:not_in_candidates		S1-173950460	Baba Projects Private Limited	Shop No.208, Jewel World, Cotton Exchange Building, 175 Kalbadevi Road, Mumbai, Mumbai City, Maharashtra	S3-43341899	Baba Projects Private (Limited)	
miss:assigned_elsewhere	0.000053203566685015616	S1-638145231	Baba Constructions Pvt Ltd	1213, Sadashiv Peth, Paramesh Plaza, Pune City, Pune, Maharashtra	S3-552190341	Baba Constructions [Pvt]	121, Pune City, Pune, MH
miss:not_in_candidates		S1-227254049	Singh & Co	1-9-290/15, Ramalayam, Vidyanagar, Hyderabad, Telangana	S3-81569961	Sglfomh & Co	B3/1-9-290/15, Ramalayam, Vidyanagar, Hyderabad, Mancherial, తెలంగాణ
miss:not_in_candidates		S1-89736601	Hari Builders Private Limited	202, Vedant Enclave Kamla Nehru Cross Road No. 3, Kandivali, West, Mumbai, Mumbai City, Maharashtra	S3-515635884	Hari Builders Private Límited	20, Mumbai, महाराष्ट्र
miss:not_selected	0.4569372767732158	S1-704905453	Pigg Veterinary Clinic	153 Iowa Place, Barberton, OH	S2-409318181	Pigg Veterinary Clinic Corporation	
miss:not_in_candidates		S1-776979381	Jay Finance Private Limited	Central Delhi, Sf, Gali No. 2 East Patel Nagar, Delhi, 12/22, Delhi	S2-88054027	जय फाइनेंस प्राइवेट लिमिटेड	DOOR NO 356/8 12/22, DELHI, CENTRAL DELHI, Delhi
miss:not_selected	0.009369668888968983	S1-483601575	Blue It Pvt. Ltd.	Gali 1 Mehlana Road, Sonepat, Haryana	S2-736235417	Blue It Pvt	
miss:assigned_elsewhere	5.0345227814837475e-6	S1-580800311	Anand Infrastructure Private Limited	38/1564 Edakkad, Calicut, Kozhikode, Kerala	S2-627595064	ആനന്ദ് ഇൻഫ്രാസ്ട്രക്ചർ പ്രൈവറ്റ് ലിമിറ്റഡ്	NO 38/1564 EDAKKDA, CALICUT, KOZHIKODE, Kerala
miss:assigned_elsewhere	0.9999522862474839	S1-29643902	Neify Inc.	OH, Harrison, 7412 Riley Lane	S3-173743023	Neify	7412 Riley Lane, Harrison, Ohio
miss:not_in_candidates		S1-935830236	Premier Interstate Atlanticus Partners	675 600, Unit 3, Provo, UT	S3-213371864	Premier Interstate Center Atlanticus	
miss:not_in_candidates		S1-13760315	Hankins Shore, L.L.C.	301 Sycamore Road, Snow Shoe, PA	S2-709487186	Hankins Shore, Llc	
miss:not_in_candidates		S1-280727847	My Energy Pvt Ltd	509 Gulab Bag Colony, Indore, Madhya Pradesh	S3-704867326	माय एनर्जी प्रा. लि.	Door No 509 Gulab Bag Colony, Jodhpur, Indore, मध्य प्रदेश
miss:not_in_candidates		S1-241847523	Multi College	H No-58-A S/F, Vill Masoodpur, South Delhi, Delhi	S3-726782621	Aviavikor	H No-58-a S/f, Vill Masoodpur, South Delhi, DL
miss:not_selected	0.47996066478988947	S1-622219306	Crystal Analytics Studios	835 Gardenbrook Circle, Unit APT E, Indianapolis, IN	S3-112262761	CRYSTAL ANALYTICS STUDIOS	
miss:not_in_candidates		S1-676881938	Brightmoon Hospicare Limited	1101, Shri Ganesh Apartment, Bldg No 12 Link Road, Shastri Nagar, Goregaon West, Mumbai, Mumbai City, Maharashtra	S3-615438757	Brightmoon Limited Center	1101, Mumbai, Mumbai City, MH
miss:not_selected	0.3193100353266133	S1-315415399	Buck Boutique LLC	Unit APT 1409, Waynesboro City, VA, 257 Windigrove Drive	S3-936910204	Buck Boutique	
miss:not_in_candidates		S1-561245644	Nannette Jo General Inc.	Puyallup, 14817 87th Avenue, WA	S3-275792398	Nannette Jo lnc. Services	
miss:not_in_candidates		S1-324332631	Desert Hudson LLC	1125 9th Street, Unit 90, Sacramento, CA	S3-963971917	Desert Hudson LLC	
miss:not_in_candidates		S1-556358224	Eye Partners Co	5868 Sunrise Drive, Minneapolis, MN	S3-54548683	Eye Co Partners Enterprises	
miss:not_in_candidates		S1-601121059	Galaxy Power Private Limited	Rajendranagar, Gaganpahad, Janachaitanya Colony, Rajendranagar, Telangana, K.V.Rangareddy, 322	S2-585159367	Galaxy Power Limited Center	
miss:not_selected	0.21031774473075707	S1-760831508	Liberty Animal Hospital, Inc	229 Guadalupe Drive, Oglesby, TX	S3-273193315	Liberty Animal Hóspital,-(Inc)	
miss:not_selected	0.24597887474920607	S1-459001766	Ridge Society	919 41, Kingsbury, NY	S3-433370195	ridgesociety.com	41, Hudson Falls CITY, New York
miss:not_in_candidates		S1-183246594	Lotus Constructions Private Limited	401, Solaris-Ii, Opp Gate No. 6, Sakivihar Road, Powai, Mumbai, Maharashtra	S3-522117158	Lotus Constructions Private  Limited	महाराष्ट्र, Mumbai, Block C-76 401
miss:not_in_candidates		S1-228856113	Lakshmi Trading Private Limited	Miac-2235 Bahadurgarh District Jhajjar, Haryana, Jhajjar, Haryana	S2-705815104	लक्ष्मी ट्रेडिंग प्राइवेट लिमिटेड	MIAC-2235  BAHADURGARH DISTRICT JHAJJAR, HARYANA, JHAJJAR, Haryana
miss:not_in_candidates		S1-766168229	Back Alley Hair Studio	Statesville, 118 Dusty Loop, NC	S3-380220953	Back Studio Hair Alley	
miss:not_in_candidates		S1-137807588	Abs Consultants	38/443, Radha Kaloni, Ghaziabad, Uttar Pradesh	S3-324432627	Abs Center	38/443, Ghaziabad, UP
miss:not_in_candidates		S1-62242491	Family Society	71 Rouen Drive, Cheektowaga, NY	S3-804328862	Family Society Inc.	
miss:assigned_elsewhere	0.00003216870792464128	S1-354158873	Aditya Agro	839A, 100 Feet Road, Indiranagar Bangalore., Bangalore., Karnataka	S3-497199153	Aditya  Center	839A, Indiranagar Bangalore., Bangalore., KA
miss:not_selected	0.09165147516577787	S1-983499205	Rachna Cargo (India) Private Limited	503, Raghavendra Towers, Pragathi Nagar Plot No 79-80 (Part), Hyderabad, Rangareddy, Telangana	S3-604010889	Evoiri	503, Hyderabad, Raghavendra Towers, Pragathi Nagar Plot No 79-80 (Part), Rangareddy, Telangana
miss:not_in_candidates		S1-507050501	Mm Silk Clinic	West Bengal, Chamber H/D Ltd. Bl-D, Deshbandhunagar, Fl G003 Bengal Park, North 24 Parganas	S3-745064881	Mr Mm Clinic Center	Deshbandhunagar, WB, North 24 Parganas, Fl G003 Bengal Park
miss:assigned_elsewhere	0.005831309520613703	S1-253123510	Pediatric Dentistry Center, LLC	1935 Belle Avenue, Topeka, KS	S3-507352538	Pediatric Dniistry Center, LLC	
miss:not_in_candidates		S1-431752448	Northern Better Fortress LLC	1013 Autumn Leaf Drive, Monroe, TN	S2-453791056	Northern Fortress LLC Center	
miss:not_in_candidates		S1-375180979	Tech Water (India) Private Limited	D 16, Pushpanjali Farms, Bijwasan, New Delhi, South West Delhi, Delhi	S3-102338572	Arczeta	D #16, New Delhi, South West Delhi, दिल्ली
miss:not_in_candidates		S1-488700682	Sweet Cafe Inc	712 Medina Street, City Of El Paso, TX	S3-626616331	Sweet  Cafe Inc	
miss:not_selected	0.4770972560782819	S1-146766674	Hari Constructions Private Limited	Kerala, Ernakulam, 42/2277C, K.C Centre Chittoor Road, Ernakulam	S2-614346254	ഹരി കൺസ്ട്രക്ഷൻസ് പ്രൈവറ്റ് ലിമിറ്റഡ്	42/2277, ERNAKULAM, Kerala
miss:not_in_candidates		S1-692363854	Stag Championsgate Inc	203 Sleepy Hollow Lane, Summerfield, NC	S3-370184030	Center Stag Inc	202 Sleepy Hollow Ln, Summerfield, North Carolina
miss:not_in_candidates		S1-755942376	Tallia Brown Pbc	24 Saddle Brook, Pittsford, NY	S3-234918412	Tallia Brown Pbc LLC	
miss:not_in_candidates		S1-615225157	Reis Paper LLC	456 Breesport Road, Horseheads, NY	S2-871868992	Reis LLC Services	HRSEHEADS, 456D BREESPORT ROAD, NY
miss:not_selected	0.011580632824686469	S1-34344055	B 2 Clear Global Inc.	8370 Parori Lane, Blacklick, OH	S3-993292096	8 2 Clear Inc. Partners	8370 Praori Ln, Blacklick, Ohio
miss:not_in_candidates		S1-594835927	Neu Pharmaceuticals	Punjab, Ground Floor, Sector 10 Anaz Mandi Road, Mohali, Kharar, Sco No.92 B	S3-359579917	Neu Pharmaceuticals	
miss:not_selected	0.28500168354875594	S1-730688682	Alvarez Diamond Alpha LLC	30 Holly Street, Oxford, MA	S3-233374421	Alvarez Diamond	
miss:not_selected	0.46547546138558976	S1-441710869	Tracie Romero Marshall	3452 Ararat Road, Ararat, NC	S2-212193066	Tracie  Romero Marshall Inc.	
miss:not_in_candidates		S1-410444170	Keystone Energy LLC	151 Carlisle Road, Canajoharie, NY	S2-697459240	KEYSTONE LLC SERVICE	51 CARLISLE ROAD, NY, CANAJOHARIE
miss:not_in_candidates		S1-985050908	Jay Consultancy Limited	Santhwana, Ivth Floor, Chittoor Road, Ernakulam, Kerala	S2-149645465	ജയ് കൺസൾട്ടൻസി ലിമിറ്റഡ്	IVTH FLOOR, CHITTOOR ROAD, H.NO 574 SANTHWANA, KOCHI, കേരളം, ERNAKULAM
miss:not_in_candidates		S1-618510472	Bombay Food Private Limited	Ahmedabad, Shivshaktinagar, Nr.Water Tank Bhilwas, Ambawadi, Sardarnagar, Shop, Gujarat, Ahmedabad	S2-634904444	બોમ્બે ફૂડ પ્રાઇવેટ લિમિટેડ	SHOP, AHMEDABAD, Gujarat
miss:not_in_candidates		S1-394877151	Harbor Academy	6201 14th Street, Fargo, ND	S3-324167362	Orbinyla	6152 14nd Street, Fargo, North Dakota
miss:not_selected	0.5574346238133845	S1-505670333	Velex Holdings Group Inc.	174 Riggs Hill Lane, Winchester Bay, OR	S2-872617981	Velex  Holdings | www.velexhol.com	174 Riggs Hill Ln, <NULL>, REEDSPORT, OR
miss:assigned_elsewhere	0.5084088631382564	S1-773944177	Hildegaard Brimmer Idaho LLC	12400 Center Street, Fl 0, Beaverton, OR	S2-497349826	Hildegaard  Brimmer Idaho LLC	
miss:not_selected	0.2838279427604976	S1-231309781	Rivera, Campbell and Edwards	VA, Chesterfield County, 4115 Mallard Landing Circle, Unit APT 103	S3-726945731	Rivera, Campbell And Edwards	
miss:not_in_candidates		S1-477947204	Lucknow Tech Pvt Ltd	Gate No.-01, Village Begariya Awadh Enclave, Dubagga, Lucknow, Uttar Pradesh	S3-205528445	Lucknow Tech Pvt	Door No 875 Gmte No.-01, UP, Lucknow
miss:not_in_candidates		S1-14710992	Shiva Enterprises Private Limited	No.19, Ground Floor, 1St Cross, P&T Colony, R.T.Nagar, Bengaluru, Bangalore, Karnataka	S3-416775771	ಶಿವ ಎಂಟರ್‌ಪ್ರೈಸಸ್ ಪ್ರೈವೇಟ್ ಲಿಮಿಟೆಡ್	No.19, Bangalore, KA
miss:not_in_candidates		S1-403713279	Galaxy Projects Limited	B/908, Mondeal Sqaure S G Highway, Opp. Karnavati Club, Ahmedabad, Gujarat	S3-535459341	Galaxy Projects Trading	
miss:assigned_elsewhere	0.0009208435440598799	S1-740206545	Surgical Group	3485 Saint Charles Place, Eagan, MN	S3-843547445	Nexvantage	Saint Charles Pl, Eagan, Minnesota
miss:not_selected	0.4801279101644655	S1-557392544	Flannery and Eubanks	4915 Chaucer Drive, Greensboro, NC	S3-238972440	Flannery and  Eubanks	
miss:not_in_candidates		S1-740885244	Sree Systems Pvt Ltd	L-4, Krishna Marg, Near Bagadia Bhawan, C-Scheme, Jaipur, Rajasthan	S3-964486843	श्री सिस्टम्स प्रा. लि.	No ##856 L-4, Krishna Marg, Near Bagadia Bhawan, C-scheme, Jaipur, राजस्थान
miss:not_in_candidates		S1-266292673	Teo LLC	6517 Cluster Pine Court, Waldorf, MD	S3-619665601	Teo (LLC)	
miss:not_in_candidates		S1-619176757	Foot & Ankle Health Inc	4801 Chickadee Lane, VA, Charles City County	S2-186510534	Foot & Ankle Health Trading	
miss:not_in_candidates		S1-468201058	Urban Technologies Private Limited	H. No.3-15, Tirumalagiri, Telangana, Hyderabad, Quthbullapur	S2-668650217	Urban Private Limited Center	Telangana, H. NO.3-15- , QUTHBULLAPUR, TIRUMALAGIRI
miss:assigned_elsewhere	0.00019702355659928893	S1-55069057	Cornerstone Iron LLC	1515 44th Avenue, Unit Apartment 222, Columbia Heights, MN	S2-397086258	CORNERSTONE ISDNH LLC	1515 44ND AVE, MINNEAPOLIS, MN
miss:not_in_candidates		S1-350783897	Apex Food Limited	8, Rambha Chs, 1St Road, Dadabhai Road, Vile Parle (West), Mumbai, Mumbai City, Maharashtra	S2-789301896	एपेक्स फूड लिमिटेड	#8, MUMBAI, MUMBAI CITY, Maharashtra
miss:not_in_candidates		S1-253249177	Pediatric Dental Elite Care Associates LLC	5027 White Petal Way, Knoxville, TN	S3-768958284	Pediatric Dental Elite Care Associates  LLC	
miss:not_in_candidates		S1-168833531	Krishna Logistics Private Limited	H.No:15-13-82 Near Tdp Office Bank Colony Khanapuram Haveli Rural, Khammam, Telangana	S2-853035642	Krishna Logisis Private Limited	
miss:assigned_elsewhere	0.1266199705904684	S1-201906799	Retail Associates	13 Roxbury Street, Hartford, CT	S3-299940802	Retail (Center)	
miss:not_in_candidates		S1-403222709	Sree Media	Kukatpally Industrial Estateprashanth Nagar. Hyderabad, Hyderabad, Telangana	S2-443424141	శ్రీ మీడియా	Andhra Pradesh, HYDERABAD, KUKATPALLY INDUSTRIAL ESTATEPRASHANTH NAGAR. HYDERABAD
miss:not_in_candidates		S1-811103028	Elite Institute	S - 13 Sri Niwas Puriprivate Colony, New Delhi, South Delhi, Delhi	S3-419794187	Elite Center	
miss:not_selected	0.4361065510456822	S1-147470723	Icl Enterprises	Rz D 2/18 F/F Kh No 13/20, Vinod Puri, Delhi, New Delhi, Delhi	S3-967240250	lcl Énterprises	Block C-489 Rz D 2/18 F/f Kh No 13/20, Delhi, New Delhi, DL
miss:not_in_candidates		S1-682795921	Family Center Clinic	Unit APT 1221, Inverness, 7471 Clinton Street, CO	S2-33587045	FAMILY CENTER	CLINTON ST, ENNGLEWOOD, CO
miss:assigned_elsewhere	0.09839093260346518	S1-541056440	Mumbai Logistics	Bkt House, C/15 Trade World, Kamala Mills Compound Senapati Bapat Marg, Lower Parel, Mumbai, Mumbai City, Maharashtra	S3-491715530	MUMBAI LOGISTICS Enterprises	
miss:not_in_candidates		S1-979569148	Sun Properties Private Limited	No 8/183C, Tennur High Road, Near Ramakrishna Theater, Kuppankulam, Trichy, Tiruchirappalli, Tamil Nadu	S2-876273947	சன் புராப்பர்ட்டீஸ் பிரைவேட் லிமிடெட்	#8/183C, TENNUR HIGH ROAD, NEAR RAMAKRISHNA THEATER, KUPPANKULAM, TIRUCHIRAPPALLI, Tamil Nadu
miss:not_in_candidates		S1-316636358	Anand Projects Private Limited	Gurgaon, Mata Mandir Road Near Tata Motors Auto Link Sec-6, Gurgaon, Haryana, Gurgoan	S2-890025958	आनंद प्रोजेक्ट्स प्राइवेट लिमिटेड	BLOCK A-376/9 MATA MANDIR ROAD NEAR TATA MOTORS AUTO LINK SEC-6, GURGAON, Haryana
miss:not_in_candidates		S1-122092986	Valley Bright Oncology Inc.	13281 1600 E, Havana, IL	S3-884503294	Valley	Havana, IL, 13281 1600 E
miss:not_in_candidates		S1-928631731	Regional Ministries	1452 380th Avenue, Goose Lake, IA	S2-316081051	The Regional Ministries	
miss:not_in_candidates		S1-817812485	Sree Constructions LLP	Delhi, B-46/C, T/F, Plot No. B-46, Jhilmil Industrial Area, Shahdara	S3-771274962	श्री कंस्ट्रक्शंस एलएलपी	B-46/c, Shahdara, DL
miss:assigned_elsewhere	0.000016311737890924883	S1-48055304	One Consultants Limited	Ernakulam, 66/2238, Kerala, A-1, 2Nd Floor, Pulleppady Road	S3-340504118	വൺ കൺസൾട്ടന്റ്സ് ലിമിറ്റഡ്	66/2238, Ernakulam, Keralam
miss:not_selected	0.49529614181671516	S1-310861115	Schaefer Silver Stellar	316 Elmsleigh Drive, Berea, KY	S3-770341252	Schaefer Sté1lar Center	
miss:not_in_candidates		S1-740416255	Jai Ventures Private Limited	3 Rajhans Building, Char Rasta Gidc Vapi Tal Pardi, Pardi, Valsad, Gujarat	S2-378992471	જય વેન્ચર્સ પ્રાઇવેટ લિમિટેડ	3 RAJHANS BUILDIGN, CHAR RASTA GIDC VAPI TAL PARDI, PARDI, VAPI, Gujarat
miss:not_in_candidates		S1-457384854	Hi Textiles Pvt Ltd	E-6 Chander Nagar, Ghaziabad, Uttar Pradesh	S2-746729550	Mr Hi Pvt Ltd Center	BLOCK B-85 E-6 CHANDER NAGAR, GHAZIABAD, GHAZIABAD, Uttar Pradesh
miss:not_selected	0.6598954975162232	S1-983619112	Nova Global (India) Pvt. Ltd.	Plot No.365, Rocktown Colony, Road No.3, 7Th Cross, Lb Nagar, Hyderabad, Rangareddy, Telangana	S2-934687911	Mr NOVA GLOBAL (INDIA) PVT.	H.NO 366 , ROCKTOWN COLONY, ROAD NO.3, 7TH CROSS, LB NAGAR, HYDERABAD, Andhra Pradesh
miss:not_selected	0.3105338177956556	S1-89340312	Hernandez American Mortgage LLC	1174 4th Street, Unit Apartment 204, Saint Paul, MN	S3-369792802	Hernandez  American LLC Mortgage	1183 Fourth St, Unit Apartment 204, Saitn PAUL, Minnesota
miss:assigned_elsewhere	0.04544847487083811	S1-341418065	Family Care Associates LLC	6023 15th Terrace, Kansas City, MO	S2-500609241	Family Associates LLC Center	15ST TER, KANSAS CITY, MO
miss:not_in_candidates		S1-654607575	Anand Exports Limited	C/O Kanjiwali Lankri, Fazalpur Moradabad, Moradabad, Uttar Pradesh	S3-248678146	आनंद एक्सपोर्ट्स लिमिटेड	Moradabad, Fazalpur Moradabad, C/o Kanjiwali Lankri, UP
miss:not_selected	0.34507718991339775	S1-957586218	East Allied Blue LLC	5814 Lewis Street, Dallas, TX	S2-984080015	East Allied Blue-LLC	
miss:assigned_elsewhere	0.9741839123572216	S1-340850691	Smith, Gonzalez and Payne Altenergy	Unit 43A, DC, 400 Taylor Street, Washington	S3-761256730	Koravi	400 Taylor Street, # 43A, Washington, District of Columbia
miss:not_in_candidates		S1-967302654	Star Projects Private Limited	4, A. Pollock St., R.No.-408, Kolkata, Howrah, West Bengal	S2-572250221	স্টার প্রজেক্টস প্রাইভেট লিমিটেড	7-4, HOWRAH, KOLKATA, West Bengal
miss:not_in_candidates		S1-751324963	IKL C&i LLP	D 62/4-C, Varanasi, Uttar Pradesh	S2-716821780	IKL LLP SERVICE	
miss:not_in_candidates		S1-79445847	Perfect Business Private Limited	C/O Parvatibai Vishwanath Mehtre At Post Jalkot, Tq. Jalkot, Dist. Latur, Latur, Maharashtra	S2-25346053	Smt Perfect Business Pe Limited	
miss:not_in_candidates		S1-187261463	Optimal Property Services P.C.	33 Stephen Avenue, Wallkill, NY	S2-839274704	OPTIMAL PROPERTY SERVICE P.C.	
miss:assigned_elsewhere	0.8206955576140094	S1-873179497	Green Electric Care	Unit 30, VA, 305 Arlington Street, Ashland Town	S3-473274190	Green (Electric)	
miss:not_in_candidates		S1-493755854	Sapphire LLC	535 Pleasant Drive, Unit 202, Glenwood, IL	S2-682629112	Ariasollyra	53 Pleasant Drive, GLENWOOD, IL
miss:not_in_candidates		S1-198630512	Jai Construction	Ahmedabad, Ganesh Meredian, S.G. Highway, C-301, Gujarat, Ahmedabad	S2-304644792	Shri jai construction	
miss:not_in_candidates		S1-446567331	Regional Regional LLC	596 376, East Fishkill, NY	S3-303773805	Vioyuma	Hopewell Junction, 412-416 376, New York
miss:not_in_candidates		S1-55667583	East Black Healthcare Pvt Ltd	Kh No.141/2/1 & 141/9, Burari, North Delhi, Delhi, Ground Floor, Str Street Pvt Gali No.61, Blk-B, Sant Nagar	S2-439740371	blackeast.com	KH NO.141/2/1 & 141/9, GROUND FLOOR, STR STREET PVT GALI NO.61, BLK-B, SANT NAGAR, BURARI, NORTH DELHI, Delhi
miss:not_selected	0.6773710225693087	S1-617630643	Optimal Specialists Partners	KY, Owensboro, 9 Hilltop Drive	S3-705310841	Optimal Specialists	5 Hilltop Drive, Owensboro, Kentucky
miss:not_in_candidates		S1-509524009	Ace Properties Private Limited	Bangalore South, Bangalore, A004, Anurag Anmol Apts, 100/1, Nallappa Gardens, Karnataka	S3-861070149	ಏಸ್ Properties Private Limited	A2, <NULL>, Bangalore South, Bangalore, ಕರ್ನಾಟಕ
miss:not_in_candidates		S1-127591641	Great Preparatory Academy LLC	1649 Pershing Avenue, Phoenix, AZ	S3-42529017	Great  Preparatory Academy LLC	
miss:not_in_candidates		S1-60271679	National Mortgage Partners LLC	5525 Cox Road, Ash, NC	S3-804856904	Fluxverapyra	5525 Cox Road, Ash, North Carolina
miss:assigned_elsewhere	0.000015711263666539684	S1-606652785	Vijay Finance Private Limited	H No 2-127 Flat No 202, 2Nd Floor, Badam Complex Chaitanyapuri X Road, Hyderabad, Telangana	S3-450146579	Vijay	H No 2-127 Flat No 202, 2Nd Floor, Badam Complex Chaitanyapuri X Road, Hyderabad, Telangana
miss:not_in_candidates		S1-871144610	Christ Catholic Church	78 Donald Street, Weymouth, MA, Unit 31	S2-143042344	CHRIST-CHURCH CÉNTER	DONALD ST, MA, WEYMOUTH
miss:not_selected	0.24400762085522607	S1-814148378	Anchor Living	144 Harryhogan Road, Northumberland County, VA	S2-986447941	Anchor Living Ltd	
miss:not_in_candidates		S1-548496817	Dynamic Integrated Dynamics LLC	4828 Coachmans Landing Court, VA, Henrico County	S2-193328118	Dynamic Integrated Dynamics  LLC	
miss:not_selected	0.21639154415816295	S1-896249318	Riley, Abrams & Obeso	231 Knoxville Avenue, Lebanon, TN	S2-36719108	Riley, Abrams & Obeso Inc	52 KNOXVILLE AVENUE, LEBANON, TN
miss:not_in_candidates		S1-352975676	Future Food Pvt Ltd	Cc No 28/2769A, Ponneth South Road, Ernakulam, Kerala	S3-136236334	Future Fóod Pvt Ltd	
miss:not_in_candidates		S1-245106820	Sweet Coffee	St. George City, 6006 Manassas Drive, LA	S2-30260841	Sweet Cgffee	
miss:assigned_elsewhere	0.28847687256886817	S1-786054543	Channa Mcwilliams, D.O. P.C.	12703 Cobblestone Drive, Houston, TX	S3-968519473	Channa Mcwilliams, D.O. Inc	
miss:not_in_candidates		S1-924401693	Deck Yhn LP	2130 Lancaster Avenue, Wilmington, DE	S2-283308624	Deck Yhn  LP	
