kind	p	s1	s1_name	s1_addr	q	q_name	q_addr
false_merge	0.9006485099567815	S1-437978037	Pediatric Dentistry Group Inc.	Bryans Road, MD, 2896 Cameo Place	S2-83267667	Pediatric Dentisonry Group Inc	2909 Cameo Pl, BRYANS ROAD, MD
false_merge	0.973531603615525	S1-688786650	Kritin Infosys Care	Pune, S.No.7 /1 To 7/5 8/1, F Residences, Pune, Maharashtra, Flat No. T/6-1306	S3-67182576	Krittis Infosys Care	Flat No. T/6-1315, Pune, महाराष्ट्र
false_merge	0.7187913941350015	S1-591757778	Tomasina S. Blanco, M.D.	1925 Deerbrook Drive, Fishers, IN	S3-567641294	Tomasina S. Blanco, - 2461415055	
false_merge	0.7912195085678987	S1-923851981	Mize Select Robinhood, Inc	913 Canal Street, Irving, TX	S2-607721046	Xylokelo	913 1/2 CANAL ST, IRVNG, TX
false_merge	0.9021196811386809	S1-592805947	Brightola Virginia	5910 W Tree Drive, Anchorage, AK	S3-718397318	Brightova  Virginia	5911 W Tree Drive, Anchorage, Alaska
false_merge	0.9931959969703247	S1-425074007	France International	Virginia Beach City, VA, 1300 -101 Pine Cone Circle	S2-876840653	France International Ltd	1300 -106 PINE CONE CIR, VIRGINIABEACH, VA
false_merge	0.8799305210226693	S1-689374492	Stoltzfus Legacy Australia LLC	11905 Bambi Court, Gaithersburg, MD	S2-835679117	Stoltzfus Legacy	
false_merge	0.9714095637818042	S1-651194870	Blue Gujarat Hospitality	D-261, Ground Floor, Anand Vihar, New Delhi, Delhi	S3-958134976	Synbélo	Ground Floor, Anand Vihar, D-261, DL, East Delhi
false_merge	0.8310793428623906	S1-664305609	Branum's Choice Eye Care	3165 Harvester Lane, Memphis, TN	S2-586921095	Li Choice Eye Care Inc	3165 Harvester Lane, MEMPHIS, TN
false_merge	0.8965408699631866	S1-38382745	Olanyx Microelectronics	367 Carroll Avenue, Keyser, WV	S3-599341506	Olanade Microelectronics	367 Carroll Ave, Keyser, West Virginia
false_merge	0.9833933215744631	S1-26131954	Melinsoft Holdings Corp	5505 Rogue Court, White Marsh, MD	S3-187582667	... #Veraonyx	5505 Rogue Cuort, White Marsh, Maryland
false_merge	0.982524030955464	S1-86530777	XSR Gulf Gsr LLC	144 Dewitt Drive, Boston, MA	S2-888130732	XMR Gulf-Gsr LLC	248 DEWITT DR, ROXBURY, MA
false_merge	0.8196601826571289	S1-311378184	Thompson Grill	355 Apache Drive, Circleville, OH	S2-219431967	Thompson Grill,	
false_merge	0.8039550159945158	S1-70671174	Maple Investment Center	Plot No-4271/9578 Flat No-B/306, Krishna Enclave/Sarbahal, Jharsuguda, Orissa	S3-834336524	Maple Investment	
false_merge	0.9435109703832663	S1-505457610	Peclartech	1008 Montclair Avenue, Mounds View, MN	S3-459934308	Peclartech Inc	1009. Montclair Avenue, Saint Paul, Minnesota
false_merge	0.9426117561794415	S1-46921968	Surya Foods Private Limited	908, Marathe Galli, Jalgaon, Dharangaon, Maharashtra	S3-121640264	Surya Foods Limited	Jalgaon, MH, Dharangaon, Marathe Galli, 612
false_merge	0.7204008609636006	S1-284640969	International Industries Private Limited	C/O Hari Bansh Prasad, Road No - 6/C South, Gardanibagh, Phulwari, Patna, Bihar	S2-742594465	Sh0gun International Industries Private Limited	H.NO04/13, PHULWARI, PATNA, बिहार
false_merge	0.9978534202935697	S1-435123201	Infravision Infra Private Limited	1-4-45/1 Street No : 8, Habsiguda, Hyderabad, Rangareddy, Telangana	S2-952003834	Infravision Infra Limited	1-4-45/8 STREET NO : 8, HABSIGUDA, HYDERABAD, తెలంగాణ
false_merge	0.8590613136388272	S1-286739968	Prairie Lifestyle LLC	7 George Street, Middlebury, CT	S3-313301739	Prairie Lifestyle Services	
false_merge	0.8212951094277344	S1-811554825	Jackson Charter School Corp	1743 -B Mulberry Street, Angleton, TX	S3-927472096	RSD Robbotcs	1743 Mulberry Street, Angleton, Texas
false_merge	0.8763161485943562	S1-100742837	Jarlium Bakery	1011 Walnut Street, Muskogee, OK	S3-189956956	Jarliell Bakery	01011 Walnut St, Muskogee, Oklahoma
false_merge	0.916437408466158	S1-459223984	Tina Colon Prudential LLC	1059 Sabino Drive, Fl 1, Chandler, AZ	S2-190797795	TINA COLON	
false_merge	0.781420259043059	S1-880753355	South Finance Private Limited	Howrah, Kolkata, 2Nd Floor, 6 Garstin Place, B.B.D Bagh, Kolkata, Kolkata, Ashoka Chamber, West Bengal	S3-516428525	South Finance Limited	No 49 Ashoka Chamber, 2Nd Floor, 6 Garstin Place, B.b.d Bagh, Kolkata, Kolkata, Kolkata, Howrah, WB
false_merge	0.9967529684877097	S1-985261045	Vision Group	530 Wissfire Way, Wilmington, DE	S3-466447162	Vision Group	53 Wissfire Way, Wilmington, Delaware
false_merge	0.9958068315877437	S1-618232134	Raise Hub Pvt Ltd	H N 893-B Flat No-1 Ff Kh, N-1151/3 Ward N8 Mehrauli, New Delhi, South West Delhi, Delhi	S2-23262580	Pvt Raise Services Ltd	H N 893-B  FLAT NO-3 FF KH, SOUTH WEST DELHI, NEW DELHI, दिल्ली
false_merge	0.7642109482723369	S1-422988188	LP Creative American LLC	19 Early Spring Way, Leicester, NC	S2-956614151	Creative American	
false_merge	0.9567717216022431	S1-157153247	Star Systems Private Limited	A-125, Sector-55, Noida, Dist Gautam Budh Nagar, Noida, Gautam Buddha Nagar, Uttar Pradesh	S2-54679783	स्टार सिस्टम्स प्राइवेट लिमिटेड	B-01, GAUTAM BUDH NAGAR, NOIDA, उत्तर प्रदेश
false_merge	0.7257147705444554	S1-855564214	Maple Hill Youth Direct Church	418 Meadowland Circle, NC, Maple Hill	S2-921797367	... Umbracalo	MAPLE HILL, 418 MEADOWLAND CIRCLE, NC
false_merge	0.9529006582990273	S1-416019105	Vaayuita General Private Limited	11004, Bhuvana Green, Hosa Road, Ias Lay Out, Eastwood Twp, Kasavanahali, Banglore, Bangalore, Karnataka	S3-489184684	Vaayuitta General Private	1005, Banglore, Bangalore, KA
false_merge	0.7689196597893362	S1-212178053	Eye Gulf Partners PC	741 Iowa Street, Norman, OK	S3-128443249	Eye Gulf Partners	Norman, Oklahoma, 748 Iowa St
false_merge	0.888263997228214	S1-998595562	Yamuaksh Patil Private Limited	Plot No.724/A, And B Ttc, Rabale, Maharashtra, Navi Mumbai, Thane	S2-533009359	YAMUACSH PATIL PRIVATE	Maharashtra, 724/A , AND B TTC, RABALE, NAVI MUMBAI
false_merge	0.8384548782205451	S1-610888322	Lakshmi Lakshmi Media Private Limited	C/O Prince Kumar Singh S/O Gyan Prakash Jagatipur, Kalikabara, Varanasi, Uttar Pradesh	S3-151375842	Smt Lakshmi Lakshmi Étsote Private Limited	
false_merge	0.9475020680643377	S1-571939024	Marr's Beacon Specialists Inc.	602 Dusty Glen Trail, Midlothian, TX	S2-262043690	MARR'S BÉACON SPECIALISTS INC	604 DUSTY GLEN TRAIL, MIDLOTHIAN, TX
false_merge	0.7465644370308719	S1-704489571	Pranva Bridge Pvt Ltd	No 31, First Floor, 1St Cross Rr Layout, Nagadevanahalli, Bangalore, Karnataka	S2-57554910	Pranoro Bridge Pvt  Ltd	H.NO 31 , FIRST FLOOR, 1ST CROSS RR LAYOUT, NAGADEVANAHALLI, Karnataka
false_merge	0.9838714049161019	S1-459838366	Halcan Rithm LLC	2525 Bryant Blvd SW, Cedar Rapids, IA	S3-221417101	LLC Halkan Rithm	2525 Bryant Blvd SW, Cedar Rapids, Iowa
false_merge	0.9035730132000617	S1-353841257	Kestelle Immersion LLC	52025 Bittersweet Road, Granger, IN	S3-843428082	Cestelle Immesrno LLC	52025d Bittersweet Rd, Granger Township, Indiana
false_merge	0.7961199745569305	S1-42987431	Complete Cargo Alliance	53 111, Miles City, MT	S2-671846873	Complete Alliance Cargo	
false_merge	0.9945746144722927	S1-149927547	Meraki Engineering Private Limited	West Bengal, Boangaon, Parganas North, Boangaon North 24 Parganas, Hospital Kalibari	S3-294220317	Meraki Engineering (Limited)	H.no 43 Hospital Kalibari, Boangaon North 24 Parganas, Boangaon, Parganas North, WB
false_merge	0.9811109673795377	S1-220080255	Gangavi Resort Ltd	Panipat, House No. 1277, Sector 13-17, Haryana	S3-143753497	Gangant Resort (Ltd)	House No. ##1277, Panipat, Shodapur, हरियाणा
false_merge	0.8468710312041022	S1-262364125	Therine Ortiz Rmg	331 Fallbrook Circle, Manchester, NY	S2-725636539	Therine Ortiz Rmg Co	652 FALLBROOK CIR, CLIFTON SPRINGS, NY
false_merge	0.917251444957803	S1-372032210	Tejaksh Dice Private Limited	1154 /0 Srinivasa Building Hosur Road Electronic City Phase-Ii, Bangalore, Karnataka	S3-428671029	Private Tejiksh Dice Limited	115 /0 Srinivasa Building Hosur Rod Electronic City Phase-ii, Bangalore, KA
false_merge	0.9901262703833646	S1-733959029	Bajrang Trading Private Limited	K - 1001, Riverview Heights, Peddar Road, Mota Varachha, Surat, Gujarat	S2-327003941	Bajrang Trading Private Ltd	
false_merge	0.7548487978481803	S1-58711693	Charles Center	21 Ullery Street, Covington, OH	S2-771528001	Charles Center Center	
false_merge	0.8064862568668406	S1-356829593	Bright Wealth Global LLC	NY, 890 Jackson Landing, Southold	S3-450951231	Bright Wealth Global Inc	892 Jackson Landing, Southold, New York
false_merge	0.9791282570665799	S1-493553346	Pacific Chile	7440 Glenwood Circle, Lincoln, NE	S2-995377209	Pacific Chllee	
false_merge	0.9940427186297013	S1-919867800	Oracle Educational Society	West Chavakatta Bridgepost Box No 2620 Canal Road, Alleppey, Alappuzha, Kerala	S2-710144911	Oracle Educational	
false_merge	0.7724923074513771	S1-878350064	Jarlent Thunder	47 Waterside Street, Staten Island, NY	S3-781206021	Jarleix  Thunder	47 Waterside Street, Stten Island CDP, New York
false_merge	0.7086505357835756	S1-747411997	Superior Design Partners, LLC	1832 75th Avenue, Unit APT B, Anchorage, AK	S3-993706736	Superior Design Partners, Partners	184 75th Ave, Anchorage Townhip, Alaska
false_merge	0.9992430048082557	S1-271656195	ERE Servicesprivate Pvt. Ltd.	G. No. 474 Ganeshsthal A/P Chas Papalwadi Road, Tel Khed, Pune, Maharashtra	S2-963281139	ERRE PVT.  LTD. PARTNERS	G. NO. 47 GANESHSTHAL A/P CHAS PAPALWADI ROAD, TEL KHED, PUNE, Maharashtra
false_merge	0.7076951308141305	S1-327188663	Sandhar Memorial Trust	226, Rabindra Sarani, Kolkata, Howrah, West Bengal	S3-780992269	Lyraquo Co	West Bengal, Kolkata, 226, Rabindra Sarani Ground Floor, Howrah
false_merge	0.9175728368771228	S1-107289988	A Cure 2 IT	637 Milton Street, Toledo, OH	S3-408516733	A Cure 2 IVT	Toledo, Ohio, 0637 Milton St
false_merge	0.9730132172710689	S1-526807159	Ivenara State Inc	209 Arroyo Drive, Payson, AZ	S2-971266015	Ivenaova State Inc	209 ARROYO DR, PAYSON, AZ
false_merge	0.7686493108819267	S1-222809194	Tejaya Services Ltd	Flat No.806, 8Th Floor, Block -B Nd Passion, Haralur Main Road, Off Sarjapur Road, Bangalore South, Bangalore Rural, Karnataka	S2-866863686	Tejaell Services Ltd.	#806 , 8TH FLOOR, BLOCK -B ND PASSION, HARALUR MAIN ROAD, OFF SARJAPUR ROAD, BANGALORE SOUTH, Karnataka
false_merge	0.8392818984394312	S1-366148018	Royal Properties Pvt Ltd	House No 265, Blk-D, Sec-3, Delhi, North West Delhi, Delhi	S3-776987654	जय प्रॉपर्टीज प्राइवेट लिमिटेड	Plot No.265, North West, DL
false_merge	0.9595062293499155	S1-760755612	Ss Infra Private Limited	Sr No. 130/132, Roseland Ii, Pimple Saudagar, T Bldg Fl 201, Pune, Maharashtra	S3-672512338	SERVICE INFRA PRIVATE LIMITED	Fl A02 201, Pune City, Pune, MH
false_merge	0.947809036488811	S1-396668196	Hitech Power Private Limited	19Chatram Street Dharmapuri, Tamilnadu, Dharmapuri, Tamil Nadu	S3-79550219	ஹைடெக் பவர் பிரைவேட் லிமிடெட்	N.s.p Towers, Krishnagiri, Dharmapuri, TN
false_merge	0.929784620988599	S1-92281221	Ram Seven Software Private Limited	C/O Sher Singh, Nagla Paramsukh, Etmadpur, Kuberpur, Etmadpur, Agra, Uttar Pradesh	S2-714133622	राम सेवन सॉफ्टवेयर लिमिटेड	NO 64 C/O SHER SINGH, NAGLA PARAMSUKH, ETMADPUR, KUBERPUR, AGRA DIST, AGRA, Uttar Pradesh
false_merge	0.7998698294459459	S1-941125382	Family Coalition L.L.C.	1215 Ericsson Avenue, Akron, OH	S3-899517988	Family Coalition (L.L.C.)	##1222 Ericsson Ave, Ohio, Akron
false_merge	0.9180890185579201	S1-534421703	Mooney Produce LLC	MN, 5300 Nokomis Avenue, Minneapolis	S2-40015161	Mooney Produce	
false_merge	0.8334413664597633	S1-615697972	Children's Ministries	NC, Mocksville, 1084 Eatons Church Road	S2-583313392	JAXMIRA	NC, MOCKSVILLE, EATONS CHURCH ROAD
false_merge	0.8501194604705865	S1-646991583	Ivenio Wen Center	122 Pitts Road, Falkville, AL	S2-162995758	Ivenia Wen (Center)	122 PITTS ROAD, FALKVILLE, AL
false_merge	0.9198047196033124	S1-462036295	Pham Strategies	Bakersville, NC, 674 Hide Road	S2-151199257	PHAM STRÁTEGIES	
false_merge	0.7571125920723137	S1-839945755	Nagendra Connected Pvt Ltd	Khasra No. 29/10, Ground Floor, Near Shiv Mandir, Street No. 17, Village, Libaspur, New Delhi, North West, Delhi	S2-664538320	NAGENDRAER CONNECTED PVT LTD	NO 29/10. , GROUND FLOOR, NEAR SHIV MANDIR, STREET NO. 17, VILLAGE, LIBASPUR, NEW DELHI, दिल्ली
false_merge	0.9861370836250074	S1-838290334	Maa Dynamic Trading Private Limited	14/1, 1St Main Road, Rajajinagar, Bangalore North, Bangalore, Karnataka	S2-469448833	ಮಾ ಡೈನಾಮಿಕ್ ಟ್ರೇಡಿಂಗ್ ಲಿಮಿಟೆಡ್	14/1, 1ST MAIN ROAD, RAJAJINAGAR, BANGALORE NORTH, <NULL>, Karnataka
false_merge	0.792239744413895	S1-485592211	Balaji High Solutions Pvt Ltd	8-2-120/112/88 & 89/7/S1, Ii Flooraparna Crest, Road No.2, Khairatabad, Hyderabad, Telangana	S3-375251046	బాలాజీ హై సొల్యూషన్స్ లిమిటెడ్	8-8-2-120/112/89 & 89/7/S1, Ii Flooraparna Crest, Road No.2, Khairatabad, Hyderabad, TG
false_merge	0.9556094454957539	S1-386055433	Ferrial Tribeca, LLC	4226 Flutter Privado, Ontario, CA	S2-879839777	FERRIEL TRIBECA, LLC	4226 Flutter Privado, ONTARIO, CA
false_merge	0.7568093462527604	S1-455745970	Caldeus Antimony PC	Houston, 12511 Westmere Drive, TX	S3-700591786	caldeusyn antim0ny pc	12511 Westmere Drive, Houston, Texas
false_merge	0.9682573847215645	S1-771337215	South Navios Inc	1705 70, NY, Burns	S2-113533044	SOUTH NAIOVS INC	
false_merge	0.7245860653656925	S1-154220711	Golden Foods Private Limited	Vadodara, 9 Sampat Rao Colony, Gujarat, Tf-307 States Avenue	S3-70409906	Golden Foods Limited	Tf-309 States Avenue, 9 Sampat Rao Colony, Vadodara, ગુજરાત
false_merge	0.9954453715360576	S1-854236669	Gannon, Vinny C., CPA	1212 2890, Nibley, UT	S3-762973214	*** 6annon, Vinny C., CA	1212 2890, Loagn, Utah
false_merge	0.99442669355432	S1-638733163	Ivenent Futurecorp PLLC	AL, Birmingham, 2112 10th Street	S3-819952656	Ivvenent Futurecorp P.L.L.C.	2125 Tenth St, Birmingham, Alabama
false_merge	0.7786916728576887	S1-672455918	Bidhan Oswal Private Limited	Bangalore South, 2Nd Cross Balaji Layout Mallathalli, Karnataka, Bangalore, 141	S3-172469623	Bidhan Oswal Limited	1-43, 2Nd Cross Balaji Layout Mallathalli, Banglore, Bangalore South, KA
false_merge	0.8991479419934233	S1-610525686	Jindal Consulting Private Limited	Advantage Tower En-27, Sector-V Saltlake, Kolkata, Kolkata, Howrah, West Bengal	S3-620909825	>> Xylobeloyuma	En-27 Advantage Tower Saltlake Sector-v, Kolkata, Parganas North, WB
false_merge	0.8874387101728123	S1-841428188	Zonnya Cantu Colonial Banc LLC	1 Briar Hill Road, Orchard Park, NY	S3-95070158	Zonnya Cantu Colonial Banc	
false_merge	0.8812600911376622	S1-751717083	Nagaksh Steel Private Limited	Calcutta, Kolkata, West Bengal, 90/N Block Enew Alipore	S2-127020649	Nagacsh Steel Private  Ltd	NO 3-90/N BLOCK ENEW ALIPORE, KOLKATA, West Bengal
false_merge	0.9998617876817405	S1-98189851	Pranaya Infraprojects LLP	F 508 Satyesh Residancy, Applewoods Township, Sanand, Ahmedabad, Gujarat	S2-678105719	L.L.P. Prranaya Infraprojects	AHMEDABAD, Gujarat, SANAND, F 508 SATYESH RESIDANCY
false_merge	0.9993023879664883	S1-133766725	Housing Foundation III LLC	57 Herring Avenue, Galesburg, Fl 1, IL	S3-671064137	Housing-Foundation II  LLC	57 Herring Ave, PMB 8245, Galesburg, Illinois
false_merge	0.7917543145712929	S1-124654176	Aditan Life Private Limited	B-441, S/F, Back Greenfield Col, Faridabad, Haryana	S3-364245576	Limited Aditell Life Services	B-441, Divreportingcircle, Faridabad, HR
false_merge	0.9385187614236061	S1-431477186	Painters Union Local No 726 Inc.	6500 Calle Redonda, Albuquerque, NM	S3-592293996	Painters Uni0n Local No 726 Inc.	
false_merge	0.998541847249037	S1-629584352	Brock, Devonna, CPA, P.C.	NC, 9039 Myrna Drive, Gastonia	S2-737074101	Brock, Devonna, CKA, P.C.	##9039 MYRNA DRIVE, GASTONIA, NC
false_merge	0.996404281098137	S1-987373765	Verrola Providence LLC	5214 Ira Avenue, Cleveland, OH	S2-70638593	Verrrola Providence	CLEVELAND DP, OH, 5214 IRA AVE
false_merge	0.9242704353660118	S1-34400375	Sofia's Physical Therapy	3413 Sublette Street, St Charles, MO	S3-458087471	Rhodia's Physical (Therapy)	
false_merge	0.9457208919899979	S1-766135058	Raviam Technologies Pvt. Ltd.	F203 Veracious Sonesta 2Nd Main 5Th Crs Kr Garden Murgeshpalya, Off Airport Road, Bangalore, Karnataka	S3-71991432	Ravviam Technologies Pvt  Ltd	F203- Veracious Sonesta 2Nd Main 14Th Crs Kr Garden Murgeshpalya, Off Airport Road, Bengaluru, Bangalore, ಕರ್ನಾಟಕ
false_merge	0.8661020184005602	S1-546554060	Urology Specialists LLC	8109 Apple Valley Dr, Louisville, KY	S3-185860263	Urology Specialists	South Dr, Louisville, Kentucky
false_merge	0.9111157749726707	S1-113155859	Sai Care Private Limited	402-A, Gandhinagar, Sivagiripatti, Palani, Dindigul, Tamil Nadu	S3-561486214	Noviwexdelta	402, Gandhinagar, Sivagiripatti, Palani, Dindigul, TN
false_merge	0.747342827732476	S1-260469326	Bharat Food Private Limited	210 Swayam Sewa Society Jhilmil Colony, Delhi, East Delhi, Delhi	S2-946159157	भारत Food Limited	21 SWAYAM SEWA SOCIETY JHILMIL COLONY, EAST DELHI, DELHI
false_merge	0.8733727007547621	S1-464280221	Springer Trusted Electric Inc.	3 Harrison Avenue, Berlin, MD	S3-493916524	Inc Springer Trusted Ercmitc	5 Harrison Ave, Belin CDP, Maryland
false_merge	0.9989515470585707	S1-342532551	Apex Silver Metal, LLC	3540 Maize Road, Unit APT 503, Wichita, KS	S3-611978364	Apex Silver Metal, Inc	3540 Maize Rd, Unit APT 503, Wichita, Kansas
false_merge	0.9535271591299308	S1-958613935	Aarvanth Computing Private Limited	Kumarn Kudil, 3Rd Floor No:1 V.C.K.N Layout, Sivananda Colony, Coimbatore, Tamil Nadu	S3-425044563	Aarrvanth C0mputing Private Limited	Door No 55 Kumarn Kudil, Coimbatore, தமிழ்நாடு
false_merge	0.725137323852838	S1-76646201	Platinum Retail	15279 Golf Course Road, Elbow Lake, MN	S2-334144919	PLATINUM RETAIL	
false_merge	0.8692838286890987	S1-214003444	White Consultants Private Limited	Karthik, Room No 3716 A-10 Bilathikulam Road, West Nadakkavu, Calicut, Kerala	S3-157579379	White Consultants Limited	No ##35 Krthik, West Nadakkavu, Calicut, Keralam
false_merge	0.9773045778497962	S1-871662875	Vantent Salon	3202 Chimera Lane, Missouri City, TX	S2-152956611	Vanteyx Salon	##3202 CHIMERA LN, MISSOURIC ITY, TX
false_merge	0.9239393204401896	S1-837650446	Fabian Cea	903 Twin Cedar Drive, Clarksville, AR	S2-809308824	FAYERIZA	CLARKSVILLE, AR, TWIN CEDAR DRIVE
false_merge	0.8335880871840594	S1-88342298	Bangalore South (india) Limited	219, Celebrity Signature Electronic City Phase-1 Doddathoguru, Bangalore South, Bangalore, Karnataka	S3-303547166	Zephfluxlum	219, Celebrity Signature Electronic City Phase-1 Doddathoguru, Bangalore, Karnataka
false_merge	0.9495102013323463	S1-741937259	Lavinia Oehler, DDS	MA, 452 Whistleberry Drive, Barnstable	S2-806535930	Lavinia Oehler, DDS LLC	
false_merge	0.9704704506515994	S1-240307501	Meenanth Solar Private Limited	S 2/A 42 43 44Mancheswar Industrial Estate Bhubaneswar, Khurda, Puri, Orissa	S3-523646096	MEENANANT SOLAR PRIVATE LIMITED	S #2/A 42 43 44Mancheswar Industrial Estate Bhubaneswar, Khurda, Puri, OD
false_merge	0.9804042312033362	S1-198450951	Ivenis Sea PC	522 44th Avenue W, Tulsa, OK	S2-354384470	IVENIZ SEA PC	522 44ND AVE WEST, TULSA, OK
false_merge	0.8781991463941502	S1-700165903	Universal Tech LLP	Tc14/1916, D-12, Cantonment, Thiruvananthapuram, Trivandrum, Kerala	S3-380004347	M/s Universal Tech	D/12/677, मध्य प्रदेश
false_merge	0.9702572992152442	S1-134702714	Mumbai Oil Private Limited	Kapildeo Phoolchand Gupta, Bandra Suburban, Maharashtra, Room No Vishnu Nagar Soc, L U Gadkari Marg, Opp Ramji Kirana Store, Chembur (E, Mumbai	S3-323161860	Mumbai Mumbai Oil Prívate Limited	0501, Mumbai (SUBURBAN), MH
false_merge	0.9971113299531655	S1-169024289	Umang Industries Group Private Limited	Plot No.167, D.No.19-12-167, Biragapattada, Tirupathi, Cuddapah, Andhra Pradesh	S3-627563701	Shri Umang Industries Group Private-Limited Center	No 172, D.no.19-12-167, Biragapattada, Tirupathi, Cuddapah, AP
false_merge	0.9794186804461753	S1-774592392	Dosoft L.L.C.	21650 Nightingale Drive, Queen Creek, AZ	S2-45624015	THE  DOSOFT LLC	21651 NIGHTINGALE DRIVE, QUEEN CREEK, AZ
false_merge	0.7208478359442195	S1-738478572	Urgent Care Gulf Physicians Clinic	IL, 1244 Devonshire Road, Buffalo Grove	S3-720970288	Urgent Care-Gulf Physicians Federation	
false_merge	0.8911289022203723	S1-315401069	Rose (India) Designs Private Limited	21-3-140 Takarika Naka, Hyderabad, Telangana	S2-676195383	Rose (India) Designs Limited	NO 21-3-144 TAKARIKA NAKA, HYDERABAD, Andhra Pradesh
false_merge	0.9587251145058309	S1-140480574	Krittech Pharmaceuticals Private Limited	C/O Radhe Shyam Kishanlal Semriharchand Khandelwal Babai Road, Hoshangabad, Madhya Pradesh	S2-869468629	CRITTECH PHARMACEUTICALS  PRIVATE	C/O RADHE SHYAM KISHANLAL SEMRIHARCHAND KHANDELWAL BABAI ROAD, HOSHANGABAD, null, Madhya Pradesh
false_merge	0.9995502684515033	S1-203519583	Auriq Dte LLC	18408 E Limestone Road, Athens, AL	S3-561407006	L.L.C. Aurriq Dte	18408 East Limestone Rd, PO Box 8350, Athens, Alabama
false_merge	0.8413063245925821	S1-540555806	Vyky H. Mitchell, DO	1209 Monte Sereno Drive, Thousand Oaks, CA	S3-63239600	Vyky H. Mitchell, DZO LP (ID: 71260)	213 Monte Sereno Drive, City Of Thousand Oaks, California
false_merge	0.8799885036071367	S1-199642175	Leder Fork Private Limited	Alappuzha, Ambalapuzha, Alappuzha, Amcw 45/587 Survey No Bl/36 Rsy. 4, Kerala	S2-239002622	Mr Wexnylazeph	Keralam, AMBALAPUZHA, ALAPPUZHA, AMCW #45/587 SURVEY NO BL/36 RSY. 4
false_merge	0.7374026066592065	S1-658272914	Sarasendra Space Private Limited	112/212-3 Swaroop Nagar, Kanpur, Uttar Pradesh	S2-155730682	SARAZENDRA SPACE-PRIVATE LIMITED	112/212-3 SWAROOP NAGAR, KANPUR, उत्तर प्रदेश
false_merge	0.9990582347917489	S1-976634309	Raviam Technosystems Private Limited	Flat No. 706, Bldg No. 3, Sandstone Apt, Kanakia Rd, Thane, Maharashtra	S2-677440246	Ravviam Technosystems Private Ltd	FLAT NO. 70 , BLDG NO. 3, SANDSTONE APT, KANAKIA RD, THANE, Maharashtra
false_merge	0.9981067489391248	S1-317816867	Aarvva Beach Bhubaneswar	Plot No-M-51, Samanta Vihar, Near Nalco Square, Chandrasekharpur, Bhubaneswar, Khordha, Orissa	S2-679487656	Aarrvva Beach Bhubaneswar	PLOT NO-M-51, SAMANTA VIHAR, NEAR NALCO SQUARE, CHANDRASEKHARPUR, BHUBANESWAR, Odisha
false_merge	0.749664513015734	S1-966657587	Urgent Care Associates, Inc.	310 Howard Avenue, Rockville, IN	S3-398770300	Urgent Care Asshoihaets, Inc	Rockvillle, 319 Howard Ave, Indiana
false_merge	0.9711763400956613	S1-183127225	Upper Metro Copley LLC	5231 207th Street, Forest Lake, MN	S3-660624577	fmetro.com	207th St, PMB 5709, Forest Lake, Minnesota
false_merge	0.8961309101092094	S1-593321530	Pacific Altisource	235 Fitch Road, Clinton, MA	S3-447629198	Pacific  Altisource	
false_merge	0.7290627102242713	S1-637330053	Drayari Immersion, LLC	1746 E Drift Road, Westport, MA	S3-191264226	Drayari Immersion	
false_merge	0.8288538148048031	S1-498966014	Tejam Distillery	C/O Smt Meena Devi, Naya Tola, Bahadurpur, Sampatchak, Patna, Bihar	S2-388208520	Tejjam Dístillery	Bihar, NO 11 C/O SMT MEENA DEVI, NAYA TOLA, BAHADURPUR, SAMPATCHAK
false_merge	0.8023986414534285	S1-416018394	Sarkhejgandhinagarhighway Management Private Limited	Akalpya, Nearkarnavaticlub, Sarkhejgandhinagarhighway, Ahmedabad, Gujarat	S3-175270295	Sarkhejgandhinagarhighway Management Limited	#33 Akalpya, Nearkarnavaticlub, Ahmedabad, Sarkhejgandhinagarhighway, GJ
false_merge	0.9650406489083356	S1-331126839	Clyify Aerospace LLC	9152 C Avenue, Unit UNIT 95, Hesperia, CA	S2-587436532	Klyify Aerospace	9152 C AVENUE, HESPERIA, CA
false_merge	0.7646779110596066	S1-317556349	Lyrance Fortress LLC	6201 Taft Road, Cicero, NY	S2-93624178	LLC Lyranco Fortress	8201 TAFT RD, SYRACUSE, NY
false_merge	0.9200563865547553	S1-110363248	KU Securities Clinic	68 V O C Colony Ellai Thottam Road, Peelamedu, Coimbatore, Tamil Nadu	S2-276695957	Securities KH Clinic	##68 V O C COLONY ELLAI THOTTAM ROAD, PEELAMEDU, COIMBATORE, Tamil Nadu
false_merge	0.8682969841561756	S1-712719629	Taraya Beverage Associates	No.65, Modachur Road, Gobichettipalayam, Erode, Tamil Nadu	S3-290622424	taraova beverage associates	Door No 65, Erode, TN
false_merge	0.9172198422518484	S1-768552450	First Chemist Private Limited	5/7, Buroshibtala(Main) Road, Building No. 15, 5B, Kolkata, Kolkata, Howrah, West Bengal	S3-679995010	Irievo	Building No.15, 5B, 5Th Floor 5/7 Buroshibtala Main Road, Kolkata, Kolkata, Howrah, West Bengal
false_merge	0.7810306831784272	S1-63460	Legacy Beacon Municipal	396 Longmeadow Road, Amherst, NY	S2-573331693	VEOAVICIRA	396 LONGMEADOW RD, BUFFALO, NY
false_merge	0.9832372968704156	S1-77175610	Horizon Mortgage Consultants Inc.	Fauquier County, 4378 Sunset Court, VA	S3-351363397	Horizon Mortgage Consultants [Inc]	438 Sunset Ct, Fauquier County, Virginia
false_merge	0.9915676171111135	S1-281457379	Haryana Management Private Limited	Purshotam Niwasschool Road The Mall Karnal, Haryana, Karnal, Haryana	S2-899068442	HARYANA MANAGEMENT PRIVATE LIMITED	
false_merge	0.7269587277443809	S1-443288735	Prime Business Solutions Inc.	3406 Park Hill Place, Fairfax City, VA	S3-207595290	Prime 8usiness  Solutions [Inc]	3408 Park Hill Pl, Fairfax, Virginia
false_merge	0.999461596889982	S1-476055642	Auriq Hub Inc	1649 Summit Avenue, New Albany, IN	S2-749831468	Aurriq Inc Center	NEW ALBANY, IN, 1649 SUMMIT AVENUE
false_merge	0.7424161187933537	S1-370418371	Vantay Earth LLC	CA, Thousand Oaks, 583 Rio Grande Circle	S3-930596489	Vantaya éarth LLC	583-587 Rio Grande Circle, Thousand Oaks, California
false_merge	0.9888339824709953	S1-682251247	Aditya Center Pvt Ltd	C/O Dileswar Bariha, Nuapali, Rengali, Sambalpur, Orissa	S2-646346654	ADITYAYN CENTER	C/O DILESWAR BARIHA, NUAPALI, RENGALI, ଓଡ଼ିଶା
false_merge	0.9253705163455136	S1-954086539	Wright, Berte, D.D.S.	10300 Shinnecock Hills Drive, Austin, TX	S3-693961904	Wright, Berte,  D.D.S.	
false_merge	0.8384909571772491	S1-222716756	Lumova Beauty LLC	25 Wall Street, Unit B, Canton, MA	S2-806660203	LUMMOVA BEAUTY BEAUTY	26 WALL ST, CANTON, MA
false_merge	0.7633689898628189	S1-699868196	Vantio Launch	2110 Blowing Rock Boulevard, Lenoir, NC	S2-323274735	Vanntio Launch Corporation	2123-2127 BLOWING ROCK BLVD, LENOIR, NC
false_merge	0.9898860811198864	S1-203552524	Aarvva Intercontinental Limited	F No.103 T/F Sheikh Sarai, New Delhi, South Delhi, Delhi	S3-995435305	Aarrvva Intercontinental Limited	F No.103 T/f Sheikh Sarai, New Delhi, South Delhi, DL
false_merge	0.9168105327066775	S1-596523020	Kestance Healthcare Inc	17 Prospect Street, Clinton, MA	S3-218266426	Kestanceyn Inc Healthcare	17-C Prospect Street, Clinton, Massachusetts
false_merge	0.8921689390036404	S1-260570537	VZT Properties Private Limited	11/187, Indira Nagar, Lucknow, Uttar Pradesh	S2-368028043	Violumarc	9/187 INDIRA NAGAR, LUCKNOW, उत्तर प्रदेश
false_merge	0.986080890463205	S1-471618854	Shaikpet Marketing Co	F No 5, 3Rd Floor, P No 3, Siris Lotus Bliss, Shaikpet, Hyderabad, Telangana	S3-627478951	#5haikpetmarketing	No 5Th Floor, Shaikpet, Hyderabad, తెలంగాణ
false_merge	0.9171381640743227	S1-140908706	Gold Enterprises	Office No. 201, Second Floor, 14/123-A Gopala Chamber, Parade, Kanpur, Uttar Pradesh	S2-330386001	गोल्ड Enterprises Limited	OFFICE NO. 20, SECOND FLOOR, 14/123-A GOPALA CHAMBER, PARADE, KANPUR, उत्तर प्रदेश
false_merge	0.9620131920402354	S1-359248286	Gomez Highland Living Inc.	48605 210th Avenue, Scarville, IA	S2-760473374	Gomez Living Inc Services	48607 210TH AVENUE, SCARVILLE, IA
false_merge	0.9094851640608438	S1-228826226	Technology Rishon Consulting Private Limited	2Nd Floor, 83H1, Lawrence Building Opp:Apn Plaza, Chettikulam, Nagercoil, Tamil Nadu	S2-266623818	technology rishon consulting limited	H.NO ND FLOOR, 83H1, LAWRENCE BUILDING OPP:APN PLAZA, CHETTIKULAM, Tamil Nadu
false_merge	0.7309575201213837	S1-559425022	Bengaluru Home Limited	R-1, Vijay Enclave, 33/2, 12Th Cross, 8Th Main, Malleswaram, Bengaluru, Bangalore, Karnataka	S3-621956652	Bengaluru Services Límited	R-12, Vijay Enclave, 33/2, 12Th Cross, 8Th Main, Malleswaram, Bengaluru, Bangalore, ಕರ್ನಾಟಕ
false_merge	0.9936176652769187	S1-470178700	Pashupati India (India) Private Limited	C/O Vijay Singh, Vpo Budhwal Narnuaul, Nangal Choudhary, Mahendragarh, Haryana	S3-929737917	Pashupati India India Private Limited	
false_merge	0.9764279990866341	S1-306978724	Kamar India Ltd	4Th Floor, Blk, Sector-17, North West Delhi, H. No.190, Delhi	S2-311705866	Kamar (india) Ltd	H. NO.201, 4TH FLOOR, BLK, SECTOR-17, DELHI, Delhi
false_merge	0.8112672900924075	S1-845564448	Green Hospitality Limited	House No. 104, Gautam Nagar, New Delhi, South Delhi, Delhi	S3-352484125	Quolyrakelo	Plot No. 104, Gautam Nagar, Bhopal, Madhya Pradesh
false_merge	0.9887588622089392	S1-446251078	Galaxy Impex Pvt Ltd	Shop A 4 Narendra Park Bldg No D-1, Naya Nagar Road Opp Narendr Park Jupitar Bldg, Thane, Maharashtra	S3-376992583	गैलेक्सी Impex Limited	Shop A 4 Narendra Park Bldg No D-4, Thane, MH
false_merge	0.9234879525667149	S1-423458311	Kanoria (India) Industries Private Limited	Bhagiyalakshmi Naga, Muthalipalayam, Arasur (Post), Mudalipal, Tamil Nadu, 1/235, Coimbatore	S3-181885093	Kanoria (India) Industries [Limited] [Limited]	Block G-166 1/239, Coimbatore, தமிழ்நாடு
false_merge	0.881189221342286	S1-75237492	Dynamic Automation Collective	NY, 165 Arbor Crest, Somers	S3-728478677	Irigild	Somers, New York, ##165 Arbor Crest
false_merge	0.7114897446647112	S1-706513084	Vantify Nmp	1101 Saylors Place, Jonesborough, TN	S3-496897790	Vantifyyn Nmp	Tennessee, 1101 1/2 Saylors Pl, Jonesborough
false_merge	0.9969694700910484	S1-910811385	Ziraesh Travels Private Limited	Gala No 103, Bldg No D3B, Asmeeta Textile Park, Bhiwandi Thane, Mumbai City, Maharashtra	S3-737307821	Ziraezh Travels Prioate Limited	Gala No 103, Bldg No D3b, Asmeeta Textile Park, Bhiwandi Thane, Mumbai City, महाराष्ट्र
false_merge	0.8406309990468186	S1-16734075	Gabriela Robinson Black LLC	118 Brookmoor Road, West Hartford, CT	S2-898675565	Gabriela [Robinson]	
false_merge	0.9361330013236144	S1-346234722	Vanguard Transit Brands LLC	30 Ridge Square, Unit 811, Washington, DC	S3-744589876	Vanguard Trtánsit Brands	
false_merge	0.8942779916204746	S1-425743633	Consultants Ellora Kitchen Private Limited	Plot No. 84, Lohagal, Ajmer, Rajasthan	S2-770359019	Consultants Ellora Cee Limited Private	#95 , LOHAGAL, AJMER, Rajasthan
false_merge	0.9048684080733362	S1-586899051	Ram Impex Private Limited	14/27, Shastri Nagar, Rewa., Madhya Pradesh	S2-546842778	राम इम्पेक्स प्राइवेट लिमिटेड	L.I.G- 2/14/654, REWA, Madhya Pradesh
false_merge	0.999682064139264	S1-805696653	Veterans Committee III Center	13602 Greystone Ave, Louisville, KY	S2-396208016	VETERANS CÓMMITTEE II CENTER	13602 Greystone Ave, LOUISVILLE, KY
false_merge	0.9905380869796366	S1-330209148	Tulja Consultants LLP	Flat No703 Bldg No64, Evershinemilleniumparadis, Kandivali East, Mumbai, Maharashtra	S2-51598361	Tulja Consultants	
false_merge	0.9794861791643147	S1-185066940	White Investment Private Limited	No. 2924, Third Floor, 14Th Cross, K.R. Road, Banashankari Ii Stage, Bengaluru, Bangalore, Karnataka	S2-22783309	ವೈಟ್ ಜಯ್ ಇನ್ವೆಸ್ಟ್‌ಮೆಂಟ್ ಲಿಮಿಟೆಡ್	NO-10, BENGALURU, BANGALORE, Karnataka
false_merge	0.9459938539373592	S1-261108210	Future Agro Pvt Ltd	677 1St Floor 27Th Main 13Th Cross Hsr Layout Sector 1 Bangalore, Bangalore, Karnataka	S3-554777158	Ltd Future Agro	#1, Bangalore, KA
false_merge	0.8226941894792013	S1-614139743	Anand Products Limited	Shop No 29, First Floor Palika Bazar, Ghaziabad, Uttar Pradesh	S3-20130191	QXG Products Limited	H.no. 29 Firt Floor, New Delhi, South Delhi, DL
false_merge	0.8643403788574379	S1-603363148	BAY Services Private Limited	101 Chaudhary Complex9 Madhuban Road Vikas Marg, Delhi, East Delhi, Delhi	S3-47388016	Bay Services	
false_merge	0.9971416624846896	S1-610799835	Proman Group of Companies	3/9, Raje Raghuji Nagar, Nagpur, Maharashtra	S3-333799419	Proman Group Of Companies	3/30, Nagpur, Raje Raghuji Nagar, MH
false_merge	0.7272622690332524	S1-784227259	HBE Labs Co	4-162, C3 Center, Don Bosco Nagar Post Office Kismatpura, Rajendranagar Mandal, Hyderabad, Telangana	S2-391501264	BE Labs Co	PLOT 460 4-162, C3 CENTER, DON BOSCO NAGAR POST OFFICE KISMATPURA, RAJENDRANAGAR MANDAL, Telangana
false_merge	0.7486610868768646	S1-922218422	Rk Academy	Andheri West, Mumbai, Maharashtra	S2-967411394	Vioyumasyn	307, ANDHERI (W), MUMBAI, Maharashtra
false_merge	0.9825272293555194	S1-309112368	Neelkanth & Brothers Limited	Karur, Vadivel Nagar, Madurai By-Pass Road, Andankoil East, Karur, No. 9/28/2, Tamil Nadu	S3-939140947	Neelkanth &-Brothers LLP	H.no 9/28/2, Karur, TN
false_merge	0.8459790828374025	S1-58514151	Kestrel Enterprises Inc	918 6th Avenue, Unit APT 2S, La Grange, IL	S3-578383888	kestrel inc. Enterprises	
false_merge	0.9220715030099645	S1-319076057	Richa Seva Samiti	Plot No. 49, Vaibhav Society Bibwewadi, Sr. No. 635/1, Maharashtra, Pune	S3-676763910	Richa-Seva Samiti LLP	Sr. No. 635/12, Plot No. 49, Vaibhav Society Bibwewadi, Pune, MH
false_merge	0.9988350790753348	S1-186542938	Historical Fund	101 Hall Avenue, Belington, WV	S2-797100184	Historical Fund Inc	NULL, BELINGTON, WV, 101 HALL AVE
false_merge	0.7984964201182807	S1-191050184	Guidry Generation Associates	116 1/2 Wisconsin Avenue, City Of Appleton, WI	S2-150008003	Guidry Generation Associates Corp	116 1/13 WISCONSIN AVE, APPLETON, WI
false_merge	0.7677418084509519	S1-189252297	Pranendra Foods Private Limited	A3/503 Golf City, Sector-75, Noida, Gautam Buddha Nagar, Uttar Pradesh	S3-739344406	Limited Prranendra Private Service	A003/510 Golf City, Sector-75, Noida, Greater Noida, UP
false_merge	0.7503496220149236	S1-950460011	Bright Engineering Private Limited	Phase - Ii, Plot No - 86 Kasba Industrial Estate, Kolkata, Kolkata, Howrah, West Bengal	S3-602754921	Bright Limited Engineering	পশ্চিমবঙ্গ, Plot No - 86 Kasba Industrial Estate, Kolkata, Howrah, Kolkata, 65 Phaes - Ii
false_merge	0.9732577278409794	S1-318311028	Yamuika Dairy Private Limited	Bhanushali Chamber, 168, Sant Tukaram Road, Mumbai, Maharashtra	S3-634318912	Yamuica Dairy [Private]	Bhanushali Chamber, Sant Tukaram Road, Mumbai, MH
false_merge	0.9658429609283983	S1-370313903	Studio Services Private Limited	Awfis, 24 Residency Road, Saberi Complex, Bangalore, Bangalore North, Bangalore, Karnataka	S3-823206859	STUDIO SERVICES PRIVATE LIMITED	
false_merge	0.8984023185396266	S1-806988187	Novay Huntington Inc	4220 Brownsboro Road, Unit 26, Winston-salem, NC	S3-65298623	Inc Novayyn Huntington	4220 Brownsboro Road, Winston-Salem, North Carolina
false_merge	0.9216636681136172	S1-462836984	Kritan Machines Private Limited	Opp. Shiv Vallabh Road Western Express Highway, Dahisar East, Maharashtra, W P Akbar Market Way, Mumbai City, Mumbai	S3-959756468	Kritant Limited Private Machines	W P Akbar Market Way, Opp. Shiv Vallabh Road Western Express Highway, Dahisar East, Mumbai, महाराष्ट्र
false_merge	0.9926462941845345	S1-455417532	Creative Supreme Arts	29859 Blue Sky Drive, Seven Bays, WA	S2-912929236	Creative Supreme Arts | www.creatives.com	
false_merge	0.9665548348956774	S1-771935804	Wonder Technologies Private Limited	Ps Qube, Unit No.1016, Action Area-Iid, New Town, North 24 Parganas, West Bengal	S3-363739993	Wonder Private Services Limited - 4855264618	No 72 Ps Qube, null, North 24 Parganas, WB
false_merge	0.7807825811357819	S1-239588019	Suryanth Engineers Private Limited	209, Central Arcade, Gurgaon, Haryana	S2-538883172	Suryantha Engineers  Private [Limited]	PLOT 7-75 209, CENTRAL ARCADE, GURGAON, हरियाणा
false_merge	0.9378811900116236	S1-221518213	Fern Center Pvt Ltd	47/346/14, Near Bypass, V N Tower Complex, Mepparmba, Palakkad, Kerala	S2-409554759	Fern Center	
false_merge	0.8601069762865838	S1-778307912	IT Conductors Private Limited	Merit Complex, Nr Ramkrupa, Opp Vns Perfume, University Road, Rajkot, Gujarat	S3-846910636	At Conductors Private Limited	Merit Complex, Nr Ramkrupa, Opp Vns Perfume, University Road, Rajkot, GJ
false_merge	0.9993296961626157	S1-44037033	Peridara Ford LLC	Ontario, CA, 4030 New Haven Drive	S2-904690092	LLC Perridara Ford	4030 NEW HAVEN DRIVE, ONTARIO, CA
false_merge	0.8873586418068992	S1-218243302	Kritin Training Limited	No. 36 / 37, 5Th Cross, Parvathi Nagara, Laggere Main Road, Bangalore, Karnataka	S3-701764474	Krittis Training  Limited	No. 36 / 37, 5Th Cross, Parvathi Nagara, Laggere Main Road, Bangalore, KA
false_merge	0.7407767267364981	S1-146173080	Sashakt Sangh	C/O Mr. Ashok Kumar, H. No.8, Plot No.18, Vill Sultanpur Colony, Mehrauli, New Delhi, Delhi	S3-704585011	Sashakt LLP Sangh	H. No.8, Plot No.18, Vill Sultanpur Colony, Mehrauli, #D/7 C/o Mr. Ashok Kumar, New Delhi, दिल्ली, New Delhi
false_merge	0.8408352941011705	S1-666699353	Pediatric Dentistry Heartland Associates	507 Seaview Drive, Edenton, NC	S2-987026781	PEDIATRIC DENTISTRY HEARTLAND ASSOCIATES	
false_merge	0.8006269948660332	S1-769710562	Hari My Engineering Limited	A-146/2 F/F Man Singh Market Kh No. 199 Som Bazar Pusta- 4 1/2 Gamri, Delhi, East Delhi, Delhi	S2-886315432	हरि माय इंजीनियरिंग एलएलपी	A-146/2 F/F MAN SINGH MARKET KH NO. 199 SOM BAZAR PUSTA- 4 1/4 GAMRI, EAST DELHI, DELHI
false_merge	0.9950069668751839	S1-276256767	Mique Enterprises	213 9th Street, Yakima, WA	S3-792820925	Mique Enterprises	
false_merge	0.8314410805634966	S1-481101130	Sangita Engineering Pvt Ltd	Flat No 504, Jwc, Door No 2-50/Jwc/N-504, Seri Lingampally, K.V.Rangareddy, Telangana	S3-886710704	Sangita Pvt Ltd Center	
false_merge	0.8816202843576673	S1-320485110	Zirava Group	Ground Floor, D N Complex, No.57, Lakshami Talkies Road, Shenoy Nagar, Egmore Nungambakkam, Chennai, Tamil Nadu	S3-32020213	Zirrava  Group	Door No 20 Ground Floor, Egmore Nungambakkam, Chennai, TN
false_merge	0.8227074358319947	S1-254571584	Pune Mill Private Limited	C, Asawari, H.No 1607, Nanded City Sinhagad Road, Nanded Village, Pune, Maharashtra	S2-945500288	Pune Mill Limited	57 C, ASAWARI, H.NO 1607, NANDED CITY SINHAGAD ROAD, NANDED VILLAGE, PUNE, Maharashtra
false_merge	0.9980579509959274	S1-982366306	LIT Kripa Private Limited	3C/4, New Rohtak Road Karol Bagh, New Delhi, New Delhi, Central Delhi, Delhi	S2-628153577	LIIT Kripa Private	NO. 851 3C/4, NEW ROHTAK ROAD KAROL BAGH, NEW DELHI, NEW DELHI, Delhi
false_merge	0.8495219466389793	S1-307232721	Highland Partners Partners	3903 Desert Broom Drive, AZ, Chandler, Fl 1	S2-431638020	Highland Partners Partners	
false_merge	0.9961729432025996	S1-470306136	YSL Consultancy Pvt Ltd	Dhuandol Dhuandol, Majauli, Sidhi, Madhya Pradesh	S2-558572466	YYSL CENOLSRAULTANCY PVT-LTD	DHUANDOL DHUANDOL, MAJAULI, Madhya Pradesh
false_merge	0.9991827985281174	S1-187981053	Pranendra Producer Private Limited	Flat No.-2, A/181, Janardan House Saheed Nagar, Bhubaneswar, Khordha, Orissa	S3-899233221	Prranendra Producer Private	A/181, Janardan House Saheed Nagar, Flta No.-2, Khordha, Orissa, Bhubaneswar
false_merge	0.8445192161902336	S1-29949143	Sakhi Trading Private Limited	I/895, Delhi, East Delhi, Delhi, Mansorovar Park Shahdara	S3-883500246	Brixgild	Delhi, East Delhi, I/895, DL, Mansorovar Park Shahdara
false_merge	0.8865430453573415	S1-84840467	Systems Green Farmer LLP	Flat No.29/A, 1St Cross, Rmv 2Nd Stage Bhoopasandra, Bengaluru, Bangalore, Karnataka	S3-517239789	Vantageonyx	No 29/A, Bengaluru, Bangalore, KA
false_merge	0.9764123568854791	S1-453768744	First Community Church Group	4221 Roselawn Avenue, Columbus, IN	S3-113874702	First Community Church Group	4222 Roselawn Ave, Columbus, Indiana
false_merge	0.996040437758084	S1-968166467	Shiva Enterprises Private Limited	H .No.7-1-618/Ev/207, Flat No # 207, Adityaenclave Everest Block, Ameerpet, Hyderabad, Telangana	S3-383386812	ST	H .No.7-1-618/Ev/207, Flat No # 207, Adityaenclave Everest Block, Ameerpet, Hyderabad, Telangana
false_merge	0.9635004434600141	S1-243055793	Drayyn Dpc Inc	Fl 0, 8834 Sturdy Drive, MO, Saint Louis	S3-35539576	Driyyn Inc Dpc	Fl 0, Missouri, St Louis, 8834 Sturdy Dr
false_merge	0.7097301283210746	S1-629647369	Raghuram Educational Society	Telangana, Hyderabad, Sri Krishna Nagar Colony, Roadno - 5, P & T Colony, Dilsuknagar, H.No- 15-4/A	S3-752412159	Raghuram-Educational Society LLP	H.no- G-15-17/a, Sri Krishna Nagar Colony, Roadno - 5, P & T Colony, Dilsuknagar, Hyderabad, Secunderabad, TG
false_merge	0.9867188698115666	S1-292183536	Johnson, Fernandez and Stultz Next Inc.	2504 Stonemark Court, City Of Wilson, NC	S2-877612480	JOHNSON, FERNANDEZ & STATZ NEXT INC	NC, 2506- STONEMARK COURT, WISON
false_merge	0.9649070022692429	S1-540548603	Indriya Pee Pvt. Ltd.	C/O Reeta P J, Chettikulangara, Kozhikode, Kerala	S2-590595932	Inndriya Pee Pvt. Ltd.	കേരളം, NO 0023 C/O REETA P J, CHETTIKULANGARA, KOZHIKODE
false_merge	0.9867247433918652	S1-428321566	Heritage Education Works LLC	2000 Dayton Ave, Ames, IA	S3-583833770	Heritage Education Works LLC	2000 Daid Ave, Kenai Peninsula Borough, Alaska
false_merge	0.9456718358349744	S1-9608670	Jarleon British Inc	4131 Geneva Avenue, Unit Suite 119, Oakdale, MN	S3-397995978	Inc Jarrleon British	414 Geneva Ave, # Suite 119, Oakdale, Minnesota
false_merge	0.9791205435204889	S1-209343471	Silver Hospitality Private Limited	4Th Floor, Delite Chiema Building 4/1, Asaf Ali Road, Delhi, Delhi, East Delhi, Delhi	S2-399522823	सिल्वर हॉस्पिटैलिटी लिमिटेड	#TH FLOOR, DELITE CHIEMA BUILDING 4/1, ASAF ALI ROAD, DELHI, NEW DELHI, EAST DELHI, Delhi
false_merge	0.9926422325595764	S1-396127777	Gadaex LLC	2023 Powell Avenue, Bronx, NY	S2-734874284	GADAEX  LLC | www.gadaexll.com	
false_merge	0.996791351904638	S1-695644810	Ivenium Xsolla Inc	1810 Promenade Circle, Unit APARTMENT 1011, Union, KY	S2-430010304	Ivvenium Xsolla	KY, 1810 PROMENADE CIR, UNION
false_merge	0.7715611113472556	S1-713069979	Ridge Council Inc.	3311 Foster Avenue, Chicago, IL	S2-342745833	RIDGE COHTCL INC	3324 FOSTER AVE, CHICAGO, IL
false_merge	0.9638531152200391	S1-983733159	Kestay Ethereum Group	3115 Allens Lane, Evansville, IN	S2-229483093	Kestiy Ethereum Ethereum	3115 ALLENS LN, EVANSVILLE, IN
false_merge	0.8381432693205273	S1-435181768	Thermax & Co Company	Thane, Maharashtra, Thane, H No.686, Teris Navshibai Compound G B Road, Thane West	S2-732802785	Shri THERMAX & COMPANY	
false_merge	0.7051800478667877	S1-296921658	Vakratund Agro Private Limited	S/O Anwar Alam, H.N. A 7, Gali No. 1, Jai Bharat Enc, Loni, Ghaziabad, Uttar Pradesh	S3-596220488	VAKRATUND AGRO LIMITED	Door No 41 S/o Anwar Alam, H.n. A 7, Gali No. 1, Jai Bharat Enc, Loni, Ghaziabad, UP
false_merge	0.9997813522262655	S1-141932336	Ivenent Tribeca of Wendell	Wendell, NC, 7203 Doc Procter Road	S2-745354505	Ivvenent Tribeca of [Wendell]	7203- DOC PROCTER RD, WENDELL, NC
false_merge	0.8415107233611226	S1-438586068	Electronic Nutrition Alliance LLC	64 Harbor Road, Matinicus Isle Plt, ME	S3-14695174	Electronic Nutrition	
false_merge	0.9702242053939768	S1-57638229	Chawaribazar Aquatech Private Limited	5/5, Makki Market, Chawaribazar, Delhi	S3-647170595	Chawaribazar Aquatech Holdings Private Limited	5/12, Makki Market, Chawaribazar, Delhi, DL
false_merge	0.8130513880093885	S1-160018476	Smart Consultants Private Limited	Mumbai, Flat No.504, Maharashtra, 5Th Floor, Sukh Sagar, N. S. Patkar Marg, Girgaon Chowpaty, Mumbai	S2-251704817	स्मार्ट कंसल्टेंट्स प्राइवेट लिमिटेड	MUMBAI, महाराष्ट्र, FLAT NO 11
false_merge	0.7227250641648824	S1-997787411	Jahnvi Media Center	139 Rabindra Sarani1St Floor, Kolkata, Calcutta, West Bengal	S3-895834037	Jahnvi  Media	
false_merge	0.9473473759149387	S1-786056553	Pranora Dairy Private Limited	# Plot 3, 4, 7, 8, Vaibhav Meadows, S5, 1St Block 1St Main, 2Ndstage, Behind Bda Complex, Nag, Arabhavi, Bangalore, Karnataka	S2-242524421	PRRANORA DAIRY	# PLOT #5, 4, 7, 8, VAIBHAV MEADOWS, S5, 1ST BLOCK 1ST MAIN, 2NDSTAGE, BEHIND BDA COMPSEX, NAG, ARABHAVI, BANGALORE, Karnataka
false_merge	0.9704605804326	S1-500092778	Aarvaksh Health Partners	8 Km Stone Narwana Road Village Jhanj Kalan, Jind, Haryana	S3-843073784	Aarvakix Héalth Partners	H.no 8 Km Stone Narwana Road Village Jhanj Kalan, Jind, HR
false_merge	0.7978265270847876	S1-982038482	Lumova Iii	303 Mt Zion Road, Church Hill, TN	S3-218906719	Lummova Iii LP	305 Mt Zion Rohd, Church HILL, Tennessee
false_merge	0.8260589905601158	S1-93794039	Kaverin Medicare Private Limited	S.No.154/P2, B/H. Vivanta Ceramic Tal. Morbi, Bela Rangpar, Rajkot, Gujarat	S3-212894012	Caverin Medicare Private	S.no.154/p2, Bela Rangpar, GJ
false_merge	0.9998958596683801	S1-48232116	Heather W. Mckeever, DDS, DDS PC	118 Wolcott Street, Portland, ME	S2-103255762	Heather W. Mckeever, DS, DDS	118 WOLCTT ST, PORTLAND, ME
false_merge	0.9603533930686325	S1-369272796	Aarvanth Future Private Limited	39/2475-B1, Suite 867, Lr Towers, Sjrra 104, South Janatha Road, Kochi, Ernakulam, Kerala	S3-916477124	Aarrvanth Ffrhture Private Limited	Hn 683 39/2475-B1, Ernakulam, കേരളം
false_merge	0.8247285249503253	S1-162554977	Dental Group of Kingsport, L.L.C.	Kingsport, TN, 815 Wood Court	S3-141345852	Dental Group of Kingsport, LLC	Kingsport, 816 Wood Ct, Tennessee
false_merge	0.7875343182611725	S1-720434170	Hounsfield Cultural Certified Institute	14273 Theriault Road, Hounsfield, NY	S2-922267143	Hounsfield Cultural Certified Institute Inc	14293 THERIAULT RD, HOUNSFIELD, NY
false_merge	0.9488041431561918	S1-833712976	Mclaughlin, Irita, MD	3088 Heath Avenue, Bronx, NY	S3-366854149	Mclaughlin, Irita, RD	3088 Heath Ave, Bronnx, New York
false_merge	0.9994475901630083	S1-459872032	Brightay Mercator LLC	5203 Pinar Trail, Killeen, TX	S3-756772492	Brrightay Msatro LLC	Texas, Killeen, 5203 Pinar Trl
false_merge	0.9993596064250532	S1-285719009	Yamuan Developers Private Limited	Ge 5070, 5Th Floor, Bharat Diamond Bourse Complex, Bandra Kurla Complex, Mumbai, Maharashtra, Mumbai	S2-908590274	Limited Yammuan Developers Center	GE 5070, 5TH FLOOR, BHARAT DIAMOND BOURSE COMPLEX, BANDRA KURLA COMPLEX, MUMBAI, Maharashtra
false_merge	0.7628059158255562	S1-278442936	Yamuraj India Ltd	Ground Floor, 3005, Plot No. 18, Khasra No. 288 Near M2K Sant Nagar, Shakur Basti, Delhi, North Delhi, Delhi	S2-618354928	Yammuraj India	H.NO ##47 GROUND FLOOR, 3005, PLOT NO. 18, KHASRA NO. 288 NEAR M2K SANT NAGAR, SHAKUR BASTI, DELHI, Delhi
false_merge	0.8062874354928872	S1-970272824	Jones Telefonica-Rosemount	14094 Adrian Court, Rosemount, MN	S3-205946305	Jones Telefonica-Rosemount Corp	Rosemount, Minnesota, 14095 Adrian Ct
false_merge	0.7183515825231335	S1-619839578	Optimal Safe Agricultural Group	532 Flower City Park, Rochester, NY	S3-78753774	Optimal Safe Agricultural Group	545-C Flower City Park, PMB 5718, Rochster, New York
false_merge	0.8026265114243046	S1-803514879	De Leasing (India) Private Limited	61/11706, Mashriq Shoping, Complex, Second Floor, Kozhikode, Kerala	S3-476774071	De Leasing  (India) Limited	61/11715, Kozhikode, KL, Kozhikode
false_merge	0.7040339421450106	S1-747083011	Orthopedic Care of Sacramento	4500 Bradford Drive, Sacramento, CA	S2-786556982	Obsdhan	#4500 BELOIT DR, SACRAMENTO, CA
false_merge	0.9998083432823451	S1-761171334	BSS Energy Private Limited	Gut No. 225, P. No. 17, Sambhaji Nagar, Near Subhadra Mangal Karyalaya, Nanded, Maharashtra	S2-324868271	*** BS Energy Private Límited	GUT NO. 225, P. NO. 17, SAMBHAJI NAGAR, NEAR SUBHADRA MANGAL KARYALAYA, NANDED, Maharashtra
false_merge	0.7730132541656413	S1-109847324	Medeiros and Fuerte	76 Eagle Way, Smiths Grove, KY	S2-630064738	>> Veraonyx	KY, SMITHS GROVE, EAGLE WAY
false_merge	0.9979998953207377	S1-65145991	Marigold & Brothers Private Limited	38- E, 4Th Floor, Lig Flat, Pkt-B Sec-3, Phase-1, Dwarka, New Delhi, West Delhi, Delhi	S3-719828866	Marigold & Brteiirs Private Limited	
false_merge	0.7742640584178294	S1-874447319	Jini Products Private Limited	Sun Magnetica, 5Th Floor, Lic Service Road, Louiswadi, Thane, Maharashtra	S3-800740045	Dr Jini Products Limited	No 54 Sun Magnetica, 5Th Floor, Lic Service Road, Thane, Louiswadi, MH
false_merge	0.8662455921259412	S1-954835995	Oliver, Malorie, DO, PC	1507 Willey Street, Unit 318, Morgantown, WV	S2-866281615	PC Malorie, HO, Oliver,	##1507 WILLEY ST, MORGANTOWN, WV
false_merge	0.9965889743770828	S1-565051563	Peridan Cayman LLC	23590 Coleta Road, IL, Chadwick	S3-897998353	Perridan Cayman	3590 Coleta Road, Chadwick, Illinois
false_merge	0.9995670900486903	S1-653535108	Jarlio Total Inc	39 Greenwich Boulevard, Unit APT 110, Clover, SC	S2-469191206	Jarrlio Tl Inc	39. GREENWICH BLVD, CLOVER, SC
false_merge	0.8145366428976746	S1-726137684	Vision Smart Health	15407 89th Street, Otsego, MN	S3-55566238	Vision Smart-Health	
false_merge	0.9460346535385712	S1-574088256	Varshva Blue	27C/4Gautam Nagar, New Delhi, South Delhi, Delhi	S2-464123377	Varshari  Blue	27C/4GAUTAM  NAGAR, NEW DELHI, Delhi
false_merge	0.9612517060337082	S1-842627008	Aarvva Capital LLP	Kerala, Kallayi Complex, Malapuram, Maruthingal, Nilambur, Malappuram	S3-900193134	LLP Aarrvva Capital	88 Kallayi Complex, Maruthingal, Nilambur, Malappuram, KL
false_merge	0.744295668452969	S1-982040610	Overseas Holdings	2 Anand House Saket Community Center, New Delhi, South Delhi, Delhi	S2-292170060	Overseas Holdings	
false_merge	0.9881975190443243	S1-333251675	Indrendra Lal Private Limited	Antarwala, Tal. Ambad, Jalna, C/O. Avdhut Rambhau Khadke G. No. 54, Maharashtra, Jalna	S2-439702210	INNDRENDRA LAL PRIVATE LIMITED	C/O. AVDHUT RAMBHAU KHADKE G. NO. 54, ANTARWALA, TAL. AMBAD, JALNA, Maharashtra
false_merge	0.7669272177749671	S1-826700153	Rrb Brothers Private Limited	A-145, Pocket-00 Sector-2, Rohini, Delhi	S2-122713563	Rrb Limited Br0thers	A-146, POCKET-00 SECTOR-2, ROHINI, Delhi
false_merge	0.9472083953094634	S1-210477485	Bell Modern Mines	622 9th Avenue, Williston, ND	S3-810675506	Steuber Mines Modern	622 Ninth Ave, Williston, North Dakota
false_merge	0.9448699217793192	S1-476644286	Southern Infrastructure Inc	3340 Dan Hood Road, Mint Hill, NC	S3-453749952	Southern Infrastructure	
false_merge	0.7112105532274094	S1-34715537	KB Solutions Private Limited	C/O Mrs. Bhavna Bajpai, Shop-Gf-2, Pushvanath, Ghaziabad, Uttar Pradesh	S2-442787694	KB Solutions Limited	NO 94 C/O MRS. BHAVNA BAJPAI, SHOP-GF-2, PUSHVANATH, GHAZIABAD, Uttar Pradesh
false_merge	0.8973650857240261	S1-637192755	NHG Harbors	7763 New Providence Drive, Unit STE 53, Fairfax County, VA	S2-38155170	Unhg Harbors Harbors	7763 NEW PROVIDENCE DRIVE, FAIRFAX COUNTY, VA
false_merge	0.8359897536484573	S1-225973931	G & B Wireless Inc	3 Church Street, Fairchance Borough, PA	S2-605152572	G & B Wrieldss Inc	
false_merge	0.771661822105513	S1-560133613	Zoya Infotech LLP	Shop No.2, D.K.Sandu Marg, 10Th Road, Chembur, Wef.18.11.97, Mumbai, Maharashtra	S2-25286419	Zoya  Infotech	
false_merge	0.9131337746804594	S1-996187041	QO Polymers Private Limited	A 78 Ff J P Garden, Ghaziabad, Uttar Pradesh	S2-857542336	QO Private Limited Partners	
false_merge	0.9159186628877404	S1-125067267	Shraddha Salesmart Partners	D - 3, Street No - 8, Jagatpuri Ext, Shahdara, New Delhi, Delhi	S2-975622724	Limited Shraddha Salesmart Partners	D - 5, STREET NO - 8, JAGATPURI EXT, SHAHDARA, NEW DELHI, Delhi
false_merge	0.9880215121331207	S1-528773213	Womens Health Center Associates	151 Andrus Road, Northwood, OH	S3-154060218	Womens  Health Center Associates	
false_merge	0.9267363778331528	S1-658975678	Clyiq Texas LLC	Seneca Falls, NY, 104 State Street	S2-871429604	CLYIANT TEXAS ([LLC])	10 STATE STREET, SENECA FALLS, NY
false_merge	0.9879174845085806	S1-395452583	Custom Wireless Group Inc.	Mesa, AZ, Unit 430, 7750 Broadway Road	S2-158250357	Custom Wireless Group (Inc)	7759 BROADWAY ROAD, MESA, AZ
false_merge	0.989159559442608	S1-833680668	Nagaksh Marcom Private Limited	House No-51, Old Rang Puri Road, Rangpuri, Delhi, Delhi, South West Delhi, Delhi	S2-137847441	Nagacsh Marcom Private Limited	HOUSE NO-51, OLD RANG PURI ROAD, RANGPURI, DELHI, DELHI, Delhi
false_merge	0.7621599842234966	S1-147202166	Taproot Science (India) Private Limited	Fl No C-603 S No 685/1 Mudra, Society Satara Road, Pune City, Pune, Maharashtra	S3-459587843	*** Taproot  Science (India) Limited	Fl No C-603 S No 685/10 Mudra, Society Satara Road, Pune City, Pune, MH
false_merge	0.9597836913612168	S1-520492606	Nagora Research Clinic	669/8, Basil Kulamada, Kizhakkenela, Parippally, Kollam, Kerala	S3-861537486	Nagorayn Research	669/8, Basil Kulamada, Kizhakkenela, Parippally, Kollam, Keralam
false_merge	0.9510577605789258	S1-118437432	Allied Project IV	6420 12th Street, Unit UNIT Apt, Sioux Falls, SD	S3-705103747	Allied IH  Project	6420 12th St, Sioux Falls, South Dakota, # UNIT Apt
false_merge	0.7893956196113565	S1-923191146	Olaniq Oyster Inc	250 University Avenue, Unit Apartment D24, Troy, AL	S3-878195253	Inc Ollaniq Oyster	251 University Ave, # Apartment D24, Troy, Alabama
false_merge	0.7240313459640416	S1-218870966	Ellis, Robbins and Dagostino, Inc.	25642 Gambit Trail, Wittmann, AZ	S3-298921070	>> Ellis, Robbins and Dagostino, [Inc]	45646 Gambit Trl, Wittmann, Arizona
false_merge	0.9324773225561741	S1-703992036	Diversified Mortgage Consultants	213 Rocky Falls Parkway, Richmond, TX	S2-253960420	Diversified  Mortgage Consultants LP	
false_merge	0.9750772085374046	S1-633215915	Jai Jai Services Private Limited	6 Mahasukh Nagar Soc, 6 Prerna Tirth Vibhag 1 Fp 166 167 170, Bh Someshwar Aprt, Satel, Lite, Ahmedabad, Gujarat	S3-701041259	M/s Jai Jai Services Limited	
false_merge	0.9240881834919459	S1-286719327	Red Ventures Private Limited	Chennai, Tamil Nadu, Chennai 35, 50 1St Main Roadcit Nagar Chennai 35	S3-849921080	Red-Ventures Limited	#63 1St Main Roadcit Nagar Chennai 35, Chennai 35, Chennai, TN
false_merge	0.991865293285221	S1-382287168	Indraya Micro Private Limited	4G 38, Chandra Sekhar, Azaad Nagar, Bhilwara, Rajasthan	S3-725426601	Inndraya Micro Prvtae Limited Limited	13G/3 38, Bhilwara, राजस्थान
false_merge	0.9979402239920026	S1-576260928	Jarleon Diana	603 Bonnie Brae Court, Ontario, CA	S3-850929551	Jarrleon Diana	603-607 Bonnie Brae Ct, PMB 9598, Ontario, California
false_merge	0.7681654067372901	S1-741261049	Choice Trading Limited	Ug-2, Ajit Arcade, Gali No-12 Madhu Vihar, Patparganj, New Delhi, Delhi	S2-621617010	Choice Trading	
false_merge	0.7293412831083328	S1-923389771	Behavioral Health Specialists L.L.C.	3037 Clarendon Avenue, Phoenix, AZ	S2-910332158	Behavioral Health	262 45RD AVE, POHENIX, AZ
false_merge	0.9652633980745982	S1-177157657	MZ Distribution Private Limited	Gokuldham Behind Asha Hospital, Maharashtra, Nagpur, 131, Kamptee	S2-657164055	RMZ RMZ Distribution-Private Limited	Maharashtra, NO. 661 131, GOKULDHAM BEHIND ASHA HOSPITAL, KAMPTEE
false_merge	0.7488758832491674	S1-369137223	Taravi Developers Pvt. Ltd.	C/O Sanjai Kumar, Kudaspara, Fakharpur, Kaiserganj, Bahraich, Uttar Pradesh	S3-397989387	Taravy Developers Pvt. Ltd.	Plot 395 C/o Sanjai Kumar, Kudaspara, Fakharpur, Kaiserganj, Bahraich, UP
false_merge	0.7246733909544539	S1-169903909	National Interprivate	6996 Winners Circle, Trinity, NC	S3-458203205	National Interprivate	
false_merge	0.9712211484689643	S1-360507623	TX Services Pvt. Ltd.	Suman, 10 A, Mandleshwar Road, Mhow, Madhya Pradesh	S3-189931565	TT Sérvices Pvt. Ltd.	Suman, 10 A, Mandleshwar Road, Mhow, मध्य प्रदेश
false_merge	0.7447057707745679	S1-600054522	Altus Entertainment	Unit No. 201, 202, 203 And 204, 2Nd Floor, Acme Industrial Park Building, Off I.B. Patel Road, Off W.E. Highway, Goregaon East, Mumbai, Maharashtra	S3-517492074	Altus Service Company	Unit No. C-203, 202, 203 And 204, 2Nd Floor, Acme Industrial Park Building, Off I.b. Patel Road, Off W.e. Highway, Mumbai, Goregaon East, महाराष्ट्र
false_merge	0.9239533040544413	S1-533460711	Long Preparatory Academy, Inc	OH, 1242 Frederick Street, Lancaster	S3-407790837	Ko Inc Academy Preparatory	001242 Frederick Street, Lancaster, Ohio
false_merge	0.8478163847459878	S1-2788429	Uic Group of Companies	Khasra No.3, Gurugram, Gurgaon, Haryana, Gurugram, Dharamniwas First Floor	S2-158812366	Uic Group of Companies Group	DOOR NO ##74 DHARAMNIWAS FIRST FLOOR, KHASRA NO.3, GURUGRAM, GURUGRAM, Haryana
false_merge	0.9197817887697438	S1-97467514	Coastal Charities	2015 Beebe Capps Expressway, Searcy, AR	S3-995423925	Coastal Partners Partners	192 Beebe Capps Expy, Searcy, Arkansas
false_merge	0.9893510848879958	S1-905309517	Yamuavi Grip	Jaipur, Rajasthan, Achariyon Ka Rasta Kishan Pole Bazar, Jaipur, 725	S2-134662640	Yamuaex Grip	राजस्थान, 725, ACHARIYON KA RASTA KISHAN POLE BAZAR, JAIPUR
false_merge	0.9993433180154108	S1-552685915	Urgent Care National Physicians LLC	760 Camino Del Sol, Casper, WY	S2-560374795	URGENT CARE NATIONAL FYSICIANS INC	760 CAMINO DEL SOL, CASPER, WY
false_merge	0.9889586723176349	S1-521116518	Energy Farms India Pvt Ltd	No.7, Totadaguddadahalli, Ward 7, Subrmanya Layout, Bangalore North, Bangalore, Karnataka	S2-701415085	ENERGY FARMS PVT CENTER LTD	##14 , TOTADAGUDDADAHALLI, WARD 7, SUBRMANYA LAYOUT, BANGALORE NORTH, ಕರ್ನಾಟಕ
false_merge	0.9698085173561762	S1-630873403	Moraya Hospital of Delhi	Khasra No.10/25/2, 23/4, 7, 8, 9, 10, 11/1, 11/2, 12, 19, 20, 21, 22, Badli, Tehsil Alipur, Village Khera Kalan, Delhi, North West Delhi, Delhi	S3-899434425	Moraya  Hospital of Delhi LLP	Khasra No.c-10/25/4, 23/4, 7, 8, 9, 10, 11/1, 11/2, 12, 19, 20, 21, 22, Badli, Tehsil Alipur, Village Khera Kalan, North West Delhi, Delhi, DL
false_merge	0.9338815465199981	S1-236255037	Certified Apparel Worldwide Company	10700 Marfa Way, Mckinney, TX	S2-906660214	Certified Apparel  Worldwide	
false_merge	0.8512956786043859	S1-965529928	Solus Diana Center	142 Dow Drive, Wetumpka, AL	S2-511728444	SOLUZ DIANA CENTER (LLC)	142 DOW DRIVE, WETUMPKA, AL
false_merge	0.7919718813320512	S1-285056899	Quality Consumer	930 Vicki Path, Tallmadge, OH	S2-326517943	QUALITY CONSUMER	
false_merge	0.9708605651977651	S1-400289112	Elite Horizon Partners LLC	19 Main Street, Hammond, NY	S2-672598573	Elite Hórizon Partners	21 MAIN STREET, PO BOX 5610, HAMMOND, NY
false_merge	0.8050633635547719	S1-966470303	Delta Fellowship IV LLC	2 Katherine Way, Ellington, CT	S2-485001693	Delta Fellowship HV LLC	2 KATHERINE WAY, CT, ELLINGTON
false_merge	0.7595978240096251	S1-765216522	Mireielle Marchant Systems	3025 Highway 5, Unit Lot 61, Benton, AR	S3-870144506	Mireielle Marchant 5ystems	
false_merge	0.8626191917280964	S1-898503894	Debbi Dillion, DMD	2 Gilmore Farm Road, Westborough, MA	S3-49234491	debbi dillion, dkd	Massachusetts, Westborough, 2 Gilmore Farm Rd
false_merge	0.9545375049615563	S1-252032437	Modern Business Alliance Inc.	12123 Gringo Road, Lusby, MD	S2-364038845	Services Modern Alliance Inc	12124 GRINGO ROAD, LUSBY, MD
false_merge	0.9998395491839284	S1-858665402	Delta Society III	195 Pleasant Drive, East Palestine, OH	S2-20268260	Delta Society II Corporation	195 PLEASANT DR, UNITY TWP, OH
false_merge	0.9663906878350427	S1-256888888	Ferrent Imperii Inc	916 Madison Street, Topeka, KS	S3-82271208	Ferreant Imperii  Inc | www.ferreanti.com	Kansas, 916-A Madison St, Topeka
false_merge	0.741489656642157	S1-636198387	Aguilar Holdings Group Center	1380 W Tunnel Boulevard, Houma, LA	S3-203526244	Aguilar Holdings  Group Center Holdings	1382 W Tunnel Blvd, Louisiana, Houma
false_merge	0.9891106809497108	S1-415987056	NF Line L.L.C.	12520 238th Street, Illinois City, IL	S2-580139399	NF LLC CENTER	12522 238th Street, ILLINOIS CITY, IL
false_merge	0.8961877527192527	S1-82177400	Ferrora Jackson, LLC	OH, Mansfield, 936 Olivesburg Road	S3-175176650	Ferrrora LLC Jackson,	936- Olivesburg Road, Madison Twp, Ohio
false_merge	0.7255536310085343	S1-357840753	AC Accessories Private Limited	803, 8Th Floor, Tower B Dlf Tower, Jasola, New Delhi, South Delhi, Delhi	S3-672919291	ACJ Accessories Private  Limited	803, 8Th Floor, Tower B Dlf Tower, Jasola, New Delhi, South Delhi, DL
false_merge	0.995745639288591	S1-587042926	Zirava Spices Private Limited	No.34, Sri Valli Graha Raman Street, T Nagar, Chennai, Tamil Nadu	S3-544598431	Zirrava Spices Private  Limited	No.34, Sri Valli Graha Raman Street, T Nagar, Chennai, TN
false_merge	0.8580044103561633	S1-417767406	Petrick, Odilia, Ph.D.	17 Judys Lane, Chatham, MA	S3-137575145	Ciraaria	17 Judys Lane, Chatham, MA
false_merge	0.9987382953052841	S1-503902177	Urology Specialists Group	TN, Soddy Daisy, 9752 Hamby Road	S3-349769294	Urology Specialists  Group	975 Hamby Road, Tennessee, Soddy Daisy
false_merge	0.8076841738884197	S1-376780354	Immigration Law Chambers	Bhola Nath Para, N/R Khudiram Pally, Baneswar More, Sevoke Road, Siliguri, West Bengal	S3-664083897	Immigration-Law	
false_merge	0.7252313702762894	S1-455040932	Liberty Abony Partners	KY, Danville, 165 Scott Lane	S2-590381507	Co Liberty Abony Partners	16 SCOTT LN, DANVILLE, KY
false_merge	0.9423803847754583	S1-405046602	Services Sa Life Private Limited	Filmlab, 27, Walbhat Road, Goregaon (East), Mumbai, Maharashtra	S2-709631522	Services Sa Life  Limited	#31 FILMLAB, 27, WALBHAT ROAD, GOREGAON (EAST), Maharashtra
false_merge	0.8665958231550317	S1-698449154	Clyara Total-Spring City	TN, Spring City, 698 Rocky Springs Road	S2-131534401	The Klyara Total-Spring City	70 Rocky Springs Road, SPRING CITY, TN
false_merge	0.9856557603017462	S1-312322721	Olanic Infrastructure LLC	377 Saw Grass Road, Eagle Springs, NC	S3-937799187	OLANIK INFRASTRUCTURE LLC	377. Saw Grass Road, Eagle Springs, North Carolina
false_merge	0.9461652183922598	S1-291244122	Tirupati Finance Private Limited	254/5, Ug Floor, Bhola Nath Nagar, Shahdara, Delhi	S3-692637052	Novijaxlyra	254/5, Shahdara, DL
false_merge	0.7104074819242434	S1-876013063	Maa Products Private Limited	Birendra Singh Nirbhay 78, Officers Campus, Sirsi Rd, Kalwad, Jaipur, Rajasthan	S2-339749463	MAA-PRODUCTS [LIMITED]	BIRENDRA SINGH NIRBHAY 79, OFFICERS CAMPUS, SIRSI RD, KALWAD, राजस्थान
miss:not_in_candidates		S1-302473566	Upper Better Companies	584 7 Street, Brooklyn, NY	S3-293643033	Upper Better	
miss:assigned_elsewhere	0.22406823361964845	S1-944000011	Signature Packaging Consultants	19 Osage Court, Brookhaven, NY	S3-207483196	Signature Packaging	
miss:not_in_candidates		S1-931666095	Flori's Chemical	TX, Channelview, 15410 Cipres Verde Street	S2-693720521	Flori's Chemical	
miss:not_selected	0.4640077266154506	S1-548956829	AJF Unified Republic	Cherry Creek, 6036 Jamaica Way, CO	S2-223856134	AJF Unified Republic (LP)	
miss:not_selected	0.10302333469442619	S1-793511538	Sachdeva Info Private Limited	D.No. 1-46, Tadigadapa, Krishna District, Krishna District, Krishna, Andhra Pradesh	S3-437475012	Sachdeva Info Private	No 1-4, Tadigadapa, Krishna District, Krishna District, Krishna, AP
miss:not_in_candidates		S1-189978387	Apex Technology Private Limited	68, Shastri Colony, Jagadhri, Yamuna Nagar, Haryana	S3-631618134	Apex Private Limited Services	68, Jagadhri, Yamuna Nagar, HR
miss:not_selected	0.03622465616619873	S1-625496872	Hks Farm	Sri Swami Nath Near Gurudwara, Gorakhpur, Uttar Pradesh	S3-789796768	Sri Hks Farm LLP	Plot 906 Sri Swami Nath Near Gurudwara, Gorakhpur, UP
miss:not_in_candidates		S1-60775369	Pediatric Dentistry Care LLC	41 Keene Road, Chester, ME	S2-810777474	PEDIATRIC CARE LLC CENTER Enterprises	
miss:not_in_candidates		S1-319701245	Oncology Blue Specialists Inc.	3335 Halsted Street, Chicago, IL	S3-341996491	Oncology Specialists Inc. Services	333 Halsted Saint, Chicago, Illinois
miss:not_in_candidates		S1-572449340	Crystal Ventures LLC	6506 40, Greenfield, IN	S3-89768642	Pyrasyn	Greenfield Township, Indiana, 506 40
miss:assigned_elsewhere	0.025283253637508163	S1-985995839	Urgent Care Associates LLC	IN, 1224 Maple Drive, Greensburg	S3-819908850	Urgent Associates LLC Center	
miss:not_in_candidates		S1-817595787	Urgent Care Best Clinic Inc	OH, Gahanna, 155 Crossing Creek Way	S2-452897175	Urgent Care Best Cifnc Inc	
miss:assigned_elsewhere	0.00021642038857167263	S1-320832674	Red Enterprises Private Limited	Sy No 165 & 167, H No 25-35/3/B, 2Nd Floor, Ramachandra Reddy Nagar, Ramachandrapuram, Hyderabad, Telangana	S3-837923167	Sri Red Enterprises Private Ltd	
miss:not_in_candidates		S1-701670779	Erickson's Seafood LLC	46 Sweet Fern Lane, Midway, AR	S2-971920452	Erickson's LLC  Center	
miss:not_selected	0.6802759556153142	S1-993338888	New Haven Economic Development Charities	New Haven, 15 Knollwood Drive, CT	S3-915366501	>> Deltapyra	#15 Knollwood Drive, New Haven, Connecticut
miss:not_in_candidates		S1-433490245	Lantern Inc	Phoenix, 15620 25th Avenue, AZ, Unit 201	S3-967291170	Lantern INC & Co	
miss:assigned_elsewhere	0.4946482395398573	S1-949938541	Biswakarma Foundation	F/C 10 S/Floor Shaheen Bagh, Abul Fazal Enclave Part 2 Jamia Nagar, New Delhi, South Delhi, Delhi	S3-107150544	Biswakarma Partners	
miss:not_in_candidates		S1-214724036	Kola Services Limited	99/2, Bharathiar Road Pappanaickenpalayam, Coimbatore, Tamil Nadu	S2-192889894	KOLA LIMITED SERVICE	
miss:not_in_candidates		S1-656567301	Meor	2815 Lancaster Court, City Of Brookfield, WI	S3-712639307	Meor Enterprises	
miss:not_in_candidates		S1-707443857	Bharti Advisors	140, Janakpuri, Bareilly, Uttar Pradesh	S3-183192612	Bharti Center	140, Bareilly, UP
miss:not_in_candidates		S1-604876580	My Hospitality Private Limited	101, Onyx Building, 375/1 S V Road, Goregaon West, Mumbai, Bandra Suburban, Maharashtra	S2-641728849	माय हॉस्पिटैलिटी प्राइवेट लिमिटेड	101, BANDRA SUBURBAN, MUMBAI, Maharashtra
miss:not_in_candidates		S1-48037668	Jay Infra Private Limited	6248, Motiwadi Corner Shop No 1 & 2, Botad, Bhavnagar, Gujarat	S2-316525570	જય ઇન્ફ્રા પ્રાઇવેટ લિમિટેડ	BHAVNAGAR, BOTAD, Gujarat, 6248
miss:not_selected	0.008812213174277257	S1-966196323	Star Agro Pvt Ltd	B-212, Mahavir Enclave Part-Ii Street No. 27, New Delhi, West Delhi, Delhi	S2-733726261	स्टार एग्रो प्रा. लि.	B-2-12, NEW DELHI, WEST DELHI, दिल्ली
miss:not_in_candidates		S1-783202288	Sree Hospitality Private Limited	Windsor, Off. C.S.T Road, Near Bandra-Kurla Complex, Santacruz (Ea, St), Mumbai, Mumbai City, Maharashtra	S2-531799342	श्री हॉस्पिटैलिटी प्राइवेट लिमिटेड	Maharashtra, WINDSOR, BOMBAY, MUMBAI CITY
miss:not_selected	0.21810660912801208	S1-887517121	Digital Consulting	Plot No. 315, Phase 2, Industrial Estate Panchkula, Panchkula, Haryana	S3-368009799	Digital C0nsulting-Corp Consulting-Corp	15, Panchkula, हरियाणा
miss:not_selected	0.15639553245685223	S1-926832922	Metro Endocrinology	1559 Ave P, Nekoma, KS	S3-317406438	METRO ENDOCRINOLOGY Enterprises	
miss:assigned_elsewhere	0.00003550599866698819	S1-275792673	Real Tech Private Limited	Singhiya, Samastipur, Bihar	S3-633921202	M/s Real Tech Prrnivante Limited	
miss:not_selected	0.2396644583986407	S1-286942955	Hari Traders Limited	Sirohi, Vrandavan Hotel Ke Pass Kesharpura, Sheoganj, Sirohi, Sirohi Road, Rajasthan	S2-447428544	Onyxcalo	NO. 302 SIROHI ROAD, JODHPUR REGION, SIROHI, राजस्थान
miss:not_selected	0.5315224956969236	S1-636703772	Cardiology Partners	2 Jefferson Parkway, Unit #F5, Lake Oswego, OR	S3-564616970	Cardiology Partners	Oregon, Lake Oswego, # #F5, 10 Jefferson Parkway
miss:not_in_candidates		S1-37096224	CP Lifescience	D 13-1-187/2/B, Borabanda, Snehapuri Colony, Ameerpet, Hyderabad, Telangana	S2-343290997	CP Services	
miss:not_selected	0.3548804731033557	S1-202842328	Meenan Nityanand Limited	Vo-223, Wework Eldeco Centre, Malviya Nagar, Block-A, Shivalik, New Delhi, South Delhi, Delhi	S2-809875440	MEENAN  NITYANAND	
miss:not_in_candidates		S1-391012694	Kejriwal Solutions Ltd	H No: 1-88/9, Amar Co.Op, Society G.B Pet, Shaikpet, Hyderabad, Telangana	S2-443859588	Kejriwal Ltd Services	
miss:not_in_candidates		S1-861129796	Jay Estate Private Limited	No.1/1, Venkateshwara Krupa, Grnd, Flr Shp, 3Rd Mn Rd, Karnataka Layout, Bangalore North, Bangalore, Karnataka	S2-591924164	ಜೇ ಎಸ್ಟೇಟ್ ಪ್ರೈವೇಟ್ ಲಿಮಿಟೆಡ್	DOOR NO 1/1, BANGALORE NORTH, BANGALORE, Karnataka
miss:not_in_candidates		S1-863655347	Reliable Data Consultants LLC	705 Highpoint Drive, OK, Stillwater, Unit # G	S2-713958243	RELIABLE CONSULTANTS LLC SERVICES	
miss:assigned_elsewhere	0.0027115907721203198	S1-845200491	Ear Nose & Throat Specialists	NY, 3 Pebble Hill Drive, Huntington	S2-763267354	Ear Nose & Throat Specialists Corporation	
miss:not_in_candidates		S1-620573770	Horizon LLC	Cincinnati, OH, 753 Ridgeway Avenue	S3-650190215	Horizon LLC Industries	
miss:not_in_candidates		S1-369587330	Nelson Hair Studio Inc.	8609 Sea Pines Lane, Dayton, OH	S2-613385148	NELSON STUDIO INC. CENTER	
miss:assigned_elsewhere	0.4851630208422074	S1-649488028	Bridge & Sons Corp	Plot No. 97/1, 1St Floor, Blk-A, Wazirpur Industrial Area, Near Shiv Mandir, Delhi, Central Delhi, Delhi	S2-347732133	Bridge + Corp Sons	
miss:assigned_elsewhere	0.13971141276046634	S1-367452771	Supreme Investments Limited	H.No. 238-A, Pkt A Mayur Vihar, Phase Ii, Trilok Puri, Delhi, East Delhi, Delhi	S2-284451933	>> Fayeonyx	H.NO. 238-A, PKT A MAYUR VIHAR, PHASE II, TRILOK PURI, DELHI, EAST DELHI, Delhi
miss:assigned_elsewhere	0.1827741224030218	S1-182208823	Corner Hypnosis	1118 Main Street, Clarksburg, WV	S3-447247336	Corner  Hypnosis Center Enterprises	
miss:assigned_elsewhere	9.625625950694543e-6	S1-871273709	South Technology	1A, 2Nd Floor, Raikva 3A, Ram Mohan Mullick Garden Lane, Kolkata, Kolkata, Howrah, West Bengal	S3-121152068	South Service	G-1a, Howrah, WB
miss:not_in_candidates		S1-26882861	4976 Center Drive Apartments Inc	3295 Clarksville Street, Paris, TX	S3-107961760	Dovacalo	Clarksville St, Texas, PRIS
miss:not_in_candidates		S1-884508467	Delta Platinum Intelligent Corp	400 Wildhorse Place, Chesterfield, MO	S3-229799605	Delta Platinum	
miss:not_in_candidates		S1-205246367	Ellen Watson Partners Associates	17435 7th Street, Unit 1006, Phoenix, AZ	S2-405415533	Ellen Watson Partners	
miss:not_selected	0.6734630633500627	S1-406043897	Shiv Infra Limited	#48 & 49, Bangalore, Bengaluru, Karnataka, Galaxy Enclave, Jakkur Plantation Road, Jakkur, Yelahank, A	S3-763099792	Viovioaria	Bengaluru, #48 & 49, Bangalore, KA
miss:not_selected	0.024012245062567886	S1-837050939	Consultancy Onrise Info Public Limited	1557/A/2, Gala 2, Bldg- A, 1St Floor, Ganraj Complex, Bhiwandi, Thane, Maharashtra	S2-776654983	HALOLUMCALO	BLOCK C-59 1557/A/2, GREATER BOMBAY, Maharashtra
miss:assigned_elsewhere	0.00023495544472437518	S1-953281970	Classic Solutions Pvt Ltd	40-17-3/9, Apseb Colony Labbipet, Vijayawada, Krishna, Andhra Pradesh	S2-42674703	Classic Solutions Pvt  Ltd	
miss:not_selected	0.25723008031514183	S1-60696316	New Polytechnic	No.19/27, F1, Kalaimagal Nagar, 2Nd Main Road, Ekkaduthangal, Chennai, Tamil Nadu, Chennai	S2-827244631	New Pólytechnic	
miss:not_selected	0.33033121211586236	S1-948423322	Burnside Rivernorth LLC	211 Lafayette Road, Unit Apartment 317, Syracuse, NY	S2-910465183	BURNSIDE LLC CENTER	
miss:not_in_candidates		S1-188828487	Laverne Hernandez Metropolitan Franklin of Melissa	5900 277, Unit 425, Melissa, TX	S3-410459839	Lyraquo	5900 277, Melissa, Texas
miss:not_in_candidates		S1-322693279	Midland Trading Private Limited	305, 3Rd Floor, Bhanot Corner, Pamposh Enclave, Greater Kailash-1, New Delhi, South Delhi, Delhi	S2-38333391	Midland Trading	
miss:not_selected	0.18954679959459977	S1-312350629	Premier Insurance Collective	1868 47 Street, Brooklyn, NY	S2-364818254	Premier  Collective Insurance	
miss:not_in_candidates		S1-101279676	Maa Trading Private Limited	Plot No.7, Methodist Colony, Begumpet, Hyderabad. Begumpet, Hyderabad., Begumpet, Hyderabad., Telangana	S3-663360522	Sri Maa Trading Private Ltd	
miss:not_in_candidates		S1-462276523	Capital Beacon Paper	Cromwell, CT, 680 Main Street	S2-816755493	CAPITAL BEACON CENTER	
miss:not_in_candidates		S1-324619562	Rev It Up Pizza	133 Johnson Road, Cavendish, VT	S2-836059045	Rev It Up  Pnzna | www.revitup.com	
miss:not_in_candidates		S1-980743146	Creative It Private Limited	Flat No.1, Block-C, Satyamev Jayete Parisar Tehsil Chowk, Jabalpur, Madhya Pradesh	S3-632857620	Shri Creative  It Private Limited	
miss:not_in_candidates		S1-909833378	Blue Good Marketing Limited	House No. 16, Pkt - N-2, Budh Vihar, Phase - 1, Delhi, North West Delhi, Delhi	S3-586337508	Orbiquokelo	House No. 1-6, Delhi, North West Delhi, DL
miss:not_in_candidates		S1-552815318	Sac (India) Healthcare Private Limited	Room No 4, 2Nd Floor, 3 Wood Street, Govind Mahal, Kolkata, Kolkata, Howrah, West Bengal	S2-748030550	ishealthcare.com	ROOM NO 4, KOLKATA, HOWRAH, West Bengal
miss:not_in_candidates		S1-766724740	Krishna Producer Private Limited	2, Maharshi Devendra Road, Kolkata, Howrah, West Bengal	S3-153932204	Krishna Producer Private	Hn #400 2, Howrah, Kolkata, WB
miss:assigned_elsewhere	0.0002154901571905733	S1-620589227	Baba Healthcare Private Limited	Thane, Palghar, Maharashtra, Gala No. 1, Jyoti Industrial Estate, Vevoor Village, Ganesh Nagar, Palghar -E	S3-208929948	Baba	Jyoti Industrial Estate, Vevoor Village, Ganesh Nagar, Palghar -E, Thane, Palghar, Gala No. 1, Maharashtra
miss:not_in_candidates		S1-51847018	My Infotech LLP	1, Navkar Appartment, Opp Sharda Society B/H Mrudal Flats, Paldi, Ahmedabad, Gujarat	S3-630273062	My ઇન્ફોટેક LLP	1, Ahmadabad, Ahmedabad, GJ
miss:not_selected	0.6092961187875524	S1-648912270	Custom Financial Corp	Bihar, Kutir Enclave, Ranjan Path Danapur Patna, Dinapur-Cum-Khagaul, F N-1C2, Patna	S3-962404661	Shri Custom  Financial Corp	
miss:assigned_elsewhere	0.05078425545839562	S1-160775823	Twisted Pizza!	805 Linda Court, Allen, TX	S2-484266999	Twisted Pizza!	
miss:not_in_candidates		S1-316594086	Ridge All Electric	220 Johnson Street, Franklin, KY	S2-650244524	Ridge All	
miss:assigned_elsewhere	0.00005253529873273763	S1-439834086	Agro Enterprise Private Limited	S No 09 Fl No 1101 Bldg, C Pinnac Anand Resi Shahu Colony Karve Nagar, Pune City, Pune, Maharashtra	S2-358698659	Agr0 Enterprise Private Limited	
miss:not_selected	0.21270656704610197	S1-995891795	Hyderabad Links Private Limited	Plot No 12P, 13, 14P, Hardware Parkroad No 2, M, Hyderabad, Telangana	S3-467590064	Hyderabad Hyderabad Links Ptfe Limited	2P, K.v.rangareddy, TG
miss:not_in_candidates		S1-729370907	Jay Consulting Private Limited	233A, Jodhpur Park, Kolkata, Kolkata, Howrah, West Bengal	S3-209701108	জয় কনসাল্টিং প্রাইভেট লিমিটেড	233, Jodhpur Park, Kolkata, Howrah, Kolkata, WB
miss:not_in_candidates		S1-635911988	523 Highland Road Partners	254 Grant Avenue, Smithtown, NY	S3-303909640	523 Partners Road Highland	
miss:not_in_candidates		S1-126121770	V 4 Clear Silicon	1215 Indian Oak Road, Nottoway County, VA	S3-348998385	V 4 Clear Silicon Silicon LP	
miss:not_selected	0.2543764759009485	S1-44099433	Cherry Cosmetics	May I Help Youconsultancy, Ramabai Ambedkar Nagar, Mumbai, Maharashtra	S2-851549800	CHERRY  COSMETICS LLP	BLOCK A-551 MAY I HELP YOUCONSULTANCY, RAMABAI AMBEDKAR NAGAR, MUMBAI, महाराष्ट्र
miss:assigned_elsewhere	0.15031704125612302	S1-626093656	Rion Consulting Inc	315 South Avenue, Unit 16, Tallmadge, OH	S2-7114021	Rion Inc Service	
miss:not_in_candidates		S1-822130520	Sirius Chadwick	1325 5th Street, Unit 533, Washington, DC	S3-596346932	Sirius Chadwick	
miss:not_in_candidates		S1-110016054	Fernandez Churchill	Aulander, NC, 1034 Nc 305	S2-267722715	Fernandez Services	
miss:not_in_candidates		S1-179822278	Tirupati Services Private Limited	Cts No.1181 Fp 555 Fc Rd Shivaji Nagar, Pune, Maharashtra, Pune, 6Th Floor	S2-309126031	तिरुपति सर्विसेज प्राइवेट लिमिटेड	SIRATHU, FEOOR, Maharashtra
miss:not_in_candidates		S1-268581045	Surya Engineering Private Limited	No. 7, Bellary Road, Gangenahalli, Bangalore, Karnataka	S3-701012115	ಸೂರ್ಯ ಇಂಜಿನಿಯರಿಂಗ್ ಪ್ರೈವೇಟ್ ಲಿಮಿಟೆಡ್	Door No 7, Bangalore, KA
miss:not_in_candidates		S1-23331285	Riify Global P.C.	3210 Malvern Court, Canton, OH	S3-407215270	Riify Global LLC	
miss:assigned_elsewhere	0.000010228099858995318	S1-703021289	Golden Investments Limited	43, Old Agrawal Nagar, Indore, Madhya Pradesh	S2-390717768	गोल्डन इन्वेस्टमेंट्स लिमिटेड	DOOR NO #436 43, INDORE, Madhya Pradesh
miss:not_in_candidates		S1-462831290	Apex Healthcare	Pune, 701, O Wing 7Th Floor, Savannah, Biap Rd Behind Moze Collage, Wagholi, Pune, Maharashtra	S3-496435684	Apex Haelcare	701, Poona, Pune, MH
miss:not_in_candidates		S1-532362806	Animal Welfare League of Vancouver	9313 81st Avenue, Vancouver, WA	S3-667947587	Animal Welfare League of	9323 81th Ave, Vancouver, Washington
miss:not_in_candidates		S1-978434387	Dip Producer Clinic	Survey 287(Pt), Cts 3-A (Pt), Kasablanca, Gulmohor X Road No. 10, Jvpd Scheme, Plot-130, Vile Parle (West), Maharashtra, Mumbai, 801, Mumbai	S3-611058866	Dip Clinic Service	00801, Juhu Andheri W, MH
miss:assigned_elsewhere	0.00003946552364643495	S1-732966025	Alpha Marketing Private Limited	K.V.Rangareddy, Telangana, 8-4-300/3, Vasavi Brindavanam, F No.: 2503, Balanagar	S3-845959959	marketingprivate.com	K.v.rangareddy, Andhra Pradesh, F No.: 2503
miss:not_in_candidates		S1-378690510	Sree Business Private Limited	9/A, B, Lower Range Circus Avenue, Kolkata, Howrah, West Bengal	S3-774204465	শ্রী বিজনেস প্রাইভেট লিমিটেড	9/A, Kolkata, WB
miss:not_selected	0.43770933782925275	S1-870829362	Solutions Rank Business Pvt Ltd	Nanavati Mansion, 1St Floor, 66, Nakhoda Street, Tambakanta, Mumbai, Maharashtra	S3-520451440	Aviavi	Nanavati Mansion, 1St Floor, 66, Nakhoda Street, Tambakanta, Mumbai, Maharashtra
miss:not_selected	0.47523560382864904	S1-157684654	Epicure Rich Private Limited	C/O Bikash Narayan Naik, Housing Board Badpatrapali, Sundargarh, Odisha, Sundargarh, Orissa	S2-453745188	EPICURE RICH PRIVATE	C/O BIKASH NARAYAN NAIK, HOUSING BOARD BADPATRAPALI, SUNDARGARH, ODISHA-70001, SUNDARGARH, Odisha
miss:not_selected	0.5093738805048561	S1-601460533	Unified Praetorian	102 Munchy Court, Rehoboth Beach, DE	S3-129543843	Unified Praetrcian	
miss:assigned_elsewhere	0.07687093186415844	S1-505860315	Harbor Preparatory Academy	6783 Wood Creek Drive, Middleburg Heights, OH	S3-942686318	Harbor Preparatory Academy Corp Enterprises	
miss:assigned_elsewhere	0.8513501659178614	S1-849295715	Rohtak Premises	Complexnear Gymkhana Club, Rohtak, Sco-6 Sec-4 Extn.Shopping, Haryana, Rohtak	S3-745910491	Rohtak Services	
miss:not_in_candidates		S1-970209032	Shiva Enterprises Private Limited	Flat No-2004 Tower B-14 Supertech Ecovillage-2 Sector-16B Gr Noida, Near, Gaur, Gautam Buddha Nagar, Uttar Pradesh	S3-391741561	Shiva-Enterprises	
miss:not_in_candidates		S1-842050428	Orthopedic Associates Inc	1464 377, Van Alstyne, TX	S3-779038042	Orthopedic Ássociates Inc	
miss:not_in_candidates		S1-33880614	Oncology Clinic of Alpine	196 300, Alpine, UT	S3-302884449	Oncology Clinic	Alpine, 196 300, Utah
miss:not_in_candidates		S1-845042249	Advanced Investment Consultants LLC	NC, Unit 1502, Charlotte, 7521 Twitter Lane	S3-732514895	Advanced Consultants LLC Services	
miss:not_in_candidates		S1-704180236	Shree Logistics Pvt Ltd	H.No.8-2-293/82/A/69-1, 2Nd Floor, Near Tv5Office, Shaikpet, Hyderabad, Telangana	S3-656197277	శ్రీ లాజిస్టిక్స్ ప్రైవేట్ లిమిటెడ్	H.no.g-8-2-293/82/a/69-1, 2Nd Floor, Near Tv5office, Shaikpet, Ghmc, Andhra Pradesh
miss:not_in_candidates		S1-408759830	United Crypto Inc	117 Carver Square, Waconia, MN	S2-906527349	United Cirafrnto Inc	
miss:not_in_candidates		S1-664018173	Martinez Equity Partners	4 Commerce Road, Shrewsbury, MA	S2-217175132	Martinez Equity	
miss:assigned_elsewhere	0.0015984280361700763	S1-557045447	Tech Projects Private Limited	First Floor, Embassy, Point No150 Infantry Road, Bangalore, Karnataka	S2-390133381	ಟೆಕ್ ಪ್ರಾಜೆಕ್ಟ್ಸ್ ಪ್ರೈವೇಟ್ ಲಿಮಿಟೆಡ್	<NULL>, BANGALORE, FIRST FLOOR, BANGALORE, ಕರ್ನಾಟಕ
miss:not_in_candidates		S1-265518198	US General Private Limited	Sr. No. 66/2, Shrikrupa Building, Kisan Colony, Uran, Islampur, Tal- Walva, Walva, Sangli, Maharashtra	S3-426709443	US Gfeeral Private Limited	Sr. No. 66/2, Walva, Sangli, MH
miss:not_in_candidates		S1-715369098	Education Federation	1102 Arcaro Drive, Gahanna, OH	S3-277474213	Education Federation Trading	
miss:assigned_elsewhere	0.012987638132261252	S1-719596960	Real Products Limited	Flt No. 1, Bldg No.-4, Swatantrya Sainik Society, Pl.No.13-15, S No. 129, Yerwada, Pune, Maharashtra	S3-564174383	Mr Real Próducts Limited	
miss:not_in_candidates		S1-566722568	City Technologies Private Limited	Meridien Apartments Chs Ltd, Veera Desai Road, Andheri (W), Mumbai City, 501/4, Mumbai, Maharashtra	S3-927048315	Onyxjax	501/4, Meridien Apartments Chs Ltd, Veera Desai Road, Andheri (W), Mumbai, Mumbai City, Maharashtra
miss:not_in_candidates		S1-140529215	Silver Energy	4/B, Ratnakruti Apartment, Opp. Iscon Mall, Near Rajhans Cinema, Piplod, Surat, Gujarat	S3-568387483	Silver Energy Energy	
miss:not_selected	0.24022813466401388	S1-171023094	Dodi Zins Reliable Citizens Inc	749 Charleston Oaks Drive, Ballwin, MO	S2-51331078	Dodi Zins Reliable Citizens	
miss:assigned_elsewhere	0.5762685366754537	S1-184819230	Premier Trading International Inc	10162 Horseshoe Road, Lynchburg, OH	S3-956729636	Premier Trading International Inc.	
miss:not_selected	0.22646613565509313	S1-518821155	Cooperative Media Ventures PLLC	5249 Pinehall Wynd, Raleigh, NC	S3-582669110	Cooperative Media PLLC Services	
miss:not_selected	0.6683364721880218	S1-818819093	Digital Exports Limited	Shop No. 9, Nagar Nigam No. 29/32, Ground Floor, Roshan Lal Complex, Opposite Chobey Ji Ka Phatak, Block-A Pattal Gali, Namak Ki Mandi, Kinari Bazar, Agra, Agra, Uttar Pradesh	S2-566540516	डिजिटल एक्सपोर्ट्स लिमिटेड	1, AGRA, Uttar Pradesh
miss:not_in_candidates		S1-66927841	Star Investments Private Limited	Plot No. 244, Flat No.601, Gauri Laxmi Chsl, Sector17, Panvel, Raigarh(Mh), Maharashtra	S3-642086836	Star Investments	
miss:not_selected	0.6467596704860086	S1-858176152	Best United LLC	5037 Mud Fork Road, Tazewell County, VA	S2-289520953	Best United (ID: 83279)	
miss:not_in_candidates		S1-295998961	MFB Pharmaceuticals Private Limited	Vill - Talbanda, P.O - Jaguberia P.S - Ghola, Ghola, Parganas North, West Bengal	S2-643115629	MFB Private Limited Center	
miss:not_in_candidates		S1-160590442	Indrtech Entertainment Pvt Ltd	A-1/134, Safdarjung Enclave, South Delhi, Delhi	S3-759428546	Lumvera	Safdarjung Enclave, Delhi, South Delhi, A-1/134
miss:not_in_candidates		S1-289169954	North Marketing Private Limited	201, Dhananjay Avenue, Nr Shanta Govind Bunglows, Nr Fun Point Club, Sola, Ahmedabad, Gujarat	S2-106991849	નોર્થ માર્કેટિંગ પ્રાઇવેટ લિમિટેડ	20, AHMEDABAD, Gujarat
miss:not_in_candidates		S1-665286849	Genesis Cube Ltd	A-2, Laxmi Society Bh. Baroda Heart Institute, Race Course, Vadodara, Gujarat	S3-386849478	6enesis Ltd (Services)	A-2/2, Vadodora, Vadodara, ગુજરાત
miss:not_selected	0.21618903791800811	S1-668662929	Innovative Classic Old Inc	22 Ledge Avenue, Spencer, MA	S3-899295002	Irikelo	22 Ledge Ave, Spencer, Massachusetts
miss:not_in_candidates		S1-60569461	Engineering Mercantile Private Limited	House No. 130, Najjik Pangri, Badnapur, Jalna, Maharashtra	S3-901546270	Engineering Private Limited Services	House No. 130, Jalna, महाराष्ट्र
miss:not_selected	0.2540647673025585	S1-369108176	India Foundation	Plot No 5 Subhlaxmi Estatemoraiya Tal-Sanand, Ahmedabad, Gujarat	S3-426781209	India Foundation	
miss:not_in_candidates		S1-919928550	Orthopedic Partners	420 Bluebird Drive, Isanti, MN	S2-589555506	ORTHOPEDIC PARTNERS	
miss:not_in_candidates		S1-11448513	Bay Veterinary Clinic	300 Huntsville Street, Broken Arrow, OK	S3-680882349	Bay Veterinary Clinic Corporation Corporation	
miss:assigned_elsewhere	0.08083935274342194	S1-301358966	Urgent Care Legacy Group P.C.	117 Brandeis Lane, Oak Ridge, TN	S3-467276640	Urgent Care Legacy Group Enterprises	
miss:not_selected	0.34168819528686145	S1-635105266	Commission on Finance	Charlotte, NC, 14509 Myers Mill Lane	S2-500125129	Commission on Finance [Inc.]	14510 MYERS MILL LANE, CHARLOTTE, NC
miss:not_in_candidates		S1-197347702	Conet LLC	Canal Fulton, OH, 8434 Leaver Avenue	S3-92796568	Conet  LLC	
miss:not_in_candidates		S1-718523777	Diamond Telecom Concepts P.C.	4907 N, Brooklyn, NY	S3-332036987	Diamond Telecom P.C. Services	
miss:not_in_candidates		S1-993141405	Andi Grabowski, P.A.	703 Main Street, Dubuque, IA	S3-737200492	Andi Grabowski, [P.A.]	
miss:not_in_candidates		S1-712450333	Apex Power Private Limited	Pastakia House, At & Post Kamshet, Tal. Maval, Pune, Maharashtra	S2-962293113	ápprivate.com	PASTAKIA HOUSE, AT & POST KAMSHET, TAL. MAVAL, PUNE, Maharashtra
miss:assigned_elsewhere	0.03952632199614084	S1-905784024	Heyl's Blue Auto Glass	2985 Jack's Fairway, Nashport, OH	S3-540103377	Heyl's Auto Blue Glass	
miss:assigned_elsewhere	0.2926343592245153	S1-302854637	Hamsafar & Co	Ff.103, Arista Business Space, Pakvan Circle To Sindhubhavan Nr Armieda Clinic, Opp H.O.F. Bodakdev, Daskroi, Ahmedabad, Gujarat	S3-4341805	Hamsafar Co &	
miss:assigned_elsewhere	7.444913162383358e-7	S1-3583376	International Indra Developers Ltd	A-93A, Anupam Vihar, Gandhi Path West Panchyawala, Jaipur, Rajasthan	S3-744553326	International Inra Developers Ltd	
miss:not_in_candidates		S1-765949335	Thomas Mountain Massage	NY, Islip, 1141 Kirkland Court	S2-619632030	Ectocalo	1141 KIRKLAHD CT, ISLIP, NY
miss:not_in_candidates		S1-481155033	Cultural Fellowship LLC	250 Coanza, Helena-west Helena, AR	S2-590669392	Cultural-Fellowship  LLC	
miss:not_in_candidates		S1-488856277	Perfect Constructions Private Limited	Plot No 1/11 G/F Kh No-28/13 Sulhakul Vihar Old Palam Road Kakrola, New Delhi, Delhi	S2-664337355	PERFECT  CONSTRUCTIONS LIMITED SERVICE	
miss:not_selected	0.674292326112834	S1-866143452	Cher's Heartland Produce Group	Salt Lake City, UT, 1558 Havenstone Lane	S3-370622766	Cher'S Heartland Heartland Produce	1557 Havenstone Ln, Salt Lake City, Utah
miss:assigned_elsewhere	0.0006164905566775822	S1-908336788	XL (india) Private Limited	Room No.18, 2Nd Floor, Coronation Bulding Fatehpuri Chandni Chowk, Delhi, Central Delhi, Delhi	S3-69246482	XL Private Limited [Services]	Room No.18., Delhi, Sadarbazar, DL
miss:not_selected	0.35650542131682955	S1-260158690	Ivy Traders Private Limited	10, D. D. A. Complex, Moti Bagh-Ii, New Delhi, Delhi	S3-433713575	Private lvy Traders Limited	Moti Bagh-ii, B3/10, D. D. A. Complex, दिल्ली, New Delhi
miss:not_in_candidates		S1-510579908	Metro Institute	Unit 255, Asheville, 1 Resort Drive, NC	S3-979989820	Metro Services	1 Resort Dr, Ashevile, North Carolina
miss:not_in_candidates		S1-156388466	New Life Church	425 Massachusetts Avenue, Unit 1019, Washington, DC	S2-758587749	clnew.com	25 MASSACHUSETTS AVENUE, WASHINGTON, DC
miss:not_selected	0.00038683062563520234	S1-763110082	Trawick and Willis	100 Lockewood Lane, Unit 146, Scotts Valley, CA	S2-81479832	TRAWICK AND WILLIS INC	79 LOCKEWOOD LN, SCOTTS VALLEY, CA
miss:not_in_candidates		S1-186055324	Raj International Private Limited	Plot No.1, Flat No. 17, Ground Floor, Vaishali Retreat, Near Pratap Nagar, Jaipur, Rajasthan	S3-149053700	Raj International Private Ltd	Plot No.1, Jaipur, RJ
miss:not_in_candidates		S1-531585124	Eaton, Healy & Berger	2533 Squirrel Road, Imboden, AR	S3-200913937	Eaton, Healy Berger &	
miss:not_selected	0.36064780964216636	S1-390848379	Precision Transit Alliance PLLC	13915 Pawnee Trails Drive, Cypress, TX	S2-227514991	Precision Transit PLLC Services	
miss:assigned_elsewhere	0.12526065343945253	S1-161891261	Dermatology Creative Care Associates LLC	2622 Mazur Drive, Port Neches, TX	S2-966174340	DERMATOLOGY CREATIVE CARE ASSOCIATES	
miss:not_selected	0.6625479425686315	S1-55598773	Bentonville Memorial Association Associates	Bentonville, AR, Unit Apt 4, 100 Woodmoor Court	S2-188223096	THE BENTONVILLE MEMORIAL ASSOCIATION ASSOCIATES	00 WOODMOOR CT, BENTONVILLE, AR
miss:assigned_elsewhere	0.5539432674962546	S1-61492488	She & Co	Vill. Kaili Kaili Khandawali Road, Ballabgarh, Faridabad, Haryana	S2-328743764	She & Company	
miss:not_selected	0.5945002578104843	S1-221216584	Tous Interstate Aura LLC	452 Jarrah Bend, Unit 112, Leander, TX	S3-90561390	Tous  Interstate Aura	452 1/2 Jarrah Bend, PO Box 1481, Leander CITY, Texas
miss:assigned_elsewhere	0.035708715764509485	S1-256989740	Ahmadabad City Online Pvt Ltd	2Nd Floor, Narayana House, Prahladnagar, Satellite, Ahmadabad City, Ahmedabad, Gujarat	S3-441287528	Ahmadabad Online Pvt Ltd Center	GJ, Ahmadabad City, Ahmedabad, #2Nd Floor
miss:not_in_candidates		S1-783557329	Digital Builders Private Limited	Delhi, New Delhi, B-2 F/F Kh No 232, North Blk Gali No 1, West Delhi	S2-396573040	Digital Builders Private  Limited	
miss:not_selected	0.18050158379916775	S1-481698435	One Marketing Private Limited	Awfis, 4Th Floor, Sarvotham, Plot No.12, Deloitte Dr, Phase 2, Hitec City, Serilingampally, K.V.Rangareddy, Telangana	S2-524674177	వన్ మార్కెటింగ్ ప్రైవేట్ లిమిటెడ్	AWTIS, K.V.RANGAREDDY, HYDERABAD, Telangana
miss:not_in_candidates		S1-110261345	Galaxy Consulting Private Limited	Flat No.3, Plot245 Kapadia, House Dhobi Talao Fish, Mumbai, Maharashtra	S3-993110367	Galaxy Consulting Private	Flat No.3, Mumbai, Mumbai Metro, महाराष्ट्र
miss:not_selected	0.48191106959890284	S1-750201930	Bright Maa Infra Private Limited	Flat No 20 Karmbhumi Co Op Housing Society, Dasak Jail Road Nashik Ro, Nashik, Maharashtra	S2-22465165	Wexriza	FLAT NO 20 KARMBHUMI CO OP HOUSING SOCIETY, NASHIK, NASIK, Maharashtra
miss:not_selected	0.5696619119428341	S1-794848264	Dental Clinic PLLC	1503 Green Avenue, Unit 1503, Wilson, TX	S3-432697476	-- Dental  Clinic P.L.L.C.	1506 Green Avenue, Wilson, Texas
miss:not_in_candidates		S1-959584857	North Systems Private Limited	C 113, Samta Enclave Qutub Vihar, Phase - 1, New Delhi, Central Delhi, Delhi	S3-68571134	North Private Limited Service	New Delhi, C 113, Central Delhi, DL
miss:not_selected	0.34955838895267516	S1-243646053	Rubber Enterprises	1St Floor, Pkt D-14, Sector-8, Rohini, Delhi, North West Delhi, Plot No 228	S2-760979321	Rubber Services	PLOT NO 22 , 1ST FLOOR, PKT D-14, SECTOR-8, ROHINI, NORTH WEST DELHI, Delhi
miss:assigned_elsewhere	0.000032095670453844607	S1-320722287	Eastern Consultancy Pvt Ltd	No.9, 21St Cross Street Indira Nagar, Adyar, Chennai, Tamil Nadu	S2-126947745	ஈஸ்டர்ன் கன்சல்டன்சி பிரைவேட் லிமிடெட்	DOOR NO 9, CHENNAI, Tamil Nadu
miss:not_in_candidates		S1-992393916	Anand Projects Pvt Ltd	E 608, Sjr Equinox Apts, Velankani Drive Opp.Velankani Gate 3, Electronic City, Bengaluru, Bangalore, Karnataka	S3-406018591	Ltd Anand Pvt Services	E 608/6, Bengaluru, Bangalore, KA
miss:not_in_candidates		S1-54596761	Cinnamon & Co	Ground Floor, Premises No. 213, 75/2B Roy Bahadur Road, P.S. Behala, Kolkata, Kolkata, Howrah, West Bengal	S2-173822995	CIGNNAHON and CO	KOLKATA, GROUND FLOOR, HOWRAH, West Bengal
miss:not_selected	0.440279148168149	S1-281034308	Friel, Faustine, D.C., DDS PC	963 Walck Road, North Tonawanda, NY	S3-185254164	Friel, Faustine, D.C., DDS LLC	949. Walck Road, North Tonawanda, New York
miss:not_in_candidates		S1-619724665	Sree Properties Private Limited	Delhi, West Delhi, Pratap Enclave, Mohan Garden, New Delhi, Plot No-65	S2-580351580	श्री प्रॉपर्टीज प्राइवेट लिमिटेड	PLOT 370 PLOT NO-65, NEW DELHI, Delhi
miss:not_in_candidates		S1-955091419	Dss & Co	S.No. 16/3/2 Fl.No. 04 Samrudhi Ambegaon Bk., Pune, Maharashtra	S3-787846257	Co Dss (Services)	S.no. 16/3/2 Fl.no. 04 Samrudhi Aebegaon Bk., Pune, MH
miss:not_selected	0.5290840084802348	S1-576487675	Heritage Printing Associates, Inc	VA, Unit APT 101, 1306 River Tree Drive, Chesterfield County	S3-285667111	Heritage Inc Associates, Printing	
miss:not_in_candidates		S1-393576070	Global League	2683 Samuel Clemens Road, Muscatine, IA	S3-591722584	Global League Enterprises	
miss:not_in_candidates		S1-654655545	Green Flagstar	4918 Garnet Circle, Stow, OH	S2-579910638	Green  Flagstar	
miss:not_selected	0.22761632720282632	S1-655952609	Family Bright Specialists	MO, Florissant, 12115 Kingshead Drive	S2-538549063	Family Bright	
miss:not_selected	0.3747795128481289	S1-822039532	Inventive Institute Pvt. Ltd.	Reva Iscon Nr Shree Party Plot Vill Bhavnagar, Pl No-4 Sf/206, Bhavnagar, Gujarat	S3-963215154	Inventive-Institute Pvt.	
miss:not_in_candidates		S1-58055579	Shiva Business Private Limited	Kolkata, Howrah, West Bengal, 18/1D, Kustia Road, Ground Floor, P.S.-Karaiya, Kolkata	S3-504053176	Shiva Business Prgivfte Limited	
miss:not_selected	0.6271466038378095	S1-91650384	Ruiz Pacific Charlton Inc	806 El Dorado Circle, Sioux Falls, SD	S2-612836489	RUIZ PACIFIC	
miss:not_selected	0.4087125343983181	S1-652839557	Rocky Galaxyedge LLC	800 West Avenue, Unit Trl 197, Village Of West Salem, WI	S2-819785558	Rocky Gailfdge LLC	
miss:not_in_candidates		S1-139993152	Uptown Pilates!	6115 Columbine Drive, Glendale, AZ	S3-674879386	Uptown Pilates! Center	
miss:assigned_elsewhere	0.40411794249300775	S1-183047814	Shubh Solutions Private Limited	Plot No.C-144, Rajat Vihar, Nangal Siras Daulatpura, Jaipur, Rajasthan	S3-806083804	Shubh Solutions Private	
miss:not_selected	0.68204267590568	S1-699125161	Keely S. Santacruz, Ph.D.	Linton, 671 D Street, IN	S3-486614703	Keely S. Santacruz, Ph.D. Corp	67 D St, <NULL>, Linton, Indiana
miss:not_in_candidates		S1-89540358	Kale Public School	Plot No.252, Flat T-1, Prasanthi Nilayam Apartments Road No.2, Banjara Hills, Beside Natco Hou, Se, Hyderabad, Telangana	S3-703053739	Kale School-Public	Hyderabad, Plot No.252, TG
miss:not_selected	0.2721680250977438	S1-244740419	Hays, Hernandez and Hayford Parts	12 Melrose Terrace, Unit 14, Wakefield, MA	S2-573000837	Hays, Hernandez and Hayford Parts LP	
miss:not_in_candidates		S1-731398870	V & L Energy P.C.	59 Highland Avenue, New Rochelle, NY	S2-571760641	V & L	
miss:assigned_elsewhere	0.11915637342406157	S1-598497685	Prime Empire Mozayyx LLC	165 General Cleburne Drive, Richmond, KY	S3-471957214	Prime Mozayyx-LLC Center	
miss:assigned_elsewhere	0.5859523240011865	S1-916814986	Strategic Medical Partners PC	4726 Shelburne Road, Pulaski County, VA	S2-100104378	STRATEGIC MEDICAL  PARTNERS INC	
miss:not_in_candidates		S1-24189947	Vision Clinic	Red Lick-crkd Crk, 329 Dug Hill Road, KY	S2-852176805	Vision Center	DUG HILL ROAD, IRINE, KY
miss:not_selected	0.028991740520952516	S1-413643520	Kal Chit Private Limited	3910/25, Nanalal Vora Street Kutch, Mandvi, Kuchchh, Gujarat	S2-282931657	Solfaye	3910/25, KACHCHH, ગુજરાત
miss:not_selected	0.445178575450289	S1-36944838	Foundry Braemar P.C.	818 Estate Circle, Copperas Cove, TX	S3-750282680	Foundry  Braemar P.C.	
miss:assigned_elsewhere	0.00001542652645754711	S1-20849054	Premier Services	First Floor, Plot No-573, Saheed Nagar, Bhubaneswar, Khordha, Orissa	S3-213773927	Premier Services	First Floor, Bhubaneswar, Rasulgarh, OD
miss:not_in_candidates		S1-757517253	Topaz & Co Corporation	40, Community Centre, New Friends Colony, New Delhi, South Delhi, Delhi	S3-552820073	Topaz & Co Corp	
miss:not_in_candidates		S1-78728979	Family League	4771 Marco Polo Road, Phoenix, AZ	S2-80331096	Family  League	
miss:not_selected	0.42085837733668263	S1-129754925	Bates, Dickson and Zinger Opportunities LLC	13123 91st Avenue Court, Gig Harbor, WA	S3-750354022	Bates, Dickson & Zinger Opportunities [L.L.C.]	
miss:not_selected	0.16926837945145726	S1-842353877	Jacqueline Froelich, Esq., PC	8565 180, Unit Well 3, Strawn, TX	S2-82777560	Jacqueline Froelich, Esq., LLC	565 180, STRAWN, TX
miss:not_in_candidates		S1-878859939	First Defense Partners LLC	7473 Arbor Park Drive, Fort Worth, TX	S2-23593908	FIRST DEFENSE PARTNERS	
miss:not_in_candidates		S1-965073141	Sukriti Niwas Private Limited	Mumbai City, Unit No. 208, Maharashtra, 2Nd Floor, Raheja Plaza, Off Veera Desai Rd, Andheri New Link Road, Andheri, (W), Mumbai	S3-672544560	Sukriti Noasa Private Limited	
miss:not_in_candidates		S1-217676675	Pediatric Associates	8 Ruth Boulevard, Smithtown, NY	S2-191646520	Pediatric Associatdnes	
miss:not_selected	0.5238431365017362	S1-553396334	Ruiz Complete Translational	5806 Bramblewood Lane, Kearns, UT	S2-842260409	RUIZ COMPLETE TRÁNSLATIONAL	
miss:not_selected	0.2380314675201431	S1-36841778	W & I Processing	100 Osage Lane, Waynesboro City, VA	S2-659273440	W +  I (ID: 4515)	1 OSAGE LANE, WAYNESBORO, VA
miss:assigned_elsewhere	0.33171489864183695	S1-721449326	Weir & Gonzalez Inc.	4124 Groundnut Creek Drive, La Grange, NC	S3-65314443	Weir & Gonzalez Inc	
miss:not_in_candidates		S1-736540713	Sant Kendra Private Limited	Workafella Business Center, Floor 5, Western Aqua Kondapur Village, Hyderabad, Telangana	S3-903856307	Sant Private Limited Services	Workafella Business Center, Hyderabad, TG
miss:not_in_candidates		S1-779175103	Anand Hospitality Private Limited	H-672/A, Palam Extension, Ramphal Chowk Sector-7, Dwarka, Delhi, South West Delhi, Delhi	S2-736099400	आनंद हॉस्पिटैलिटी प्राइवेट लिमिटेड	H-72/A, DELHI, SOUTH WEST DELHI, Delhi
miss:not_in_candidates		S1-618597800	Integrated Safe Blackstone LLC	8550 53, Naples, NY	S3-305491833	Integrated Sdmfoa Blackstone LLC	
miss:not_selected	0.6038345643339582	S1-847695378	Global Hard Limited	Plot No. A-911, Siddhart, Nagar, Jawahar Circle, Jaipur, Rajasthan	S2-286064178	Mr Global Hard Límited	
miss:not_selected	0.5229494801406113	S1-64475417	Surgical Modern Associates	1728 Cypress Street, Norfolk City, VA	S3-957418998	Surgical M0dern [Associates]	
miss:not_in_candidates		S1-382117177	South Golden Merchants PLLC	27059 150, Nappanee, IN	S3-453763415	South Golden PLLC Center	
miss:not_in_candidates		S1-531327389	Cindie Smith Investments Inc	Ithaca, NY, 37 Penny Lane	S3-877438398	Cindie Sacmidgth Investments (Inc)	
miss:not_in_candidates		S1-261675634	Rebeca Schacht, D.C.	801 Bayshore Drive, Palacios, TX	S3-825016629	REBECA SCHACHT, D.C.	
miss:not_in_candidates		S1-565750965	Cascade	1915 Franciscan Drive, Unit B, Winston-salem, NC	S2-400270300	CASCADE CORPORATION	
miss:not_in_candidates		S1-385058094	Strategic Aerospace Enterprises Corporation	166 Long Beach Road, Island Park, NY	S2-782945761	STRATEGIC  AEROSPACE	
miss:not_selected	0.4385153532796775	S1-957754579	Summit Technologies Limited	27-A, Developed Plot Industrialestate, Guindy, Chennai, Chennai, Tamil Nadu	S3-486681244	Mr Summit Technologies Ltd	
miss:not_in_candidates		S1-895041778	Golden Services Private Limited	Krishna, Thrippunath House, Tc 1337/1 Kvra-94, Maliyekkal Lane, Kanimangalam (, Po), Thrissur, Kerala	S2-881313578	ഗോൾഡൻ സർവീസസ് പ്രൈവറ്റ് ലിമിറ്റഡ്	KRISHNA, THRISSUR, കേരളം
miss:not_in_candidates		S1-343459029	Delhi Stock Pvt. Ltd.	Delhi, 290 Basement, Delhi, Agcr Enclave, Delhi, East Delhi	S2-553347904	*** Novinyla	290 BASEMENT, AGCR ENCLAVE, DELHI, DELHI, EAST DELHI, Delhi
miss:not_in_candidates		S1-826719309	Glyphelle Keycorp Inc	3704 Fourth Street, Dayton, OH	S3-686170342	Glyphelle Inc Services	
miss:assigned_elsewhere	0.000031185851323382293	S1-89736601	Hari Builders Private Limited	202, Vedant Enclave Kamla Nehru Cross Road No. 3, Kandivali, West, Mumbai, Mumbai City, Maharashtra	S3-58295688	Hari Private Builders Limited	20, Mumbai, MH
miss:not_selected	0.5213027493716624	S1-126156130	Gilberta's Networks	254 Marvis Drive, Brownsville, TX	S2-958048414	Gilberta's Gilberta's Networks-Corporation	
miss:not_in_candidates		S1-763001290	Classic International Private Limited	102, Vani Building C Wing, C G Road Wadawali, Chembur East, Mumbai, Mumbai City, Maharashtra	S3-63563982	Classic International Pgivate [Limited]	H.no 28 102, Mumbai, Mumbai City, MH
miss:assigned_elsewhere	0.3663311018078754	S1-293248686	Diamond Markets Inc.	909 Kathy Drive, Bowling Green, OH	S2-241220890	DIAMOND MARKETS	
miss:not_selected	0.29611440894879615	S1-382115568	Satwik & Co	10, Ankur Complex, B/H Town Hall Ashram Road, Ellisbridge, Ahmedabad, Gujarat	S3-212837299	Xyloonyx	Ahmedabad Hq Region, ગુજરાત, 10, Ankur Complex, B/h Town Hall Ashram Road, Ellisbridge
miss:not_in_candidates		S1-657956131	Raghukul & Co	The Crest, A-4, Airport Enclave, Near Marriott, 411, Jaipur, Rajasthan, Jaipur	S2-50928677	R5FUUL &  CO	411, JAIPURA, Rajasthan
miss:assigned_elsewhere	0.04635672199846341	S1-106462981	Roscoe Finance LLC	3026 3, Scottsburg, IN	S3-521632894	Roscoe LLC Center	
miss:not_selected	0.3512147630638068	S1-666264038	Carter Consultants LLC	119 Freetown Highway, Unit Cabin K111, Plattekill, NY	S2-156433057	Arcyumacalo	0119 FREETOWN HIGHWAY, WALLKILL, NY
miss:not_in_candidates		S1-72551821	Golden Agro Private Limited	Kp Vii 750 Sree Visakom, Dhanuvachapuram P O, Thiruvananthapuram, Trivandrum, Kerala	S3-239649063	Golden Agnsaro Private Limited	
miss:not_in_candidates		S1-864473482	East Hospitality Limited	Maharashtra, B 103, Thane, Datar Apt, Opp Ganesh Mandir Road Dombivli East, Mumbai	S2-744642426	ईस्ट हॉस्पिटैलिटी लिमिटेड	B 1-03, THANE, BOMBAY, Maharashtra
miss:not_in_candidates		S1-589153868	Williams Bay Trailblazer	Tuscaloosa, AL, 3316 16th Street	S3-401360294	Bay Williams Trillbazner	16st St, Tuscaloosa, Alabama
miss:not_selected	0.6684333386420541	S1-333563011	Ravitech Logistics Pvt Ltd	C/O Nirmala Devi, Nirmala, Suraya Puri Colony, Kendui, Gaya, Bihar	S3-993681254	ravitech 1ógistics pvt ltd	C/o Nirmala Devi, Gaya, BR
miss:not_in_candidates		S1-630060964	Smart Sony	240 Pearl Expressway, Dallas, TX	S2-738914775	Smart Sony Co	
miss:not_selected	0.5792814857594133	S1-595485646	Innovation & Co	C/O Suresh Kumar, Near Jogi Dass Ki Kothi H.No.495, Ward 12, Saini Mohalla, Karnal, Haryana	S2-833729782	Dr INNOVATION CO +	
miss:not_selected	0.46774813545697164	S1-150177718	Kkm (india) Private Limited	380, Ilikar Karki, Honavar, Uttara Kannada, Karnataka	S3-217243305	Irievo	623 380, Honavar, Uttara Kannada, ಕರ್ನಾಟಕ
miss:not_in_candidates		S1-636071321	Lower Choice Environmental Inc.	713 Hays Street, Council Grove, KS	S3-533294894	Lower Choice Environmental (Inc.)	
miss:not_in_candidates		S1-316507703	Sweet Tavern	1175 Lost Trail Drive, Pullman, WA	S3-915808596	Sweet Tvdrn	
miss:not_selected	0.5165308777242024	S1-703564041	Hylton, Reese & Mckitrick LLC	30 Farley Avenue, Ipswich, MA	S2-91489040	Hylton, Reese &  Mckitrick LLC	
miss:not_in_candidates		S1-766683741	Hotel Management Private Limited	H No 268, Ward No 3, Daundaj, Tal Purandar, Pune, Maharashtra	S3-522679631	होटल मैनेजमेंट प्राइवेट लिमिटेड	H No 68, Pune, महाराष्ट्र
miss:not_in_candidates		S1-68770024	VGS Technology Corporation	Shakarpur, Delhi, Office No. T-1, S-521-522, School Block, Shakarpur, Delhi, East Delhi	S3-829994045	VG5 Technology Corporation	Office No. T-01, Shakarpur, East Delhi, DL
miss:not_in_candidates		S1-536224892	Capital Chain LLC	23 Avenue Of Champions, Jessamine Co, KY	S3-88026321	Capital Chain	
miss:not_selected	0.2387227922877376	S1-942634481	Cantrell, Mason and Holloway LLC	1146 Lovejoy Street, Buffalo, NY	S2-732128129	Cantrell, Mason and Holloawy LLC	
miss:not_selected	0.6856804719174454	S1-637434419	Stafani Larue Duration LLC	1030 62nd Avenue, Merrillville, IN	S3-966741450	Stafani Larue Llc-Services	
miss:not_selected	0.3240026645967943	S1-271943478	Thorne Corporation	745 Connecticut Corners Road, Braintree, VT	S2-338773188	Verazeph	745 CONNECTICUT CORNERS RD, BRAINTREE, VT
miss:not_selected	0.6337797535289533	S1-965763354	Venita W. Stjohn, L.C.S.W. PLLC	Trinity, NC, 3756 Pine Ridge Drive	S3-471706721	Venita W. PLLC L.C.S.W. Stjohn,	
miss:not_in_candidates		S1-179667764	Grand Security Industries	DC, Washington, Unit 419, 3001 Bladensburg Road	S2-655933227	Grand Security Industries Inc.	
miss:not_in_candidates		S1-889794456	Upper College	23 Beach Road, Unit A9, Salisbury, MA	S2-603430877	Upper Services	
miss:not_in_candidates		S1-380039407	Urgent Care Group	78 Greenwood Street, Worcester, MA	S3-399236279	Urgent Urgent Care & Co	
miss:not_in_candidates		S1-65424461	Dixon Genesis	103 Dale Drive, Smyrna, TN	S3-768349815	Dixon  Services	
miss:not_in_candidates		S1-497302162	Mumbai Producer Private Limited	1104 Cabin B, Plot A/4 Cts, 694, Peninsula Park, Near Chitralekha, Off Veera Desai Rd, An, Dheri West, Mumbai, Mumbai City, Maharashtra	S3-271278093	Mumbai Producer-Private  Limited	
miss:not_in_candidates		S1-369773678	Al Foods Private Limited	Aurangabad, Cts No.1453/1, S.No.55 Center Point, Rama Nagar Road, Beside Kranti Chowk Water Tank, Jalna Road, Aurangabad, Shop No.7, Maharashtra	S2-722228032	अल फूड्स प्राइवेट लिमिटेड	SHOP NO.7, AURANGABAD, महाराष्ट्र
miss:not_in_candidates		S1-131411036	Internal Medicine Clinic of Atlanta	2161 Peachtree Road, Unit 501, Atlanta, GA	S2-301271227	INTERNAL MEDICINE CLINIC	4161 PEACHTREE ROAD, NULL, ATLANTA, GA
miss:not_selected	0.5265795964547314	S1-899404513	General Digital Laboratories Inc	2205 Main Street, Mishawaka, IN	S2-690234225	General Didtnl Laboratories Inc	
miss:not_in_candidates		S1-8708659	Primary Care Pinnacle Specialists	1686 Mount Vernon Street, Petersburg City, VA	S2-213076295	PRIMARY CARE PINNACLE SPECIALISTS	
miss:not_in_candidates		S1-694051589	Ss Trading Private Limited	Plot No B-4/413 Sector-4, Gomtinagar Vistar, Lucknow, Uttar Pradesh	S2-952306149	SS TRADING LIMITED (SERVICES)	
miss:not_in_candidates		S1-546414186	Tech Trading Pvt Ltd	Shop 186, 1St Floor, Golani Market, Jalgaon, Jalgaon, Maharashtra	S2-673199457	Tech Trading  Pvt Ltd Enterprises	
miss:not_selected	0.5401497488209461	S1-32867777	Noida Sai Co	House No. B-16 Sector-50, Noida, Gautam Buddha Nagar, Uttar Pradesh	S2-546752470	Noida Sai	HOUSE NO. B-16 SECTOR5-0, NOIDA, Uttar Pradesh
miss:not_in_candidates		S1-597465251	Jai Technology Private Limited	House No 3, Kundalakar Ki Goth Kampoo, Gird, Gwalior, Madhya Pradesh	S2-111671571	जय टेक्नोलॉजी प्राइवेट लिमिटेड	HOUE NO 3, GIRD, GWALIOR, मध्य प्रदेश
miss:not_in_candidates		S1-739255037	Industrial Complex Dundahera Foundation Private Limited	241, Ground Floor, Udyog Vihar, Phase 1, Industrial Complex Dundahera, Gurgaon, Haryana	S3-16523736	Foundation	241, Ground Floor, Udyog Vihar, Phase 1, Industrial Complex Dundahera, Gurgaon, Haryana
miss:not_selected	0.33966171080014385	S1-295223628	Teddi Mackey Tire Shop	2403 Russell Court, City Of Reedsburg, WI	S3-113060054	Teddi Mackey Tire Shop Ltd	240 Russell Court, Reedsburg, Wisconsin
miss:not_selected	0.24978251023739953	S1-92250077	Shanna's Cafe	95 Columbus Avenue, Unit Apartment 14, Freeport, NY	S2-186543047	Shanna's Service	
miss:not_selected	0.28159943847380403	S1-857752814	S & T Roofing	710 Gloucester Drive, Newport News City, VA	S3-130937962	st.com	10 Gloucester Drive, Newport News City, Virginia
miss:not_in_candidates		S1-695012557	Apex Engineering	C/O. Pradeep Kumar, Shankar Singh, Dullahpur, Zamania, Ghazipur, Uttar Pradesh	S3-882032787	Apex Engineering LLP	
miss:not_in_candidates		S1-769300688	Delhi Producer Private Limited	Plot No. 120, G.F., Pkt-B, Sector-4, Bawana, Dsidc, Delhi, North West Delhi, Delhi	S3-706742599	Delhi Producer Private Ltd	
miss:not_in_candidates		S1-44950671	Lower River LLC	NY, Islip, 134 Juniper Avenue	S3-511159989	Lower LLC Services	13 Juniper Ave, Islip, New York
miss:not_in_candidates		S1-738736301	North Products Pvt Ltd	5 Dr Rajendra Prasad Sarani9Th Flr, Kolkata, Calcutta, West Bengal	S3-514215396	Ltd North Pvt Services	5 Dr Rajendra Prasad Sarani9th Flr, Kolkata, Calcutta, WB
miss:not_selected	0.17872962995583544	S1-15217202	Williams & Ryan	9080 Randal Street, St. John, IN	S3-892342695	The Williams +  Ryan	
miss:not_in_candidates		S1-257226555	Vaayuraj Diversity Private Limited	Parshavnath Apparels (P) Ltd. C/O. Tarun Jain D-38, Uttar Pradesh, Ghaziabad, Gf Basement, Rdc	S3-621063067	Vaayuraj Diversity	
miss:assigned_elsewhere	9.754343034977255e-6	S1-718650870	Shree Consultants Limited	6 Ram Vihar Colony, Ph 2, Deori Road, Agra, Uttar Pradesh	S3-352258202	श्री कंसल्टेंट्स लिमिटेड	Ram Vihar Colony, Agra, UP
miss:not_in_candidates		S1-169525762	Raj International Limited	Tmc-54/44, Puthenpurakkal House, Pudurkara, P.O. Ayyanthole, Thrissur, Kerala	S3-813573730	Dr Raj International  Limited	
miss:not_selected	0.38759296485013245	S1-565609948	OR Texas	9606 Pole Run Road, Prince George County, VA	S3-232468341	OR Texas Ltd	Pole Run Road, PO Box 7399, Prince George County, Virginia
miss:not_in_candidates		S1-941118938	Emlynne Wilson, Ph.D.	9625 Venus Lane, Fontana, CA	S2-142384381	Emlynne Wilson, Ph.D. LLC	
miss:not_in_candidates		S1-506290073	Smith Academy	606 1st Street, Benicia, CA	S3-948570204	Smith Center	606C 1nd Street, Benicia, California
miss:not_in_candidates		S1-54613648	Rev It Up Tavern PLLC	Newport News City, 152 Bret Harte Drive, VA	S3-943368701	Rev It Up Taern  PLLC	
miss:not_in_candidates		S1-210026486	Beacon Inc	430 Kentucky Street, Beaver Dam, KY	S3-818226351	Beacon Inc	
miss:not_in_candidates		S1-193567668	Beriwal Learning Corporation	Kasba Peth, Fl No. 6 Palawe Chowk, Pune, Maharashtra	S3-431555947	Beriwal Corporation Services	
miss:assigned_elsewhere	0.000019165518316960305	S1-773536855	Golden Infrastructure Private Limited	72, 1St And 2Nd Stage, Mahalakshmi Industrial Suburb Ward No. 10, Rajajinagar, Bangalore, Karnataka	S3-363101420	>> Golden Insatruccture Private Limited	72, Karnataka, KA
miss:not_selected	0.008937140019634976	S1-627778450	Professional Construction Studios	NC, Marion Area, 292 Mckinney Road	S3-289871752	Professional Construction Construction Studio	28 Mckinney Rd, North Carolina, Marion Area
miss:not_in_candidates		S1-211780230	Womens Health Partners	1341 Jennifer Street, Prescott, AZ	S2-853426280	Womens Health Partners Corporation	
miss:not_selected	0.008534716650293348	S1-931688410	Oncology Clinic of Wilsonville	AL, Wilsonville, 5200 Hwy 55	S3-402004558	Oncology Clinic of  Wilsonville Co	5199 Hwy 55, PO Box 4353, Wilsonville, Alabama
miss:not_in_candidates		S1-349043787	North Exports Private Limited	Flat No 112 Ushodaya Towers Shapur Jeedimetla, Hyderabad, Telangana	S2-224679325	North Private Exports Limited	
miss:assigned_elsewhere	0.0000925399402296271	S1-223598319	Hood Lightwave Inc	VA, Richmond City, 211 33rd Street	S3-989250419	Center Hood Inc	Richmond City, Virginia, 211 33rd Saint
miss:not_in_candidates		S1-267122724	United Tech Private Limited	Office No. 02, Swagat Apartment, Sangamner, Ahmed Nagar, Maharashtra	S3-286492869	unitedtechprivate.com	Offine No. 02, Chincholi Gurav, MH
miss:not_selected	0.24341347678244052	S1-323898446	Rvd Language Co	C/O Fhath Lal, Hospital Road, Vallabhnagar, Udaipur, Rajasthan	S3-224248669	Rvd Co Language	
miss:not_in_candidates		S1-709157029	Perfect Engineering Limited	14, 3Rd Floor, 4 D Square, Opp. Iit Engg College, Visat- Gandhinagar Highway, Mot, Era, Ahmadabad City, Ahmedabad, Gujarat	S2-837084811	પરફેક્ટ એન્જિનિયરિંગ લિમિટેડ	14, AHMEDABAD, ગુજરાત, AHMADABAD CITY
miss:not_in_candidates		S1-349712971	Pediatric Group	412 Dennis Avenue, Bradley, IL	S3-40678201	Pediatric	Dennis Ave, Bradley, Illinois
miss:assigned_elsewhere	0.0004239339679456178	S1-16697914	Eastern Cascade Motors Ltd	1658 Lemar Drive, Wooster, OH	S3-929279663	Eastern Motors Ltd Services	
miss:not_in_candidates		S1-109875491	Sony Chemicals Limited	Door No, 2/234, Karalakadu Bus Stop, Selliyampalayam, Karkoodalpatty, Rasipuram, Namakkal, Tamil Nadu	S3-94835357	Sony Limited Services	Door No, Namakkal, Rasipuram, தமிழ்நாடு
miss:not_in_candidates		S1-100454155	Ss Global	2/44, Anna Street, Naduppalayam, Peedampalli, Coimbatore South, Coimbatore, Tamil Nadu	S2-918466273	Smt Ss Global LLP	
miss:not_in_candidates		S1-682956387	Pushpa Nursing Home	Maharashtra, Thane, Plot No 2, 3 Flat A-3102, Sector 11, Sanpada	S3-668220223	Pushpa H0me (Services)	Pdot No 2, Thane, महाराष्ट्र
miss:not_in_candidates		S1-976341319	Indo International Private Limited	C-2/37 Safdarjung Development Area, New Delhi, South Delhi, Delhi	S3-228733873	Indo  International Private Limited Enterprises	
miss:not_in_candidates		S1-572462503	Global Hospitality	24/175-18/296, Thiyyans Building Narayana, Nagaram, Vadakara, Kozhikode, Kerala	S3-643056421	Global Services	24/175-18/296, Thiyyans Building Narayana, Nagaram, Kozhikode, Vadakara, KL
miss:not_in_candidates		S1-282829414	Lusk Summit Safe Group	CA, Elk Grove, 2927 Atterbury Way	S2-76315337	LUSK  SUMMIT SAFE INC	
miss:not_in_candidates		S1-420622186	Cube Traders Private Limited	S-112, Basement, Greater Kailash, Part-2, New Delhi, South Delhi, Delhi	S3-78486567	Tradersprivatecube.Com	S-112, New Delhi, South Delhi, DL
miss:not_in_candidates		S1-169523616	Primary Care Physicians Inc	42 Brookview Street, Unit 3, Boston, MA	S2-502253375	PRIMARY CARE PHYSICIANS  INC	167 BROOKMIEW STREET, DORCHESTER, MA
miss:not_in_candidates		S1-396342593	Royce Solutions Private Limited	A-298, Ff, South City I, Sadar Bazar, Gurgaon, Haryana	S2-484240874	VERABRIX	HN 49. A-298, SADAR BAZAR, GURGAON, हरियाणा
miss:not_in_candidates		S1-275827555	Urban International Private Limited	2, Church Lane, Room No- 206, Kolkata, Howrah, West Bengal	S3-881909099	Urban International Private	পশ্চিমবঙ্গ, 2, Calcutta
miss:not_selected	0.6057592883961125	S1-687597816	Paramsukh Business Pvt Ltd	1St Floor, 1St Block, Hrbr Layout, Bengaluru, Karnataka, No 2Gc-958, Bangalore North, Bangalore	S2-677695199	PARAMSUKH PVT LTD PARTNERS	
miss:not_selected	0.4683178456752748	S1-261734405	Innovative Transit Advisors P.C.	2745 Santa Cruz Street, Round Rock, TX	S3-763321285	Innovative Transit Advisors  P.C.	
miss:not_in_candidates		S1-104554484	Mv Trades Private Limited	K.V.Rangareddy, Uppal, Telangana, Plot No 17, Sai Nagar, Narapally	S3-854484901	Mv Private-Limited Services	Plot No #17, Medchal Malkajgiri, TG
miss:not_in_candidates		S1-833895960	Indo Marketing Limited	101 B, 1St Floor, Amrut Diamond House, Tata Road No 1, Roxy Cinema, Opera House, Girgaon, Mumbai, Mumbai City, Maharashtra	S2-700871106	Services Indo Limited	101 B, 1ST FLOOR, AMRUT DIAMOND HOUSE, TATA ROAD NO 1, ROXY CINEMA, OPERA HOUSE, GIRGAON, Maharashtra, MUMBAI, MUMBAI CITY
miss:not_in_candidates		S1-235667266	Back Alley Seafood!	8131 107th Avenue, Unit 80, Peoria, AZ	S3-835492422	Back Alley  Seafood! Enterprises	
miss:not_in_candidates		S1-80910013	Wilson Signs Inc	4120 Toringdon Way, NC, Unit 410, Charlotte	S3-90629093	Wilson Signs	
miss:not_in_candidates		S1-148003046	Salvatore Vaneck LLC	139 Judkins Road, Rangeley, ME	S2-677820766	Salvatore Vaneck	
miss:not_in_candidates		S1-467042142	Diamond Banc LLC	812 York Street, Luzerne Township, PA	S2-639931440	Diamond Banc [LLC]	
miss:assigned_elsewhere	0.000010511923886357232	S1-941284633	White Infrastructure Private Limited	Unit No. 9, 5Th Floor, Worldmark 4, Asset Area No. Lp-1B-04, Gateway District, Delhi Aerocity, Near Indira Gandhi International Airport, New Delhi, New Delhi, South West Delhi, Delhi	S3-744130392	व्हाइट इंफ्रास्ट्रक्चर प्राइवेट लिमिटेड	Unit No. 9, South West Delhi, New Delhi, DL
miss:not_selected	0.6929971193774649	S1-468474981	Sn Clinic	No. 2 Cmm Street, Nungambakkam, Chennai, Tamil Nadu	S2-112070840	Dr Sn Clinic [Company]	
miss:not_in_candidates		S1-390728838	Housing Ministries	14 Old Field Road, Granby, CT	S3-815126868	Wexkelo	14 1/2 Old Field Road, Connecticut, PMB 4720, Ganby
miss:not_in_candidates		S1-258918779	New Delhi Ventures Corp	D-123, East Delhi, Near Mandir East Vinod Nagar, Delhi, New Delhi	S3-611297777	New Delhi Corp Service	D-d/123, New Delhi, DL
miss:not_in_candidates		S1-201649763	Scope Traders Private Limited	S-12, Dwarika Tower, Vidyadhar Nagar, Jaipur, Rajasthan	S3-169279730	Limited Scope Private Center	S-12, Jaipur, RJ
miss:not_in_candidates		S1-777862102	Lakshmi It Private Limited	Khata No. 15-6-2-200A, Ward No. 15, T.K Road, Bhadravati, Shimoga, Karnataka	S3-170511674	Lakshmi It Prívate (Limited)	
miss:not_in_candidates		S1-836166169	Delhi Consultingprivate Private Limited	B-54, Gulab Bagh Uttam Nagar, Delhi, West Delhi, Delhi	S3-909075146	Delhi Private Limited Center	B-54, West Delhi, Delhi, दिल्ली
miss:not_in_candidates		S1-140312802	Shakti Foundation Private Limited	Abhimanyu Puram, Above Anandi Dinning Hall, S. No 16/5, Manik Bagh Signal, Sinhgad M, Ain Road., Pune, Maharashtra	S3-856659391	Shakti Foundation Private  Limited #32279	
miss:not_selected	0.5347713135263221	S1-253810488	Triumph Charitable Trust	25Th Ground Floor, Serpentine Road, Kumara Park West, Bengaluru, Bangalore, Karnataka	S3-515062771	Triumph  Charitable Trust	
miss:not_in_candidates		S1-506729740	High Consulting Pvt Ltd	Block B-308, Inceptum, Opp Planet Landmark Hotel, S G Highway, Ambli Road, Ahmedabad, Gujarat	S3-685031048	High Consulting Pvt [Ltd]	
miss:not_selected	0.1481173615846084	S1-599748374	Saint Zion LLC	4805 Tanager Park Drive, Unit 106, Charlotte, NC	S3-304360793	Saint-Zion LLC	
miss:not_in_candidates		S1-929220652	Garcia Vanguard Churchill LLC	3620 Centerstone Parkway, New Haven, IN	S3-997390031	Garcia Vanguard Cluchil LLC	
miss:not_in_candidates		S1-457899062	Life Infra Private Limited	Valencia Building B, Fl. No. 206, Sr. No. 4/3 Near Acme Dev., Nahre, Ambegaon, Pune, Maharashtra	S3-633508245	Shri Life Infra Limited Partners	
miss:assigned_elsewhere	0.46647801494034596	S1-467421801	Chiropractic Heartland Care Inc	11443 Lockwood Drive, Silver Spring, MD	S2-756538192	Chiropractic Heartland (Care)	
miss:not_in_candidates		S1-626902663	First Consultancy Private Limited	No 369 G2, Ground Floor, 13Th Main Road, Sadashivanagar, Bangalore North, Bangalore, Karnataka	S2-540023045	FIRST CONSULTANCY-PRIVATE LIMITED	
miss:not_in_candidates		S1-827774819	South Infra Limited	Kolkata, West Bengal, Howrah, 6Thfr, Diamond Heritage, 16, Strand Road, Suit No.613, Kolkata	S2-451514118	M/s South  Infra Limited	
miss:not_in_candidates		S1-621230567	GEE Center Limited	B, 10Th Floor-1010, Ratnakar-9 Square, Opp. Keshavbaug, Vastrapur, Ahmedabad, Gujarat	S3-759046153	Geecenter.Com	B, Ahmedabad, GJ, Ahmedabad
