kind	p	s1	s1_name	s1_addr	q	q_name	q_addr
false_merge	0.5154154198178683	S1-3933345	Mumbai Entertainment Private Limited	D-705, Agarwal Residency, 7Th Floor, Shankar Lane, Kandivali (West), Mumbai, Mumbai City, Maharashtra	S3-828362064	MUMBAI ENTERTAINMENT LIMITED	D-707, Mumbai, Mumbai City, MH
false_merge	0.7932914037051574	S1-443795394	Gujarat Services Private Limited	C/O Dheeraj Kumar, Plot 2, S.No.305/1A/1B/2, Devlali, Nashik, Maharashtra	S2-296485317	Gujarat Services Limited	DOOR NO 85 C/O DHEERAJ KUMAR, PLOT 2, S.NO.305/1A/1B/2, DEVLALI, NASHIK, महाराष्ट्र
false_merge	0.9726888696233338	S1-424741357	National Lakeshore LLC	OH, 807 Adams Street, Sandusky	S2-SYN785394	Inc National Lakeshore	807-813 ADAMS STREET, SANDUSKY, OH
false_merge	0.747048040847158	S1-111963716	West For	1484 158, Ballinger, TX	S2-519148304	West For Inc	1485 158, BALLINGER, TX
false_merge	0.7979140769410575	S1-542498429	Trenton (India) (inida) Private Limited	No.36/37, Ramanjaneya Layout Somasandrapalya Main Road, Madiwala Post, Bangalore, Karnataka	S3-785533758	Trenton Private Limited Service	
false_merge	0.5216710092830079	S1-119261842	Chandrtech India Private Limited	Flat No 2603 Pine Bldg No 19, Wing A Dosti West Colony, Thane, Maharashtra	S2-373883728	CHANDRTECH  PRIVATE LIMITED CENTER	
false_merge	0.8455240184744797	S1-87213396	APU System Limited	Ahmedabad, Gujarat, Ratnakar-9 Square, Opp. Keshavbaug, Mansi Circle Road, Vastrapur, A-901 & 902, Ahmedabad	S3-156364355	APK System  Limited	A-901 & 902, Ratnakar-9 Square, Opp. Keshavbaug, Mansi Circle Road, Vastrapur, Ahmedabad, GJ
false_merge	0.8468393878256999	S1-861112048	Ks Hospital Private Limited	Pune, Maharashtra, Pune, Shop 4 Floor Sn 157 Pn 19 Aundh D P Rd Vedas Center	S2-SYN1888230	Ks Hospital Private Ltd	HN 320/7 SHOP 4 FLOOR SN 157 PN 19 AUNDH D P RD VEDAS CENTER, PUNE, Maharashtra
false_merge	0.9011055143989161	S1-36779987	Morgan Plantations (India) Private Limited	199, Senani Vihar, Rb Kharika Telibagh, Lucknow, Uttar Pradesh	S2-SYN1990558	Morgan Plantations (India) Private Límited	344 199, SENANI VIHAR, RB KHARIKA TELIBAGH, LUCKNOW, Uttar Pradesh
false_merge	0.8960788428782146	S1-167421226	First Apex Exports Pvt Ltd	B N0 1, A 204, Rajvaibhav Complex, Ganesh Nagar Dombivali West, Kalyan, Thane, Maharashtra	S2-SYN2219929	First Apex Exports Pvt Limited	B NA-1 1, A 204, RAJVAIBHAV COMPLEX, GANESH NAGAR DOMBIVALI WEST, KALYAN, Maharashtra
false_merge	0.8796878531640759	S1-385085391	Lotus Systems Private Limited	S.No. 212/3/1, N.H.6, Deepnagar, Bhusaval, Jalgaon, Maharashtra	S3-SYN1812897	लोटस सिस्टम्स प्राइवेट लिमिटेड	N.h.1, Deepnagar, S.no. 212/3/1, Bhusawal, Jalgaon, MH
false_merge	0.7678187668571347	S1-159867348	White Foot & Ankle Partners Partners	Unit 12, 140 Delores Circle, White, PA	S2-557480751	White Foot & Ankle Partners Partners LLC	161 DELORES CIR, WHITE, PA
false_merge	0.8156026345749741	S1-195346154	Roopya Learning Care	1B, Floor-1, Plot-176, Mehta Mansion, Jagannath Shankarsheth Marg, Gaiwadi, Mumbai, Maharashtra	S3-845070073	Roopique  Learning Care	Floor-1, Plot-176, Mehta Mansion, Jagannath Shankarsheth Marg, Gaiwadi, MH, 5B, Mumbai
false_merge	0.994379169788516	S1-186323889	Silver Power Limited	Flat No. 1, Shriram Samruddhi, Richmond Park Opp Orchid School, Balewadi Phata, Baner, Pune, Maharashtra	S3-SYN1451614	Silver Powlbr Limited	#1., Shriram Samruddhi, Richmond Park Opp Orchid School, Balewadi Phata, Baner, Pune, Nande, MH
false_merge	0.9960459292122504	S1-101383941	Shakti Management Private Limited	# 1-8-240, Mayuri Residency Balasamudram, Hanamkonda, Warangal Urban, Telangana	S2-SYN1419886	Shakti మేనేజ్‌మెంట్ Private Limited	1-8-240 , MAYURI RESIDENCY BALASAMUDRAM, HANAMKONDA, తెలంగాణ
false_merge	0.7916825933256254	S1-461666019	Creative Developers Pvt Ltd	Tower 9, E 9Th Floor, Vijayshanthi Boulevard, Chinglepet, Kanchipuram, Tamil Nadu	S2-SYN2085275	கிரியேட்டிவ் டெவலப்பர்ஸ் பிரைவேட் லிமிடெட்	HN 769. TOWER 9, CHINGLEPET, KANCHIPURAM, Tamil Nadu
false_merge	0.7792121488481106	S1-662466852	Ghaziabad Courier Private Limited	Flat No.13032, Gh-07, Infrastructure Aoa, Ghaziabad, Uttar Pradesh	S3-407761822	Ghaziabad Courier Holdings Private Limited	Flat No., Gh-07, Infrastructure Aoa, Ghaziabad, UP
false_merge	0.944661635873337	S1-205657240	Quantent Brown	19337 Derringer Trail, Flint, TX	S3-931755475	Quantell Brown - 8347277506	19337 Derringer Trl, Flinnt, Texas
false_merge	0.9639525163867049	S1-396651451	Clyeon Dome LLC	Raleigh, 2409 Scouting Trail, NC	S3-369931541	Clyeona LLC (Dome)	North Carolina, 2409- Scouting Trl, Raleigh
false_merge	0.8105243822051547	S1-464280221	Springer Trusted Electric Inc.	3 Harrison Avenue, Berlin, MD	S3-493916524	Inc Springer Trusted Ercmitc	5 Harrison Ave, Belin CDP, Maryland
false_merge	0.7578533835043206	S1-352868408	Kestola Debt Inc	1718 19th Street, Minneapolis, MN	S3-551410999	Cestola Debt	Minnesota, Minneapolis, 1718 19nd St
false_merge	0.9917906138255644	S1-220080255	Gangavi Resort Ltd	Panipat, House No. 1277, Sector 13-17, Haryana	S3-143753497	Gangant Resort (Ltd)	House No. ##1277, Panipat, Shodapur, हरियाणा
false_merge	0.9863118488887213	S1-138409355	WAF Technologies Private Limited	A-102, Plot No. 48, Basera Chs Ltd, Lokhandwala Co Near High Point Restaura, Andheri (W), Mumbai, Mumbai City, Maharashtra	S3-138923840	WWAF Technologies Limited Center	A-102, Greater Bombay, Mumbai, MH
false_merge	0.748374302537544	S1-349724167	Big Pizza!	4714 Shephard Road, OH, Batavia	S3-SYN1849740	Big Pizza!	Shephard Road, PO Box 2258, Batavia, Ohio
false_merge	0.9488169378271363	S1-492102424	Dynamic Agro Private Limited	702 New Alaknanda Niwas Chs Ltd, Subhash B Road, Vile Parle E, Near Sbi Bank, Mumbai, Mumbai, Maharashtra, Mumbai	S3-736591334	Dynamic Agro Limited Private	702, Pune, MH
false_merge	0.948407811353185	S1-441617599	Gilly Brunell, DPM Inc.	28486 Lamar Avenue, Chisago City, MN	S2-204557534	GILLY BRÚNELL, DPVM INC.	CHISAGO CITY, 28486-28490 Lamar Avenue, MN
false_merge	0.9943566680778186	S1-224693954	Compass Enterprises, LLC	4964 Kessler Drive, Frisco, TX	S2-709227573	Compass, LLC Enterprises	
false_merge	0.6133575266054996	S1-680622315	Miller, Jennings & Peguero, LLC	2541 Wilson Avenue, Unit 1, Knoxville, TN	S3-203350385	Miller, Jennings & Peguero,  LLC	
false_merge	0.8919409117864687	S1-919917988	Pietila, Lozano & Holloway LLC	366125 United States Highway 62, Boley, OK	S3-918345359	Ariasol	69125 United States Highway 62, Boley, Oklahoma
false_merge	0.743872363728597	S1-141779511	Indrora Technologies Pvt Ltd	12/286 A1, Vkc Building Cheruvannur, Calicut, Kozhikode, Kerala	S2-SYN641095	Inndrora Technologies Pvt [Ltd.]	NO 11/299 A1, VKC BUILDING CHERUVANNUR, CALICUT, Keralam
false_merge	0.9969267454861429	S1-328941981	Mcclure Royal Pegasus LLC	242 51st Street, Des Moines, IA	S3-SYN1936960	Lumecto Northside DBA Mcclure Royal Pegasus LLC	242 51st Street, Des Moines, IA
false_merge	0.9714271257496617	S1-449905273	Big It Private Limited	No 536, Malamelparambu, Kaniyapuram P O, Thiruvananthapuram, Thiruvananthapuram, Thiruvananthapuram, Trivandrum, Kerala	S3-SYN449532	ബിഗ് ഐടി പ്രൈവറ്റ് ലിമിറ്റഡ്	##27/124-A, Thiruvananthapuram, Trivandrum, KL
false_merge	0.9192521322422791	S1-41892122	Pinnacle Brothers Private Limited	Shop No. 3S/246, Gollapudi Vasavicomplex One Centre, Gollapudi Village, Vijayawada, Krishna, Andhra Pradesh	S3-SYN1835287	Mr Pinnacle Brothers Private Limited	Shop No. 1S/24, Vijayawada, Krishna, ఆంధ్రప్రదేశ్
false_merge	0.997869864032095	S1-875272180	Aarvanth Ventures Private Limited	25 Dalal Streetdas Chambers Fort, Mumbai, Maharashtra	S2-462437312	Aarrvanth Ventures Prívate	0025 DALAL STREETDAS CHAMBERS FORT, MUMBAI, null, महाराष्ट्र
false_merge	0.7661974162647863	S1-885650332	XR Retail Private Limited	Thane, Sdn 1 Thane, Maharashtra, Unit No 8A Electronic	S2-SYN1922137	XR RETAIL PRIVATE	UNIT NO 14A ELECTRONIC, SDN 1 THANE, THANE, महाराष्ट्र
false_merge	0.9626390539447373	S1-289777797	Ferrora Productions L.L.C.	3908 Rosedale Street, Gig Harbor, WA	S3-459979943	Ferrrora Productions (L.L.C.)	915 Rosedale St, Gig Harbor Township, Washington
false_merge	0.9968668048941224	S1-558600800	Apex Power Private Limited	Telangana, 1St Floor, Chikkadpally, Hyderabad, Hyderabad, Door No 1-8-160, Musheerabad	S2-SYN2261459	ఏపెక్స్ పవర్ ప్రైవేట్ లిమిటెడ్	1-8-160, 1ST FLOOR, CHIKKADPALLY, HYDERABAD, HYDERABAD, MUSHEERABAD, Andhra Pradesh
false_merge	0.9884319328307818	S1-254781506	Vaayuesh Dairy Care	16, R. N. Mukherjee Road, Kolkata, Howrah, West Bengal	S3-517724234	Nexcirawex	16 R.N.Mukherjee Road, Kolkata, Howrah, West Bengal
false_merge	0.9913798238081232	S1-738341861	Ram Infrastructure Pvt Ltd	1St Floor, 485, 13Th Cross, 4Thphase Peenya Industrial Area, Bangalore, Karnataka	S3-SYN1572075	Ram Innfrastructfre Pvt Ltd	H.no 1St Floor, 485, 13Th Cross, 4Thphase Peenya Industrial Area, Bangalore, ಕರ್ನಾಟಕ
false_merge	0.9649620581237648	S1-270097387	Rochell S. Harrison, Esq.	1783 Guadalajara Avenue, Brownsville, TX	S3-SYN1281151	Rochell S. Harrison, Esq. Ltd	1783 Guadalajara Ave, Brownsville, Texas
false_merge	0.966821446868317	S1-606258424	Ns Kalp Private Limited	G-3, Grd Floor, Black Diamond Chs Limited, Khar Danda, Khar West, Mumbai, Mumbai City, Maharashtra	S3-SYN2321213	Ns Kalp Private Ltd	Mumbai, MH, Mumbai Region, G-1
false_merge	0.6252953685311538	S1-371050434	A Bright Motors LLC	1288 Mill Ford Trail, Asheboro, NC	S3-842126465	A Bright  Motors LLC	
false_merge	0.983605995881111	S1-412531935	Anilaya Traders	Maharashtra, Shop No. B2 (72), Navi Mumbai, Vashi, Adjoining Shop No. B-22, Apmc Market 1, Phase 2, Turbhe	S3-SYN1370178	Anilaya Traders	Navi Mumbai, Vashi, महाराष्ट्र, Hn 96 Shop No. B2 (72)
false_merge	0.927572043957219	S1-154182001	Reeva Industries Group	8-21-Ant-502, Narava Road, 8Th Ward Giddlur, Giddalur, Prakasam, Andhra Pradesh	S2-58887015	REEVA INDUSTRIES GROUP	A-8-21-ANT-507, NARAVA ROAD, 8TH WARD GIDDLUR, GIDDALUR, ఆంధ్రప్రదేశ్
false_merge	0.9984983228188478	S1-133766725	Housing Foundation III LLC	57 Herring Avenue, Galesburg, Fl 1, IL	S3-671064137	Housing-Foundation II  LLC	57 Herring Ave, PMB 8245, Galesburg, Illinois
false_merge	0.9948821725509231	S1-270752153	Bidar Infra LLP	Karnataka, Bidar, Mailoor Mailoor Road, H No.1-17-230, Bidar	S2-SYN1702649	Bidar Bidar Infra LLP	NO D/1-17-230 , MAILOOR MAILOOR ROAD, BIDAR, ಕರ್ನಾಟಕ
false_merge	0.4959254079716878	S1-300399530	Patil Wire Ltd	Sr.No. 215 Nandanwan Col-B/32 Sant Tukaram Nagar Bhosari, Pune, Maharashtra	S3-SYN2547423	Patil Wire	Sr.no. 205 Nandanwan Col-b/32 Sant Tukaram Nagar Bhosari, Pune, महाराष्ट्र
false_merge	0.9796298175419302	S1-257539421	Joliet Wildlife Initiative	820 Horseshoe Drive, Joliet, IL	S3-SYN165919	JOLIET WILDLIFE INITIATIVE CO	Joleit, 820 Horseshoe Drive, Illinois
false_merge	0.99615035878141	S1-325746081	East Products Limited	1 Rda Swaraj Nagar, Raeabreli, Raebarely, Raebareli, Uttar Pradesh	S2-SYN1897653	EAST PRODUCTS LTD	NO 1 RDA SWARAJ NAGAR, RAEABRELI, RAEBARELY, Uttar Pradesh
false_merge	0.7767315659692835	S1-48840700	Jones Cornerstone All	1512 84th Street, Cleveland, OH	S2-297316072	JONES CORNERSTONE ALL CO	
false_merge	0.776507933954096	S1-627371903	Universal Tech Private Limited	Plot No.118, 119 & 120, Survey No.342, Aleap Industrialestate, Pragathi Nagar, Hyderabad, K.V.Rangareddy, Telangana	S3-953351037	Synsolhalo	118, 119 & 120, Survey No.342, Aleap Industrialestate, Opp:jntu, Pragati Nagar, Kukatpally, Hyderabad, Andhra Pradesh
false_merge	0.8415114029818199	S1-567172617	SKF Wellness Limited	C/O: Ganauri Gope, F-7, Belwarganj, Meena Bazar, Sampatchak, Patna, Bihar	S2-801949052	KSKF Wellness Limited	DOOR NO C-386 C/O: GANAURI GOPE, F-7, BELWARGANJ, MEENA BAZAR, SAMPATCHAK, बिहार
false_merge	0.7548833261976061	S1-813320050	Nexex	15707 146th Street, Bixby, OK	S2-SYN1444940	Nexex	15708 146ST STREET, BIXBY CITY, OK
false_merge	0.8669057544653893	S1-228598363	Gangansh Corporate Private Limited	Kerala, Ernakulam, 47/764-D, First Floor, Villiadath Building Chalikkavattom, Vennala Po, Cochin	S2-939952928	Private Ganginsh Corporate Ltd	47/764-D, FIRST FLOOR, VILLIADATH BUILDING CHALIKKAVATTOM, VENNALA PO, COCHIN, ERNAKULAM, Kerala
false_merge	0.9362559830965594	S1-128054981	Deep Soil Pvt Ltd	Plot No.2 ; 3 Flat A-3102, Sector 11, Sanpada, Thane, Thane, Maharashtra	S3-789806787	Deltasyn	Plot No 2, 3 Flat A-3102, Sector 11, Sanpada, Thane, Maharashtra
false_merge	0.8173893578260403	S1-793474487	Apoorva Works Center	No. 2, 1St Floor, Taluk Panchayath Office, Opp. To Ragavendra Swamy Temple, Chinatamani, Chintamani, Kolar, Karnataka	S3-SYN740011	Apoorva Services Center	No. G-1, 1St Floor, Taluk Panchayath Office, Opp. To Ragavendra Swamy Temple, Chinatamani, Chintamani, Kolar, KA
false_merge	0.8996411531147529	S1-754077778	Solutions Institute of Technology	Pr House, 2Nd St, Anandpuram Clny Baldev Road, Mathura, Uttar Pradesh	S2-316768072	Solutions Institute of Technology LLP	DOOR NO ##66 PR HOUSE, 2ND ST, ANANDPURAM CLNY BALDEV ROAD, MATHURA, Uttar Pradesh
false_merge	0.938413783979148	S1-541822385	Globus Brothers Limited	Kerala, B(5), G S Business Park, Kanayannur, Building No.Xii/466, Ernakulam	S3-SYN2170039	Globus Brothers	#832 Building No.xii/466, B(5), G S Business Park, Kanayannur, Ernakulam, Keralam
false_merge	0.9839838612684011	S1-382374936	Ace Agro Pvt Ltd	Hyderabad, Telangana, H.No 1-2-116/5, Plot No 5, Sapthagiri Enclave Yellareddyguda, Kapra Municipality, Hyderabad	S2-SYN2193616	ఏస్ ఆగ్రో ప్రైవేట్ లిమిటెడ్	1-2-116/5, PLOT NO 5, SAPTHAGIRI ENCLAVE YELLAREDDYGUDA, KAPRA MUNICIPALITY, HYDERABAD, Telangana
false_merge	0.7751385142871803	S1-67496684	Quantyx Insurance LLC	2719 J R Drive, Knoxville, TN	S3-SYN2129940	Quantyx Ínsurance LLC	2352 J R Drive, Knoxville, Tennessee
false_merge	0.98493243792071	S1-648366522	Colonial Frontier Tax	54 Fairmont Street, Cambridge, MA	S3-SYN1246635	Colonial Frontier Tax Inc	54A Fairmont Street, Massachusetts, Cambridge
false_merge	0.9947909264903906	S1-778227232	Tejaya Links Private Limited	Flat No-B1, Ground Floor, 204, Rajdanga Main Road, Kolkata, Kolkata, Howrah, West Bengal	S2-SYN1571800	Tejaya Links Private Ltd	West Bengal, FLAT NO-B1, GROUND FLOOR, 204, RAJDANGA MAIN ROAD, KOLKATA, KOLKATA
false_merge	0.9327226854053864	S1-118090769	Jarlan Prudential Associates	4196 50, Chinquapin, NC	S2-85552910	Jarlanyn Prudential Associates Ltd - 4042599866	4196 50, CHINQUAPIN, NC
false_merge	0.888028546081648	S1-472840274	Suru & Sons Limited	967, 12Th Main Hal 2Nd Stage, Indiranagar, Bangalore, Karnataka	S3-SYN1930542	Suru & [Sons]	#551 967, 12Th Main Hal 2Nd Stage, Bangalore, KA
false_merge	0.971437709695742	S1-929490178	Tourist Services LLP	Plot-No-272/3396, Lane-5 Jayadev Vihar, Irc Village, Bhubaneswar, Khordha, Orissa	S2-SYN1995922	Tourist Services LLP	DOOR NO 563 PLOT-NO-272/3396, LANE-5 JAYADEV VIHAR, IRC VILLAGE, BHUBANESWAR, Orissa
false_merge	0.9132784058767538	S1-795677423	Supreme Enterprises Private Limited	Sno 156/1, Manjari Bk Belhekarwasti, Pune City, Pune, Maharashtra	S3-SYN2528861	Supreme Limited Private Enterprises	No. 1009 Sno 156/1, Pune, Pune City, महाराष्ट्र
false_merge	0.9978775246319014	S1-476154659	Anilya Com Private Limited	Mamson Center, Iv/844(6)A, 1St Floor West Nada, P.O Kodungallur, Thrissur, Kerala	S2-381614614	Annilya Com Limited Services	MAMSON CENTER, IV/44(6)A, 1ST FLOOR WEST NADA, P.O KODUNGALLUR, THRISSUR, null, Kerala
false_merge	0.9967220075359465	S1-361895418	Maars Agrotrade Private Limited	Flat No.503, Block B, Shree Krishna Height, Bhopal, Madhya Pradesh, Huzur	S3-SYN1739677	Belohalomirax Medicals dba Maars Agrotrade Private Limited	Bhopal, Block B, Shree Krishna Height, Flat No.503, Huzur, Madhya Pradesh
false_merge	0.8323358281986333	S1-731603578	Raj Impex Private Limited	D-7/F-2, East Jyoti Nagar, Shahdara, Delhi	S3-379849501	Quonylayuma	D-7/f-2, Delhi, Shahdara, DL
false_merge	0.9937080215601016	S1-917187968	Shyambaba Hospitality Pvt Ltd	B-1/3 Emca House289 S B S Marg Fort, Mumbai, Maharashtra	S3-SYN2183390	Zephsolnex formerly known as Shyambaba Hospitality Pvt Ltd	B-1/3 Emca House289 S B S Marg Fort, Mumbai, Maharashtra
false_merge	0.8566167650960541	S1-831242194	Quantay Rivernorth Clinic	387 Bayside Drive, Saratoga Springs, UT	S3-SYN2298716	Quantay Rivernorth Clinic Trust	174C Bayside Drive, Saratoga Springs, Utah
false_merge	0.9187517677282057	S1-322684369	Sandoval Endocrinology	1150 Smithridge Road, Sullivan, NY	S2-SYN2314770	Sandoval [Endocrinology]	1152 SMITHRIDGE ROAD, SULLIVAN, NY
false_merge	0.4145066714647352	S1-83466317	3588 Fifth Road Properties	714 4th Avenue, Altoona, PA	S2-644193143	3588 Fifth Pr0perties Road	
false_merge	0.988045827111168	S1-632293904	Silver Exports Private Limited	E-7/1, D G Plaza, Bareilly, Uttar Pradesh	S2-SYN1893546	सिल्वर एक्सपोर्ट्स प्राइवेट लिमिटेड	H.NO 1 E-7/1, Uttar Pradesh, BAREILLY
false_merge	0.8480462346832569	S1-78602466	Infrastructure Foundation Clinic	Morya House Premises Chs Ltd, Link Road, Andheri West, Mumbai City, C/603-604, Mumbai, Maharashtra	S2-SYN2299734	clinic foundation infrastructure	C/21-604, MORYA HOUSE PREMISES CHS LTD, LINK ROAD, ANDHERI WEST, MUMBAI, MUMBAI CITY, Maharashtra
false_merge	0.826046442338749	S1-545910471	Tree Industries Group Private Limited	4/157, Lucknow, Uttar Pradesh, Vipul Khand Gomti Nagar, Lucknow	S2-774703041	Private Tree Industries Group Industries Ltd	LUCKNOW, Uttar Pradesh, 4/158
false_merge	0.9662503414157845	S1-694356281	Alton, Oliver & Martin Resources LLC	5508 Indian Oaks Cir, Unit 1, Louisville, KY	S2-SYN1650028	Alton, Oliver & Martin Resources LLC	5848 INDIAN OAKS CIR, LOUISVILLE, KY
false_merge	0.9238719495061476	S1-780567126	Allied Institute	285 County Road 748, Buna, TX	S2-SYN2222074	ALLlED INSTITUTE	287 COUNTY ROAD 748, BUNA, TX
false_merge	0.9935128678910339	S1-676762880	Ace Staffing Concepts LLC	8401 Colfax Avenue, Chicago, IL	S2-561258710	Ace Staftnfg Concepts, LLC	
false_merge	0.8738917243314357	S1-725392037	Halcify Pacific LLC	Wilmington, NC, 8656 Plantation Landing Drive	S3-940898648	Halkify Pacific [LLC]	656 Plantation Landing Dr, Wilmington, North Carolina
false_merge	0.7497049979857314	S1-678064230	Fresh Diagnostic Alliance LLC	2315 8th Court, Des Moines, IA	S3-SYN1755413	fresh diagnostic alliance llc	2678 8th Ct, Des Moines, Iowa
false_merge	0.9595074646379982	S1-484404549	Clark & Monica Group	162 Ohio Avenue, Unit 204, Columbus, OH	S2-SYN912246	co clark & monica group	162 OHIO AVENUE, COLUMBUS, OH
false_merge	0.7535030531129303	S1-687792265	Platinum Packaging Union	1002 Bailey Avenue, Unit 1002, Matador, TX	S2-614162568	PLATINUM PACKAGING UNION CO	
false_merge	0.9605558750896747	S1-254781506	Vaayuesh Dairy Care	16, R. N. Mukherjee Road, Kolkata, Howrah, West Bengal	S2-192286643	Vaayueshyn Care Dairy	16, R. N. MUKHEHJEE ROAD, KOLKATA, West Bengal
false_merge	0.864589638893158	S1-25597130	Clear Charles LLC	Kent, 5410 237th Place, WA	S3-SYN1940739	Clear-Charles	Washington, Kent, 537 237th Pl
false_merge	0.8330802149631225	S1-955405089	North Hospitality	Lexington Towers, No.18, 2Nd Cross, Thavrekere Main Road, Suddagunte Palya, Bangalore, 2Nd Floor, Bangalore, Karnataka	S2-SYN2360816	North ಹಾಸ್ಪಿಟಾಲಿಟಿ	1ND  FLOOR, LEXINGTON TOWERS, NO.18, 2ND CROSS, THAVREKERE MAIN ROAD, SUDDAGUNTE PALYA, BANGALORE, ಕರ್ನಾಟಕ
false_merge	0.9956223412563224	S1-651621626	Indo Power Private Limited	Metcalfe Street 3Rd Floor, Kolkata, 69, Kolkata, West Bengal, Howrah	S3-250601693	ইন্দো পাওয়ার Private Limited	No 3Rd Floro, Kolkata, WB
false_merge	0.9955745974902922	S1-839387137	Aarvanth Vikas Limited	304, 3Rd Floor, Commercial-1B, Opp. R Mall, Varun Arcade, Nr. Varun Garden, Ghodbund, Er Road, Thane, Maharashtra	S2-232511720	Aarrvanth Vikas  Ltd	304/3, 3RD FLOOR, COMMERCIAL-1B, OPP. R MALL, VARUN ARCADE, NR. VARUN GARDEN, GHODBUND, ER ROAD, THANE, महाराष्ट्र
false_merge	0.9156120962216262	S1-29755040	Thane Hospitality	Office No. 101, First Floor, Shivam Apartment, Samruddhi Space, Opp. Anand Bharti Samaj Hall, Anand Bharti Road, Thane (East), Thane, Maharashtra	S3-892619927	Thane Huoling	Hause No 101, Thane, महाराष्ट्र
false_merge	0.90557032227059	S1-786019967	Solutions Agasthya India Pvt. Ltd.	10-124/1/B, Bheemadevarapally, Mulakanoor, Warangal Urban, Telangana	S3-166161796	Zephxyloriza	10-124/1/B., Bheemadevarapally, Warangal Urban, తెలంగాణ
false_merge	0.9546820517406939	S1-609985416	Prantech Producer Corporation	4787, North Delhi, Part Phatak Namak, Hauz Qazi, Delhi	S3-918737303	Pranteora Corporation Producer	#196 4787, Central, Delhi, दिल्ली
false_merge	0.9973208255420232	S1-936588083	Ferguson, Mantel and Martell PC	4014 Newburgh Drive, Unit APT C, Indianapolis, IN	S3-SYN2330224	Dovaorbi Midtown Labs trading as Ferguson, Mantel and Martell PC	4014 Newburgh Drive, Unit APT C, Indianapolis, IN
false_merge	0.6941863897667673	S1-468234791	Family Federation Clinic	Mckinney, 4025 Glastonbury Road, TX	S2-423841987	Family Federation Clinic Co	402 GLASTONBURY ROAD, MCKINNEY, TX
false_merge	0.8808209527983055	S1-671793563	Matos Animal Hospital LP	1234 E Circle Drive, Tucson, AZ	S2-SYN2100891	MATOS ANIMAL HOSPITAL LP	TUCSON, AZ, 1033 EAST CIRCLE DR
false_merge	0.7978701241298739	S1-952651376	Laxmi Jay Logistics Limited	C/O Kishna Lal Tirlok Chand Jatiya Kaloni Gali No-5 Nagor, Jodhpur, Rajasthan	S2-SYN1646273	लक्ष्मी Sweets जय लॉजिस्टिक्स लिमिटेड	C/O KISHNA LAL TIRLOK CHAND JATIYA KALONI GALI NO-5. NAGOR, JODHPUR, Rajasthan
false_merge	0.930723593953642	S1-840744504	Little Hair Studio	864 Norwood Drive, Lincoln, NE	S3-SYN906630	Little Hair Studio Co	864 Norwood Drive, Lincoln, Nebraska
false_merge	0.9901363814701247	S1-549578156	One Exports Private Limited	House No. 138 Pole No. 19, Chandan Hulla, Delhi, South Delhi, Delhi	S3-SYN969476	वन एक्सपोर्ट्स लिमिटेड	House No 138, Delhi, New Delhi, DL
false_merge	0.998161991230893	S1-209343471	Silver Hospitality Private Limited	4Th Floor, Delite Chiema Building 4/1, Asaf Ali Road, Delhi, Delhi, East Delhi, Delhi	S2-399522823	सिल्वर हॉस्पिटैलिटी लिमिटेड	#TH FLOOR, DELITE CHIEMA BUILDING 4/1, ASAF ALI ROAD, DELHI, NEW DELHI, EAST DELHI, Delhi
false_merge	0.7826767885502238	S1-727171301	Jackelyn C. Lara, MD	946 Briarcliff Drive, Santa Maria, CA	S2-520345483	JACKELYN C LARA, [MC]	946 BRIARCLIFF DRIVE, SANTA MARIA, CA
false_merge	0.8397683663379739	S1-721595713	Dental Health LLC	720 Main Street, Canton, NC	S2-SYN2446064	Dental LLC Health	8 MAIN STREET, CANTON CITY, NC
false_merge	0.9698401936265059	S1-86229073	Nagan Farms	12-11-76 Aryapuram, Rajahmundry, East Godavari, Andhra Pradesh	S2-24425723	Naggan Farms	DOOR NO 12-11-87 ARYAPURAM, RAJAHMUNDRY, RAJAHMUNDRY, ఆంధ్రప్రదేశ్
false_merge	0.8283174746577189	S1-323302239	VV Lighting Private Limited	F-112, Shop Fantasia Multiplex & Intertainment Complex, Plot No.47, Sec 30A, Vashi, Mumbai City, Maharashtra	S2-126118045	VHV Lighting Private Ltd	F-112, SHOP FANTASIA MULTIPLEX & INTERTAINMENT COMPLEX, PLOT NO.47, SEC 30A, VASHI, Maharashtra
false_merge	0.7867055367488479	S1-294860215	Martin Box LLC	NY, 16 Merritt Place, New Hartford	S3-SYN1348586	Box Martin LLC	14 Merritt Pl, null, New Hartford, New York
false_merge	0.7740542963648853	S1-608351582	Aqube Academy	28/1111, Puthumanathottiyil Building, Thodupuzha P.O, Pala Road, Thodupuzha, Idukki, Kerala	S3-SYN1457371	Aqube Academy	Block A-778 28/1111, Thodupuzha, Idukki, KL
false_merge	0.8241200336558313	S1-885756803	Vaayutech Realtors Private Limited	25/280, Door No.12 Second Floor, 4B Plaza, Noorani, Palakkad, Kerala	S3-775457667	Vaayutecha Realtors-Private Limited	25/280, Door No.12 Second Floor, 4B Plaza, Noorani, Palakkad, KL
false_merge	0.7837830493684876	S1-450154231	Adarsh Sol Pvt Ltd	Haryana, Khesra No 1163 2 5 Industrial Building Khandsa, Behrampur Road, Gurugram, Haryana, Gurgaon	S2-SYN1748603	ADARSH ADARSH SOL-PVT	BLOKC B-912 KHESRA NO 1163 2 5 INDUSTRIAL BUILDING KHANDSA, BEHRAMPUR ROAD, GURUGRAM, HARYANA, हरियाणा
false_merge	0.7980484016888684	S1-22373337	Pranraj Designs	Plot No.399, Industrial Area Phase-Ii, Urban Estate, Panchkula, Haryana	S2-SYN2517723	-- Pranraj Designs	126, PANCHKULA, Haryana
false_merge	0.8233931304565714	S1-553424299	International Agro Private Limited	Maharashtra, Pune, S. No. 588/1A, Building B1, Shop 1, Bibwewadi, Pune	S3-SYN2336577	इंटरनेशनल एग्रो प्राइवेट लिमिटेड	#365- S. No. 588/1A, Building B1, Shop 1, Bibwewadi, Nasik, Pune, MH
false_merge	0.8780552624988699	S1-247113806	Mirella Clark Transport Inc	3327 Klusner Avenue, Parma, OH	S2-SYN2385359	Mirella Clark Transport	3201 1/2 KLUSNER AVENUE, PARMA, OH
false_merge	0.9948379898314078	S1-50567068	Star Logistics Private Limited	Shop No.1, Plot No.302/304A, Biryaniwala Bidg, Abdul Rehman St, Rangari Mohalla, Mandvi, Mumbai, Mumbai City, Maharashtra	S2-SYN2257686	STAR LOGISTICS PIAVGTE LIMITED	H.NO 1 , PLOT NO.302/304A, BIRYANIWALA BIDG, ABDUL REHMAN ST, RANGARI MOHALLA, MANDVI, MUMBAI, महाराष्ट्र
false_merge	0.9937993775872888	S1-672445105	Kolkata Solutions Private Limited	Flat No-3, 22(4), 3Rd Floor, Tarapith Road, Kolkata, Kolkata, Howrah, West Bengal	S2-SYN758130	Kolkata Solutions Limited	FLAT NO-3, 22(4), 3RD FLOOR, TARAPITH ROAD, KOLKATA, KOLKATA, West Bengal
false_merge	0.9089755127710991	S1-987503661	Mumbai India Private Limited	Maharashtra, Ground Floor, 30 D Ruby Mahal Cawasji Patel Street, Fort, Office No.4, Mumbai City, Mumbai	S3-341662719	Limited Mumbai India Center	3-4, Mumbai Region, MH
false_merge	0.9980348872539959	S1-30184601	Smart Foods	Gf-1, Kanha Icon, Nr. Tirth Retreat, Kapurai Chokdi, Vadodara, Vadodara, Gujarat	S2-SYN2234611	સ્માર્ટ ફૂડ્સ	GF-1, KANHA ICON, NR. TIRTH RETREAT, KAPURAI CHOKDI, VADODARA, BARODA, VADODARA, Gujarat
false_merge	0.9195579045528708	S1-213742638	AE Digital Inc	301 1A, Scriba, NY	S3-80539223	DE Digital	##301 1A, Scriba, New York
false_merge	0.7851411305235791	S1-158864505	Peridan Pelican, LLC	2103 Broad Street, PA, Hatfield Township	S2-562797252	PERRIDAN PELICAN, LLC	#2104 BROAD STREET, LANSDDALE, PA
false_merge	0.9565819539231085	S1-22432793	Urology Partners LLC	1530 Lewis Street, Unit APT 1, Charleston, WV	S2-278237509	Urology Partners Co	1530 Lewis St, CHARLESTON CIITY, WV
false_merge	0.9919771528214101	S1-305604888	Uttar Group of Companies Private Limited	21, Zone - 1 M.P. Nagar, Bhopal, Madhya Pradesh	S2-714470786	Viozephdova	#21, ZONE - 1 M.P. NAGAR, BHOPAL, Madhya Pradesh
false_merge	0.830830518004927	S1-172410570	Technologies Adam Automation Private Limited	3Rd Floor, Room No.25, 18/1, Maharshi Debendra Road P.O.Burrabazar, P.S.Posta, Kolkata, Kolkata, Howrah, West Bengal	S2-SYN2498633	Technologies Adam Automation Limited Center	NO 18RD FLOOR, ROOM NO.25, 18/1, MAHARSHI DEBENDRA ROAD P.O.BURRABAZAR, P.S.POSTA, KOLKATA, KOLKATA, পশ্চিমবঙ্গ
false_merge	0.9921384832375829	S1-8981672	Uic India (India) Private Limited	Anand, C/O Raghvendra Shukla, 1 Sai Srushti Society, Anand, Gujarat	S3-SYN1927031	Uic India (India) Private Ltd	C/o Raghvendra Shukla, 1 Sai Srushti Society, Vadodara Region, Anand, GJ
false_merge	0.959923798931353	S1-655526744	Montic Bitcoin Clinic	201 Harbor Drive, Hampton City, VA	S2-708785822	montica bitcoin clinic	201 HARBOR DRIVE, HAMPTON CITY, VA
false_merge	0.9987577106856532	S1-889859895	Tangerine Memorial Trust	Plot No-01, Karanpur Dhema Badlapur, Jaunpur, Uttar Pradesh	S2-SYN1620277	>> Tangerine Memorial Trut	PLOT NO-1-1, BARABANKI, JAUNPUR, Uttar Pradesh
false_merge	0.9868628496364127	S1-596393751	Am Syntex Co	No 1, 2Nd Cross, V N Halli, Main Road, R T Nagar, Bangalore, Karnataka	S3-SYN65763	Am Syntex Limited	Door No B1/2, 2Nd Cross, V N Halli, Main Road, R T Nagar, Bengaluru Urban, Bangalore, KA
false_merge	0.9408440235206702	S1-736489866	Taraya Care	Hyderabad, Medchal Malakjgiri District, Flat No 301, Doolapally Dundigal- Gandimaisamma Mandal, Sanjanas Interlaken Block-6, Telangana	S3-738836146	Taraova Care	Sanjanas Interlaken Block-6, Flat No 301, Doolapally Dundigal- Gandimaisamma Mandal, Medchal Malakjgiri District, Hyderabad, తెలంగాణ
false_merge	0.9655366235924348	S1-687090974	Halcus Principal	7 Bartlett Drive, Newburyport, MA	S2-813140739	Halcyx  Principal	7 BARTLETT DR, NEWBURYPORT, MA
false_merge	0.9756900198315114	S1-620679879	Silverline Ventures Private Limited	Flat No. 5, 1St Floor, Arpita Villa M.G. Brothers Back Side, Dargamitta, Nellore, Andhra Pradesh	S3-62740501	Sri Silverline Vntncne Private Limited	
false_merge	0.999700480703429	S1-901093752	Ferrora Biosciences LLC	579 River Road, Gnadenhutten, OH	S3-822869483	Biosciences Ferrrora LLC	579 River Rd, Gnadenhutten, Ohio
false_merge	0.9823375927197339	S1-306492178	Solelle Mustang Inc	94-43 240th Street, Hempstead, NY	S3-594160549	*** sollelle mustang inc	4-43 240th St, Floral Park, New York
false_merge	0.8931380223082974	S1-515964436	Kelaex	881 Cr 402, La Gloria, TX	S3-SYN1429012	kelaex	1127 Cr 402, Falfurrias CITY, Texas
false_merge	0.7636684987949808	S1-619316246	Bangbhumi Infra Private Limited	10Th Floor, Hubtown Solaris, N.S. Phadake Road, Saiwadi, Near Gokhale Fly Over, Andheri, Mumbai City, Maharashtra	S2-494383810	Bangbhumi Infra Limited	DOOR NO B3/12TH FLOOR, HUBTOWN SOLARIS, N.S. PHADAKE ROAD, SAIWADI, NEAR GOKHALE FLY OVER, ANDHERI, Maharashtra
false_merge	0.9978965795101099	S1-359694049	Summit Complete Sachs	801 Green Road, South Euclid, OH	S3-SYN1312073	Jaxumbraio Lakeside a/k/a Summit Complete Sachs	801 Green Road, South Euclid, OH
false_merge	0.9807907699320619	S1-242486645	Vaayuansh Sahyadri	Unit-6 Ganganagar, Plot No-G/2, Orissa, Bhubaneswar, Khordha	S2-289858305	VAAYUANSHA SAHYADRI	PLOT NO-G/6, UNIT-6 GANGANAGAR, BHUBANESWAR, Odisha
false_merge	0.8551460968751696	S1-428949621	Vanguard Textile Networks L.L.C.	1390 Pettytown Road, Dale, TX	S2-SYN1351194	VANGUARD TEXTILE NETWORKS LLC	1331 PETTYTOWN RD, DALE, TX
false_merge	0.8516346414992118	S1-766089334	Unified American Microelectronics LLC	1901 39th Street, City Of Manitowoc, WI	S2-104298143	earledamato.com	01901 NEW YORK AVE, MANITOWOC, WI
false_merge	0.9791453615337032	S1-408150209	Iveneus Etf LLC	697 Sako Place, Fl 1, Chandler, AZ	S2-779374848	Iveneas Etf LLC LLC	697 SAKO PL, OCOTILLO, AZ
false_merge	0.9210439170050283	S1-786635684	Marketing Broken Financial Clinic	Door No 316Thirumalabhagam Thuravoor, Aleppey Dist, Alappuzha, Kerala	S2-722354578	Marketing  Broken Financial L.L.P.	
false_merge	0.7425375538692458	S1-708522552	Valuable Sangh	Mahanandpuram, Moradabad, Uttar Pradesh, Chandausi, Power House	S2-305095682	Valuable Sángh	
false_merge	0.8133915371866132	S1-984598721	Pranora Ethics LLP	Plot No. 349, Jaigurudeo, Nagar, Manewada, Nagpur, Maharashtra	S2-866755587	Ethics Prranora LLP	DOOR NO 35, JAIGURUDEO, NAGAR, MANEWADA, NAGPUR, NAGPUR SADAR, महाराष्ट्र
false_merge	0.9180569449727474	S1-125265061	Caldan Brown	NY, 4158 9, New Lebanon	S3-957262973	Kaldan  Brown	4158 9, E. Chatahm, New York
false_merge	0.9151923113041894	S1-253913563	Valley Premier Latin	922 Washington Street, Dyer, AR	S2-SYN1013261	Valley-Premier Latin Corp	922 WASHINGTON ST, DYER, AR
false_merge	0.9973288162074403	S1-667395903	George Foster Cross	908 Professional Place, Chesapeake City, VA	S3-SYN2292235	Zephariavantage Greater fka George Foster Cross	908 Professional Place, Chesapeake City, VA
false_merge	0.7760475181503755	S1-204696732	Multi Group	B-3/12, Vishal Khand-3 Gomti Nagar, Lucknow, Uttar Pradesh	S2-124518554	ABJSEVASAMITI.COM	B 3/12, VISHAL KHAND 3, GOMTI NAGAR, LUCKNOW, Uttar Pradesh
false_merge	0.9612427224877922	S1-596832360	Gangraj Superstructure Private Limited	A-1/26, Ugf, Block-A-1, Freedam Fighter Neb Sarai, South Delhi, Delhi	S3-26793219	Ganngraj Superstructure Private Limited	A-1/27, N/A, South Delhi, DL
false_merge	0.8875241178805026	S1-224337907	Smart Consulting Private Limited	30/1 Alimuddin Street, Kolkata, West Bengal, Calcutta	S2-149414068	স্মার্ট কনসাল্টিং প্রাইভেট লিমিটেড	01/426, KOLKATA, West Bengal
false_merge	0.9702117983354028	S1-725502641	La Institute of Technology	1-119/65, Plot No.65, Raod No.1 Srrinivasa Housing Society, Nizampet, Hyderabad, Rangareddy, Telangana	S3-SYN2634055	La Institute of Technology Company	1-119/65/5, Plot No.65, Raod No.1 Srrinivasa Housing Society, Nizampet, Hyderabad, Rangareddy, TG
false_merge	0.8961344586337732	S1-24870295	Blue Consultancy LLP	Bihar, Sampatchak, Sr0001, Siyaram Infra Co., 303, F-5, Hanuman Nagar, Patna	S2-SYN2621717	Dr bluec0nsultancy.com	SR1, SIYARAM INFRA CO., 303, F-5, HANUMAN NAGAR, SAMPATCHAK, Bihar
false_merge	0.7466596355541497	S1-21151428	Olanora Summit LLC	198 6th Street, Emerado, ND	S2-257657521	LLC Olanoyx Sumsti	ND, 198 SIXTH SAINT, EMERADO
false_merge	0.9970964650688413	S1-931265833	Apex Logistics Pvt Ltd	Shop No. 105, Delhi, Plot No. -12, 1St Floor, Blk-Dp, Vardhman Market, Csc Pitam Pura, Delhi, North West	S3-SYN2525168	Lyravio Sweets a/k/a Apex Logistics Pvt Ltd	Shop No. 105, Plot No. -12, 1St Floor, Blk-Dp, Vardhman Market, Csc Pitam Pura, Delhi, North West, Delhi
false_merge	0.998124358573793	S1-462512591	Meenora Council	Flat No 103 Gokul, Hrishikesh Redsidency Iii, Nagpur, Maharashtra	S2-379328960	meennora council	FLAT NO A-103 GOKUL, HRISHIKESH REDSIDENCY III, NAGPUR, महाराष्ट्र
false_merge	0.7912325344111689	S1-760755612	Ss Infra Private Limited	Sr No. 130/132, Roseland Ii, Pimple Saudagar, T Bldg Fl 201, Pune, Maharashtra	S3-672512338	SERVICE INFRA PRIVATE LIMITED	Fl A02 201, Pune City, Pune, MH
false_merge	0.8505595917043791	S1-830455923	Robillard Capital Partners LLC	827 Charles Street, Fl 1, Columbia, MO	S3-SYN1494163	Llc Robillard Capital Partners	852A Charles Street, Fl 1, Columbia, Missouri
false_merge	0.7857304373345708	S1-926572069	Vision Software Limited	F-27 Green Park, Delhi, South Delhi, Delhi	S3-SYN2203163	विजन सॉफ्टवेयर लिमिटेड	Plot 111 F-27 Green Park, Delhi, South Delhi, DL
false_merge	0.8116753734721229	S1-390101188	Zephic Retail LLC	240 Pintura Circle, Litchfield Park, AZ	S2-599855603	Zephica Rahol LLC	240 PINTURA CIR, LITCHFIELD PARK, AZ
false_merge	0.8890745224035517	S1-779696842	Sky Food	D3 Shibalik Iv Tower ?B2, Fl No. D3 A-26, Amarabati, North 24 Parganas, West Bengal	S3-SYN2019992	স্কাই ফুড	Dc-26 Shibalik Iv Tower ?B2, North 24 Parganas, পশ্চিমবঙ্গ
false_merge	0.8151862861832316	S1-581001212	Skyways (India) Glow Private Limited	Survey No 58A/1 &2, 57/3/1, Nr. Vinay Vidhya School Near Khodiyar Railway Station, Khoraj, Gandhinagar, Gandhi Nagar, Gujarat	S3-SYN2254460	Skyways (India) Glow Private Ltd Ltd	Survey No 59A/1 &2, Gandhinagar, Idar, ગુજરાત
false_merge	0.9948452451556808	S1-827021914	Yashovardhan Traders Pvt Ltd	Flat No: G1, Team Heritage, No: 3363/A1, Ii Cross Indiranagar Ii Stage, Bangalore, Karnataka	S3-SYN1461343	yashovardhan traders pvt ltd	Flat No: G1, Team Heritage, No: 3363/A1, Ii Cross Indiranagar Ii Stage, Bangalore, ಕರ್ನಾಟಕ
false_merge	0.8271511709622651	S1-500815519	Swastik Impex Pvt Ltd	Lincon Apt Co.Op. H So, Ltd, Char Rasta Maninagar, Gujarat, Ahmadabad City, Ahmedabad, C5	S3-SYN1539901	Swastik Impex Pvt Ltd.	H.no 959 C5, Ahmedabad, Ahmadabad City, GJ
false_merge	0.7538059971077965	S1-540471708	Lumium Security	Unit # 105, 320 Mcelroy Road, OK, Stillwater	S2-501063737	Lumiari Security	322 MCELROY ROAD, STILLWATER, OK
false_merge	0.45393391894731155	S1-188954613	Chiropractic Associates Group	11703 Buckskin Trail, Fl 1, Scottsdale, AZ	S3-720419131	Chiropractic Associates Group	
false_merge	0.81654106117257	S1-612653542	Nelson's Pub Corp	3 Sundial Court, Wichita Falls, TX	S2-SYN1813427	NELSON'S CORP SERVICE	TX, WICHITA FALLS, 1  SUNDIAL CT
false_merge	0.8617767758006768	S1-425074007	France International	Virginia Beach City, VA, 1300 -101 Pine Cone Circle	S2-876840653	France International Ltd	1300 -106 PINE CONE CIR, VIRGINIABEACH, VA
false_merge	0.8005021531132072	S1-395094302	Genex (India) Projects Private Limited	Pune, Maharashtra, Fl No.04, Pune, Pl No.06, S N. 635, Mahesh Soc Opp. Amrapali Petrol Pump, Bibvewadi	S3-SYN2305551	GENEX (INDIA) PROJECTS PRIVATE LIMITED	Fl No.1, Pl No.06, S N. 635, Mahesh Soc Opp. Amrapali Petrol Pump, Bibvewadi, Pune, MH
false_merge	0.9960161835073431	S1-121435810	Prime & Sons Private Limited	2Nd Main, Muneshwara Block Bhel Mini Colony, Mallasandra, Bangalore North, Karnataka, Surya # 1/66A, Bangalore	S2-SYN1596601	Prime & Sons Private Limited	SURYA # 1/66A, 2ND MAIN, MUNESHWARA BLOCK BHEL MINI COLONY, MALLASANDRA, BANGALORE NORTH, Karnataka
false_merge	0.8860699673885681	S1-400453163	Noveon Regions LLC	4128 Lansing Avenue, Port Arthur, TX	S3-343948906	Novveon Regions	4129 Lansing Ave, Port Arthur, Texas
false_merge	0.9984056233105528	S1-388451812	Novio Communications	Kinston, NC, 199 Windsor Farm Road	S3-148433651	Novvio Communications	North Carolina, Kinston, <NULL>, 199 Windsor Farm Road
false_merge	0.9972042298340493	S1-167765882	Julina Ruiz All Prime	117 5th Avenue, Pacific, WA	S3-SYN1469192	Ciranyla Lakeside DBA: Julina Ruiz All Prime	117 5th Avenue, Pacific, WA
false_merge	0.9849136591638554	S1-538153688	Devya Solutions Private Limited	Flat No 001, Tower 6 Grand Forte Sector Sigma, 4 Greater Noida, Noida, Gautam Buddha Nagar, Uttar Pradesh	S2-104109110	Devvya Private Solutions  Limited	FLAT NO 001/3 , TOWER 6 GRAND FORTE SECTOR SIGMA, 4 GREATER NOIDA, NOIDA, Uttar Pradesh
false_merge	0.9953113565396251	S1-829029111	Swastik Foods Private Limited	No.40/A, 100 Ft Road, Koramangala Ivthe Block, Bangalore, Karnataka	S3-812946482	Sri Swastik Foods  Limited | www.swastikfo.com	41/A, 100 Ft Road, Bengaluru Hq Region, Bangalore, KA
false_merge	0.8376469482378628	S1-664912249	Solio Minerals	2293 225, Washington, IN	S3-559926890	Solique Minerals	002293 225, Wasihngton, Indiana
false_merge	0.9810669851913173	S1-577899820	Barrios, Perez and Cochran Center	6 Schiffler Court, Lancaster, NY	S2-128482156	Barrios, Perez & Cochran Center	
false_merge	0.830499761601347	S1-391736291	Solutions Sai Enterprises Limited	401, 4Th Floor, Aaryan Workspace-2, Gulbai Tekra, Nr. Navkar Public School, City Taluka, Ahmedabad, Gujarat	S3-142024360	Sai Solutions  Limited Enterprises	
false_merge	0.9974299937662504	S1-290034317	Nagraj Cap Private Limited	Hd-447, Wework Latitude, 10Th Floor, Rmz Latitude Commercial, No. 69/458/69, Bellary Road, Hebbal, Near Godrej Apt, Bengaluru, Bangalore North, Bangalore, Karnataka	S3-394765937	Naggraj  Cap Private Limited	Hd-447, Wework Latitude, 10Th Floor, Rmz Latitude Commercial, No. 69/458/69, Bellary Road, Hebbal, Near Godrej Apt, Bengaluru, Hebbal, KA
false_merge	0.8015636550325204	S1-793549999	Transcontinental Materials Laboratories Inc	7 Grove Street, Shortsville, NY	S3-SYN1717324	Transcontinental Materials	1- Grove Street, Shortsville, New York
false_merge	0.8101910490673278	S1-525117655	Cascade, LLC	Sunrise Beach, 693 Brush Creek Road, MO	S2-694115783	LYRAPYRA	693 BRUSH CREEK ROAD, SUNRISE BEACH, MO
false_merge	0.8083624418228897	S1-512769716	Guru Ventures	139, New Mohan Puri, Meerut, Uttar Pradesh	S2-SYN1392700	गुरु वेंचर्स	BLOCK E-339 139, NEW MOHAN PURI, MEERUT, Uttar Pradesh
false_merge	0.9152765377482042	S1-218299766	Tejika Hotels Pvt Ltd	8-3-222/4/2-A, C-65, Yousufguda Raod, Madhura Nagar, Ameerpet, Hyderabad, Telangana	S2-SYN1546863	Tejika Hotels Pvt [Ltd]	HN 245  8-3-222/4/2-A, C-65, YOUSUFGUDA RAOD, MADHURA NAGAR, AMEERPET, HYDERABAD, తెలంగాణ
false_merge	0.7156080642580573	S1-675941510	Gunn Institute	Unit #38, WI, Town Of Easton, 1154 Edgewood Drive	S2-600981598	Gunn Institute LLC	1161 EDGEWOOD DRIVE, TOWN OF EASTON, WI
false_merge	0.7942932660381045	S1-293977803	Shivam Producer Private Limited	Ep-3, 3A, Maharaja Road, Muniswamappa, Shivamandir, Nethaji Layout All Roads, 1St Main, Shivamandir Road, Udayanagar, Bangalore North, Bangalore, Karnataka	S3-SYN1653202	Shivam Producer Private [Límited]	Ep-1, 3A, Maharaja Road, Muniswamappa, Shivamandir, Nethaji Layout All Roads, 1St Main, Shivamandir Road, Udayanagar, Bangalore North, Bangalore, KA
false_merge	0.9993126262308534	S1-97246249	Alpha Healthcare Private Limited	Chennai, Flat No.854A, Syndicate Bank Colony, 11 Th Cross Street, Anna Nagar West Extn, Tamil Nadu, 1St Floor, Chennai	S2-SYN583841	ஆல்ஃபா ஹெல்த்கேர் லிமிடெட்	1ST FLOOR, MADRAS, CHENNAI, FLAT NO.854A, SYNDICATE BANK COLONY, 11 TH CROSS STREET, ANNA NAGAR WEST EXTN, Tamil Nadu
false_merge	0.9650133380173237	S1-613684012	Hyatt's Homecare Associates	11575 Dixileta Drive, Fl 1, Scottsdale, AZ	S3-320679247	Hyatt's Hyatt's Homecare	
false_merge	0.9129634145887854	S1-329540751	Clyic Alpha LLC	10307 China Ditch Road, Melba, ID	S2-315432081	Clyiyx Alpha LLC	10307 CHINA DITCH RD, MELBA, ID
false_merge	0.9951850725933628	S1-976241975	Vantis Neurosciences Clinic	CT, New Haven, 5 Norton Street	S2-422273946	Vanttis Neurosciences Clcicn	5 NORTON SRTEET, CT, NEW HAVEN
false_merge	0.9598670696439598	S1-607525102	Womens Health Center of Murfreesboro Inc.	917 Hampstead Lane, Murfreesboro, TN	S2-SYN2078012	Womens Health Center of Murfreesboro [Inc.]	1 HAMPSTEAD LN, MURFREESBORO, TN
false_merge	0.915057201128801	S1-610799835	Proman Group of Companies	3/9, Raje Raghuji Nagar, Nagpur, Maharashtra	S3-SYN1242948	Proman Group Of Companies	1/30, Nagpur, Raje Raghuji Nagar, MH
false_merge	0.738925050750858	S1-782735292	Msm Software Pvt Ltd	Karnataka, No 08, Mysore, Block 21, Beml Layout, Srirampura 2Nd Stage, Mysore	S2-SYN2624057	Msm Software Pvt	DOOR NO 1 , BLOCK 21, BEML LAYOUT, SRIRAMPURA 2ND STAGE, MYSORE, ಕರ್ನಾಟಕ
false_merge	0.6766126618949526	S1-322870263	Montus Atlas L.L.C.	145 Plaza Boulevard, Madison, AL	S3-SYN953573	Montus Atlas L.L.C.	81 Plaza Blvd, Madison, Alabama
false_merge	0.9673167521899588	S1-358224260	Interstate Health Enterprises Corp	13902 Durkee Avenue, Cleveland, OH	S2-22467211	Interstate Health Enterprises	
false_merge	0.9906608764294559	S1-207748532	Jarlent Space Inc	1263 Randolph Goodluck Road, Edmonton, KY	S2-342440864	Jarleix  Space Inc	EDMONTON, 1263 RANDOLPH GOODLUCK RD, KY
false_merge	0.7846255934479714	S1-15391572	Ivenyx Residential	974 Colorado Avenue, Whitefish, MT	S2-997487142	Ivonyx Center	974 COLORADO AVENUE, WHITEFISH, MT
false_merge	0.9477326360107214	S1-246539250	Joey Mcneely Star Park L.L.C.	1111 220, Mcdonough, NY	S2-SYN1390085	Joey Mcneely Star Park	MCDONOUGH, NY, 1101A 220
false_merge	0.983099532139127	S1-13569942	North Medical Center	1804 Laurel Street, Klamath Falls, OR	S3-SYN414194	North Medical Center LLC	Klamath Falls, 1804 Laurel Street, Oregon
false_merge	0.9805662762630347	S1-995514582	Mumbai Farms Limited	Mumbai, Gokul Kunj Co Op Hsg Ltd, Flat No.1, Plot 717, Road No.1, Khar-West, Maharashtra, Mumbai	S2-SYN1837422	Mumbai Farms Ltd	GOKUL KUNJ CO OP HSG LTD, FLAT NO.D/4, PLOT 717, ROAD NO.1, KHAR-WEST, MUMBAI, Maharashtra
false_merge	0.9924325177840755	S1-468792505	Ishta Foundry Private Limited	Brigade Xanadu Bonito, Flat No. K1- 171, Chanakyan Main Road, Nolambur, Poonamalee, Tiruvallur, Tamil Nadu	S2-SYN2446967	ishta f0undry private limited limited	BRIGADE XANADU BONITO, FLAT NO. K1- 171, CHANAKYAN MAIN ROAD, NOLAMBUR, POONAMALEE, தமிழ்நாடு
false_merge	0.9706828766841695	S1-848244428	Sivakami & Sons Private Limited	Office No. 01, First Floor, Above Shetkari Hotel, Opp. Patil Hospital, Anand Nagar, Sinhga, D Road, Pune, Maharashtra	S2-SYN1781155	Sivakami & Sons Private	OFFICE NO. 1, FIRST FLOOR, ABOVE SHETKARI HOTEL, OPP. PATIL HOSPITAL, ANAND NAGAR, SINHGA, D ROAD, PUNE, Maharashtra
false_merge	0.9195790511224337	S1-715671241	Capital Fund IV	459 Pecan Drive, Berea, OH	S3-984393442	Avizeta Fund IV	459 Pecan Drive, Bereea, Ohio
false_merge	0.9663261556713598	S1-42828568	Turbo Stars Private Limited	No: 4/1, Gandhi Street, Kennady Square Sembium, Chennai, Tamil Nadu	S3-SYN1480899	Private Turbo Stars Ltd	No: 1/1/4, Gandhi Street, Chennai, TN
false_merge	0.9831995137867663	S1-841307378	Young Berto LLC	1102 Belknap Street, TX, Newcastle	S3-357073869	Young Btmero LLC	
false_merge	0.9888095276427749	S1-69707171	Physical Therapy Group	367 Glade Street, Glade Spring Town, VA	S3-SYN1127492	PHYSICAL THERAPY GROUP INC	367 Glade St, Glade Spring Town, Virginia
false_merge	0.9896721189203042	S1-673395684	Kolkata Chits	1E Camac Court 25 B Camac Street, Camac Street, Kolkata, Howrah, West Bengal	S2-SYN2428683	Kolkata Chits	#1E CAMAC COURT 25 B CAMAC STREET, CAMAC STREET, KOLKATA, পশ্চিমবঙ্গ
false_merge	0.8647681677184773	S1-755901162	Garcia, Liang and Simpson General P.C.	148 Locust Terrace, Burlington, VT	S3-127444192	Árchalo	148 Locust Ter, Burlington Township, Vermont
false_merge	0.8278179058550464	S1-586251727	Surya Impex Limited	B/120, Suvidhinath Complex, Opp. Indian Oil Petrol Pump (Manas), Anjur- Mankoli Road, Dapod, A Village, Bhiwandi, Thane, Maharashtra	S2-SYN1976401	सूर्या इम्पेक्स लिमिटेड	B/15-20, SUVIDHINATH COMPLEX, OPP. INDIAN OIL PETROL PUMP (MANAS), ANJUR- MANKOLI ROAD, DAPOD, A VILLAGE, THANE, BHIWANDI, Maharashtra
false_merge	0.8062212878723706	S1-562270148	Clyyn Natural LLC	2539 Mayhew Drive, Unit APT, Indianapolis, IN	S3-488638892	Clyyns  Natural LLC	2539 Mayhmw Dr, Unit APT, Indianapolis, Indiana
false_merge	0.991315351844515	S1-624158502	Viveros & Echeverry Group	5312 Winslow Dr, Louisville, KY	S3-447894139	Viveros  & Echeverry Group	531 Winslow Dr, Louisville, Kentucky
false_merge	0.9570683715503194	S1-279207620	First Cargo Corporation	1122 Warren Mountain Road, Floral, AR	S2-776345039	FIRST CARGO	
false_merge	0.741366240098373	S1-243391319	Surya Properties Private Limited	C/O Lalit Mohan Singh, Mayapuri Colony, Lucknow, Uttar Pradesh	S2-SYN1882229	सूर्य प्रॉपर्टीज प्राइवेट लिमिटेड	NO. 366 C/O LALIT MOHAN SINGH, MAYAPURI COLONY, LUCKNOW, Uttar Pradesh
false_merge	0.868831703986792	S1-609663752	Nagraj Pest Private Limited	C/O Nitai Sarkar S/O Maninder Sarkar Kalinarayan Pur Nadia Taherpur, Kalinarayanpur, Nadia, West Bengal	S2-697678960	Naggraj Pest Peivanet Limited	NO A-85 C/O NITAI SARKAR S/O MANINDER SARKAR KALINARAYAN PUR NADIA TAHERPUR, KALINARAYANPUR, West Bengal
false_merge	0.8973629359454727	S1-528189031	Anilya Polymers Pvt Ltd	C/Omortuja Reja Chowdhury, Jibanananda Pally, Rampurhat - I, Birbhum, West Bengal	S3-555248879	Annilya Polymers Pvt Limited	Plot 36 C/omortuja Reja Chowdhury, Rampurhat - I, Birbhum, WB
false_merge	0.9693928746297859	S1-770042552	Indravi Prefab Private Limited	C/O Jyotrimaya Basoi Nalda, Barbil, Kendujhar, Orissa	S3-926012492	Private Indravu Limited Prefab	C/o Jyotrimaya Basoi Nalda, Barbil, Kendujhar, Barbil, OD
false_merge	0.9432779978132997	S1-39045851	Berry's Valley Sciences	Fishkill, NY, 774 9	S3-619386076	BERRY VALLEY SCIENCES	New York, 774 9, Fishkill
false_merge	0.9963213670729547	S1-343856478	Kks Era Private Limited	1/35 Shivaji Nagar, Gurugram, Gurgaon, Haryana	S2-SYN2625030	PRIVATE KKS ERA LTD	1/35 SHIVAJI NAGAR, GURUGRAM, GURGAON, Haryana
false_merge	0.9795574579064574	S1-102628256	Drayova Nuveen Inc.	513 Gladies Street, Unit UNIT B, Roanoke City, VA	S3-205074047	Drayovi  Nuveen Inc	0513 Gladies Street, # UNIT B, Roanoke, Virginia
false_merge	0.4799037685000707	S1-641842953	Rapid Blockchain Inc.	Chattanooga, TN, Unit 345, 328 Cherokee Boulevard	S2-221341165	Rapid Inc. Blockchain	
false_merge	0.6841269897985052	S1-498574510	Smith's Grand Advisors	Rancho Cucamonga, 11660 Church Street, Unit UNIT 32, CA	S2-918854842	Fayekorflux	CA, RANCHO CUCAMONGA, 11660 CHURCH STREET
false_merge	0.9944326541164042	S1-208833433	Express Software Products Inc	2 E Hillside Avenue, North Hempstead, NY	S3-SYN2444795	Express Software Products Inc	1 E Hillside Ave, Williston Park, New York
false_merge	0.9838115851386666	S1-390915516	Ksm Infinity Private Limited	Royal Aquaville, River Front Cruiseway, Opp. West Wind Meadows, Off Gangapur Road, Nashik, Maharashtra	S3-SYN1640461	ksm infinity private limited	Door No 1-07 Royal Aquaville, Nashik, MH
false_merge	0.8043748108210351	S1-487736220	Platinum Brothers Private Limited	Plot No D-02 Gems & Jewellery, Gujarat Hira Bourse, Choryasi, Surat, Gujarat	S3-SYN1943903	Platinum Brothers Private Ltd	Plot No D-1 Gems & Jewellery, Gujarat Hira Bourse, Surat, Choryasi, GJ
false_merge	0.8053273244461775	S1-660931625	Seven Technology Private Limited	Flat No.- 1408, Town 3, Valley View, Estate, Sector -45, Gurgaon, Haryana	S3-SYN2086457	Seven Technology Private [Limited]	##65 Flat No.- 1408, Sector -45, Gurgaon, HR
false_merge	0.9197690600875477	S1-59425293	Family Smart Group	1020 100, Payson, UT	S3-827929436	Fami1y Smárt Group Group	031 100, Payson, Utah
false_merge	0.8242927589488641	S1-675396779	Rapid Investment Dynamics, Inc.	Fuquay-varina, NC, 2100 Marquee Lane	S2-721175483	Rapid Investment Dynamics, Inc	FUUQAY VARINA, 211 MARQUEE LANE, NC
false_merge	0.858263454937575	S1-949998685	Henrietta Cheng Rocky Highland LLC	Edmond, 517 Pepperdine Avenue, OK	S2-SYN2209653	Henrietta Cheng Rocky Highland	1 PEPPERDINE AVE, OK, EDMOND
false_merge	0.9449302984997706	S1-492741831	Goodman Allegro	1308 Rockridge Road, Unit Apartment 103, City Of Waukesha, WI	S2-SYN1068319	Goodman Allegro Corp.	1308 ROCKRIDGE ROAD, WAUKESHA, WI
false_merge	0.949000746814669	S1-240307501	Meenanth Solar Private Limited	S 2/A 42 43 44Mancheswar Industrial Estate Bhubaneswar, Khurda, Puri, Orissa	S3-523646096	MEENANANT SOLAR PRIVATE LIMITED	S #2/A 42 43 44Mancheswar Industrial Estate Bhubaneswar, Khurda, Puri, OD
false_merge	0.9930260014781122	S1-836692193	Aarvanth Technology Pvt. Ltd.	Malwa Hospital Sector No.1, Pithampur, Madhya Pradesh	S2-579150421	Aarrvanth Technology Pvt.	DOOR NO 198 MALWA HOSPITAL SECTOR NO.1, PITHAMPUR, Madhya Pradesh
false_merge	0.9051233366481426	S1-429759696	873 Market St Holdings Clinic	NC, Taylorsville, 18 Clara Lane	S3-SYN430502	873 Market St Holdings Clínic Holdings	20 Clara Lane, Taylorsville, North Carolina
false_merge	0.9939762098326086	S1-826972922	Centrum Infrastructures Private Limited	Unit No. 110, First Floor, Jmd Pacific Square, Sector 15, Part Ii, Gurgaon, Haryana	S3-SYN1853694	Miradrex+ Infratech Formerly Centrum Infrastructures Private Limited	Unit No. 110, First Floor, Jmd Pacific Square, Sector 15, Part Ii, Gurgaon, Haryana
false_merge	0.969230871413062	S1-281520949	Sai Jai Marketing Private Limited	Bihar, Buxar, Vill. Asha Parari, Tola Asha Parari, Panch Asha Parari, Block Simri, H.N.-9	S3-SYN2038157	Private Sai Jai Marketing Limited	H.n.-b5/9, Vill. Asha Parari, Tola Asha Parari, Panch Asha Parari, Block Simri, Buxar, बिहार
false_merge	0.69890587409242	S1-771216971	Ross Fresh Montage LP	3030 53rd Place, Chicago, IL	S2-SYN1737360	ROSS FRESH	322 53TH PLACE, CHICAGO, IL
false_merge	0.8697505270365335	S1-323383896	Shakti Impex Private Limited	Plot No.29/30, House # D, Deccan Nandhini Avvai Nagar Main Road, Kannappa Nagar, Thi, Ruvanmiyur, Chennai, Tamil Nadu	S3-SYN2464567	Private Shakti Impex Ltd	Ruvanmiyur, தமிழ்நாடு, No 19/30
false_merge	0.9607530432477193	S1-107440910	Shirley & Smith	CA, Rancho Cucamonga, 7189 San Carmela Court	S2-862251759	FLUXSOL	CA, RANCHO CUCAMONGA, 7189B SAN CARMELA COURT
false_merge	0.9987145666166337	S1-30942142	Meeniya Industries Private Limited	Plot No 75/1B Shivaji Nagar, Near Kanya Mahavidhyalay Miraj, Miraj, Sangli, Maharashtra	S3-984658378	Meenniya Industries Pbnaiaet Limited	H.no #75/1B Shivaji Nagar, Sangli, Miraj, महाराष्ट्र
false_merge	0.809084132407476	S1-699033806	Innovative Agro Private Limited	Bangalore, Gar, Jenukal Park Ridge Apartment, Karnataka Layout 1St Stage, Kurabarahalli, Vivekna, No.25, Karnataka	S2-671931789	ಇನೋವೇಟಿವ್ ಅಗ್ರೋ ಪ್ರೈವೇಟ್ ಲಿಮಿಟೆಡ್	NO 1/A, BANGALORE, ಕರ್ನಾಟಕ
false_merge	0.9959608830198438	S1-172378112	Quantova Opportunities LLC	497 Pike Run Drive, West Pike Run Township, PA	S2-71114072	Kwantova Opportunities LLC	497  PIKE RUN DRIVE, null, WEST PIKE RUN TOWNSHIP, PA
false_merge	0.9989759390853582	S1-778613810	Cardiology Colonial Partners	1068 River Hollow Road, Goshen, AR	S3-SYN1824363	Zetacalo Northside DBA Cardiology Colonial Partners	1068 River Hollow Road, Goshen, AR
false_merge	0.7496719700837023	S1-20917708	RC Roy Private Limited	E 28 4Th Floor, Rajnagar Exten, Ghaziabad, Uttar Pradesh	S3-233954255	Roy RC Limited	E 28 5Th Floor, Ghaziabad, UP
false_merge	0.9996083528541349	S1-356593186	Meeniya Construction Private Limited	C/O Deshraj, Daryapur, Band, Darapur Sambhal, Sambhal, Moradabad, Uttar Pradesh	S3-386923536	Meenniya Construction Private Límited	C/o Deshraj, Moradabad, Sambhal, UP
false_merge	0.9726071698206245	S1-285076621	Blue Foundation Pvt Ltd	C/O Poonma Ram Dhora, Shivnathpura, Ward No. 19, Sanchore, Jalor, Rajasthan	S3-SYN278472	Blue फाउंडेशन Pvt Ltd	Ward No. 19, Rajgarh, Churu, RJ
false_merge	0.8527150615375061	S1-252414233	Superior Diagnostic International	3 Timothy Lane, VA, Stafford County	S2-SYN2583175	Superior Diagnostic	1-B TIMOTHY LANE, STAFFORD COUNTY, VA
false_merge	0.9953602861207131	S1-217493546	UAI Youth Private Limited	C/O Vatsala Nagwaram Shriniwas, A-1, Wasudeo Nagar, Hingna Road, Nagpur, Maharashtra	S3-SYN2530525	UAI Youth Private Ltd	A-1, Wasudeo Nagar, Hingna Road, Nagpur, C/o Vtasala Nagwaram Shriniwas, महाराष्ट्र, Nagpur
false_merge	0.9894630411678201	S1-927534261	Safe Agricultural Advisors Inc.	1641 Karen Drive, Fl 1, Chandler, AZ	S3-430067991	Safe Aghiclultfral Advisors Inc	1642b Karen Dr, Floor 1, Chandler, Arizona
false_merge	0.8835571733688716	S1-594010866	Cool (India) Sales Private Limited	Haryana, Gurgaon, House No. 1500/21, Near Ayyappa Mandir Sector 21, Industrial Complex Dundahera	S2-20730657	Cool (India) India Private Limited	HOUSE NO. 1500/28, NEAR AYYAPPA MANDIR SECTOR 21, INDUSTRIAL COMPLEX DUNDAHERA, Haryana
false_merge	0.920149573919053	S1-863995848	Green Freight Alliance LLC	3006 Brooksview Road, Lenoir City, TN	S2-SYN1592009	GREEN FREIGHT	3026 BROOKSVIEW ROAD, <NULL>, LENOIR CITY, TN
false_merge	0.916995854956962	S1-954660649	Krishna Investment Private Limited	C/O Usha Kiran W/O Vijay, Kumar 11, Karshna Nagar, Jodhpur, Rajasthan	S3-554612945	M/s Krishna Investment Limited	Jodhpur, Kumar 11, Karshna Nagar, Jodhpur Region, #28 C/o Uha Kiran W/o Vijay, राजस्थान
false_merge	0.9804263671022277	S1-779257026	Catlaina Trujillo Sterling Institutions PLLC	909 Lexington Avenue, High Point, NC	S2-SYN1249138	Trujillo, Catlaina Sterling Institutions LLC	909 LXINGTON AVE, HIGH PONT, NC
false_merge	0.9937189154552905	S1-914604349	Ferrium Occupational Therapy Inc	27880 Birnham Woods Drive, Spring, TX	S2-62862547	FERRITIS OCCUPATIONAL THERAPY	27880 BIRNHAM WOODS DRIVE, SPRING, TX
false_merge	0.9273159551375997	S1-720277860	Etheline Amador Stifel	17945 230th Avenue, Detroit Lakes, MN	S3-931960471	#williamsdsouza	17945 230th Avenue, Detroit Lakes, Minnesota
false_merge	0.9805500670850205	S1-177813160	Great Consulting Private Limited	11-12 1St Floor Wood House Vivek Vihar Gandhi Path Road Near Expresshighway Vai, Shali Naga, Jaipur, Rajasthan	S2-SYN2295327	ग्रेट कंसल्टिंग प्राइवेट लिमिटेड	1ST FLOOR WOOD HOUSE VIVEK VIHAR GANDHI PATH ROAD NEAR EXPRESSHIGHWAY VAI, SHALI NAGA, DIVREPORTINGCIRCLE, Rajasthan
false_merge	0.9782330169948201	S1-216783569	Hari Investment Pvt Ltd	2-117 2-117, 1 Doctor Road, Vijayawada Krishna, Krishna, Andhra Pradesh	S3-SYN1592751	hariinvestment.com	Door No B1/2-117 2-117, 1 Doctor Road, Vijayawada Krishna, Krishna, AP
false_merge	0.8214242393737201	S1-694213040	Adampur Impex Private Limited	C/O Rajesh Dara S/O Ram Singh Vpo Khairampur, Adampur, Hissar, Haryana	S2-SYN1088071	Adampur Metal Privte Limited	H.NO 1 C/O RAJESH DARA S/O RAM SINGH VPO KHAIRAMPUR, ADAMPUR, Haryana
false_merge	0.9953522182219398	S1-604023143	IR India Private Limited	1St Flr Lalbhai Chamberskapasia Bazar, Ahmedabad, Gujarat, Ahmedabad	S3-SYN1766558	private ir india limited	#1St Flr Lalbhai Chamberskapasia Bazar, Ahmedabad, GJ
false_merge	0.965162548010663	S1-712712725	SF Cap LLC	41989 Sugarberry Street, Queen Creek, AZ	S3-SYN2049339	SF Cáp LLC LLC	41750 Sugarberry Street, Queen Creek, Arizona
false_merge	0.9599826485734869	S1-842771273	3461 Commerce Street Management	22 Forest Street, Upton, MA	S3-SYN272687	3461 Commhmrce Street Management Inc	22 Forest St, Upton CITY, Massachusetts
false_merge	0.8550394206395544	S1-156968409	Bright Hotel Investment Limited	Khasra No. 138, Sf, Sultanpur, New Delhi, South West Delhi, Delhi	S3-SYN1568046	ब्राइट Hotel Investment Limited	Khasra No. 16, DL, New Delhi, South West Delhi
false_merge	0.9849298019508079	S1-473581381	Kim Cardiology	2 West Street, Unit Apartment 206, Macedon, NY	S2-SYN2020022	Kim Cardiology	1 WEST STREET, MACEDON, NY
false_merge	0.8291447529656935	S1-152463966	Shree Consultants Private Limited	W/O-Late Tamizuddin Khan, Ukhra, Gulzarbag, Vill & Post- Ukhra, Burdwan, Bardhaman, West Bengal	S3-SYN2353303	Shree Consultants Private (Ltd)	Burdwan, WB, Plot 18 W/o-late Tamizuddin Khan, Bardhaman
false_merge	0.9892199766121081	S1-417613784	Baba Marketing Private Limited	1, Gwalior, Madhya Pradesh, Gwalior, Nehru Colony Thatipur	S3-SYN1536753	Baba-Marketing Private Limited	1, Gwalior, MP
false_merge	0.9427514664470977	S1-585029926	Shyam Trading Private Limited	Kans, Raipur, Sant Ravidas Nagar, Uttar Pradesh, C/O. Vimla Devi, Bhadohi, Sant Ravidas Nagar	S2-SYN1827678	श्याम ट्रेडिंग प्राइवेट लिमिटेड	HN 232 C/O. VIMLA DEVI, KANS, RAIPUR, SANT RAVIDAS NAGAR, BHADOHI, SANT RAVIDAS NAGAR, Uttar Pradesh
false_merge	0.9293325394500767	S1-378026160	Jai Constructions	4/17, Dhanalakshmi Street West Banu Nagar, Pudur, Ambattur, Tamil Nadu	S2-689309824	Arcaria	4/17, DHANALAKSHMI STREET WEST BANU NAGAR, PUDUR, AMBATTUR, RED HILLS, CHENNAI, Tamil Nadu
false_merge	0.97121726622875	S1-442421580	Taraendra Services LLP	4/3 Neeta Park, Near Gunjan Theatre, Yerwada, Pune, Maharashtra	S3-966535295	Taraendeon Services L.L.P.	Pune, MH, Door No 4/3 Neeta Park
false_merge	0.90095354416393	S1-745205126	Caldeon States PLLC	236 State Street, Unit 8, Richmond, UT	S2-224732114	Caldeonyn States (P.L.L.C.)	236-C STATE ST, RICHMOND, UT
false_merge	0.7601934150648727	S1-897734038	Solelle Mustang LLC	112 Pudding Street, Putnam Valley, NY	S2-367078601	SOLLELLE MUSTOTG LLC	NY, PUTNAM VALLEY, 113 PUDING STREET
false_merge	0.6240754865501711	S1-589946095	CH India Private Limited	C/O Shri Sambhaji Keshavrao, At Post Lonal, Lonal, Mukhed, Nanded, Maharashtra	S2-286202979	ch india private limited	
false_merge	0.9417828838399032	S1-624235753	RJ Beauty LLC	90 Bayou Lane, Kemah, TX	S3-987533	RJZ Beauty LLC	Kemha, Texas, 90- Bayou Lane
false_merge	0.9465188956723257	S1-656463208	Bright Massage	31 R Warren Avenue, Weston, MA	S3-SYN667919	Corp Bright Massage	31 R Warren Ave, Weston, Massachusetts
false_merge	0.9212541285284195	S1-438331987	Gonzalez Enterprise LLC	NY, Cortland, 23 Sunnyfield Drive	S3-326240956	Nexdrex	23 Sunnyfield Drive, NY, Cortland
false_merge	0.8186990639355965	S1-295974635	LJK Shaper Private Limited	F1, Motherland Complex Kathiravan Garden, Kallimadai, Singanallur, Coimbatore, Tamil Nadu	S3-349721931	LHJK Shhdsb Private (Limited)	Coimbatore, F1, Coimbatore, TN
false_merge	0.9899094510920711	S1-457959533	Duffy Sterling Inc	195 Finley Court, Springtown, TX	S2-SYN1690315	duffy sterling inc	SPRINGTOWN, 14 FINLEY CT, TX
false_merge	0.7488647968993885	S1-593228552	Guru Consulting Limited	Gujarat, Surat, Agrasen Point Opp Maharaja Arcade, Citi Light, L 16-17	S3-SYN2495285	ગુરુ Consulting લિમિટેડ	Block G-42/5 L 16-17, Agrasen Point Opp Maharaja Arcade, Citi Light, Surat, null, GJ
false_merge	0.510273759964433	S1-470429437	Srs Infrastructure Private Limited	Gandhi Chowk, Chhatarpur, Madhya Pradesh	S2-843098530	Smt SRS  ISFASTRCUTTURE LIMITED	Madhya Pradesh, NO 0090 GANDHI CHOWK, CHHATARPUR
false_merge	0.7635214088463245	S1-293455147	Ko Medical Centre	B-Wing, 1402, Neel Tower, Devidas Cross Borivali (West), Mumbai, Mumbai City, Maharashtra	S3-922043896	Dr Ko Medical Centre Limited	MH, 1402, Neel Tower, Devidas Cross Borivali (West), 41 B-wing
false_merge	0.9822203555642735	S1-372032210	Tejaksh Dice Private Limited	1154 /0 Srinivasa Building Hosur Road Electronic City Phase-Ii, Bangalore, Karnataka	S3-428671029	Private Tejiksh Dice Limited	115 /0 Srinivasa Building Hosur Rod Electronic City Phase-ii, Bangalore, KA
false_merge	0.8842356596208216	S1-536089712	Christ Methodist Church	6118 Hanna Court, Charlotte, NC	S3-SYN510277	Christ Methodist Church Co	6118 Hanna Cout, Charlotte, North Carolina
false_merge	0.966025911385981	S1-134702714	Mumbai Oil Private Limited	Kapildeo Phoolchand Gupta, Bandra Suburban, Maharashtra, Room No Vishnu Nagar Soc, L U Gadkari Marg, Opp Ramji Kirana Store, Chembur (E, Mumbai	S2-735473985	Mumbai Oil Limited	2 KAPILDEO PHOOLCHAND GPUTA, ROOM NO VISHNU NAGAR SOC, L U GADKARI MARG, OPP RAMJI KIRANA STORE, CHEMBUR (E, MUMBAI, Maharashtra
false_merge	0.7624581357448864	S1-166739037	Jain Agro Private Limited	Maharashtra, Mumbai, Kandivali East, Thakur Village, D-804 Rakhee Vasant Utsav	S3-801160835	Nylaflux	D-d/804 Rakhee Vamant Utsav, Kandivali East, Mumbai, MH
false_merge	0.9523933756310952	S1-508113996	Golden Jay Energy Private Limited	C/O Varsha Yuvraj Gome 47 1/1, Mukti Nagar, Waman Tukaram Patil Marg, Nr Neelam Hote, L, Chembur, Mumbai, Mumbai City, Maharashtra	S3-545200720	Golden Jay Energy Limited	C/o Varsha Yuvraj Gome 47 1/3, Mukti Nagar, Waman Tukaram Patil Marg, Nr Neelam Hote, L, Chembur, Mumbai City, MH
false_merge	0.6766748724170749	S1-389296687	Amardeep Foundation Limited	F-19/2 Second Floor, Shaheen Bagh Abul Fazal E, New Delhi, South Delhi, Delhi	S3-SYN2537471	amardeepfoundation.com	Block E-837 F-19/2 Second Floor, Shaheen Bagh Abul Fazal E, South Delhi, New Delhi, DL
false_merge	0.997546495931919	S1-473817390	RMM Development Corporation	Vijayashanthi Enclave, Behind Cine Planet Theater, Kompally, Telangana, House No.5, Hyderabad, Tirumalagiri	S3-SYN699196	RMM Development Limited	House No.5, Hyderabad, Tirumalagiri, TG
false_merge	0.7968703719562574	S1-155552276	Avalos Frontier Planet LLC	21 Fan Hill Road, Monroe, CT	S3-854669146	Maddux Fr0ntier Planet LLC	Connecticut, Monroe, 21 1/2 Fan Hill Rd
false_merge	0.8640674604228832	S1-97723618	Wildlife Council II	87 Main Street, Ashland, MA	S2-SYN2502233	Wildlife Council [(II)]	#28 MAIN ST, ASHLAND, MA
false_merge	0.9627964908757226	S1-437845370	Total Construction Works LLC	7577 Fado, Tucson, AZ	S3-SYN1317996	Total (Construction)	Tucson, PO Box 9497, Arizona, 7577 Fado
false_merge	0.8253720719664145	S1-271460370	Chandrika Luxury Private Limited	Coimbatore, Tamil Nadu, Coimbatore, 167/5, Annamalai, Nagar, Madukkari Taluk, No 166	S2-608201798	Chandriora Luxury Private Limited	H.NO 166 , 167/5, ANNAMALAI, NAGAR, MADUKKARI TALUK, COIMBATORE, தமிழ்நாடு
false_merge	0.5282325612026468	S1-669027562	Perfect Clinic	No 4 Rajan Streett Nagar Chennai, Chennai, Tamil Nadu	S3-560647770	Perfect Clinic	
false_merge	0.8340046903977043	S1-95007016	Jaipur Marketing Private Limited	Pnn 30 A Narsingh Vihar Gaon, Muhana, Sanganer, Jaipur, Rajasthan	S2-29047615	Jaipur Marketing Private  Limited	Rajasthan, 30 - A ASHOK VIHAR JAIPUR JAGATPURA JAIP, JAIPUR
false_merge	0.998456425818232	S1-783852831	Solola Uranium	Minot, 211 17th Street, ND	S2-291646731	Sollola [Uaufim]	#211 17TH ST, MINOT, ND
false_merge	0.9631130420661479	S1-752582666	Kittie Eriksson, DPM	210 Washington Avenue, Elyria, OH	S3-134204521	Kittie Eriksson DFM	210 Washington Avenue, Elyria, Ohio
false_merge	0.7916973396555079	S1-655218997	YEV Distribution	8411 158th Avenue, Vancouver, WA	S3-847656396	YKV [Distribution]	Washington, 8411 158th Ave, Vancouver
false_merge	0.9723985203465048	S1-638611012	Eye Regional Health LLC	517 Cary Woods Circle, Cary, IL	S3-SYN224158	Eye Regional  Health Inc	517 Cary Woods Cir, CARY CITY, Illinois
false_merge	0.7002937609039662	S1-65556102	Harrys & Brothers Private Limited	Rajasthan, Kamla Devi W/O Balchand Rathi E-Block, Bikaner, Ii-Nd Manzil, Khajanchi Market	S3-525275668	Harrys & Brothers Limited	No 44. Kamla Devi W/o Balchand Rathi E-block, Bikaner, Beechhwal, RJ
false_merge	0.9869370154466789	S1-893307982	Zara Foundation	Plot No: 1243/1244, Rajendra Complex, West Of Lara Petroleum, Bypass Road, Beur, Patna, Bihar	S3-SYN1562817	Jaxfayewex Bakery f/k/a Zara Foundation	Patna, Rajendra Complex, West Of Lara Petroleum, Bypass Road, Beur, Plot No: 1243/1244, Bihar
false_merge	0.7689031800417366	S1-830755446	Fiix Corporation	3866 Brookview Way, Portland, OR	S2-63817480	VERADELTA CORPORATION	3866 BROOKVIEW WAY, PORTLAND, OR
false_merge	0.8119196080641151	S1-344630691	Behavioral Health Group of Somerville Inc	7 Rush Street, Unit 2, Somerville, MA	S3-SYN2068854	Behavioral Health Group Of Somerville Inc	1 Rush St, # 2, Somerville, Massachusetts
false_merge	0.8058054484445573	S1-208200153	Fidelity India Private Limited	20 A/3, The Greens, Rajokari, New Delhi, Delhi	S2-SYN2434931	Fidelity India Private Limited	#1 A/3, THE GREENS, RAJOKARI, NEW DELHI, Delhi
false_merge	0.7744720715242501	S1-60112553	Foot & Ankle Interstate Care Associates, L.L.C.	2701 Houston Wood Drive, Keller, TX	S3-SYN1627258	Foot &-Ankle Interstate Care-Associates, L.L.C.	271 Houston Wood Drive, Keller CITY, Texas
false_merge	0.9920289175809813	S1-552349189	Surgical Associates	105 Mildred Street, Ranson, WV	S3-SYN474919	Surgical Associates Ltd.	105 Mildred St, Ranson, West Virginia
false_merge	0.8916770721065724	S1-331636833	Indravi Agrotech Public Limited	Raman Bansal C / O R K Bansal House No. 6 Nyaypuri, Karnal, Haryana	S2-689471054	Indravu Agrotech Limited Service	RAMAN BANSAL C / O R K BANSAL HOUSE NO. 6 NYAYPURI, KARNAL, हरियाणा
false_merge	0.9686434982523087	S1-355237021	West Charter School LLC	2305 2B 19th Street, Unit 2B, Newton, IA	S3-269824606	Rschs.Com	2305 2 19th Street, # 2B, Newton, Iowa
false_merge	0.9980785315053886	S1-473239904	Kaveran Services Ltd	West Bengal, Calcutta, 1 British India St1St Floor R N 107, Kolkata	S3-SYN2519063	@kaveranservices	#1 British Inaia St1st Floor R N 107, Calcutta, Kolkata, WB
false_merge	0.8450571296989081	S1-279224001	Keystone Retail Union	Merrill, IA, 400 Webster St	S2-SYN1914716	Keystone Retail	55 WEBSTER SAINT, MERRILL, IA
false_merge	0.8668278745375334	S1-825787583	All Solutions Private Limited	Dda Building No.5, 1St Floor District Centre, 101, West Delhi, New Delhi, Delhi	S3-SYN1926456	ऑल सॉल्यूशंस प्राइवेट लिमिटेड	Bock A-d/116 101, Dda Building No.5, 1St Floor District Centre, New Delhi, NULL, DL
false_merge	0.8973468627335638	S1-819572414	Lumova Coca PLLC	AZ, Scottsdale, Unit UNIT 1031, 14545 Frank Lloyd Wright Boulevard	S3-432762347	Lummova PLLC Center	14554 Frank Lloyd Wright Boulevard, # UNIT 1031, Scottsdale Airpark, Arizona
false_merge	0.7701906643101106	S1-500970493	Model & Sons Private Limited	Sr.No.383/8; Fl-302, Atharv Jaytunew Timber Merchants Society, Pune, Maharashtra	S3-SYN1587677	Model & Sons Private Ltd	Plot ##67 Sr.no.383/8; Fl-302, Pune Region, Pune, MH
false_merge	0.9951384830671826	S1-722017338	Aditya Producer Private Limited	C-1/2 Sec 56, Noida C-1/2 Sec 55, Noida, Gautam Buddha Nagar, Uttar Pradesh	S3-SYN1898373	Aditya Producer-Private Limited	C-1/2 Sec 56, Noida C-1/2 Sec 55, Noida, Gautam Buddha Nagar, उत्तर प्रदेश
miss:not_selected	0.12931974875714589	S1-874221448	Tirupati Systems Private Limited	Karuna, Kottattil Puray Cherukav, 13/380, Malappuram, Malapuram, Kerala	S3-625071881	Tirupati Systems Private	13/38, Karuna, Kottattil Puray Cherukav, Malappuram, KL
miss:not_selected	0.7078314619162592	S1-294339194	Alpha Infotech Private Limited	Plot No. 3303/A, Road No. 33/3, Nr. Bank Of Baroda, Gidc, Sachin, Surat, Gujarat	S2-361397889	privateinfotechalpha.com	H.NO 3303/A, SURAT, SACHIN, ગુજરાત
miss:not_selected	0.6216546937674817	S1-195404172	Fresh Foods	1785 Givens Road, Mount Vernon, IN	S3-300046642	Fresh Foods Ltd	1452 Givens Road, Mount Vernon, Indiana
miss:not_in_candidates		S1-992708771	Smart Media Consultants Inc	3351 15 Terminal Avenue, Springfield, IL	S2-305116173	Smart Media  Consultants Inc	
miss:not_selected	0.6566501008806082	S1-292616647	ND Foods Private Limited	T-10, Asian Part Apartment, No. 1/686, Valayapathy Salai, Mogappair East, Ambattur, Tiruvallur, Tamil Nadu	S2-463191467	ND PRIVATE LIMITED PARTNER5	T-10/1, ASIAN PART APARTMENT, NO. 1/686, VALAYAPATHY SALAI, MOGAPPAIR EAST, AMBATTUR, Tamil Nadu
miss:not_in_candidates		S1-355989356	Sai Systems Private Limited	Plot No. B-150, Riico Ind. Area, Jaipur, Rajasthan	S3-169277092	Sai Systems Pgrifvhte Limited	Plot No. B-150, Jaipur, RJ
miss:not_in_candidates		S1-757083358	Indra Clinic	Shed No 115, Ahmadabad City, Ahmedabad, Gujarat, Ashirwad Ind. Estate, Nr. Forge And Blower, Opp. Fruit Market	S2-410554892	clinicindra.com	AHMEDABAD, NIKOL, NO. 360 SHED NO 115, Gujarat
miss:not_selected	0.4851889491007936	S1-172172495	CI Brewing, LLC	805 30th Street, Houston, TX	S3-459464021	Ci Brewing, Llc Llc	
miss:not_in_candidates		S1-168912522	Safe Data Brands	12641 88th Place, Kirkland, WA	S3-749332609	Safe Data Center	
miss:not_selected	0.7506102122825498	S1-610360790	Kolkata Tours Ltd	Kolkata, 2Nd Floor, Room No. 21, 0, Kolkata, Howrah, 156A Lenin Sarani Kamlalaya Centre, West Bengal	S2-843770935	KTOURS.COM	H.NO 156A. LENIN SARANI KAMLALAYA CENTRE, CALCUTTA, HOWRAH, West Bengal
miss:not_in_candidates		S1-195979151	Dharnendra Advisors	E-704, Veena Beena Chs Ltd Acharya Donde Marg, Opp Sewri Bus Depot, Sewri West, Mumbai City, Maharashtra	S2-623764315	M/s Evolum	E-704, KHARDI, Maharashtra, SEWRI WEST
miss:not_in_candidates		S1-221453944	Chordia Finance Pvt. Ltd.	30 Chaulpatty Road, Kolkata, Howrah, West Bengal	S2-439553467	CHORDIA FÍNANCE PVT. LTD.	
miss:not_selected	0.532782535905828	S1-719375103	Dwarkadas Brothers	659B Vishal Nagar, Rohtak, Haryana	S3-772940438	Dwarkadas Services	
miss:not_selected	0.39824373170132543	S1-959151878	Merrielle's Heartland Bakery	545 Broken Island Road, Fluvanna County, VA	S2-750956347	Merrielle's Herantlind Bakery	
miss:not_in_candidates		S1-83897769	Blue York PLLC	552 Eastern Star Road, Kingsport, TN	S3-423268128	Blue-PLLC Services	553 Eastern Star Rd, Kingsport, Tennessee
miss:not_selected	0.5918266234094371	S1-379540966	Alakh Vyapar Pvt Ltd	703, Atlanta Tower, Opp. Satyam Complex Gulbai Tekra, Ahmedabad, Gujarat	S3-280197626	Alakh Vyapar Pvt Ltd.	
miss:not_selected	0.6539237534608978	S1-126686721	Sun Investments Pvt Ltd	Cs-05, Ansal Plaza, Sector-1, Vaishali, Uttar Pradesh, Ghaziabad, 3F, Ghaziabad	S3-907614149	सन इन्वेस्टमेंट्स प्रा. लि.	H.no 322 3F, Ghaziabad, UP
miss:not_in_candidates		S1-183648575	Happy Yoga!	Carrabassett Valley, ME, 2005 Pond Road	S2-633097351	happyyogacom	ME, PMB 6980, 2005 POND RD, KINGFIELD
miss:not_selected	0.6981311417814838	S1-871133084	Merrily Cortes, DMD, PC	6106 State Highway 22, AR, Paris	S3-20647182	Merrily Ceit,es DMD,  PC	6106-6110 State Highway 22, Paris, Arkansas
miss:not_in_candidates		S1-955994717	QN Industries Private Limited	C-7Flamingoagniiv Floorkannabirankoil Streetpallikaranai, Chennai, Tamil Nadu	S2-454551333	Limited QN Private Services	C-7FLAMINGOAGNIIV/5 FLOORKANNABIRANKOIL STREETPALLIKARANAI, CHENNAI, Tamil Nadu
miss:not_selected	0.3207119762266079	S1-251054597	Rbm Solutions Private Limited	T3/1005, Eldeco Saubhagyam, Vrindavan Awas Yojna Sector-9, Rbl Road, Lucknow, Uttar Pradesh	S2-272829618	RBM PRIVATE LIMITED CENTER	
miss:not_in_candidates		S1-691108337	VS Solutions Private Limited	Andhra Pradesh, Survey No.18, Chittoor, Renigunta, Industrial Development Area (Ida)	S2-90865230	VS Private Limited Center	DOOR NO 19 , INDUSTRIAL DEVELOPMENT AREA (IDA), RENIGUNTA, Andhra Pradesh
miss:not_selected	0.6287205060952126	S1-57441519	Malley and Huguley National	1621 University Drive, Unit Apartment 213, Fargo, ND	S2-314167893	Malley and  Huguley National	UNIVERSITY DR, PO BOX 2608, FARGO, ND
miss:not_in_candidates		S1-364271929	Jay Logistics	C/O Mdshafialam Ramnagari, Near Tridev Market Dhagh, Phulwari, Patna, Bihar	S2-553925853	जय लॉजिस्टिक्स	C/O MDSHAFIALAM RAMNAGARI, N/A, PATNA, PHULWARI, बिहार
miss:not_in_candidates		S1-416749547	Energy Solar Tech Limited	Bangalore, #556, Bangalore, Karnataka, F Block, Sahakarnagar, Yelahanka	S3-95033970	Energy Sorla Tech Limited	
miss:not_in_candidates		S1-859616835	Atlantic Ministries	18897 Glouchester Drive, OH, Bowling Green	S2-509328231	ATLANTIC CENTER	18897- GLOUCHESTER DRIVE, PLAIN TWP, OH
miss:assigned_elsewhere	0.023997368500391074	S1-586899051	Ram Impex Private Limited	14/27, Shastri Nagar, Rewa., Madhya Pradesh	S2-314183655	Ram इम्पेक्स प्राइवेट लिमिटेड	
miss:not_in_candidates		S1-342189567	All Power Private Limited	Plot No 6, Ground Floor, East Wing Mahaveer Techno Park, Hi- Tech City, Mad, Hapur, Hyderabad, Telangana	S3-321357919	Smt All Power Prívate	
miss:assigned_elsewhere	0.00006894431560302141	S1-589880757	Foot & Ankle Specialists of Millcreek LLC	317 4020, Millcreek, UT	S3-233668184	Foot & Ankle Specialists of (ID: 31545)	4020, Utah, SALT LAKE CITY
miss:not_selected	0.6176201821141851	S1-743711886	Brightis Alibaba	Calumet City, IL, 588 Douglas Avenue	S3-436088777	BA	588 Douglas Avenue, IL, Calumet City
miss:not_selected	0.46547271700099846	S1-547533467	Mcghee Safe Money LLC	1255 Chestnut Avenue, Rialto, CA	S2-110428202	Mcghee Safe Money	
miss:not_selected	0.7088499915010347	S1-52031244	Naval Coir Private Limited	Plot No 1 Gazuli Ind Area, Unnao, Uttar Pradesh	S3-352227395	Nava1 Coir Plvae Limited	1 Gazuli Ind Area, Unnao, UP
miss:not_selected	0.5612102129024942	S1-102651034	Opel Services Limited	H.No 1-89/G/36, Plot No 36, 1St Floor Nasuja, Shilpi Valley, Gafoor Nagar, Shaikpet, Hyderabad, Telangana	S3-886310342	Shri Opel Limited Services	Plot No 36, 1St Floor Nasuja, Shilpi Valley, Gafoor Nagar, TG, Hyderabad, H.no 1-89/G/3, Shaikpet
miss:not_selected	0.14509784457208783	S1-90752326	Reed Supreme Science LP	7521 28th Street, Tulsa, OK	S3-712161195	Reed Supreme Science Lp	
miss:not_selected	0.4101035898970223	S1-107592660	Diamond Staffing Systems	8228 Ville Court, Albuquerque, NM	S3-387308379	Diamond Staffing Systems LP	
miss:not_in_candidates		S1-516611628	Red Cafe	3455 Scenic Drive, Auburn, WA	S2-780939670	Red Caglfe	
miss:not_selected	0.7218673371217543	S1-771840730	Al Tech Technologies Pvt Ltd	596/B Kulathur Thaluka, Ramudaiyanpatti Minnathur, Gandarvakottai, Pudukkottai, Sivaganga, Tamil Nadu	S3-2453223	அல் டெக் டெக்னாலஜீஸ் பிரைவேட் லிமிடெட்	#594/B Kulathur Thaluka, Sivaganga, Pudukkottai, தமிழ்நாடு
miss:not_in_candidates		S1-385831739	Villarreal York, Inc.	830 Central Avenue, Chicago, IL	S3-105979566	Fayeonyxbelo	0830 Central Avenue, Chicago, Illinois
miss:not_in_candidates		S1-10422319	Swastik Management Limited	B-601, Saraswati Appts., I P Extn Patpar Ganj, Delhi, East Delhi, Delhi	S2-649142072	स्वस्तिक मैनेजमेंट लिमिटेड	B-60, NEW DELHI, EAST DELHI, Delhi
miss:not_selected	0.6740068021171446	S1-406579956	Lilla Hartsfield Network LLC	11261 Grandville Avenue, Unit 306, South Jordan, UT	S2-871099314	Lilla Hártsfield Network LLC	
miss:not_in_candidates		S1-90408852	Aarvan Marketing Private Limited	S No 275 Beverly Hills, Flat No B602 Dange Chowk Road, Hinjawadi, Pune, Maharashtra	S2-385500158	Dovasyn	S NO 275 BEVRLY HILLS, Maharashtra, PUNE
miss:not_selected	0.5769385180962142	S1-747675788	Parsons Prime Lng LLC	13536 916, Grandview, TX	S2-344217019	Parsons Príme	3536 916, GRANVDIEW, TX
miss:not_selected	0.25347862883426553	S1-134364194	Vision Patriot Health PLLC	282 Grant Gardens Road, Ona, WV	S2-740860705	vision patriot health pllc	
miss:not_in_candidates		S1-514171731	Board of Education	TN, Blountville, 244 Holston Institute Drive	S2-193495192	BOARD OF OF	244 HOLSTON INSTITUTE DR, BLOUNTVILLE, TN
miss:assigned_elsewhere	0.00009816948466621173	S1-345173108	Supreme Infotech LLP	No.107, Anvitha Delight, Seegahalli, Kr Puram, Bangalore North, Bangalore, Karnataka	S3-205041189	Supreme LLP Services	No 107, Bangalore North, Bangalore, KA
miss:not_in_candidates		S1-807717052	Great Management LLP	Shop No. 64, Kanchanjunga, Sec-63, Noida, Noida, Gautam Buddha Nagar, Uttar Pradesh	S3-366434151	ग्रेट मैनेजमेंट एलएलपी	Shop No. 6-4, UP, Gautam Buddha Nagar, Noida
miss:not_selected	0.7213113855510882	S1-217368057	Red Developers Pvt Ltd	J-132, J-Block, Midc - Bhosari, Pune, Pune, Maharashtra	S3-182021790	Halodelta	Block C-5 J-132, J-block, Midc - Bhosari, Pune, Pune, MH
miss:not_in_candidates		S1-907503845	Dental Health Inc	OH, 111 Quail Road, Perrysburg	S2-564987426	Dental Health  Inc	
miss:not_in_candidates		S1-330399155	Dd Group	Surat City, Shop No. 8Tf833, Gujarat, Surat, Sangini, Textile Hub-B, Chorasi	S3-366281466	Shri Dd	Shop No. A-8tf833, Sangini, Textile Hub-b, Chorasi, Surat City, Surat, ગુજરાત
miss:not_selected	0.3914013398330602	S1-491795173	Unigreen Clinic	C/O K Kokilamba, Jaggayyapalem, Pendurthi, Visakhapatnam, Vishakhapatnam, Andhra Pradesh	S3-913566856	Unigreen Clinic	
miss:assigned_elsewhere	0.0006368181492267524	S1-158991650	Shree Academy	E/259, Ist Floor Tagore Garden Extension, New Delhi, Delhi	S3-897095717	Shree Center	E/259, New Delhi, Ist Floor Tagore Garden Extension, DL
miss:not_in_candidates		S1-350108946	Mitech Corp	2282 Hinde Road, Toledo, OH	S3-576227433	Mitech  Corp	
miss:not_selected	0.7389538617417537	S1-170137198	Sakri Services Limited	Sakri, Bardipada, Main, Lane, Charcha Near Tribal, Maharashtra, Dhule, 2611	S2-601305810	Sakri-Services Limited	DOOR NO 357 2611, BARDIPADA, MAIN, LANE, CHARCHA NEAR TRIBAL, SAKRI, महाराष्ट्र
miss:not_selected	0.2889929067594123	S1-619488482	Miller Evolution LLC	41113 Rio Bravo Drive, Maricopa, AZ	S2-458134546	Miller LLC Evolution	AZ, 41111 RIO BRAVO DR, MAIRCOPA
miss:not_in_candidates		S1-402640263	Good Hospitality Private Limited	Mumbai, Borivali West, Maharashtra, 102, Yogeshwar Kripa, Cts 649/A, Near Pratap Heritage, L.T. Road	S3-303395695	M/s Good Hospitality Private  Limited	Mumbai Suburban, MH, C-102
miss:not_in_candidates		S1-428963198	Hari Infrastructure Private Limited	1St Floor Dev-Ashish Builsingoff C G Road Nr Classic Gold Hotel Ellisbridge, Ahmedabad, Gujarat	S2-723041990	hariinfrastructure.com	1ST FLOOR DEV-ASHISH BUILSINGOFF C G ROAD NR CLASSIC GOLD HOTEL ELLISBRIDGE, AHMEDABAD, Gujarat
miss:not_in_candidates		S1-426600720	VN Services Private Limited	D.No. 2L-8-180, Housing Board Colony, Hindupur, Ananthapur, Andhra Pradesh	S2-934110584	VN Sereivces Private Limited	D.NO. 2L-8-180/5 , HOUSING BOARD COLONY, HINDUPUR, ఆంధ్రప్రదేశ్
miss:not_selected	0.6578680103496736	S1-416334920	Best Gold Software Private Limited	C/O Bhagwati Deviji W/O Late Shri Shyam Sunder Ji, Shop No. 99 B, New Dhan Mandi, Suratgarh, Ganganagar, Rajasthan	S2-274920998	बेस्ट गोल्ड सॉफ्टवेयर प्राइवेट लिमिटेड	NO. 726 C/O BHAGWATI DEVIJI W/O LATE SHRI SHYAM SUNDER JI, SHOP NO. 99 B, NEW DHAN MANDI, GANGANAGAR, SURATGARH, Rajasthan
miss:assigned_elsewhere	3.6325167482641173e-7	S1-319897068	Maa Agro Private Limited	Office No.103, A-Wing, Shubham Premises Chsl Chakala, Gracious Road, Andheri (E), Mumbai, Mumbai City, Maharashtra	S2-532040139	Maa Private Limited Services	NO 3-591 OFFICE NO.103, A-WING, SHUBHAM PREMISES CHSL CHAKALA, GRACIOUS ROAD, ANDHERI (E), MUMBAI, Maharashtra
miss:not_in_candidates		S1-290213072	Jai Anand Engineering Private Limited	C/O M.L. Gupta, C-2/2098, Vasant Kunj, New Delhi, Delhi	S3-42146849	जय आनंद इंजीनियरिंग प्राइवेट लिमिटेड	C/o M.l. Gupta, New Delhi, दिल्ली
miss:not_in_candidates		S1-738104191	Hitech Investments Pvt Ltd	Mig Flat No.25B, Pkt-A, G.T.B Enclave, North East Delhi, Delhi	S2-638303805	Hitech Investments Pvt Ltd	
miss:not_in_candidates		S1-783387548	Manali Studio	Uttar Pradesh, H.No.8 Madharmau Khurd, Lucknow, Khurdahi Bajar Madharmau, Lucknow	S2-486193272	MANALI  SUTOO	
miss:not_in_candidates		S1-598011084	Ridge Coalition LLC	128 2nd Street, Breese, IL	S3-37180132	Ridge Coalition Llc	
miss:not_in_candidates		S1-738685101	Alexander Custom Security Services LLC	CA, 9 Clark Street, Redlands	S2-67633020	ALEXANDER CUSTOM SECURITY SECURITY SERVICES	
miss:not_selected	0.6852967121193684	S1-837176141	Kanaka Developers (India) Private Limited	Bhubaneswar, Orissa, Plot No-125 Saheed Nagar, Khordha	S2-224504030	... Kanaka Developers (nIdi)a Private Limited	PLOT NO-123 SAHEED NAGAR, BHUBANESWAR, KHORDHA, Odisha
miss:not_in_candidates		S1-399231789	Pediatric Dental Group	924 Loop 820, Hurst, TX	S2-628035547	Dental Pediatric Group	LOOP 820, HURST CIYT, TX
miss:not_in_candidates		S1-839449888	Fortune Power Limited	Vpo Sahauran, Tehsil Kharar, Distt. Sas Nagar, Rupnagar, Punjab	S2-885049468	Fortune Pwer Limited	
miss:not_selected	0.3873870726489036	S1-691635000	Trusted Genomic Corporation	Fort Worth, 814 Richmond Avenue, TX	S3-612590680	Trusted Genomic Corp	81 Richmond Ave, PMB 374, Fort Worth, Texas
miss:not_selected	0.6571177578723213	S1-394329059	CCT Chadwick LLC	TX, 482 Lake Sweetwater Lane, Buda	S3-453615352	CCT Chadwick	Lake Sweetwater Lane, PMB 7388, Buda, Texas
miss:not_in_candidates		S1-102623850	Sree Systems	Fl-L3/1, 2 Dr., Daudar Rahaman Road, Kolkata, Kolkata, Howrah, West Bengal	S2-776515425	শ্রী সিস্টেমস	FL-L3/1, KOLKATA, HOWRAH, West Bengal
miss:not_in_candidates		S1-280884115	BB John LLC	108 Cedar Street, El Dorado, AR	S3-590354727	BB  LLC Center	108-C Cedar Saint, El Dorado, Arkansas
miss:not_selected	0.6328013605410353	S1-38373060	Primary Care Peak Center LLC	1028 Fm 2919, Beasley, TX	S2-971312124	Primary Care Peak Center L.L.C.	
miss:not_in_candidates		S1-916912465	Krishna Constructions LLP	Flat No-H-1207, Ganga Glitz, Sr No-16/3, Pune, Maharashtra	S3-141091550	Krishna LLP Constructions	
miss:not_selected	0.3819614480132796	S1-91420204	Insta Medical Centre	Fd 173 Sec Iiisaltlakecity, Kolkata, Howrah, West Bengal	S2-943125611	Insta Medical Centre Company	
miss:not_in_candidates		S1-50548173	Man Academy Group	78 3Rd Flr Sri Lakshmi Twr Spaces &, Morebusiness Pk Cbi Col Madhapur, Shaikpet, Hyderabad, Telangana	S3-990823380	Fluxxylo	No 78 3Rd Flr Sri Lakshmi Twr Spaces &, Hyderabad, Shaikpet, తెలంగాణ
miss:not_selected	0.4650894718698573	S1-457391916	Salem Trading Private Limited	Salem, No-70/2, Near Three Roads, Suramanagalam Main Road, Tamil Nadu, Salem	S2-151828099	Salem Trading Private Ltd	
miss:not_in_candidates		S1-228617997	International Foundation Pvt Ltd	Tc-2/2408-4, Ii Floor, Asiatic Business Centre, Kazhakoottam. P. O., Thiruvananthapuram, Trivandrum, Kerala	S3-37324422	ഇന്റർനാഷണൽ ഫൗണ്ടേഷൻ പ്രൈവറ്റ് ലിമിറ്റഡ്	Tc-2/2408-4, Ii Floor, Asiatic Business Centre, Kazhakoottam. P. O., Thiruvanathapuram, Thiruvananthapuram, Keralam
miss:not_in_candidates		S1-349201494	26 18 Network	1318 Mccarty Street, Unit REAR, Jefferson City, MO	S2-880323167	26 18 Network Inc	
miss:not_in_candidates		S1-469063119	Youth Fund Group	Belleville, IL, 1723 Belle Avenue	S2-333160232	Drexbelolyra	BELLE AVE, IL, BELLEVILLE
miss:not_selected	0.2791547869874069	S1-385914860	Easterling Keystone Liquidity	529 Oak Street, Baxter, TN	S3-707611440	Easterling Keystone	
miss:not_selected	0.45285752529626133	S1-350892017	Ear Nose & Throat Best Associates	1878 419, Palestine, TX	S3-329164496	earnosethroat.com	Palestine, 2189 419, Texas
miss:not_in_candidates		S1-33761558	Mumbai Biomed Private Limited	Flat No.532, 5Th Floor, Panchratna Building, Opera House, Mumbai, Mumbai City, Maharashtra	S3-921588905	Mumbai Private Limited Center	Mumbai City, Mumbai Region, MH, Flat No.532
miss:not_in_candidates		S1-9030840	Bangalore South Infotech Private Limited	Meghana And Shalini Apartment, 100 Feet Ring Road, Near Kadarenahalli Park, Bangalore South, Bangalore, S-1304, Karnataka	S3-517462509	Bangalore South Private Limited Center Trading	
miss:not_selected	0.6069517139875985	S1-666491946	Clear Dividend LLC	13718 Bradford Road, Madison, AL	S3-936374975	Clear Dividend (LLC)	
miss:not_in_candidates		S1-7997271	New Delhi Technologies Partners	New Delhi, Om Vihar Phase-V, 40 Feet Road Uttam Nagar, E-2A, Delhi, West Delhi	S3-189653439	New Delhi Technologies	DL, West Delhi, New Delhi, E-2a
miss:not_in_candidates		S1-670236319	Al (India) Medical Pvt Ltd	40, Dobson Road, Ambica Tower 1St Floor, Howrah, West Bengal	S3-15270520	Sri Al (India) Pvt Ltd Service	40, Howrah, WB
miss:not_in_candidates		S1-714360932	Vijay Sree Business Private Limited	At Vill & Tola- Chaita North, Block-Ujiarpur, Samastipur, C/O Birendra Kr. Pandey, Bihar, Samastipur	S3-259986767	विजय श्री बिजनेस प्राइवेट लिमिटेड	C/o Birendra Kr. Pandey, Samastipur, बिहार
miss:assigned_elsewhere	0.03746312223431328	S1-605921947	Laxmi Foods Private Limited	S-05, Lower Ground Floor, Concourse Itpl, Whitefield, Bengaluru, Bangalore, Karnataka	S2-346916841	M/s LAXMI FOODS PRIVATE LIMITED	
miss:not_in_candidates		S1-108028408	Telangana Green Pvt. Ltd.	Sri. Manoj Kumar, Magradhi, Magradhi W No. 15 Samastipur, Magradhi Magradhi, Samastipur, Bihar	S2-722066989	tgreen.com	SRI. MANOJ KUMAR, SAMASTIPUR, Bihar
miss:not_in_candidates		S1-914717941	Metro Consultancy Limited	Shop-1, K-1 G/F Kh.No. 85/1/1 Nihal Vihar, Laxmi Park, New Delhi, West Delhi, Delhi	S2-220521695	Metro Limited Service	
miss:not_in_candidates		S1-892696879	Best Consultants Limited	Hamilton House Ground Floor 8 J N Heredia Marg Ballard, Estate Mumbai Maharashtra, Mumbai, Maharashtra	S3-317372701	Best  Consultants Limited	
miss:not_selected	0.46667095450536183	S1-179508991	News Trust	Tims, Hafsa Manzil 1/37- Azhakiyamandapam, Mulagumoodu, Thuckalay, Tamil Nadu	S3-697242189	Sri News  Trust	
miss:not_in_candidates		S1-875138318	Urology Total Clinic PC	2037 99th Avenue, Town Of Osceola, WI	S3-431303884	Urology Total  Clinic	
miss:not_in_candidates		S1-614496809	Krishna Consultants Private Limited	10B 120, Maharashtra, Enam Sambhav, C-20, G Block, Bandra Kurla Complex, Mumbai	S3-776084279	Iribelo	MH, Mumbai, 277 120, Mumbai, Enam Sambhav, C-20, G Block, Bandra Kurla Complex
miss:not_selected	0.41267407194505856	S1-451939035	Frazier's Catering	302 4th Street, Unit 302, Morton, TX	S2-442883301	Frazier's Catering Inc.	
miss:not_selected	0.5457249365609462	S1-47502698	Desert Platinum Housing LLC	71 Main Street, Unit Apartment 203, Liberty, NY	S2-667146875	DESERT  PLATINUM HOUSING	PMB 5291, NY, 71 MANI STREET, LIBERTY
miss:not_in_candidates		S1-196440222	Allied Franklin LLC	19715 Fm 1488, Magnolia, TX	S3-275939670	Allied Fránklin LLC LLC	
miss:not_in_candidates		S1-739255037	Industrial Complex Dundahera Foundation Private Limited	241, Ground Floor, Udyog Vihar, Phase 1, Industrial Complex Dundahera, Gurgaon, Haryana	S3-495329781	Industrial Complex Dundahera Ftnudanion Private Limited	Divreportingcircle, हरियाणा, Gurgaon, 241
miss:not_in_candidates		S1-429475338	Frontier Fellowship	7226 Myrtle Grove Road, Wilmington, NC	S3-148472265	Frontier Felnowsip	
miss:not_in_candidates		S1-131965009	Gujarat Technologies Private Limited	401, Tushar Building, Mira Bhayandar Road, Behind Raymond Showroom, Thane, Maharashtra	S2-887724584	गुजरात टेक्नोलॉजीज प्राइवेट लिमिटेड	#401, THANE, Maharashtra
miss:not_in_candidates		S1-167624318	Mumbai Enterprises Private Limited	Mumbai, 18- Sanskruti, Thakur Complex Kanivli (West), Maharashtra, 101, Mumbai City	S3-908157736	Enterprises	101, 18- Sanskruti, Thakur Complex Kanivli (West), Mumbai, Mumbai City, Maharashtra
miss:not_in_candidates		S1-566887353	Heartland Society Inc.	586 Utah Avenue, Payson, UT	S2-735360833	Heartland Sieoly Inc.	00586 UTAH AVE, PAYSON, UT
miss:not_in_candidates		S1-90720449	Krishna Projects Private Limited	B - 12, 1 - 4, Shiv Palm Beach Chs Sector - 4, Nerul West, Navi Mumbai, Mumbai City, Maharashtra	S2-687150119	कृष्णा प्रोजेक्ट्स प्राइवेट लिमिटेड	B - 1-2, MUMBAI CITY, NAVI MUMBAI, Maharashtra
miss:assigned_elsewhere	0.3858081037452025	S1-387237280	Shriji Group of Companies	440 Sector-15A, Faridabad, Haryana	S3-985038090	Shriji Group  of Companies	
miss:not_in_candidates		S1-66927841	Star Investments Private Limited	Plot No. 244, Flat No.601, Gauri Laxmi Chsl, Sector17, Panvel, Raigarh(Mh), Maharashtra	S3-642086836	Star Investments	
miss:not_in_candidates		S1-688901515	Womens Health Physicians of Hamlet	201 Strong Drive, Hamlet, NC	S3-848465775	Womens Health Physicians Physicians of	
miss:not_in_candidates		S1-775042304	Builders Aqua Pvt Ltd	South Delhi, Delhi, New Delhi, B-135 Jungpura	S2-604818362	BUILDERS AGRA PVT LTD	
miss:not_selected	0.3203528302511837	S1-373417297	Somerville Precision Dome	5172 Kittiwake Court, Dublin, OH	S2-750970906	Somerville Précision	5183 KITTIWAKE CT, DUBLIN, OH
miss:not_in_candidates		S1-389582071	Balaji Investment Private Limited	2Nd Floor, Junjappa Circle, Near Maruthi Dental College, Dodakammana, Hali, Bangalore, Karnataka	S3-839895673	Smt Balaji  Investment Private Limited	Bangalore, KA, 2Nd Flonr
miss:not_selected	0.6202140056437662	S1-207848420	UQ Consultants Private Limited	Mumbai, 22, Turner Road, Flat No 41, Maharashtra	S2-987130272	UQ Consultants Limited (Private)	
miss:not_selected	0.13950050877070735	S1-688280447	Division of Veterans Affairs	549 Lemon Street, Village Of North Hudson, WI	S3-427199300	Division of Veterans Affairs Co	49 Lemon Street, Hudson, Wisconsin
miss:not_in_candidates		S1-31582355	Anand Foods Private Limited	Royal Divine Jamuna Enclave, Mansarovar Extention, Rajasthan, Jaipur, Plot No. 41 42 S-9	S3-269891178	आनंद फूड्स प्राइवेट लिमिटेड	Plot No. 41 42 S-9, Royal Divine Jamuna Enclave, Mansarovar Extention, Jaipur, RJ
miss:not_in_candidates		S1-713309077	YAS Solutions Ltd	No.56/4, P Block Vi Th Avenue, Anna Nagar, Chennai, Tamil Nadu	S3-743850988	Center YAS Ltd	No.0056/4, Chennai, தமிழ்நாடு, Chennai
miss:not_in_candidates		S1-328068942	Lopez's Financial	2965 Fenwood Drive, Columbus, OH	S3-603764945	Lopez's Financial Co	
miss:not_in_candidates		S1-1402888	Golden Engineering Services Corp	Carrington, 633 4th Street, ND	S3-922374152	Golden Services Corp Center	633 Fourth Street, Carrington, North Dakota
miss:not_in_candidates		S1-194205092	Physical Therapy Anchor Care Associates LLC	421 Shoshone Place, Spokane, WA	S3-162746259	Physical Therapy Anchor Care Associates Associates L.L.C.	
miss:not_in_candidates		S1-692390546	Perfect It Private Limited	B-1605, Candeur Signature, Varthur Hobli, Bangalore North, Bangalore, Karnataka	S3-692761287	Perfect ಐಟಿ ಪ್ರೈವೇಟ್ ಲಿಮಿಟೆಡ್	
miss:not_in_candidates		S1-318315491	Black Infotech Private Limited	C-24 Transport Nagar, Amousi, Lucknow, Uttar Pradesh	S3-19105373	Black Infotech Private Limited Enterprises	
miss:not_in_candidates		S1-132976496	Anand Bharat Construction Limited	Door No.1/1A, Gandhi Nagar, Eb Colony, Mettupalayam, Coimbatore, Tamil Nadu	S2-367752372	ஆனந்த் பாரத் கன்ஸ்ட்ரக்ஷன் லிமிடெட்	1/1A, NULL, METTUPALAYAM, COIMBATORE, Tamil Nadu
miss:not_selected	0.6197387001262372	S1-712714259	Commission on Buildings Center	1615 Evans Avenue, Fort Worth, TX	S2-946155350	Commission on  Buimldticgs Center	
miss:not_selected	0.013430930674699205	S1-63127640	Mais Guardian LLC	1629 261st Place, Des Moines, WA	S2-842286993	MAIS GUARDIAN  LLC	WA, #1633 261ST PL, DES MOINES
miss:not_in_candidates		S1-840298726	Naa	6221 Occoquan Forest Drive, Prince William County, VA	S3-140557128	Korbrix D.B.A. Naa	6221 Occoquan Forest Drive, Prince William County, VA
miss:not_in_candidates		S1-123995673	Modern Anand Global Private Limited	222, 3Rd Cross, Cambridge Layout, Ulsoor, Bangalore North, Bangalore, Karnataka	S3-107826487	ಮಾಡರ್ನ್ ಆನಂದ್ ಗ್ಲೋಬಲ್ ಪ್ರೈವೇಟ್ ಲಿಮಿಟೆಡ್	#723 222, 3Rd Cross, Cambridge Layout, Ulsoor, Bengaluru Urban, Bangalore North, KA
miss:not_in_candidates		S1-583058231	Vision Specialists	419 Randolph Avenue, Huntsville, AL	S2-382096685	Vision (Spacchcigst)	
miss:not_in_candidates		S1-469667951	Rocky Trust	110 Friels Drive, Alleghany County, VA	S3-462744454	Rocky [Cénter]	Friels Dr, Covington CP, Virginia
miss:not_in_candidates		S1-850783023	Gedyne, LLC	60 Romanock Place, Fairfield, CT	S2-115396797	Gedmone, LLC	ROMANOCK PLACE, FAIRFIELD, CT
miss:not_selected	0.34685914243436966	S1-669494092	Fabrication Club Limited	25, Phase-1, Porur Gardens Phase Ii Porur Gardens, Porur, Chennai, Tamil Nadu	S3-939455781	Fabrication-Cdou Limited	##25, Madras, TN
miss:not_in_candidates		S1-178938101	Patriot Hill Inc.	308 Wilson Street, Swayzee, IN	S2-731376987	Patriot Hei Inc.	WILSON SAINT, SWWAYZEE, IN
miss:not_in_candidates		S1-75501232	Golden Trading Private Limited	Shop No. 2, Pushpa Complex, Mahesh Nagar, Ambala Cantt, Ambala, Haryana	S3-470740490	GT	Pushpa Complex, Mahesh Nagar, Ambala Cantt, Ambala, Shop No. 2, Ambala, Haryana
miss:not_selected	0.2325603214218035	S1-720561599	Johnson, Ward and Peck LLC	1681 22 Street, Brooklyn, NY	S2-78799339	Johnson, Ward and Peck LLC Partners	1379 22 STREET, BROOKLYN, NY
miss:not_in_candidates		S1-87013447	Anand Consultancy Private Limited	Ernakulam, Kerala, Ernakulam, Xxi/197 6Banerji Road Cochin	S3-38332422	ആനന്ദ് കൺസൾട്ടൻസി പ്രൈവറ്റ് ലിമിറ്റഡ്	Xxi/9-197 6Banerji Road Cochin, Ernakulam, Keralam
miss:not_in_candidates		S1-625411850	Vijay Finance Private Limited	No.2, K-No 71/1, Vinayaka Varasidhi Layout, Bangalore South, Bangalore, Karnataka	S2-256864936	ವಿಜಯ್ ಫೈನಾನ್ಸ್ ಪ್ರೈವೇಟ್ ಲಿಮಿಟೆಡ್	NO.2, BANGALORE SOUTH, BANGALORE, Karnataka
miss:not_selected	0.026147451885642808	S1-929719038	Deque	4387 Project Road, Ash, NC	S3-923971753	Deque	4400 Project Roda, North Carolina, N/A, Ash
miss:not_in_candidates		S1-279547879	Mumbai Home Private Limited	B -701, 81, Crest, Linking Road, Santacruz, Mumbai, Maharashtra	S2-391177075	Mumbai Hmhcme Private Limited	
miss:not_in_candidates		S1-387054477	Smart Developers Limited	Lekh No. 700/Paiki, Nr. Ppw Office, Nazarbaug Road, Morbi, Rajkot, Gujarat	S2-423959613	SMART-LIMITED PARTNERS	Gujarat, LEKH NO. 0700/PAIKI, NR. PPW OFFICE, NAZARBAUG ROAD, MORBI
miss:not_in_candidates		S1-815036383	Housing Star Guild Clinic	Sheffield Village, 5263 Sanctuary Lane, OH	S2-484290530	Housing-Star Guild Clinic	
miss:assigned_elsewhere	7.647354762127844e-7	S1-383298628	Gujarat International LLP	Sr No. 149/2A, Pl No 3, 1St Floor Panchsheel Lake Aundh, Pune, Maharashtra	S3-213933979	ginternational.com	Sr No. 149/2A, Pl No 3, 1St Floor Panchsheel Lake Aundh, Pune, MH
miss:not_in_candidates		S1-915820077	Big Infotech	Om Sai Radhe, Govind Chs, Near Hly Cros School, Chikanghar, Kalyan, West, Thane, Maharashtra, Thane, Shop No. 4	S3-907476003	Big Ínfotech	Shop No. 4, Thane, MH
miss:not_selected	0.5338634510867558	S1-502634457	Sai Marketing Pvt Ltd	C-53 Westend Park S.G.Road, Thaltej, Ahmedabad, Gujarat	S3-170705051	સાંઈ માર્કેટિંગ પ્રા. લિ.	C-51 Westend Park S.g.road, GJ, Ahmadabad, Thaltej
miss:not_selected	0.26633939617484825	S1-557956375	Allied Holding Company Inc.	1815 Washington Avenue, Des Moines, IA	S3-294926679	Allied Holding Company  Inc. Enterprises	
miss:not_selected	0.4829226385897645	S1-969213121	Avg Financial Private Limited	L-5072 Devinder Vihar, Sector-56, Gurgaon, Haryana	S2-781632755	AV6-FINANCIAL	L-072 DEVINDER VIHAR, SECTOR-56, GURGAON, Haryana
miss:not_in_candidates		S1-923415541	Jai Shiva Consultants Private Limited	Flat No- 504, Sigma Square, Near Fortune Plaza, Kolhapur, Hatkanangle, Kolhapur, Maharashtra	S2-35617728	जय Shiva कंसल्टेंट्स प्राइवेट लिमिटेड	FLAT NO- 504/7, KOLHAPUR, Maharashtra, HATKANANGLE
miss:not_selected	0.610991403665374	S1-142435262	Gatih Eco Corp	Door No 7, Plot No:12/6 2Nd Street, South High Court Colony, Villivakkam, Chennai, Tamil Nadu	S3-172818353	Gatih Eco Córp	
miss:assigned_elsewhere	0.013252694831301754	S1-52682144	Corner Hair Studio	1110 Chase Street, Wheaton, IL	S3-680665181	Corner Hair Studio Corp	
miss:not_in_candidates		S1-965319206	Hotel Laxmi Energy Private Limited	5/10, Delite Apartment Carter Road, Bandra (W), Mumbai, Maharashtra	S3-650216854	होटल लक्ष्मी एनर्जी प्राइवेट लिमिटेड	005/10, Mumbai, Bandra (W), MH
miss:not_selected	0.7325589538925406	S1-301263844	Stanch Gems Pvt Ltd	Khasra No. 711/712 Suraj Bhawan Farm House, Chattarpur, New Delhi, Delhi	S2-846184635	STANCH GSMS PVT LTD	H.NO 711/712. SURAJ BHAWAN FARM HOUSE, CHATTARPUR, NEW DELHI, दिल्ली
miss:not_in_candidates		S1-632250134	XK Willow Inc.	20234 9th Street, Phoenix, AZ	S2-189585007	XK INC. (CENTER)	20234 9TH ST, BOULDER HILLS, AZ
miss:not_selected	0.3761638117202586	S1-375189594	Beor Investments LLC	19884 Sh 6, Alvin, TX	S3-427436875	Beor Ísvestgcmehnlts (Llc)	19884 Sh 6, Alvin, Texas
miss:not_in_candidates		S1-959917838	Prairie Veterinary Clinic	4156 Fairways Drive, Carmel, NY	S2-950043109	Nylanex	CARMEL, 004156 FAIRWAYS DR, NY
miss:not_in_candidates		S1-713924011	Maa Surya Consultancy Limited	Unit No. 03, 04 & 05, 12Th Floor, Tower-B, Emaar Digital Greens, Golf Course Extension Roa, D, Sec-61, Gurgaon, Haryana	S3-437705559	माँ सूर्य कंसल्टेंसी लिमिटेड	H.no 761 Uoit No. 03, NULL, Gurugram, Gurgaon, हरियाणा
miss:not_in_candidates		S1-682809104	Solutions Elite Alloys Pvt. Ltd.	10/A, Hira Shiva Colony, Khote Nagar, Jalgaon, Maharashtra	S3-190776192	Solutions	10/A, Hira Shiva Colony, Khote Nagar, Jalgaon, Maharashtra
miss:not_selected	0.27472376608053695	S1-396834381	Ridge Project	Neponset, IL, 5260 850 Avenue	S3-764227773	Ridge  Project	5262 850 Avenue, Neponset, Illinois
miss:not_in_candidates		S1-427118933	Care Textiles LLP	Shop No. 17, Shree Complex, Opposite Of State Bank Of India, Motala, Dist Buldhana, Motala, Buldhana, Maharashtra	S2-507734291	Care Tcfetigs LLP	SHOP NO. 17, SHREE COMPLEX, OPPOSITE OF STATE BANK OF INDIA, MOTALA, DIST BULDHANA, MOTALA, महाराष्ट्र
miss:not_selected	0.2091498285385019	S1-193366019	Archana Pharma Private Limited	204B, M.P.Regency Off Bhattacharya Road, Patna, Bihar	S2-966994364	archanapharmaprivate.com	203B, M.P.REGENCY OFF BHATTACHARYA ROAD, Bihar
miss:not_selected	0.6926804954512619	S1-132840063	Auto Finance Private Limited	D 12/4Okhla Phase - Ii, New Delhi, South Delhi, Delhi	S3-22206563	Shri Auto Finance Private  Limited	
miss:not_in_candidates		S1-987656306	Aadi Charitable Trust	B 406, Namrata Gloria Society, Haveli, Pune, Maharashtra	S3-893439141	Services Trust Aadi	B 406, Haveli, Pune, MH
miss:not_in_candidates		S1-805484826	Om Builders Private Limited	9/66, Vellalore Road Kuruchi, Coimbatore, Tamil Nadu	S3-40117138	ஓம் பில்டர்ஸ் பிரைவேட் லிமிடெட்	9/6, Coimbatore, TN
miss:not_in_candidates		S1-224310590	Thane Commerce Private Limited	Blk No 002, Gr Flr B Wing Osho Krishna Co Soc G, Thane, Maharashtra	S3-11690719	Tavojaxjax	Thane, Blk No #002, MH, Thane
miss:not_selected	0.39233914881582876	S1-527017209	Family Express Medicine Inc.	3106 Craig Cove, Paragould, AR	S2-610807219	FAMILY EXPRESS MEDICINE INC.	
miss:not_selected	0.3124350696996668	S1-221030786	Sanchez Trusted Otg, LLC	Johnson City, NY, 106 Main Street	S2-4298186	Sanchez Trusted Otg,	
miss:assigned_elsewhere	0.02134106170361576	S1-253952784	Memorial Fund	19203 Young Street, Fairhope, AL	S3-600315315	Memorial Fund Trading	
miss:not_in_candidates		S1-697123974	BF Accounting	2305 Windsor Lane, Pasadena, TX	S2-363194441	BF Service	
miss:not_in_candidates		S1-685215021	Sru & Sons Private Limited	26A Pragatinagarjaitala Road, Nagpur, Maharashtra	S3-298376991	SS	26A Pragatinagarjaitala Road, Nagpur, Maharashtra
miss:not_selected	0.3547902634237297	S1-220065411	Union (India) Concepts Pvt Ltd	M-1, Kalpita Enclave, Sahar Road, Opp. Vijay Nagar, Koldongari, Andheri (E), Mumbai, Mumbai City, Maharashtra	S2-395506136	Union (India) Concepts Pvt Ltd	DOOR NO #232 M-1, KALPITA ENCLAVE, SAHAR ROAD, OPP. VIJAY NAGAR, KOLDONGARI, ANDHERI (E), MUMBAI, महाराष्ट्र
miss:not_in_candidates		S1-312678169	Al Ventures LLP	N S C Bose Road, Kolkata, West Bengal, 202/2, Howrah	S3-303779332	AV	West Bengal, Howrah, N S C Bose Road, Kolkata, 202/2
miss:not_selected	0.4733477236533053	S1-842160292	UW Colonial Navios LLC	1193 Henson Ridge Road, Liberty, KY	S2-594705661	UW Colonial  Navios LLC	
miss:not_in_candidates		S1-345988149	Gt & Sons	Chauki No. 2 (311) Musepur, Rewari, Haryana	S2-157977895	Gt & Serfgns	
miss:not_selected	0.1801088097127748	S1-37377988	Bangalore. Consulting	179/12-01, 2Nd Cross, Wilsongarden, Lalbaugh Hosur Road, Bangalore., Karnataka	S2-596391887	BANGALORE. CONSULTING	
miss:not_in_candidates		S1-349391577	Global Media Labs	CA, Unit APT 75, Rancho Cordova, 9745 Old Placerville Road	S2-714173053	Zetadelta	9745 OLD PLACERVILLE RD, RANCHO CORDOVA, CA
miss:assigned_elsewhere	0.5321337429652419	S1-338465599	Popular	142 Old Churchmans Road, New Castle, DE	S2-257374281	PPIRE	142 OLD CHURCHMANS ROAD, NEW CASTLE, DE
miss:not_in_candidates		S1-631380751	Shivhari Consultants Private Limited	Pune, Sr No 65 Pathan Height Flat No 304, Maharashtra, Pune, Azad Hind Colony Handewadi	S3-145982351	M/s Scprivate.Com	Sr No 65 Pathan Height Flat No 304, Azad Hind Colony Handewadi, Pune, MH
miss:not_selected	0.6395545412844	S1-459150606	Rocky Institute of Technology	609 Morris Street, Ottumwa, IA	S3-267819158	Rocky Institute	Morris Street, Center Township, Iowa
miss:not_selected	0.3452820653354027	S1-858669508	Community Initiative	965 Edwards Lakeview Drive, Elkin, NC	S3-418999815	Community Initiative	949 Edwards Lakeview Dr, North Carolina, Elkin
miss:assigned_elsewhere	6.170064393223194e-7	S1-908128046	Chiropractic Ace Care Associates	1230 Hartford Circle, Fairfield, CA	S2-296191762	cacare.com	1230 HARTFORD CIRCLE, FAIRFIELD, CA
miss:not_in_candidates		S1-907906686	Technologies Content Propmart Private Limited	C/O Rajesh Patel, Lalla1 2Keolarial Onikhapa, Keolari, Seoni, Madhya Pradesh	S3-41797012	Vantagevio One	C/O Rajesh Patel, Keolari, Madhya Pradesh, Seoni, Lalla1 2Keolarial Onikhapa
miss:not_in_candidates		S1-437073082	Tree (India) Solutions Private Limited	#10/484, Varikozhithazham Koduvally Po, Manipuram, Kannikurumakkan, Kozhikode, Kerala	S2-122759527	Shri Zétaaria	KANNIKURUMAKKAN, KOZHIKODE, Kerala, #10/484
miss:not_in_candidates		S1-255254010	Supreme Healthcare Pvt Ltd	B/S.F-20 Karnavati(Vatva)Asso., Karnavati Estate, 1601 1602, Nr.Trikampura Patiya, G.I.D.C.Phase-Iii, Vatva, Daskroi, Ahmedabad, Gujarat	S3-480594017	Supreme હેલ્થકેર પ્રા. લિ.	
miss:not_selected	0.6450380294309636	S1-437321354	Soto Diamond Grading	4777 Hwy 64, TN, Selmer	S2-890716689	Soto Grading Diamond	TN, SELMER, 4779 HWY 64
miss:not_in_candidates		S1-763749712	1 800 Flowers	3956 800, Rolling Prairie, IN	S3-855229414	1 800 Flówers Enterprises	
miss:not_selected	0.400548580337168	S1-458927668	Urgent Care Group of Draper City (sl Co)	351 Hedge Hollow Cove, Draper City (sl Co), UT	S2-344149513	Urgent Care Group of Draper Co) (sl City	353 HEDGE HOLLOW CV, DRAPER CITY (SL CO), UT
miss:not_in_candidates		S1-436897535	Baba Consultancy Pvt Ltd	D-165 Indira Nagar, Lucknow, Uttar Pradesh	S3-935970765	Baba Cosulitancy Pvt Ltd	
miss:not_in_candidates		S1-758519805	White Lakshmi Constructions Private Limited	Shop No.210, 2Nd Floor, Prime Shoppers Udhna Magdalla Road Oppsite Safal Square, Vesu, Surat, Gujarat	S2-355649893	વ્હાઇટ લક્ષ્મી કન્સ્ટ્રક્શન્સ પ્રાઇવેટ લિમિટેડ	DOOR NO 210, 2ND FLOOR, PRIME SHOPPERS UDHNA MAGDALLA ROAD OPPSITE SAFAL SQUARE, VESU, SURAT, Gujarat
miss:not_in_candidates		S1-959596182	Superior Black Inc	Roseburg, OR, 1884 Fairhill Drive	S3-375941192	Superior Inc-Services	1885 Fairhill Dr, Roseburg, Oregon
miss:not_in_candidates		S1-467826490	Continental Trading Ltd	404, Zee Square, M G Road, Vile Parle East, Mumbai, Maharashtra	S3-613754517	Dovaveo	Zee Square, M G Road, Vile Parle East, Maharashtra, Mumbai, 404
miss:not_in_candidates		S1-299901816	Baba Construction	2Nd Floor, No.46, 14Th Cross, Peenya 2Nd Stage Peenya Industrial Estate, Bangalore, Karnataka	S3-721264395	ಬಾಬಾ ಕನ್‌ಸ್ಟ್ರಕ್ಷನ್	No Nd Floor, Bangalore, KA
miss:not_selected	0.24268169045775084	S1-12412114	Harman Living Co	C/O. Sk Ahidul Islam, Dalapatipur, Kharagpur, West Midnapore, West Bengal	S3-636745561	harman living c0	Door No 323 C/o. Sk Ahidul Islam, Kharagpur, West Midnapore, পশ্চিমবঙ্গ
miss:not_in_candidates		S1-522541502	Services Ship Essentials Private Limited	145, 8-2-601/P/16 Streetno 3, Avenue-4 Road No 10, Banjara Hills, Hyderabad, Telangana	S3-770352360	Services Ship Private Limited Center	
miss:not_selected	0.0855641191054857	S1-188037964	Alison Spurling, CPA	1832 Wynn Terrace, Arlington, TX	S3-977266778	Alison Spurling,	Texas, 1844 Wynn Ter, Arlington
miss:not_in_candidates		S1-499296869	Teerth Medical Centre Private Limited	5, Yogi Arcade, Near Ganesh Chokdi, Anand, Gujarat	S2-638826270	tmcentre.com	5, ANAND, Gujarat
miss:not_selected	0.44668411012657905	S1-609122450	Foot & Ankle Best Care Inc	505 Henderson Avenue, Washington City, PA	S3-228489086	Foot & Ankle Best Care	
miss:not_in_candidates		S1-631175908	Reliable Polytechnic	200/2A1 Of Kolatheri Village, Walajapet, Vellore, Tamil Nadu	S2-803003888	Reliable Polytechnic	
miss:not_in_candidates		S1-123002056	New Delhi Vanijya	Delhi, South West Delhi, New Delhi, Flat 267, F/F, Mig, Sector-17, Pkt-A, Ph-2, Dwarka	S3-644089498	New Delhi Vnaijaya	Flat 267, New Delhi, South West Delhi, DL
miss:not_selected	0.5283065792186661	S1-131201952	Bas Realtors Pvt. Ltd.	C/O- Ranjit Mohapatra, At-Khandiabandha, Po-Gopinathpur, Puri, Orissa	S2-199907689	basrealtors.com	HN 372 C/O- RANJIT MOHAPATRA, AT-KHANDIABANDHA, PO-GOPINATHPUR, PURI, ଓଡ଼ିଶା
miss:not_in_candidates		S1-396305966	Eye Partners	812 Long Drive, Unit J, City Of Aberdeen, MD	S2-523512542	EPARTNERS.COM	807 LONG DR, ABERDEEN, MD
miss:not_in_candidates		S1-468011706	Amalee Ridings Globa LLC	2009 Bailey Avenue, Unit 204, Chattanooga, TN	S2-6786807	AMALEE RIDINGS GLOBA	
miss:not_selected	0.16939214109513007	S1-213826601	Vedant Construction (India) Corp	4/10, Housing Board, Gandhinagar, Madurantakam, Kanchipuram, Tamil Nadu	S2-688174430	VEDANT  CONSTRUCTION CORP SERVICES	
miss:not_in_candidates		S1-828075767	Shiva Services Pvt Ltd	Marine Impero, Puthukurichi, Kadinamkulam, Thiruvananthapuram, Thiruvananthapuram, Trivandrum, Kerala	S2-48279217	Shiva Services-Pvt Ltd	
miss:not_in_candidates		S1-986022699	Nikita Biotech (India) Private Limited	95, Arya Nagar, Murlipura In Kedia Palace Chouraha, Jaipur, Rajasthan	S3-127801491	Pyraquo	Jaipur, 95, RJ
miss:not_in_candidates		S1-705580521	Modern Infra Private Limited	1803/04, May Flower, Everest World, Opp. Bayer India, Kolshet Road, Thane, Maharashtra	S2-415467247	MODERN INFRA PRIVATE LIMITED	
miss:not_selected	0.6203200893999631	S1-646629574	Safe Design Brands, Inc	1390 Brandywine Lane, Waukee, IA	S3-254160845	safe design brands, inc	
miss:not_selected	0.515883242097171	S1-788303609	DF Electronics Co	1702 Niagara Street, Buffalo, NY	S3-2795893	DF Eheceonics Co	
miss:not_in_candidates		S1-387578852	Lakshmi Investment Private Limited	Bk-1/153, Third Floor, Shalimar Bagh, Delhi, North West Delhi, Delhi	S3-823288863	लक्ष्मी इन्वेस्टमेंट प्राइवेट लिमिटेड	Bk-1/153, Third Floor, Shalimar Bagh, Delhi, DL
miss:not_in_candidates		S1-25864773	East Energy Private Limited	Door No 371/1Bthadagam Road T V S Nagar, Coimbatore, Tamil Nadu	S3-642873683	East Energy Private [Limited]	
miss:not_in_candidates		S1-516966711	Yao Anchor Rogers Group	8 Radnor Lane, Morrisville, NY	S3-31704196	Yao Anchor [Rogers]	
miss:not_selected	0.5417800747923348	S1-84789728	Mendoza Tri-State Grade, Inc	2327 Second Street, Radford City, VA	S3-879356790	Mendoza Tri-5tate Grade,  Inc	Second St, PMB 5117, Radford, Virginia
miss:not_selected	0.5464694946401105	S1-495157461	Manna Style Private Limited	126, Sampigehalli Byatarayanapura, Yelahanka, Bengaluru, Bangalore, Karnataka	S3-515543847	Manna Manna 5tyle Private	126, Bengaluru, Bangalore, KA
miss:not_in_candidates		S1-613566923	Tvs Tutoring	New Delhi, South West Delhi, Delhi, First Floor, Delhi-Old Gurgaon Road, Samalkha, House Cn-691	S2-402791082	TVS SERVICES	HOUSE CN-692, FIRST FLOOR, DELHI-OLD GURGAON ROAD, SAMALKHA, NEW DELHI, दिल्ली
miss:not_in_candidates		S1-31507394	Optimal Exploration LLC	13900 Rivers Edge Road, Helendale, CA	S3-203189919	Korvantagecira	13900 Rives Edge Rd, Silver Lakes, California
miss:not_in_candidates		S1-210631021	One Impex	Bihar, Saran, Behind Jpm College, Chapra, C/O Raju Shahi Sri Nandan Road	S3-620959234	Mr One Center	C/o Raju Shahi Sri Nandan Road, Chapra, Saran, BR
miss:not_selected	0.4292386417339541	S1-60690418	Claudette Ponce Blackrock Inc	136 Stonewall Avenue, Rock Hill, SC	S2-378934361	Claudette Pónce Blackrock	137 STONEWALL AVE, ROCK HILL, SC
miss:not_selected	0.18194948208979078	S1-146473729	Technology Omkar Electricals of Hyderabad	# 9-94/1/15, Hyderabad, Telangana, Hyderabad, Ramchandra Singh Colony, Peerzadiguda	S3-886930668	Technology Omkar Electricals  of Center	
miss:not_selected	0.060804086203651804	S1-92602941	Dynah Stutz Clean Biomedical Inc	2715 26th Street, Parkersburg, WV	S2-300567452	DYNAH STUTZ CLEAN BlOMEDICAL INCORPORATED	2706- 26TH STREET, PARKERSBURG, WV
miss:not_in_candidates		S1-870620634	Mumbai Technologies Private Limited	17Th Floor-2 Plot-154, Farkhuddinmanzil Alibhai Premji Marge, Apsara Cinema, Grant Road, Mumbai, Mumbai City, Maharashtra	S3-348286519	Mumbai Technologies Private Enterprises	
miss:not_in_candidates		S1-261884930	Womens Health Pioneer Medicine LLC	1351 Vinedo Lane, Tempe, AZ	S2-795588992	Womens Health Pioneer Medicine L.L.C.	
miss:not_in_candidates		S1-548209991	Mumbai Education Private Limited	11/14 2Nd, Hari Nivas, Off Mahant Road, Hanuman Road, Vile Parle East, Mumbai, Mumbai City, Maharashtra	S3-430229687	Mumbai Ebcaitfn Private Limited	Hari Nivas, Off Mahant Road, Hanuman Road, Vile Parle East, MH, #11/14- 2Nd, Greater Mumbai, Mumbai City
miss:not_selected	0.6174747601723619	S1-99672634	Stylish Traders Private Limited	12Th Floor, Cambridge Tower, Ramanujan Intellion Park, Rajiv Gandhi Salai, Chennai City Corporation, Chennai, Tamil Nadu	S3-463067214	M/s Stylish Traders Private-Limited	#2Th Floor, Cambridge Tower, Ramanujan Intellion Park, Rajiv Gandhi Salai, Chennai City Corporation, Chennai, TN
miss:not_in_candidates		S1-371370041	Lakshmi Construction Private Limited	H.No.2-136/6/101, Saptapadi Towers-1/B, Engineers Enclave, Chandanagar, Hyderabad, Telangana	S3-543756687	లక్ష్మీ కన్‌స్ట్రక్షన్ ప్రైవేట్ లిమిటెడ్	H.no.02-136/6/101, Hyderabad, Andhra Pradesh
miss:not_selected	0.0626266838055549	S1-169211211	Colonial Alliance	3415 Howard Street, Unit 102, Skokie, IL	S2-732743184	Colonial Álliance	
miss:not_selected	0.21882915982551612	S1-773206936	Timber LP	4087 Susan Drive, Clarence, NY	S2-39560564	Timber LP Partners	SUSAN DRIVE, BUFFALO, NY
miss:not_selected	0.5308033639261771	S1-421436083	Shiva (India) Social LLP	S. No. 276/1/2, Bavdhan Budruk Bavdhan Wakad Highway, Pune, Maharashtra	S3-841241230	Ariasol	S. No. 276/1/2, Bavdhan Budruk Bavdhan Wakad Highway, Pune, Maharashtra
miss:not_in_candidates		S1-782301326	Trail Printing	9580 16, Poteet, TX	S3-265808561	Caloumbra	16, Poteet, Texas
miss:not_in_candidates		S1-484528877	International Bharat Services Limited	Chennai.35., Khivraj Buildings480 Anna Salai, Tamil Nadu, Chennai.35.	S2-944845704	இன்டர்நேஷனல் பாரத் சர்வீசஸ் லிமிடெட்	DOOR NO 510 KHIVRAJ BUILDINGS480 ANNA SALAI, CHENNAI.35., தமிழ்நாடு
miss:not_in_candidates		S1-183269234	General & Co	38B, Bosepukur Road, Kolkata, Kolkata, Howrah, West Bengal	S3-409661482	General Co Services	B3/38b, Bosepukur Road, Kolkata, Kolkata, Howrah, WB
miss:not_selected	0.4417128156140968	S1-772631605	Anett B. Votaw, Ph.D., DDS PC	7842 Tynedale Court, Cottonwood Heights, UT	S3-795310492	Ariaumbra	7842 Tynedale Court, Cottonwood Heights, UT
miss:not_in_candidates		S1-161819882	Shiv Agro Private Limited	Plot No-10, Ground Floor, Block-Ef, Inderpuri, New Delhi, Central Delhi, Delhi	S3-107503075	Shiv Afo Private Limited	Plot No-10, New Delhi, Central Delhi, DL
miss:not_in_candidates		S1-45545142	Lucknow Manpower Private Limited	Lucknow, Ls-2/55, Sector C, Sry, Uttar Pradesh, Lucknow	S2-315116500	LUCKNOW  PRIVATE LIMITED CENTER	LS-2/5, SECTOR C, SRY, LUCKNOW, Uttar Pradesh
miss:assigned_elsewhere	0.00017412191319513156	S1-292990694	Orion, LLC	348 Arlington Street, Watertown, NY	S2-930943267	Ooi,n LLC	34 ARLINGTON ST, WATERTOWN, NY
miss:not_selected	0.023586589427097796	S1-587612839	Rudra Consultancy	Plot No.65, Sy No-1011/1 Anjaneya Nagar, Moosapet, Hyderabad, Telangana	S3-746062749	Rudra Consultancy Ltd	Pot No.55, Hyderabad, K.v.rangareddy, TG
miss:assigned_elsewhere	0.12269706964885307	S1-296785617	Pioneer Solutions Limited	Plot No 185 Ground, Floor, Pkt-3, Sec-24, Rohini, Delhi, North West Delhi, Delhi	S3-388793790	Pioneer Sloutifros Limited	Rohini Sec, Ground, DL
miss:not_in_candidates		S1-215575294	Black Care Pvt Ltd	93, Yogi Estate-4, Near 66Kv Sub Station, Ankleshwar, Vadodara, Gujarat	S3-928571102	Ltd Black Pvt Services	Vadodara, GJ, 73, Yogi Estate-4, Near 66Kv Sub Station, Ankleshwar
miss:not_in_candidates		S1-482521882	Indore Capital Limited	710, Pukhraj Corporate, Patwari Halka No. 38, Navlakha, Indore, Madhya Pradesh	S3-630847432	Limited Ind0re Capital	7-10, Indore, MP
miss:not_selected	0.4839795004080103	S1-610922937	WZI Containers Private Limited	H - 3/14 Model Town, Delhi, North West, Delhi	S3-953275008	WZI Containers  Private Limited	H - /14 Model Town, Delhi, North West, DL
miss:not_in_candidates		S1-895182505	Om Services Private Limited	2C, Mangalam 35, Ahiripukur Road, Kolkata, Howrah, West Bengal	S2-513962226	Private Om 5ervices Limited	HOWRAH, HN 627 2C, West Bengal, KOLKATA, MANGALAM 35, AHIRIPUKUR ROAD
miss:not_selected	0.21782086574227993	S1-559456484	Zadiia Reliable Tailwind LLC	1918 Rockhouse Road, Bee Branch, AR	S2-280003589	tzre1iable.com	ROCKHOUSE RD, BEE BRACNH CITY, AR
miss:assigned_elsewhere	0.006137325336239412	S1-889115470	Pediatric Dental Clinic	917 26th Street, West Des Moines, IA	S2-650584250	Pediatric Dental Clinic Co	
miss:assigned_elsewhere	0.33539009660963914	S1-605457457	Galaxy Mercantiles Private Limited	C-35-B Sewak Park, Uttam Nagar, New Delhi, West Delhi, Delhi	S2-71074416	GALAXY MERCANTILES PRIVATE	
miss:not_in_candidates		S1-670528555	Shree Solutions Pvt Ltd	Buildingno. 13 Office No., 403, Veer Savarkar Block, East Delhi, Delhi	S3-406753409	Shree  Scoluitiosns Pvt Ltd	
miss:not_selected	0.4010464887718923	S1-838099279	Keen & Brothers	Flat No 3025 3Rd, Janapriya Nile Valley, Tirumalagiri, Hyderabad, Telangana	S2-152655529	Keen Services +	Andhra Pradesh, FLAT NO 3025 3RD, JANAPRIYA NILE VALLEY, TIRUMALAGIRI
miss:assigned_elsewhere	0.0012698428646131202	S1-523901789	Creative Builders Private Limited	Shop No 7, Ground Floor, Jamuna Darshan Coop Hsl, Natakwala Lane, Borivali West, Mumbai, Mumbai City, Maharashtra	S2-994968452	क्रिएटिव बिल्डर्स प्राइवेट लिमिटेड	MUMBAI, MUMBAI CITY, Maharashtra, SHOP NO 7
miss:not_in_candidates		S1-977931007	Pinnacle Wealth Systems Inc	6628 44th Street, Phoenix, AZ	S2-259679799	Pinnacle Wealth Systems Inc.	
miss:not_in_candidates		S1-490675629	United Insurance Inc	Phoenix, AZ, 3933 Hartford Avenue	S2-71363756	United Inc Insurance	
miss:not_in_candidates		S1-159037619	Dermatology Center Inc.	TN, 370 Oakley Drive, Unit 306, Nashville	S2-219210468	Dermatology Cebfstdr Inc.	370B OAKLEY DR, NASHVILLE, TN
miss:not_selected	0.23831136639038628	S1-163535662	Management Synergy Intercontinental Company	411, In Front Of Dairy Colony, Mangliya, Indore, Madhya Pradesh	S3-628650947	Management Synergy Intercontinental	
miss:not_selected	0.6925141582084864	S1-222794405	Cardiology Better Associates City Of Havre De Grace	104 Bayland Drive, City Of Havre De Grace, MD	S3-127601250	cardiology better associates city of havre de grace	001 Bayland Drive, City Of Havre De Grace, Maryland
miss:not_in_candidates		S1-803655524	Surya Enterprises	6Th Floor South Block, Park Plaza 71, Kolkata, Kolkata, Howrah, West Bengal	S2-863402239	sénterprises.com	DOOR NO 6TH FLOOR SOUTH BLOCK, PARK PLAZA 71, KOLKATA, KOLKATA, HOWRAH, West Bengal
miss:not_selected	0.6430325822596005	S1-822275414	New Delhi Solutions Pvt. Ltd.	2362/1 Basement Shop No-10, Maharaja Complex, Vill-Shadi Khampur, Shadipur, New Delhi, Central Delhi, Delhi	S2-216269854	NEW DELHI SOLUTIONS PVT. LTD. | www.newdelhi.com	DOOR NO 2362/1 BASEMENT SHOP NO-10, MAHARAJA COMPLEX, VILL-SHADI KHAMPUR, SHADIPUR, NEW DELHI, दिल्ली
miss:not_in_candidates		S1-884526565	City Constructions LLP	Office No 405, 4Th Floor, Landmark 26 Ravapar Road, Morbi, Rajkot, Gujarat	S2-134621127	Mr City Constructions Llp	
miss:not_in_candidates		S1-688515859	Eastern Investment Private Limited	2, Raja Ram Mohan Roy Road, 265 Biren Roy Road-East, Kolkata, Kolkata, Howrah, West Bengal	S3-385279629	Eastern Investment Private Ltd - 6518241652	WB, Howrah, #2, Kolkata
miss:not_in_candidates		S1-86523829	Sterling Spring LLC	9327 Burbank Drive, Baton Rouge, LA	S2-679649460	Sterling LLC Services Enterprises	
miss:not_in_candidates		S1-417413100	Vision Group	WV, 98 Smith Street, Madison	S2-549257460	Vision	98 SMITH ST, MADISON, WV
miss:not_in_candidates		S1-237518330	Gujarat Producer Private Limited	4Th Floor, Plot No. 110 To 113, Kamal Park Co Op Society, V-2, Kapodra, Surat, Gujarat	S2-376006684	ગુજરાત પ્રોડ્યુસર પ્રાઇવેટ લિમિટેડ	NO ##4TH FLOOR, SURAT, ગુજરાત
miss:not_selected	0.7015606220316771	S1-724049130	Shiv Consulting Private Limited	102/A.Akansha Apart., V Npurav Marg Chunabhatti Sion Mumbai, Mumbai, Maharashtra	S2-984972122	शिव कंसल्टिंग प्राइवेट लिमिटेड	1B2/A.AKANSHA APART., V NPURAV MARG CHUNABHATTI SION MUMBAI, null, Maharashtra
miss:not_in_candidates		S1-596077876	Sree College	1521, Wazir Nagar Kotla Mubarakpur, New Delhi, South Delhi, Delhi	S3-310922594	Dr Sree Service	1521, New Delhi, DL, Wazir Nagar Kotla Mubarakpur, South Delhi
miss:not_in_candidates		S1-414286700	Deirdre Santos, Ph.D., M.D., P.C.	134 Road 2676, Cleveland, TX	S3-178742446	Quodelta	Texas, 117 Road 2676, Cleveland
miss:not_in_candidates		S1-487040794	Mumbai Agencies Private Limited	A V M S Premises 4 Th Flrshree Niwas Huose 27 H S Marg Fort, Mumbai, Mumbai City, Maharashtra	S3-983823134	Limited Mumbai Private (Service)	A V M S Premises 4 Th Frshree Niwas Huose 27 H S Marg Fort, Mumbai City, MH
miss:not_in_candidates		S1-558081548	Office of Aging LLC	9975 Encanto Boulevard, Unit H101, Avondale, AZ	S2-571123814	Office of Aaing LLC	9975 ENCANTO BLVD, AVONDALE, AZ
miss:not_in_candidates		S1-879459660	Jay Enterprises Pvt Ltd	Gujarat, Plot No.2, Ram Tirth Society Sardarnagar, Dhir, Bhavnagar	S3-1652438	Jay Enterprises (Pvt)	
miss:not_selected	0.2759079288166861	S1-887782705	Ashu Tourism Private Limited	Maharashtra, Pune City, Tower No 96, Neo Towers, Amanora Park, Pune, Flat No 604	S3-379695521	Ashu Tourism Private	Flat No 04, Tower No 96, Neo Towers, Amanora Park, Pune City, Pune, महाराष्ट्र
miss:not_selected	0.5185748239568782	S1-348555685	Delhi (india) Private Limited	North Delhi, Delhi, C-3/13 Ashok Vihar Phase Ii	S3-800873691	Delhi Limited  Private (india)	C-3/13 Ashok Vihar Phase Ii, Delhi, North Delhi, दिल्ली
miss:not_selected	0.005455877638800833	S1-908558975	Manjira Solution Limited	Vanniar Street, 15/25, Ambattur, Tamil Nadu, Tiruvallur	S2-786227857	MANJlRA SOLUTION	13/25, VANNIAR STREET, AMBATTUR, Tamil Nadu
miss:not_selected	0.6782889169823103	S1-335127709	Tais Management LLC	37931 Oneida Way, Frankford, DE	S2-188312474	tais management llc	37932 ONEIDA WAY, FRANKFORD, DE
miss:not_selected	0.31367576547395243	S1-405259804	Densmore Pono	2920 Rose Valley Road, Kelso, WA	S3-803056217	Densmore Services	
miss:not_in_candidates		S1-524911357	New Delhi Services Private Limited	A-31B Upper Ground Floor / 2Nd Floor Anand Vihar Uttam Nagar New Delhi, Delhi, West Delhi, New Delhi	S2-899886205	New Delhi Services Private  Limited	
miss:not_in_candidates		S1-691139129	United Priate Pvt Ltd	35/317, Pratap Nagar Sector 35, Sanganer, Jaipur, Rajasthan	S3-168947402	United Prbate Pvt Ltd	B3/35/317, Jaipur, Pratap Nagar Sector 35, Sanganer, Jaipur, राजस्थान
miss:not_in_candidates		S1-908595730	Shree Solutions Private Limited	27/4, Guha Park (Liluah), Howrah, West Bengal	S2-948019	Shree Solutions Piblat Limited	
miss:not_selected	0.46155371470494455	S1-904857782	Palmer, Malaga and Barto Inc.	4990 University Avenue, Provo, UT	S3-556796287	Palmer, Managia & Barto Inc.	
miss:not_in_candidates		S1-427377973	Happy Barbershop	116 Oak Hill Lane, Frederick County, VA	S2-294194397	Happy Barbersop	STEPHENSON, OAK HILL LANE, VA
miss:not_in_candidates		S1-971688045	Cathee Johnson Regional Commodities LLC	10936 Chippendale Avenue, City Of El Paso, TX	S2-188940172	CATHEE JOHNSON  REGIONAL	
miss:not_in_candidates		S1-311754088	My Producer Pvt Ltd	South Delhi, New Delhi, 1St Floor, Dsidc Shed, Delhi, 175	S2-425493858	माय प्रोड्यूसर प्रा. लि.	175, NEW DELHI, SOUTH DELHI, दिल्ली
miss:not_in_candidates		S1-197920275	Shree Construction Private Limited	Ward No-06, Ganeshpur, Tinpuliya, P.S Bypass, Jagdishpur, Bhagalpur, Bihar	S2-195164982	श्री कंस्ट्रक्शन प्राइवेट लिमिटेड	BHAGALPUR, HN 111 WARD NO-06, JAGDISHPUR, Bihar
miss:not_in_candidates		S1-441808662	Surgical Quality Clinic, LLC	1013 Virginia Avenue, Bristol, TN	S2-959931336	Surgical Quality Clinic,	
miss:not_selected	0.5383036956998731	S1-317404220	Shree Millennium Private Limited	No.104/179 Lakshmi Apts Basement Liyods Rd Royapettah, Tamil Nadu, Chennai	S2-247467628	Shree Millennium Private	
miss:not_in_candidates		S1-124098349	Mumbai Cycles Limited	Unit No. 112, 1St Floor, Kamla Spaces Plot No-1, S. V. Road, Santacruz (W), Mumbai, Mumbai City, Maharashtra	S3-687865020	Rizaevo	Unit No. 112, Mumbai City, Mumbai, MH
miss:not_in_candidates		S1-3579277	Jaipur Courier Limited	Pno. 75, 76, 77-F, Rodu Ram, Nagar, Patrakar Colony, Jaipur, Rajasthan	S3-288804085	Jaipur Limited Partners	No 998 Pno. 75, Jaipur, RJ
miss:not_selected	0.7356934461585258	S1-53220229	Express Materials Alliance Inc.	462 Leisure Drive, Brookhaven, NY	S3-654216198	Express Materials Inc. Alliance	46 Leisure Drive, Ridge, New York
miss:not_in_candidates		S1-710790888	Jai Consulting Private Limited	Carnation Shop No 4 A Wing Off Yari Road Versova Andheri West, Mumbai, Maharashtra	S2-422840879	जय कंसल्टिंग Private Limited	CARNATION SHOP NO 4 A WING OFF YARI ROAD VERSOVA ANDHERI WEST, MUMBAI, महाराष्ट्र
miss:not_in_candidates		S1-691395624	American Charities	313 Guerin Road, Holly Springs, NC	S3-15377449	Acharities.Com	313 Guerin Road, North Carolina, Holly Springs
miss:not_in_candidates		S1-878188775	Blackman Century, LLC	3127 The Highlands Drive, Sugar Land, TX	S2-219093440	Umbraarianex	3127 1/2 THE HIGHLANDS DR, TX, N/A, SUGAR LAND
miss:not_selected	0.6320370739855471	S1-505955439	Planet Traders Private Limited	Nagarkurnool, Telangana, Uppununthala Mahabubnagar, 2-34, Mahbubnagar	S3-381330391	Limited Planet Traders Services	5-2-34, Nagarkurnool, Mahbubnagar, TG
miss:not_selected	0.32749048400277586	S1-951680604	Marudhara Ecolife Private Limited	Plot No.35 Khatri Nagar, Aurangabad, Maharashtra	S2-887008771	Shri MARUDHARA ECOLIFE PRIVATE	PLOT NO.3-5 KHATRI NAGAR, AURANGABAD, Maharashtra
miss:assigned_elsewhere	5.567950118628981e-7	S1-49973897	Obsidian LLC	Baltimore, MD, 6721 Roberts Avenue	S2-458705061	Ombidin LLC	6721 ROBERTS AVENUE, DUNDALK, MD
miss:not_selected	0.40967541323712753	S1-100427548	Thompson Premier Big LP	118 Racefield Drive, James City County, VA	S2-368688857	Thompson Premier Big (LP)	
miss:not_in_candidates		S1-607608377	Bay Network	45644 463rd Avenue, Unit 1, Gila Bend, AZ	S2-290360032	Bay Services	45644 463RD AVENUE, GILA BEND ICTY, AZ
miss:not_in_candidates		S1-716117219	Maa Software Pvt Ltd	F-1186 Chitranjan Park New Delhi, Delhi, South Delhi, Delhi	S3-362089519	Maa Pvt Ltd Center	F-1186 Chitranjan Park New Delhi, Delhi, South Delhi, DL
miss:assigned_elsewhere	3.323647944331497e-6	S1-434903944	Urology Unified Clinic	9391 6500, Jensen, UT	S3-792691153	Urology Clinic Partners	9391 6500, Jennsen, Utah
miss:not_in_candidates		S1-118281274	Mahalaxmi Sweets Pvt Ltd	No.1/171, Old Mahabalipuram Road Thiruporur, Kancheepuram District, Tamil Nadu	S3-749573837	Mahalaxmi Soiwees Pvt Ltd - 5282432686	H.no 1/171, Kancheepuram District, Kanchipuram, TN
miss:not_in_candidates		S1-253506953	Shivshakti Infra Private Limited	Shree Ram Sharma, 29 Yasodha Kunj, Meerut, Uttar Pradesh	S3-957318868	Shivshakti Infra Private Limited	
miss:not_selected	0.611687629298475	S1-474183594	Avie's Solutions LLC	OH, Glouster, 20221 Fierce Ridge Road	S2-26914214	Avie's Solutions	
miss:not_selected	0.5652189807886938	S1-499412768	City Producer Private Limited	19, Principal Khudiram Bose Road, Kolkata, Kolkata, Howrah, West Bengal	S3-265734308	City Producer প্রাইভেট লিমিটেড	Door No 811 19, Principal Khudiram Bose Road, Kolkata, Kolkata, Howrah, WB
miss:not_selected	0.38924754572357156	S1-340993955	Ziratech Producer Limited	9/225, Mta Building Poolakkal, Punnappala Po, Malappuram, Malappuram, Malapuram, Kerala	S2-886788423	Ziratech Limited Center	
miss:not_in_candidates		S1-655404263	Premier Medical Systems	Unit APARTMENT 6, Gurnee, IL, 4390 Mcclure Avenue	S3-681126200	Premier System Medical	
miss:not_in_candidates		S1-438612590	Tech Infra Private Limited	No16, Palm Grove Layout, Chruch Street Chelekere, Kalyannagar, Post Bangalore, Bangalore, Karnataka	S2-511766905	Mr Vantagesol	BANGALORE, Karnataka, H.NO 16
miss:not_selected	0.29536699342927036	S1-961805223	New Media Private Limited	B-8A, Kailash Colony, New Delhi, Delhi	S2-411463367	New Media Private (Ltd)	B-10A, KAILASH COLONY, Delhi
miss:not_selected	0.719766772948795	S1-761579764	Premier Software Labs Center	177 Riverbend Street, Athol, Unit 2, MA	S3-204252260	Software Premier Labs Center	# 2, Massachusetts, 177-181 Riverbend St, Athol
miss:not_in_candidates		S1-343453707	Whalen Ace Amc, LLC	Winnetka, IL, 583 Sunset Road	S3-457975007	awace.com	Sunset Road, Winnetka CDDP, Illinois
miss:not_selected	0.6387536944040817	S1-534573775	FQ India Hyderabad	F 7/A Phase 1 Ida Jeedimetla, Ranga Reddy, Hyderabad, Telangana	S2-869837298	FQ INDIA  HYDERABAD	F /A PHASE 1 IDA JEEDIMETLA, RANGA REDDY, HYDERABAD, Telangana
miss:not_in_candidates		S1-539943742	Butech	279 Bay Road, Belchertown, MA	S3-668729817	BUTECH Enterprises	
miss:not_selected	0.6281635609149071	S1-376391992	Reliable Technical Labs Inc	11680 Sahuaro Drive, Unit UNIT 2024, Scottsdale, AZ	S3-235277754	Reliable Technical Labs Inc	
miss:not_in_candidates		S1-112954423	Empire Charities	Youngstown, OH, 557 Sunshine Avenue	S3-415585045	Empire Services & Co	
miss:not_in_candidates		S1-608696402	Jai Constructions Private Limited	West Bengal, Sector-3, 1St Floor, Between Gate No. 1 And 2, Parganas, Kolkata, Salt Lake Stadium, Howrah	S3-261013677	জয় কনস্ট্রাকশনস প্রাইভেট লিমিটেড	Salt Lake Stadium, Kolkata, WB
