kind	p	s1	s1_name	s1_addr	q	q_name	q_addr
false_merge	0.7619647748520967	S1-874519189	Heart Committee	550 Forestview Road, Bay Village, OH	S2-699947837	Heart  Committee Ltd	55 FORESTVIEW RD, OH, BAY VILLAGE
false_merge	0.88348795849401	S1-342456809	City Infrastructure Private Limited	403, 4Th Floor, 3-6-232/1, Radha Enclave, Streetno15, Himayathnagar, Hyderabad, Telangana	S3-605354023	సిటీ ఇన్‌ఫ్రాస్ట్రక్చర్ ప్రైవేట్ లిమిటెడ్	H.no B3/3-6-643 2, Hyderabad, Himayathnagar, TG
false_merge	0.6884881176996616	S1-244936592	Vision Infotech Private Limited	3-54/1, Hunuam Nagar, Chaitdanayapur, Dilssukhnagar, Hyderarabad- 500 060, Andhra Pradesh, Telangana	S2-8745245	Dr VISION INENOTEH LIMITED	3-54/, HUNUAM NAGAR, CHAITDANAYAPUR, DILSSUKHNAGAR, HYDERARABAD- 500 060, తెలంగాణ
false_merge	0.6883812910302355	S1-381285323	Glyphay Aldel	128 Boatman Street, Cookeville, TN	S3-118894929	glyphiy aldel	#128 Boatman St, Cookeville, Tennessee
false_merge	0.9951380936455725	S1-149927547	Meraki Engineering Private Limited	West Bengal, Boangaon, Parganas North, Boangaon North 24 Parganas, Hospital Kalibari	S3-294220317	Meraki Engineering (Limited)	H.no 43 Hospital Kalibari, Boangaon North 24 Parganas, Boangaon, Parganas North, WB
false_merge	0.7985660909211819	S1-579569061	Kabir Innovations (India) Private Limited	3/1, Poddar Nagar, P.O.-Jodhpur Park P.S.-Jadavpur, Kolkata, Kolkata, Howrah, West Bengal	S3-867529490	Kabir Innovations (India) Limited	3/5, Howrah, Calcutta, পশ্চিমবঙ্গ
false_merge	0.9933367357987621	S1-854236669	Gannon, Vinny C., CPA	1212 2890, Nibley, UT	S3-762973214	*** 6annon, Vinny C., CA	1212 2890, Loagn, Utah
false_merge	0.8271628245733171	S1-711041147	Ziraesh Reality Pvt Ltd	P No B-84 Kh No 632/21, Ashok Vihar Shikargarh, Jodhpur, Rajasthan	S2-4687788	Ziraezh Pvt Ltd-Center	P NO B-84 KH NO 632/21, ASHOK VIHAR SHIKARGARH, JODHPUR, Rajasthan
false_merge	0.890482296687263	S1-292998502	Valley Network Care	629 Glenbrook Drive, Unit 20, Newark, OH	S3-114043374	Valley-Network Council	
false_merge	0.7030635568854795	S1-872245031	Children's Project IV Care	1032 Apple Lake Drive, Greenfield, IN	S3-78597804	Children's Project GV Care LP	1032 Apple Lake Dr, Greenfield, Indiana
false_merge	0.7841221510978069	S1-8275469	Pappas, Pamela, D.O.	500 Church Street, Wintersville, OH	S3-960255135	Pappas, Pamela, D.O. Inc	50 Church St, Wintersville, Ohio
false_merge	0.656867868745684	S1-600940703	PZ Wellness Inc	935 Dunn Road, Florissant, MO	S3-903279569	PDZ Wellness  Inc	935 1/2 Dunn Rd, Florissant, Missouri
false_merge	0.8289968452765133	S1-63460	Legacy Beacon Municipal	396 Longmeadow Road, Amherst, NY	S2-573331693	VEOAVICIRA	396 LONGMEADOW RD, BUFFALO, NY
false_merge	0.9993151134019952	S1-30942142	Meeniya Industries Private Limited	Plot No 75/1B Shivaji Nagar, Near Kanya Mahavidhyalay Miraj, Miraj, Sangli, Maharashtra	S3-984658378	Meenniya Industries Pbnaiaet Limited	H.no #75/1B Shivaji Nagar, Sangli, Miraj, महाराष्ट्र
false_merge	0.857103336205925	S1-341179437	Jarlify Pembina LP	1733 Lakota Lane, Leander, TX	S2-968297588	Jarlifyyn Pembina	TX, 1733 1/2 LAKOTA LANE, LEANDER
false_merge	0.9983241776988253	S1-657170015	Dental Partners LLC	515 Innsbrook Commons Circle, Unit APT 104, Rock Hill, SC	S2-988962048	Dental Partners Inc	SC, 515 INNSBROOK COMMONS CIRCLE, ROCK HILL
false_merge	0.9385726375704907	S1-422069631	Olanara Entertainment PLLC	1226 Bertch Avenue, Waterloo, IA	S3-962508559	Olanara Entertainment  Co	Iowa, 1226 Bertch Avenue, Waerloo
false_merge	0.9999817476832465	S1-501018401	4206 Church Avenue Associates LLC	2796 Main Road, Unit Unit 56, Lebanon, OR	S2-118626500	VALUE INTELLIGENCE SOLUTIONS  CORP	2796 MAIN RD, LEBANON, OR
false_merge	0.7400406199202829	S1-513987284	Shyam Tech Private Limited	2/8Roop Nagar, Delhi, North Delhi, Delhi	S2-428201985	Shyam Tech Limited	#2/17ROOP NAGAR, DELHI, Delhi
false_merge	0.7429958760986822	S1-372483716	TAU Coastal Crest L.L.C.	1477 S 3rd St, Louisville, KY	S3-72155438	TAUR Cnstabml Crest L.L.C.	1477 S 3rd Saint, Louisville, Kentucky
false_merge	0.9370598219214139	S1-266665032	Oncology Medicine Inc.	5716 Lake Club Drive, Fairfield, CA	S2-158976472	Oncology Medicine Inc	572 LAKE CLUB DRIVE, FIARFIELD, CA
false_merge	0.989169258588332	S1-854433259	Ujjaika Benefit Private Limited	Shri Vedvyas Complex, Near Axis Bank Panposh Road, Rourkela, Sundargarh, Orissa	S3-543175771	UJJAICA BENEFIT PRIVATE LIMITED	Sundargarh, Shri Vedvyas Complex, Near Axis Bank Panposh Road, Rourkela, OD
false_merge	0.9969862497108625	S1-304963180	Lumyn Advantage L.L.C.	213 Patricks Place, Longville, MN	S3-545818823	Services Lummyn L.L.C.	213 Patricks Place, Longville, Minnesota
false_merge	0.7680742097909922	S1-648091922	XBU Solutions Pvt Ltd	H.No. 536-A, Second Floor, Gali No-16, West Guru Angad Nagar, Gurudwara, Laxmi Nagar, New Delhi, Delhi	S2-549425211	PVT XBUN SOLUTIONS LTD.	H.NO. 536-A, SECOND FLOOR, GALI NO-16, WEST GURU ANGAD NAGAR, GURUDWARA, LAXMI NAGAR, NEW DELHI, Delhi
false_merge	0.9938642882438684	S1-952231369	Zeis Partners Corp	3120 67th Lane, Phoenix, AZ	S2-849550531	Orbifayegild	3120 67TH LN, PHOENIX, AZ
false_merge	0.7865743766985741	S1-678523618	Solutions Jaysan Books Private Limited	Dimple House, B.T.F B.N. Pura, Bangalore-16., Bangalore, Karnataka	S2-289533454	Solutions Jaysan Books Limited	H.NO 68 DIMPLE HOUSE, B.T.F B.N. PURA, BANGALORE-16., Karnataka
false_merge	0.7397370223376135	S1-136977974	ZVN Infra Private Limited	Bangalore North, No.46, Karnataka, Bangalore, 2Nd Cross, Kurudusonnenahalli	S3-857781341	ZVNS Limited Private Infra	No.7-46, 2Nd Cross, Kurudusonnenahalli, Bangalore North, Bengaluru, KA
false_merge	0.9722780456371963	S1-178167631	Indrendra Lab	H No 13-37, Doctors Colony Jayanagar, Gulbarga, Karnataka	S3-436916870	Inndrendra Lab-Ltd	H No 13-46, Gulbarga, KA
false_merge	0.9660919341998127	S1-370797419	Summit Frontier Spectral	255-0 1 Pembroke Avenue, North Hempstead, NY	S2-132851953	Summit Frontier-Spectral LLC	255-0 2 PEMBROKE AVE, UNIVERSITY GARDENS, NY
false_merge	0.7696180960091971	S1-233933044	All Management Private Limited	H No 385/Mig-1 Phase-1 & 11 Kphb Colony, Hyderabad, Telangana	S3-752670766	All Management Limited	H No 385/Mig-5- Phase-1 & 11 Kphb Colony, Hyderabad, Andhra Pradesh
false_merge	0.7932835569847441	S1-805359545	DS Imaging Private Limited	C-104, Dda Colony Naraina Vihar, New Delhi, Delhi	S2-710974290	GS IMAGING PRIVATE (LIMITED)	Delhi, C-D/104, DDA COLONY NARAINA VIHAR
false_merge	0.7412307669889703	S1-954886409	Novial Hills LLC	OH, Columbus, 507 Evergreen Terrace	S3-891538458	Tavogild	507 1/2 Evergreen Terrace, Columbus, Ohio
false_merge	0.6979005549193573	S1-43800212	VYS Gems Limited	Shop No. 434, 4Th Floor, Neo Square, Nr Amber Talkies, Jamnagar, Gujarat	S3-155866208	VXYS Gems	ગુજરાત, 4Th Floor, Neo Square, Nr Amber Talkies, Jamnagar, Shop No. 434
false_merge	0.9844745773371577	S1-379544939	YFF Health Private Limited	C/O Ashroba R Ghatul, H.No, 00, At Post Hattkarwadi, Manwath, Parbhani, Maharashtra	S3-168732094	YF Health Private Limited	No 96 C/o Ashroba R Ghatul, H.no, 00, At Post Hattkarwadi, Manwath, Parbhani, MH
false_merge	0.9988852946838223	S1-535900964	Yamuin Impex Private Limited	121-122, Siddhi Plaza Pur Road, Bhilwara, Rajasthan	S3-959182967	Yammuin Private Limited Services	0121-122, Bhilwara, Siddhi Plaza Pur Road, RJ, Bhilwara
false_merge	0.7707545964845536	S1-621744523	Eastern Healthcare Private Limited	Yashoda Bhavan, Govt School Road, Main Vidisha Bhanpur Road, Choprakalan, Bhopal, Madhya Pradesh	S3-145110283	Shri Eastern Limited Healthcare	No 2 Yashoda Bhavan, Bhopal, MP
false_merge	0.9567906232955057	S1-601423324	Arihant Infotech Private Limited	209, A. J. C. Bose Road, Karnani Estate, 5Th Floor, Room No. 198, Park Circus, Kolkata, Howrah, West Bengal	S3-552450574	অরিহন্ত ইনফোটেক প্রাইভেট লিমিটেড	B3/33, Kolkata, Park Circus, WB
false_merge	0.9371460353008726	S1-727171301	Jackelyn C. Lara, MD	946 Briarcliff Drive, Santa Maria, CA	S2-520345483	JACKELYN C LARA, [MC]	946 BRIARCLIFF DRIVE, SANTA MARIA, CA
false_merge	0.9824924008423829	S1-823798999	Om Foundation Private Limited	65/1A Plot No 27 Flat No, S-2, Godoli, Satara, Maharashtra	S3-723497130	ॐ फाउंडेशन लिमिटेड	65/2A Plot No 27 Flat No, Satara, MH
false_merge	0.8295827756600211	S1-550147570	Drayance Merchants	888 Dublin-granville Road, Columbus, OH	S2-944240774	Drayanke Merchants	888 DUBLIN-GRANVILLE ROAD, COLUMBUS, OH
false_merge	0.9897030901385011	S1-751851403	Dock, Hileman & Calhoun LLC	1306 Rosemary Avenue, Durham, NC	S3-942383050	Dock Hileman + Calhoun LLC	
false_merge	0.7224771234414655	S1-116397443	Brighteus Coffee	1670 Shortleaf Trail, Spring Hope, NC	S3-310721466	Brighteusa Chdee	1670 Shortleaf Trail, Spring OHPE, North Carolina
false_merge	0.7479333500167284	S1-470354857	Kestium North Inc	2376 Ripple Drive, Bullhead City, AZ	S3-598004590	Kestiumyn North Inc	Bullhead City, Arizona, 2375 Ripple Dr
false_merge	0.8770804861156803	S1-289723849	Helaina Lee, DMD	297 Fairfield Avenue, Hartford, CT	S2-680092732	HELAINA-LEE, MD	297 FAIRFIELD AVENUE, CT, HARTFORD
false_merge	0.8511191179943202	S1-744547900	Saa LLC	153 Miller Road, Avon Lake, OH	S2-412811886	Co Saa	153 MILLER RD, AVON LAKE, OH
false_merge	0.9448386685546127	S1-315219924	Lakshmi Enterprises Private Limited	K-16A Green Park Main, New Delhi, South Delhi, Delhi	S3-986749133	Deltavio Sys	K-16A Green Park, New Delhi, South Delhi, Delhi
false_merge	0.9627431912693717	S1-423875806	QVG Broking Private Limited	H/O- Smt. Sona Devi, Road No-8 (D) P.O- Keshari Nagar, Rajeev Nagar, Patna, Bihar	S2-337187027	QRG Broking Private Ltd	PLOT 800 H/O- SMT. SONA DEVI, ROAD NO-8 (D) P.O- KESHARI NAGAR, RAJEEV NAGAR, PATNA, बिहार
false_merge	0.7275466422333998	S1-847967343	South Enterprises Private Limited	West Godavari, Apple Grounds 11Th Ward, Gunupudi, Bhimavaram, Andhra Pradesh, 11 14 15	S2-754062600	South Enterprises (Limited)	H.NO A-24 14 15, APPLE GROUNDS 11TH WARD, GUNUPUDI, BHIMAVARAM, WEST GODAVARI, Andhra Pradesh
false_merge	0.8823521263349102	S1-780663442	United Consulting Private Limited	Howrah, P.K. Guha Road, Flat -3B, Kolkata, Kolkata, West Bengal, 376/4B	S3-246774515	ইউনাইটেড কনসাল্টিং প্রাইভেট লিমিটেড	Fl-4 A, Kolkata Region, Kolkata, WB
false_merge	0.9990544341260623	S1-150880725	Jarlora Wells Inc.	2929 112th Avenue, Lake Stevens, WA	S2-668581479	Inc. Jarrlora Wells	2929 112TH AVE, LAKE STEVENS, WA
false_merge	0.7078030545349585	S1-969749536	Silver Great	627 Douglas Avenue, Arlington Heights, IL	S2-111870073	Silver-Great	
false_merge	0.9652138088769038	S1-731061716	Vaayuesh Offset Care	C/O Hena Akhtar, Harun Nagar Sec 2, Dc19102008, Khagaul, Patna, Bihar	S2-672105186	Vaayueshyn Offset Care	NO 093 C/O HENA AKHTAR, HARUN NAGAR SEC 2, DC19102008, KHAGAUL, PATNA, Bihar
false_merge	0.956281264914787	S1-201941705	Ram Exports Private Limited	Shop No.31/Cs-1/62 Sec-3, Pratap Nagar, Sanganer, Jaipur, Rajasthan	S2-807062166	राम एक्सपोर्ट्स लिमिटेड	3-1/CS-1/75 SEC-3, PRATAP NAGAR, JAIPUR, SANGANER, Rajasthan
false_merge	0.9763230358039304	S1-84887038	Crestline Center	15482 Jost Estates Drive, Florissant, MO	S2-595255129	Crestline Center Co	1548 JOST ESTATES DRIVE, FLORISSANT, MO
false_merge	0.6533050462246717	S1-892876324	Thompson Delta Australian Inc.	136 Sycamore Street, Huntington, WV	S2-707242074	Thompson Delta Australian Inc	138 Sycamore Street, HUNTINGTON, WV
false_merge	0.987363505153272	S1-798276149	Planas, Pusateri and Greene	2461 Celestial Drive, TX, Prosper	S2-437750723	Planas, Pusateri and  Greene Co	PROSPER, TX, 246 CELESTIAL DR
false_merge	0.7734394801769285	S1-186695857	Ivenari Merchants LP	11200 522 Slade Avenue, Unit APT, Carmel, IN	S2-343144653	Ivenary Merchant LP	11200 524 SLADE AVENUE, CARMEL, IN
false_merge	0.6655106459954198	S1-229245503	Clea's Precision Detailing	904 Allison Street, Newton, KS	S3-479153224	Clea's  Precision Detailing Inc.	90 Allison St, Newton, Kansas
false_merge	0.7544690505332603	S1-56623418	Burke Chicago	WI, City Of Superior, 1901 6th Street	S2-412885353	Burke Chicago, Chicago,	
false_merge	0.8783813986678141	S1-157638241	9-Brothers, Inc.	3766 Pintar Road, Hibbing, MN	S3-677573943	9-Brothers, Inc.	777 Pintar Road, Hibbing, Minnesota
false_merge	0.69093543606336	S1-622966098	Dental Specialists Inc.	20490 Anglesley Road, Rhododendron, OR	S3-543203517	DENTAL SPECIALISTS INC	20491a Anglesley Rd, Rhododenddron, Oregon
false_merge	0.9620975794709598	S1-708156645	Alexander Direct Franklin Corp	12 Memorial Drive, Holyoke, MA	S3-465341782	Brixyumaumbra	Massachusetts, 12 Memorial Dr, Cambridge, # 1705
false_merge	0.9139415140745097	S1-739604972	Orbelle Alliancebernstein	575 Douglas Street, Pea Ridge, AR	S2-508023732	Orbellea Center	575 DOUGLAS STREET, PEA RIDGE, AR
false_merge	0.9922578695747952	S1-500427837	Vivia Thomas, DO	1700 Lee Road, Cleveland Heights, OH	S3-775074425	Vivia Thomas, DO L.L.C.	1700 Lee Rd, Cleveland, Ohio
false_merge	0.9511170549466381	S1-540548603	Indriya Pee Pvt. Ltd.	C/O Reeta P J, Chettikulangara, Kozhikode, Kerala	S2-590595932	Inndriya Pee Pvt. Ltd.	കേരളം, NO 0023 C/O REETA P J, CHETTIKULANGARA, KOZHIKODE
false_merge	0.990693282030517	S1-190125630	Refcon Educational Society	Plot No. D 249 Ground Floor, Sushant Lok-1, Block D, Basai Road, Gurgaon, Haryana	S2-626447067	Limited Refcon Educational Society	PLOT NO. D 249 GROUND FLOOR, GURGAON, BASAI ROAD, हरियाणा
false_merge	0.9487625694364773	S1-35906910	Ratlam Biotech Private Limited	C/O Rina Umesh Patidar, Kamed, Ratlam, Madhya Pradesh	S2-489248241	RATLAM BIOTECH LIMITED CENTER	
false_merge	0.908635429733111	S1-461899146	MJS Vaidyasala Private Limited	Bldg A-2 Flat No. 803, Sr.No. 28, Ganga Osian Meadows, Thergaon, Pune, Maharashtra	S2-636187941	MCS Vaidyasala Private Limited	BLDG A-2 FLAT NO. 803, SR.NO. 28, GANGA OSIAN MEADOWS, THERGAON, PUNE, Maharashtra
false_merge	0.9375982014484214	S1-238505201	Ak Solutions Private Limited	H.No-182 Sector 1 Near Town Park, Rewari, Haryana	S3-166467922	Ak Solutions Limited	H.no-182 Sector 4 Nera Town Park, Rewari, HR
false_merge	0.6783033106039892	S1-419027837	Vrg Services Private Limited	70A Narkel Danga Main Road, Kolkata, Calcutta, West Bengal	S2-287517058	YRG Private Limited Services	
false_merge	0.973770600802615	S1-306978724	Kamar India Ltd	4Th Floor, Blk, Sector-17, North West Delhi, H. No.190, Delhi	S2-311705866	Kamar (india) Ltd	H. NO.201, 4TH FLOOR, BLK, SECTOR-17, DELHI, Delhi
false_merge	0.9847382977925627	S1-88673957	Cyborg College	4/116 Vaishali, Ghaziabad, Uttar Pradesh	S3-123462892	Cyborg College Company	
false_merge	0.8735831958536959	S1-467967185	Gurgaon (india) Private Limited	Suncity Success Tower B Ground Floor Golf Course Extension R, Gurgaon, Haryana	S2-502251343	Gurgaon India Private Limited	Haryana, UNIT NO. 436, 4TH FLOOR, SUNCITY SUCCESS TOWER, GOLF COURSE EXTENSION ROAD, SECTOR-65, GURGAON
false_merge	0.9170951715370271	S1-91563738	Kritansh Memorial LLP	Ls.No.144-1/P2 And 144- 1/P2/P1, Mahemdavad, Kheda, Gujarat	S3-459820659	LLP Critansh Memorial	Ls.no.144-1/p2 And 144- 1/P2/P1, Kheda, Mahemdavad, GJ
false_merge	0.9986040524646981	S1-71444964	Monton Spdr LLC	3530 167, Little Falls, NY	S3-533675607	Monnton Sttp LLC	3530-3532 167, PO Box 4040, Little Falls, New York
false_merge	0.7573330282496242	S1-247523124	GIL Diamond Private Limited	H. No. 11B Kh. No. 90/18, Upper Ground Floor Blk-D1, Delhi, North West Delhi, Delhi	S2-753980406	GIL SERVICES PRIVATE LÍMITED	DOOR NO 12B KH. NO. 90/18, UPPER GROUND FLOOR BLK-D1, DELHI, Delhi
false_merge	0.8821426451216793	S1-30652675	White Developers Pvt Ltd	Saidulajab, Delhi, Property No 55 Thirdfloor, New Delhi, South West Delhi	S3-60319150	uniteddevelopers.com	H.no 188 Plot No-55, Delhi, South West Delhi, DL
false_merge	0.6551359524412218	S1-783239885	1046 Center Road Company	Wellfleet, 39 75, MA	S2-593622639	1046 Center Road Cómpany	
false_merge	0.888347159734119	S1-269078242	Om Trading Private Limited	No 56, Telecom Layout, Bangalore, Karnataka	S3-948111210	ଓମ୍ ଟ୍ରେଡିଂ ପ୍ରାଇଭେଟ୍ ଲିମିଟେଡ୍	H.no 56 Plot No: 8653, Bhubaneswar, Khordha, ଓଡ଼ିଶା
false_merge	0.6923426374037339	S1-356207916	Creative Construction Products Partners	1660 Whistling Straits Avenue, Unit Apt 306, Fayetteville, AR	S3-650571153	Creative Construction Products  Partners	
false_merge	0.9999923155761002	S1-191264119	Masenet Coastal Agricultural Inc.	2215 Country Club Drive, Heber, AZ	S3-621542286	modem colonial power	2215 Country Club Dr, Oregon, Canby
false_merge	0.7951652289609571	S1-25315825	Atlantic Association IV	5 Porter Avenue, MA, Braintree	S2-566446279	Atlantic Association KIV	6 PORTER AVENUE, BRAINTREE, MA
false_merge	0.8812956978542722	S1-864976773	Brighteon Consulting	16426 4100, Lindale, TX	S2-761153704	Brighteona Partners	##16426 4100, LINDALE CITY, TX
false_merge	0.9450162003426449	S1-237057136	Verrance Park LLC	1029 Eagle Mountain Drive, Big Bear City, CA	S3-964097227	Verrancea Park Llc	1029 Eagle Mountain Dr, Big Bear City, California
false_merge	0.769933929720571	S1-187480596	Raviavi Design Limited	Plot No - 2299 New Industrial Estate, Jagatpur, Cuttack, Orissa	S2-839638291	Raviavy Design Limited	Orissa, PLOT NO - 2299 NEW INDUSTRIAL ESTATE, JAGATPUR, CUTTACK
false_merge	0.7006217089825947	S1-963056875	USL Supply Pvt Ltd	Moh. Sarai Kham Opposite Old Post Office, Pilibhit, Uttar Pradesh	S3-730572184	UFL Supply-Pvt Ltd	Moh. Sarai Kham Opposite Old Post Office, Pilibhit, उत्तर प्रदेश
false_merge	0.6714349203245763	S1-406112407	Varshora Services Private Limited	Museum Road, Richmond Town, Mahatma Gandhi Road, No 6/1-1, Bangalore, Bangalore North, Karnataka	S2-274633320	Varzhora Limited Private Private Services	ಕರ್ನಾಟಕ, NO 6/1- , MUSEUM ROAD, RICHMOND TOWN, MAHATMA GANDHI ROAD, BANGALORE NORTH
false_merge	0.8450068524781787	S1-196426737	Modern Consulting Private Limited	House No. 84 (Old No. 23) First Floor Kh No. 154, Raj Pur Khurd Extension, New Delhi, Delhi	S2-379521625	मॉडर्न जय कंसल्टिंग प्राइवेट लिमिटेड	EAST DELHI, DELHI, H.NO 23 K, Delhi
false_merge	0.9836919097656652	S1-386564437	Internal Medicine Liberty Clinic L.L.C.	11641 Midlothian Turnpike, VA, Chesterfield County	S3-41386803	Internal  Medicine Liberty Clinic LLC	
false_merge	0.8944019473556886	S1-440733838	Drusie B. Gaspar, DDS	12410 United States Highway 270, Mcalester, OK	S3-589246369	Drusie B. Gaspar, DDH	12410 United States Highway 270, Mcalester, Oklahoma
false_merge	0.9586249390264584	S1-405702086	Literacy Program IV LLC	662 Mountain View Drive, Cedar City, UT	S2-469884488	llc literacy program ir	00662 MOUNTAIN VIEW DR, CEDAR CITY, UT
false_merge	0.8143532893992502	S1-296921658	Vakratund Agro Private Limited	S/O Anwar Alam, H.N. A 7, Gali No. 1, Jai Bharat Enc, Loni, Ghaziabad, Uttar Pradesh	S3-596220488	VAKRATUND AGRO LIMITED	Door No 41 S/o Anwar Alam, H.n. A 7, Gali No. 1, Jai Bharat Enc, Loni, Ghaziabad, UP
false_merge	0.9612468055655088	S1-844902383	Brewer Center Inc	42037 Mill Road, Port Orford, OR	S2-218349457	Brewer Center	
false_merge	0.6804147773170013	S1-90288156	Pierre Bay Iii Inc.	13 Robert Barry Road, Ansonia, CT	S3-326817396	Pierre Iii Bay Ínc.	
false_merge	0.9883383831523697	S1-243267596	Taraita Resources Private Limited	Unit No-731, Plot No-8, 7Th Floor S.G Shopping Mall, Sector-9, Rohini, North West, Delhi	S2-562857746	Tarraita Limited Private Resources	UNIT NO-33, PLOT NO-8, 7TH FLOOR S.G SHOPPING MALL, SECTOR-9, ROHINI, Delhi
false_merge	0.782429645436937	S1-236059324	Sarasaya Land Private Limited	Ponneri, Survey No. 242/29, 242/31 Golden City, Panchetty, Ponneri Taluk, Thiruvallur District, Tamil Nadu, Ground Floor At Plot No S6, Tiruvallur	S3-993010074	Sarazaya Land Private	Ground Floor At Plot No S#6, Survey No. 242/29, 242/31 Golden City, Panchetty, Ponneri Taluk, Thiruvallur District, Ponneri, Tiruvallur, தமிழ்நாடு
false_merge	0.8719423596453704	S1-841729533	Backus Alternative, LLC	127 Tryon Street, Unit 305, Charlotte, NC	S2-588222099	Korzeta	00127 TRYON STREET, CHARLOTTE, NC
false_merge	0.9804521222792134	S1-485982729	Olaniq Roofing LLC	3 Lawrence 434 Road, Unit Unit 1-6, Walnut Ridge, AR	S3-984423276	Ollaniq Roofing L.L.C.	6 Lawrence 434 Road, Unit Unit 1-6, Walnut Ridge, Arkansas
false_merge	0.6656935274387454	S1-420387026	YR System LLC	5829 Blue Beech Court, Antelope, CA	S2-645150600	YR Systém LLC	
false_merge	0.7477851388653239	S1-840591160	Urgent Care Group of Palestine	TX, Palestine, 604 Inwood Drive	S2-461700467	Urgent Care of Group Palestine Co	60 INWOOD DR, PALESTINE, TX
false_merge	0.6564768435895355	S1-898759566	Grand Optimal Investments Inc	5585 Hackberry Drive, Whitestown, IN	S3-126209255	Os.Com	Hackberry Dr, Whitestown, Indiana
false_merge	0.7211196186133122	S1-286788483	Urology Prairie Physicians L.L.C.	512 10th Street, Unit APT 1B, Sacramento, CA	S2-750604362	UROLOGY PRAIRIE PHYSICIANS LLC	00514 10RD ST, SACRAMENTO, CA
false_merge	0.6784994130035923	S1-353450890	Adrem Developersprivate Private Limited	6, Setur Bungalow, Opp.Gsfc Off., Behind Reliance Mart, Bodakdev, Ahmadabad City, Ahmedabad, Gujarat	S3-94729265	Adrem Developersprivate Private  [Limited]	
false_merge	0.7203426628334026	S1-937464166	Kestola Greenland	1640 27, Russell, NY	S3-931608492	Cestola Greenland	Russell, New York, 647 27
false_merge	0.9814202990636767	S1-156157364	Aarvva Chit Private Limited	Rajasthan, Diamond Motors, Girwa, N.H -8 Sukher, Udaipur	S2-852953008	Aarrvva Chit Private	60 DIAMOND MOTORS, N.H -8 SUKEHR, GIRWA, Rajasthan
false_merge	0.8156927047184156	S1-641389315	Primary Care Clinic	3523 Commonwealth Avenue, Fl 0, Saint Louis, MO	S3-527566775	Primary Care Clinic (ID: 70985)	Saint Paul Avenue, Fl. 0, Wichhita, Kansas
false_merge	0.9560016016866147	S1-364409921	Urology Care Associates	1623 E End Road, Kenai Peninsula Borough, AK	S3-71677431	Urology Care Ássociates	55559 Tok Ave, Kenai Peninsula Borough, Alaska
false_merge	0.9991029434038486	S1-653535108	Jarlio Total Inc	39 Greenwich Boulevard, Unit APT 110, Clover, SC	S2-469191206	Jarrlio Tl Inc	39. GREENWICH BLVD, CLOVER, SC
false_merge	0.9461731151016367	S1-15786036	Orbiq Logistics Care	New Braintree, MA, Bldg NEW BRAINTREE GRADE SCHOOL, 15 Memorial Drive	S2-596101810	Cáre Logistics Orbiqa	15 MEMORIAL DR, NEW BRAINTREE CITY, MA
false_merge	0.8068494739877379	S1-663889712	Aakriti Hospital	C-703, Om Suryodaya Co-Op Society, S.V. Cross Road Rawarpada, Dahisar (E), Mumbai, Maharashtra	S2-871914544	Sri Aakriti Hospital Limited	BLOCK G-386 C-707, OM SURYODAYA CO-OP SOCIETY, S.V. CROSS ROAD RAWARPADA, DAHISAR (E), Maharashtra
false_merge	0.6639800610201249	S1-413284510	Monarch L.L.C.	164 Whitehall Road, Unit 22, Amesbury, MA	S3-938826724	Pyradovavera	164. Whitehall Rd, # 22, Amesbury, Massachusetts
false_merge	0.9993987543883815	S1-306694400	Vantyn Enclave	34 A Orchard Street, Medford, MA	S3-733487474	Vanntyn Enclave	34 A Orchard St, Medford, Massachusetts
false_merge	0.990251853395661	S1-541958224	Orbis Ventures	OH, Proctorville, 89 Twp Rd 1234	S2-542639313	ORBIZ VENTURES	89 TWP RD 1234, PROCTORVILLE, OH
false_merge	0.6550580997931891	S1-971868580	Housing Center	4903 Parkway Drive, Leavenworth, KS	S2-800600287	Housing Center Inc	LEAVENWORTH, KS, 004905 PARKWAY DRIVE
false_merge	0.957338916977371	S1-606129990	Bangalore North Technologies Ltd	164 7Th Cross Aneedam, P.O Magadi Main Road, Bangalore North, Bangalore, Karnataka	S2-536706400	Bangalore North Service Ltd	NO 17 7TH CROSS ANEEDAM, P.O MAGADI MAIN ROAD, BANGALORE NORTH, Karnataka
false_merge	0.9884174476014645	S1-898498532	Jain Food Private Limited	1St Floor, 8-2-674/2/B, Apidc Road No. 13, Banjara Hills, Hyderabad, Telangana	S3-503197376	Jain Food Limited	No 8St Floor, 8-2-674/2/B, Apidc Road No. 13, Banjara Hills, Hyderabad, TG
false_merge	0.986019124424791	S1-723061647	Orthopedic Heartland Health	44806 Zorrillo Drive, New River, AZ	S3-357752938	Orthopedic-Heartland Health	
false_merge	0.8681492980302132	S1-182159978	Bailey Midwest Invesco PLLC	15 Prospect Street, NY, Fort Plain	S2-736536155	Hammitt Midwest Invesco P.L.L.C.	FORT PLAIN, 15 PROSPECT STREET, NY
false_merge	0.830667245572794	S1-912290496	Tejita Producer Pvt Ltd	Office No.111, 1St Floor, Bldg B, S.No. 1/1B & 2B Matrix Tower 1 Kharadi Opp Eon It Park, Pune, Maharashtra	S3-733420926	Tejjita Pr0ducer	Office No.112, 1St Floor, Bldg B, S.no. 1/1B & 2B Matrix Tower 1 Kharadi Opp Eon It Park, Pune, MH
false_merge	0.9998452556903829	S1-272584801	Raviam Technologies LLP	Rno-5, Mumbai City, Siddiqui Ahmad Hasan Chawl, Andheri Plot, Janta Colony, Jogeshwari(E), Mumbai, Maharashtra	S2-105526310	Ravviam Technologies	RNO-##5, SIDDIQUI AHMAD HASAN CHAWL, ANDHERI PLOT, JANTA COLONY, JOGESHWARI(E), MUMBAI, महाराष्ट्र
false_merge	0.9940223925182052	S1-82185895	Vaayuendra Spintex Pvt Ltd	Fn5 Sn5/10 Someshwarwadi Sahadeo Avenue Pashan, Pune, Maharashtra	S2-122327791	Vaayuendova Spintex Pvt Ltd	HN 34 FN5 SN5/10 SOMESHWARWADI SAHADEO AVENUE PASHAN, PUNE, Maharashtra
false_merge	0.9235199828021611	S1-210477485	Bell Modern Mines	622 9th Avenue, Williston, ND	S3-810675506	Steuber Mines Modern	622 Ninth Ave, Williston, North Dakota
false_merge	0.9673338396414478	S1-746049830	Foods Garg Realcon Private Limited	T.F 302 Shrusti Heritage B/H Indraprasth Race Course, Vadodara, Gujarat	S3-167524829	FOODS FOODS GARG REALCON LIMITED	T.f 32 Shrusti Heritage B/h Indraprasth Race Course, Vadodara, GJ, Vadodara
false_merge	0.7038867934120117	S1-729324681	Sarala Products Pvt Ltd	Unit No.217 & 218, 2Nd Floor, T V Industrial Estate, S. K. Ahire Road, Worli, Mumbai, Mumbai City, Maharashtra	S3-425073622	Sarala Pvt Ltd Partners	
false_merge	0.8659973443771707	S1-772883157	Quantis Spruce LLC	124 Royal Lane, Clinton, NC	S3-315120261	Quantant Spruce	124 Royal Ln, Clinton, North Carolina
false_merge	0.750098968934421	S1-211815632	Katheryn B. Woods, O.D.	Yuma, AZ, 871 4th Avenue	S2-597387136	Katheryn B. Woods, O.D. LLC	87 4TH AVE, null, YUMA, AZ
false_merge	0.8991443455806073	S1-774093383	Chandransh Engineering Private Limited	Mumbai City, Banglow No.5, Strd Bank Mankhurd Deonar Bhd Central, Mankhurad, Swati Arvind Bhiday, Maharashtra	S3-479731900	Khandransh Engineering Private Limited	Hn 320 Swati Arvind Bhiday, Banglow No.5, Strd Bank Mankhurd Deonar Bhd Central, Mumbai, MH
false_merge	0.7124544146346482	S1-512593148	Remote Teacher	C/O Brajesh Krishna Gopal Dist Neemuch, Piplon, Neemuch, Madhya Pradesh	S3-109186085	Remote Teacher	
false_merge	0.98347669245418	S1-841307378	Young Berto LLC	1102 Belknap Street, TX, Newcastle	S3-357073869	Young Btmero LLC	
false_merge	0.9993485723441884	S1-644903270	Novova Peoples	164 57th Street, Washington, DC	S3-5522279	Novvova Peoples	164 57nd St, Washington, District of Columbia
false_merge	0.6967945241877815	S1-424286783	Viva Enterprises Private Limited	24 Kalpana Plaza, Birhana Road, Kanpur, Uttar Pradesh	S2-580833426	VIVA ENTDERRISS INFRATECH PRIVATE LIMITED	24 KALPANA PLAZA, BIRHANA ROAD, KANPUR, उत्तर प्रदेश
false_merge	0.9518973419700785	S1-692010748	Tejam Binary Private Limited	Chennai, D.No-127 Tambaram-Mudichur Main Road, Sri Iyappa Bhavan, Chennai, Tamil Nadu	S2-531589061	-- Tejjam Binary Prívate Limited	H.NO 32 SRI IYAPAP BHAVAN, CHENNAI, தமிழ்நாடு
false_merge	0.9759436086497341	S1-367817510	Clyent Fields L.L.C.	130 Demont Avenue, Unit Unit 140, Little Canada, MN	S3-85860092	Clyont Fields Fields LLC	130 Demont Ave, # Unit 140, Saint Paul, Minnesota
false_merge	0.6890876646324936	S1-691246190	Kolkata Hotels Private Limited	Ghoshpara, P.O. Krishnapur P.S. Baguihati, Kolkata, Parganas North, West Bengal	S3-845962910	Kolkata Hhotels (Limited)	No 19 Ghoshpara, N/A, Kolkata, WB
false_merge	0.9874872432572288	S1-199548387	Jeana D. Arzola, DO	6712 64th Place, Marysville, WA	S3-954002816	Jeana D. DCO [Arzola,]	6712 1/2 64th Pl, Marysville, Washington
false_merge	0.8505830273735866	S1-983454248	American Animal Hospital	905 Lansing Street, Orange, TX	S3-323191704	American Animal Hospital Co.	907 Lansing Street, Orange, Texas
false_merge	0.7906878233529331	S1-496194135	Maid Auto Body PLLC	1802 Jackson Street, Muncie, IN	S2-407970494	Novinyla	1802 JACKSON STREET, PHOENIX, AZ
false_merge	0.7315998310881217	S1-403045735	WE Food Inc	966 Dalrymple Road, Cameron, NC	S3-956937213	WEY  Food Inc	966 Dalrymple Rd, Cameron, North Carolina
false_merge	0.8387478546196323	S1-493435088	India Ssa Fire Private Limited	H.No.Kh.No.293 S/F, Western Marg Saidulajab, New Delhi, South West Delhi, Delhi	S2-919280590	Irihalo	KH.N 293 S/F WESTERN MARG, SAIDULAJAB, NEW DELHI, SOUTH WEST DELHI, Delhi
false_merge	0.8253576969410181	S1-322266547	Novify Gsr	Kingston, Unit Apartment 16E, NY, 305 Hurley Avenue	S3-191941646	Novifya Novifya Gsr	305 Hurley Avenue, # Apartment 16E, Kingston, New York
false_merge	0.9885743342665598	S1-587041211	Vaayuam Breeding	X/213A1, Chakkalamattath Tower Chalakudy, Thrissur, Kerala	S2-368440563	Vaayuamm  Blegrednig	Keralam, X/213A1, CHAKKALAMATTATH TOWER CHALAKUDY, THRISSUR
false_merge	0.707127972531597	S1-457324381	Leona Garcia Banking	Phoenix, AZ, Unit 56, 6711 Osborn Road	S2-885391767	Ashcraft 6arcia  Banking	AZ, PHOENIX, 6711 OSBORN RD
false_merge	0.9926269331060044	S1-420854653	Apex Products Private Limited	Samarth Nagar, Room No. 122, Ghansoli, Navi Mumbai, Thane, Maharashtra	S3-41959560	Apex Products Private Limited	A/0122, Thane, MH
false_merge	0.7107623239844503	S1-329645230	Kaverraj Electronics Private Limited	No.366, 100 Feet Road, Indiranagar, Bangalore-8.. Indiranagar, Bangalore, Karnataka	S3-351105840	Caverraj Electr0nics Private Ltd	Bangalore, 100 Feet Road, Indiranagar, Bangalore-8.. Indiranagar, #375, KA
false_merge	0.9258552978249022	S1-877622544	Victoria Constructions LLP	N-001, Site 5, Kasna Ind Area, Dadri, Gautam Buddha Nagar, Uttar Pradesh	S2-619351679	Victoria Services  LLP	N-2, SITE 5, KASNA IND AREA, DADRI, Uttar Pradesh
false_merge	0.9828317908377093	S1-745629955	Gangraj Sales Ltd	C/O Surendra Ojha, Vill &, Tola Khabra Urf Kiratpur, Mushahari, Muzaffarpur, Bihar	S3-763431307	Ganngraj Ssai Ltd	C/o Surendra Ojha, Muzaffarpur, Mushahari, BR
false_merge	0.7485566691806548	S1-2577852	Media Bharti Healthcare Pvt Ltd	Office No: 9, Shraddha Housing Society, 10Th Lane, Rajarampuri, Kolhapur, Maharashtra	S2-353473467	Kelodrex	NO. 151 OFFICE NO: 9, SHRADDHA HOUSING SOCIETY, 10TH LANE, RAJARAMPURI, KOLHAPUR, महाराष्ट्र, KOLHAPUR
false_merge	0.7662706799134017	S1-421693744	Orbent Amplify LLC	445 Alabama Street, Huntington, WV	S2-108334823	Orrbent Amplify Llc	447  ALABAMA STREET, HUNTINGTON, WV
false_merge	0.9165554167785703	S1-278402560	HTE Fund Pvt Ltd	Delhi, Lajpat Nagar-Ii, M-51, New Delhi	S3-547672705	HTV Fund Pvt Ltd	Plot 963 M-51, New Delhi, Lajpat Nagar-ii, DL
false_merge	0.968937765335887	S1-228049698	Foot & Ankle Medicine Inc.	Unit Cabin 45, Brandenburg, KY, 1950 Otter Creek Park Road	S2-410649285	FOOT & ANKLE INC  SERVICES	1951- OTTER CREEK PARK ROAD, BRANDENBURG, KY
false_merge	0.6602004668908311	S1-416815279	Sarastech Bhoomi Private Limited	102/1, Thupuravu Sippanth Colony, Rajapalayam, Virudhunagar, Tamil Nadu	S2-713831513	Sarastetis Bhoomi Private Limited	A-102/1, THUPURAVU SIPPANTH COLONY, RAJAPALAYAM, Tamil Nadu
false_merge	0.9747352695546354	S1-92281221	Ram Seven Software Private Limited	C/O Sher Singh, Nagla Paramsukh, Etmadpur, Kuberpur, Etmadpur, Agra, Uttar Pradesh	S2-714133622	राम सेवन सॉफ्टवेयर लिमिटेड	NO 64 C/O SHER SINGH, NAGLA PARAMSUKH, ETMADPUR, KUBERPUR, AGRA DIST, AGRA, Uttar Pradesh
false_merge	0.7763372646169145	S1-357431042	Des Moines Golden Athene PLLC	4033 Manor Lane, Des Moines, IA	S2-569219883	Des Moines Golden Athene LLC	4035 MANOR LANE, PMB 7655, DES MOINES, IA
false_merge	0.9922997608842956	S1-887322098	Mumbai Hotels Private Limited	17-18 Mahalaxmi Niwass V Road Opp Balbharti School Kandivali West, Mumbai, Maharashtra	S3-768078265	mumbaiholdings.com	#17-18 Mahalaxmi Niwass V Road Opp Balbharti School Kandivali West, Mumbai, MH
false_merge	0.9519505707610388	S1-360358917	Hall Pinnacle Patriot	115 Kim Court, Shepherdsville, KY	S3-685863615	Hall Pinnade Patriot Corp	12 Kim Court, Shepherdsville, Kentucky
false_merge	0.990834299991669	S1-306492178	Solelle Mustang Inc	94-43 240th Street, Hempstead, NY	S3-594160549	*** sollelle mustang inc	4-43 240th St, Floral Park, New York
false_merge	0.9603096093113508	S1-137113101	Education Initiative VI P.C.	3120 20, Lincoln County, OR	S3-242881434	Education Initltaie YI (P.C.)	#3120 20, Lincoln County, Oregon
false_merge	0.6994380719403629	S1-313458342	PO Alphabet Harrisonburg City	1925 Buttonwood Court, Harrisonburg City, VA	S2-376918102	HARRISONBURG CITY PARTNERS	1925 DEYERLE AVENUE, HARRISONBURG, VA
false_merge	0.9617379692153433	S1-786186920	Indrtech Shares Private Limited	22, Maidah, Town/Village- Brabigha Anchal-Barbigha, Sheikhpura, Bihar	S3-436627799	Indrtell Shares Private Limited	22, Sheikhpura, NULL, BR
false_merge	0.9708817564169722	S1-57694249	Geedee Entertainment Private Limited	976, Shirwal, Nr. Chwadi Chowk, Phaltan, Satara, Maharashtra	S2-417791236	Geedee  Entertainment Limited	81, SHIRWAL, NR. CHWADI CHOWK, PHALATN, Maharashtra
false_merge	0.8916980191523137	S1-905994548	Nilinva Inc.	4235 377, Unit APT 1006, Brownwood, TX	S3-543152196	Nilinva Inc	Texas, NULL, 4236- 377, Brownwood
false_merge	0.9995293455560295	S1-906407005	Quillen Packaging	1134 Stoneridge Court, Unit UNIT C, Ontario, CA	S2-768750941	Quillen Packaging Inc	1134 STONERIDGE COURT, ONTARIO, CA
false_merge	0.6530278563568073	S1-352002190	Behavioral Health Physicians Clinic	3409 Baker Boulevard, Altoona, PA	S2-514894820	Behavioral Health Physicians (Clinic)	
false_merge	0.8479610423598347	S1-189102661	Meenva Solutions Pvt Ltd	Ghaziabad, Uttar Pradesh, Ghaziabad, Savy Villede, Raj Nagar Extn. Ghaziabad, Flat No. 1312-A Tower-A	S2-76439992	Meenix Pvt Ltd Center	#1312-A TOWER-A, SALY VILLEDE, RAJ NAGAR EXTN. GHAZIABAD, GHAZIABAD, Uttar Pradesh
false_merge	0.6770003517450545	S1-115951011	Richardson, Gregory and Rivers, Inc.	Palmer, MA, 217 Breckenridge Street	S2-298556441	The Richardson, Gregory and Rivers, Inc.	
false_merge	0.9716362757028693	S1-481066283	Meenendra Renewables Care	Plot No.22, C-2, Kamadhanu, Nagar, 1St Main Road, Tambaram, Kanchipuram, Tamil Nadu	S2-189193851	Meennendra Renewables Care  Company	#24 , C-2, KAMADHANU, NAGAR, 1ST MAIN ROAD, TAMBARAM, Tamil Nadu
false_merge	0.9712374677040524	S1-391546255	Indrora Dynamics	Kerawala Chambersp J Ramchandani Marg, Mumbai, Maharashtra	S3-973614497	Inndrora Dynamics	H.no 60 Kerawala Chfmbersp J Ramchandani Marg, Mumbai, महाराष्ट्र
false_merge	0.7390858342551735	S1-918446979	Alana's Contracting LLC	2111 Hamlin Street, Seattle, WA	S2-781397672	Alana's Contracting Inc	WA, 2114 HAMLIN STRETE, SEATTLE CITY
false_merge	0.8975451315376981	S1-644290731	Kolkata Energy Corporation	12A, N. S. Road 5Th Floor, Room No. 18, Kolkata, Howrah, West Bengal	S2-435854364	Shri REKOLKATA.COM	18, KOLKATA, HOWRAH, West Bengal
false_merge	0.987010808540514	S1-545838640	Ziraesh Dental Private Limited	B 1 / 624 G/F Shop, Janakpuri New Delhi, New Delhi, West Delhi, Delhi	S3-825226557	Ziraezh Dental Private Limited	B 1 / 624 G/f Shop, West Delhi, DL, Janakpuri New Delhi, New Delhi
false_merge	0.6508381590760711	S1-442397151	Roopansh Solutions Private Limited	Maharashtra, Garden Lane, Sher-E-Punjab Soc, 29/5 Lotus Building, Mumbai, Andheri East	S2-677851470	Roopinsh  Solutions Private Limited	29/5 LOTUS BUILDING, GARDEN LANE, SHER-E-PUNJAB SOC, ANDHERI EAST, Maharashtra
false_merge	0.9324502613166942	S1-967383530	Meeniya Industries Pvt. Ltd.	No.2 Survey No. 49/1 & 49/3, A M Industrial Area Hongasandra Village, Begur Hobli, Banglaore, Bangalore, Karnataka	S3-968641471	meenniya industries pvt. ltd.	No.6 Survey No. 49/1 & 49/3, Bangalore, Bengaluru Urban, KA
false_merge	0.7757741500653977	S1-558652074	Shree (India) Commerce Private Limited	C/O Pandit Hari Bendre, G No 161 Prashant Hotel Samor Babhaleshwar, Ahmednagar, Maharashtra	S2-662171086	Shree (India) Commerce Limited	#24 C/O PANDIT HARI BENDRE, G NO 161 PRASHANT HOTEL SAMOR BABHALESHWAR, AHMEDNAGAR, महाराष्ट्र
false_merge	0.9342183675211531	S1-873379924	Caldan Health L.L.C.	Unit APT A, Saint Louis, MO, 5633 Golf Ridge Drive	S3-624436630	Kaldan Haeth L.L.C. L.L.C.	5633 Golf Ridge Drive, # APT A, Saint Louis, Missouri
false_merge	0.8821411476663011	S1-330712771	Innovative Ace Software Private Limited	Transcon Triumph, Cts No. 704, Veera Desai Road, Oshiwara Village, Andh, Eri (W), Mumbai, Mumbai City, Maharashtra	S3-293386770	इनोवेटिव एस सॉफ्टवेयर लिमिटेड	H.no 15 Transcon Triumph, Cts No. 704, Veera Desai Road, Oshiwara Village, Andh, Eri (W), Bombay, Mumbai City, MH
false_merge	0.6671263042373972	S1-37592740	Pipefitters Local 836	5615 Ottawa Court, Mishawaka, IN	S2-29881978	PIPEFITTERS LOCAL 836 CO	
false_merge	0.9945616530221192	S1-212519559	Chandravi Agro Partners	No 74, Industrial Suburb, 2Nd Stage Mysore, Mysore, Karnataka	S3-559937669	chandraviyn agro partners	No 74, Industrial Suburb, 2Nd Stage Mysore, Mysore, KA
false_merge	0.8868716646859417	S1-507035777	Green Digital Enterprises, LLC	1046 Miller Street, Winston-salem, NC	S3-667403657	Green Digital Enterprises	
false_merge	0.9399172515849338	S1-147804794	Bhuvanesh Industries Group	S/O- Shri Shailesh Kumar Singh, House No -252, B M Shant Nagar, New Delhi, New Delhi, South Delhi, Delhi	S3-911580614	Bhuvanesh lndustries Group Industries Company	South Delhi, DL, Delhi, No 6-2 S/o- Shri Shailesh Kumar Singh
false_merge	0.9936005257801006	S1-921541903	Praniya Products Private Limited	70, Ward 2, Na, Fazilpur Badli, Farrukh Nagar, Gurgaon, Haryana	S3-350826316	Prraniya Pr0ducts Private Limited	7-9, Ward 2, Na, Fazilpur Badli, Farrukh Nagar, हरियाणा
false_merge	0.9736707537404035	S1-117252465	Tapia Deutsche	37089 Minott Court, OH, North Ridgeville	S2-968079201	Tapia Deutsche	
false_merge	0.9999456239842166	S1-231405002	Gangraj Management Care	Delhi, 29/1, Shakti Nagar, Delhi	S2-922524868	MANAGEMENT GANNGRAJ CARE	29/1, SHAKTI NAGAR, DELHI, दिल्ली
false_merge	0.6956386947479227	S1-147170351	Hill, Glisson and Debruhl Equity	15829 Viking Lair Road, Westfield, IN	S2-863318547	COSTA, GLISSON AND DEBRUHL EQUITY LLC	15829 VIKING LAIR ROAD, WESTFIELD, IN
false_merge	0.9764100627654603	S1-395452583	Custom Wireless Group Inc.	Mesa, AZ, Unit 430, 7750 Broadway Road	S2-158250357	Custom Wireless Group (Inc)	7759 BROADWAY ROAD, MESA, AZ
false_merge	0.8392961097756015	S1-114473265	Aurora Charter LP	232 Monterey Drive, New Lenox, IL	S3-130301439	LP Auroyx Charter	232 Monterey Dr, Incorporated, Illinois
false_merge	0.7674045001414974	S1-134136866	Vaayuin Electricals	31/B Sagar Manna Road, Kolkata, Howrah, West Bengal	S3-349273706	Vaayuon Electricals	No 0031/B Sagar Manna Road, Howrah, Kolkata, পশ্চিমবঙ্গ
false_merge	0.7990205423117523	S1-619316246	Bangbhumi Infra Private Limited	10Th Floor, Hubtown Solaris, N.S. Phadake Road, Saiwadi, Near Gokhale Fly Over, Andheri, Mumbai City, Maharashtra	S2-494383810	Bangbhumi Infra Limited	DOOR NO B3/12TH FLOOR, HUBTOWN SOLARIS, N.S. PHADAKE ROAD, SAIWADI, NEAR GOKHALE FLY OVER, ANDHERI, Maharashtra
false_merge	0.9192027314368775	S1-82582791	Montova Debt Group	3010 2 Road, Palco, KS	S3-143092506	-- Montovi Debt	Kansas, 3010. 2 Road, Palco
false_merge	0.7086028361546516	S1-986868419	Clyola Pet Care Inc	1270 Fisher Farm Road, Henry County, VA	S3-442921699	Clyoade Pet Care Ínc	9281 Fisher Farm Rd, Henry County, Virginia
false_merge	0.6560323641205599	S1-91502284	GVW Consultancy LLP	Sr. No. 160/1, Bhujbal Bunglow, Kothrud, Pune, Maharashtra	S3-304430347	GVWX Consultancy LLP	Sr. No. 160/1, Kothrud, Pune, MH
false_merge	0.7885756164559523	S1-214058322	Solutions Viren Sons	3, Weston St, Kolkata, Kolkata, Howrah, West Bengal	S2-304870132	Mr Iribelo	3 WESTON STREET, KOLKATA, CALCUTTA, HOWRAH, পশ্চিমবঙ্গ
false_merge	0.8498230075520329	S1-672596238	Back Alley Pizza Inc.	23549 Springwater Road, Estacada, OR	S2-428417449	Back Alley Pizza Inc	2355 SPRINGWATER ROAD, ESTACADA, OR
false_merge	0.9988789166080224	S1-674986377	Meenaya Floor Pvt Ltd	C/O Jay Prakash Singh, Dargah Sarif, Chunar, Mirzapur, Uttar Pradesh	S2-897573619	Meennaya Floor Pvt Limited	C/O JAY PRAKASH SINGH, DARGAH SARIF, CHUNAR, MIRZAPUR, Uttar Pradesh
false_merge	0.9994676146965671	S1-14878376	Lyray Pinnacle Inc	5515 Lupine Drive, Unit 301, Leland, NC	S2-903155246	Lyrray Pinnacle Inc	05515 LUPINE DRIVE, LELAND, NC
false_merge	0.8517803470800306	S1-456039121	Jarlon Brand LP	169 Cloverland Drive, Brighton, NY	S3-7954235	Jarlant Brnd LP	0169 Cloverland Drive, <NULL>, Rochester, New York
false_merge	0.6545242705191145	S1-644420912	Young and Beamish, LLC	643 Mockingbird Lane, Loudon, TN	S2-726116195	Young and 8eamish, LLC	
false_merge	0.807368637681202	S1-763776573	Msk & Brothers Private Limited	Flat No.7, Dno.19 And 21, Kamaraj Avenue 1St Street, Kasturibai Nagar, Adyar, Chennai, Tamil Nadu	S3-544475941	Msk & Limited Brothers	#9, Dno.19 And 21, Kamaraj Avenue 1St Street, Kasturibai Nagar, Adyar, Chennai, தமிழ்நாடு
false_merge	0.9997902546801176	S1-318222056	Vantora Computing Ltd	1618 Woodstock Lane, Fairfax County, VA	S2-196160303	Vanntora Computing	1618 WOODSTOCK LANE, FAIRFAX COUNTY, VA
false_merge	0.7265573223749011	S1-282851281	Daex Trust, Inc	3400 34th Street, Redmond, OR	S3-404240402	Fluxorbisol	3400 91th Street, Redmond, Oregon
false_merge	0.8236035791505086	S1-783573662	Jasper Group	42810 220th St, Clitherall, MN	S3-168634624	Jasper Group	Sheridan, 220. Vine St, Arkansas
false_merge	0.9788682811177378	S1-947569965	Suryaika Foundation Group	4C/166, Near Chitrakoot Stadium, Vaishali Nagar, Jaipur, Rajasthan	S3-266279526	Suryaiki Group Foundation	RJ, 4C/166, Jaipur, Near Chitrakoot Stadium, Vaishali Nagar, Jaipur
false_merge	0.9939107247747577	S1-315450969	Sai Services Private Limited	Newdelhi, A-8, New Delhi, Delhi, Bhagwan Dass Nagar	S2-826878797	Smt SAI PRIVATE LIMITED SERVICES	Delhi, 310-A-8
false_merge	0.9054104147662948	S1-954769494	Badeaux Illumination	514 Gray Avenue, Fl 0, Saint Louis, MO	S2-404432653	6ildectoxylo	0514 GRAY AVE, PO BOX 1210, SAINT LOUIS, MO
false_merge	0.9236939803821843	S1-88439733	Ravin Style LLP	Kumharo Ka Bas, Gelawas, Pali, Rohat, Pali, Rajasthan	S3-204208499	Ravun Style  LLP	Kumharo Ka Bas, Gelawas, Pali, Rohat, Pali, RJ
false_merge	0.9958457562537574	S1-948684304	Piedmont Committee VI	2718 Burning Tree Lane, Suffolk City, VA	S2-354629235	Piedmont Committee VI Ltd	2718 BURNING TREE LN, SUFFOLK CITY, VA
false_merge	0.8892296462125439	S1-49258914	Mytrah Automobiles Private Limited	D No.85-51-183/15, Flat No D-4, V V Nr Towers, Rajahmundry (Urban), East Godavari, Andhra Pradesh	S2-900283851	Mytrah Private Limited Center	
false_merge	0.7014317357015115	S1-203845511	RXF Transports Private Limited	W/O Madan Sahni, Kherajpur Near Ganesh Puja Asthan Laheriasarai, Darbhanga, Bihar	S2-482526117	RXF TRANSPORTS PRIVATE LÍMITED	
false_merge	0.780057555553333	S1-419829185	Solelle Rmg	5733 Revere Drive, Sioux Falls, SD	S3-556897422	Sollelle Services	737 Revere Drive, Sioux Falls, South Dakota
false_merge	0.7635675914500003	S1-31805063	Tatanagar (india) (India) Private Limited	Goodworkcoworks, No72&73, 3Rd Floor, Akshay Techpark, Bangalore South, Bangalore, Karnataka	S2-802217960	Tatanagar (india) (India) Limited	NO 65 GOODWORKCOWORKS, NO72&73, 3RD FLOOR, AKSHAY TECHPAK, BANGALORE SOUTH, ಕರ್ನಾಟಕ
false_merge	0.7725934966540839	S1-873799806	Favodyne Holdings Group Inc	NC, 43 Arabella Lane, Arden	S3-559317417	Inc Favodyne Holdings Group	44-46 Arabella Ln, Arden, North Carolina
false_merge	0.7457607811478877	S1-521791948	Primary Care Mountain Clinic Co	72748 Sunnyslope Drive, Twentynine Palms, CA	S3-521482088	Primary Care Mountain Clinic Ltd	California, 72748 Sunnyslope Dr, Twentynine Palms
false_merge	0.7819197462768627	S1-303236645	Jhv & Co	No-496, 8Th Cross Athmiya Geleyara Balaga, Bengaluru, Bangalore, Karnataka	S2-721439691	JHV & CO (L.L.P.)	
false_merge	0.9722579110300673	S1-236012623	Orbis Permian Inc.	108 Cambridge Drive, Columbia City, IN	S3-460623788	Orbiz Permian Inc.	108 Camridge Drive, Columbia City, Indiana
false_merge	0.7682715440353176	S1-865715947	Navi Mumbai Practices Private Limited	Office No.225, 2Nd Floor, Big Splash Building, Plot No.78/79, Sector-17, Vashi, Navi Mumbai, Thane, Maharashtra	S2-110683458	Navi Mumbai Practices Limited	OFFICE NO.22, 2ND FLOOR, BIG SPLASH BUILDING, PLOT NO.78/79, SECTOR-17, VSHI, NAVI MUMBAI, Maharashtra
false_merge	0.8619613434436764	S1-695818571	Mcalister and Feliciano Pharma	Brownwood, TX, 2610 Main Boulevard	S3-187773663	Mcalister and Feliciano Pharma Inc	Brownwood, Texas, null, ##2611 Main Blvd
false_merge	0.947965037177759	S1-988362879	Apex Exports Limited	Flat No. 6, 3Rd Floor, Mahalaxmi Market Bhagirath Palace, New Delhi, East Delhi, Delhi	S3-980673995	Fayearianyla	#6, 3Rd Floor, Mahalaxmi Market, DL, Bhagirath Palace, Delhi
false_merge	0.6874135121170197	S1-409171924	Aditiya Tech Private Limited	Flat No: 503, Pinnacle Hill Side Apts Satyam Heights Colony, Nizampet Road, Hyderabad, Rangareddy, Telangana	S2-828105451	Aditiyi Tech Private Limited	FLAT NO: 503, PINNACLE HILL SIDE APTS SATYAM HEIGHTS COLONY, NIZAMPET ROAD, HYDERABAD, Telangana
false_merge	0.9306195009067697	S1-205657240	Quantent Brown	19337 Derringer Trail, Flint, TX	S3-931755475	Quantell Brown - 8347277506	19337 Derringer Trl, Flinnt, Texas
false_merge	0.6815852624076584	S1-880464301	Darlleen's Custom Consulting LLC	200 Magnolia Way, Unit Lot B6, Cottonwood, AL	S2-969681838	Zetanyla	200 MAGNOLIA WAY, COTTONWOOD CITY, AL
false_merge	0.878010082749317	S1-928743979	Blue Cascade Apparel L.L.C.	550 Shoppingway Boulevard, Unit Apt 1, West Memphis, AR	S2-908252005	Blue Cascade Apparel LLC	552 SHOPPINGWAY BLVD, W MEMPHIS, AR
false_merge	0.8594407902197063	S1-698499291	Tejam Foundation Private Limited	Telangana, Hyderabad, 1St Floor, Road No.45, Jubilee Hills, Plot No.L36L	S3-401029771	tejjam foundation private limited #50190	Plot No.l47l, 1St Floor, Road No.45, Jubilee Hills, Hyderabad, Jubilee Hills, తెలంగాణ
false_merge	0.7768050444954647	S1-720709834	The Dent Bistro Inc.	1839 Broadmor Drive, Tempe, AZ	S3-628015305	Dent The Inc Bistro	1841 1/2 Broadmor Dr, TEPE, Arizona
false_merge	0.8352307319237237	S1-345399858	Tejam Forms LLP	Express Estate Mount Road, Chennai, Tamil Nadu	S3-472371936	LLP Tejjam Forms	Madras, No 85 Express Estate Mount Road, TN, Madavaram
false_merge	0.880700035345731	S1-547152736	Netravati Traders (India) Private Limited	5Thflooroffice519-520Bgo, Denpoint Marketringroad, Surat City, Surat, Gujarat	S3-977740284	Netravati-Traders (India) Limited	Thflooroffice519-525bgo, Denpoint Marketringroad, Surat, GJ
false_merge	0.7848459722143996	S1-651442966	Summit Fellowship	3009 6th Avenue, Parkville, MD	S2-719700472	Summit Fellowship LLC	3011 6ND AVE, PARKVILLE, MD
false_merge	0.8123463941962176	S1-848772076	Get Solutions Private Limited	162/92/2, Dangapara, Battala, Old Calcutta Road, P.O. Rahara, Khardah, Parganas North, West Bengal	S3-356818401	Get Services Private Limited	WB, 162/92/4, Khardah, NULL
false_merge	0.9651233512585145	S1-140480574	Krittech Pharmaceuticals Private Limited	C/O Radhe Shyam Kishanlal Semriharchand Khandelwal Babai Road, Hoshangabad, Madhya Pradesh	S2-869468629	CRITTECH PHARMACEUTICALS  PRIVATE	C/O RADHE SHYAM KISHANLAL SEMRIHARCHAND KHANDELWAL BABAI ROAD, HOSHANGABAD, null, Madhya Pradesh
false_merge	0.9822939260758313	S1-529810768	Dbs Services Pvt. Ltd.	Unit No. 109, Navnidhi Industrial Estate Acharya Donde Marg, Sewri West, Mumbai, Mumbai City, Maharashtra	S3-854516090	Dbs Ltd Sérvices	
false_merge	0.9990716399544654	S1-713162878	HL Jaiswal Private Limited	Xxii/546, Asha G Building Puzhakarakavu Road, Muvattupuzha, Ernakulam, Kerala	S2-897249139	HHL Jaiswal Private Limited	XXII/##546, ASHA G BUILDING PUZHAKARAKAVU ROAD, MUVATTUPUZHA, Keralam
false_merge	0.6694454894102826	S1-784101819	Nexara Processing Inc	87 Herrick Avenue, Milton, VT	S3-779320146	Nexaique (Processing)	87 Herrick Avenue, Milton, Vermont
false_merge	0.7040568549571588	S1-344823083	Ziraesh Technology Associates	41 Tridev Tenament, Oganaj, Daskroi, Ahmedabad, Gujarat	S2-430105755	Ziraezh Technology Associates	H.NO #43 TRIDEV TENAMENT, OGANAJ, DASKROI, null, Gujarat
false_merge	0.9760131175893022	S1-442751658	IJL Producercompany Private Limited	Office 102, Ambica Compex Vasai East, Navghar, Thane, Maharashtra	S2-525825297	IJLL Producercompany Private Ltd	OFFICE 104, AMBICA COMPEX VASAI EAST, NAVGHAR, THANE, Maharashtra
false_merge	0.8697328348314552	S1-649286452	Prananth Renewables Pvt Ltd	Gurgaon, Rz-70, Haryana, Gurugram, Ph-1, New Palam Vihar	S3-630996157	Prananeon Renewables Pvt Ltd	Rz-70, Ph-1, New Palam Vihar, Gurugram, Gurgaon, HR
false_merge	0.9747059105491294	S1-751455283	Devita Marketplace	Kachari Road Court More, Asansol, Bardhaman, West Bengal	S2-20144586	Devvita Marketplace Company	NO #83 KACHARI ROAD COURT MORE, ASANSOL, West Bengal
false_merge	0.6798941316114805	S1-892913541	EWH Finstock	A-44 Capital Commercial Centre, Near Sanyas Ashram Ashram Road, Ahmedabad, Gujarat	S3-964459872	Ewm Finstock	A-44 Capitla Commercial Centre, Near Sanyas Ashram Ashram Road, Saraikela-kharsawan, Ahmedabad, ગુજરાત
false_merge	0.9265923979660604	S1-375095756	Signature Wireless Partners Inc	2745 Garner Road, Raleigh, NC	S3-24210189	Signature Wireless Partners	
false_merge	0.9259541610515449	S1-639222576	Surgical Associates LLC	Kansas City, 1520 39th Avenue, KS	S2-538637689	Surgical Associates	BUNKER AVE, KANSAS CITY, KS
false_merge	0.9914323222199107	S1-186138586	Sivaganga Traders Private Limited	Tamil Nadu, Coimbatore, Ground Floor, Coimbatore, Door No.27, Manis Colony, Ramnagar	S3-185787841	Sivaganga  Traders [Limited]	No 19 Ground Floor, Door No.27, Manis Colony, Ramnagar, Coimbatore, தமிழ்நாடு
false_merge	0.902966546731738	S1-690791554	Verrial Engineering Group	NE, 3801 52nd Street, Lincoln	S3-710316975	Verrrial Engineering Group	3802 52nd Street, Lincoln, Nebraska
false_merge	0.6737608500715452	S1-369218068	Nerta Howard Desert Beijing LLC	410 4395, Pryor, OK	S3-97076836	Norton Howard Desert Beijing  LLC	421C 4395, Pryor, Oklahoma
false_merge	0.9855924404824491	S1-712118714	Yamuam India Limited	Pune, Maharashtra, Pune, B-11, Bhikansheth Park, Sundar Baug, Dapodi	S2-446931994	YAMUEON INDIA-LIMITED	B-##11, BHIKANSHETH PARK, SUNDAR BAUG, DAPODI, PUNE, Maharashtra
false_merge	0.7697487213049922	S1-987185503	Olanova Jewelers	19 Banks Terrace, Swampscott, MA	S2-503171628	Olanoari Jewelers	#19 BANKS TERRACE, SWAMPSCOTT, MA
false_merge	0.9755967960249582	S1-235291394	Eye Associates Inc.	5307 Autumn Moon Lane, Bldg 1, Herriman Town, UT	S3-87588144	Eye Associate Inc	5309 Autumn Mono Ln, Bldg. 1, Herriman, Utah
false_merge	0.6638025079188333	S1-52124789	Global Nidhi (India) Center	4, 1St Floor, Plot-64/68, Eby Castle, Mohammed Ali Road, Chakala Market, Mandvi, Mumbai, Mumbai City, Maharashtra	S3-321575539	Sri Global Nidhi (India)-Center Limited	MH, 8, Mumbai City, 1St Floor, Plot-64/68, Eby Castle, Mohammed Ali Road, Chakala Market, Mandvi, Mumbai
false_merge	0.6743407165489952	S1-696804053	Extreme Consultants Private Limited	Flat No. 602, 6Th Floor, 27, Karmayog Chs. Azad Nagar, Veera Desai Road, Andheri-We, St, Mumbai, Mumbai City, Maharashtra	S3-882801182	Extreme  Consultants Private Limited	
false_merge	0.8191624585500809	S1-671136789	Patriot Family Practice	3350 Maple Avenue, Pulaski, NY	S2-52151341	Patriot Co Practice Family	335 MAPLE AVENUE, PULASKI, NY
false_merge	0.698556815175925	S1-440212244	Clyus Lodging	6903 Preinkert Drive, Unit 5112, College Park, MD	S3-464380504	CLYUARI LODGING	6903 Preinkert Dr, # 5112, College Park, Maryland
false_merge	0.6740444315840147	S1-281918727	Campbell, Adria, MD	15301 Syrah Circle, Unit 15301, St Peters, MO	S3-424400334	Inc Campbell, Adria, MD	15306 Syrah Circle, Unit 15301, Saint Peters, Missouri
false_merge	0.9740573290857366	S1-620679879	Silverline Ventures Private Limited	Flat No. 5, 1St Floor, Arpita Villa M.G. Brothers Back Side, Dargamitta, Nellore, Andhra Pradesh	S3-955485438	Silverline  Vnure Private Limited	
false_merge	0.8916111973340786	S1-285158284	Devam Spun	4/100-A Perambalur Main Road, Veppanthattai, Trichy, Perambalur, Tamil Nadu	S2-748478649	Devvam Spun	4/102-A PERAMBALUR MAIN ROAD, VEPPANTHATTAI, TRICHY, தமிழ்நாடு
false_merge	0.9277587407297926	S1-671189634	Chennai Gems Private Limited	Old.No.26, Chennai, Tamil Nadu, New.No.28, Venkataraman Street, T.Nagar, Chennai	S3-742845054	Chennai Private  Limited Center	New No : 26, Chennai, TN
false_merge	0.9275834855346615	S1-552961438	Ujjaraj Software	C/O Loaxmiviharranade Road Extn Shivaji Park Dadar, Mumbai, Maharashtra	S3-869488346	Ujjjaraj  Software	No 43 C/o Loaxmiviharranade Road Extn Shivaji Park Dadar, Mumbai, MH
false_merge	0.8975784352198182	S1-199642175	Leder Fork Private Limited	Alappuzha, Ambalapuzha, Alappuzha, Amcw 45/587 Survey No Bl/36 Rsy. 4, Kerala	S2-239002622	Mr Wexnylazeph	Keralam, AMBALAPUZHA, ALAPPUZHA, AMCW #45/587 SURVEY NO BL/36 RSY. 4
false_merge	0.971136794711128	S1-161671445	North Topsail Beach Youth Center	4206 Island Drive, North Topsail Beach, NC	S2-961298802	NORTH TOPSAIL BEACH CENTER	ISLAND DRIVE, SNEADS FRRY, NC
false_merge	0.9766342611747479	S1-961659961	Lyrial Teucrium	2749 Wiltshire Court, Spring Hill, TN	S2-694901155	Lyrix Teucrium	SPRING HILL, TN, 2749 WILTSHIRE CT
false_merge	0.7974727926116939	S1-423142719	Kestova Machines LLC	Unit Apartment 2, NY, Colonie, 2083 Central Avenue	S3-601053329	Kestoade Machines Llc	2083 Central Avenue, Colonie, New York
false_merge	0.7353733292979662	S1-129737838	Steele & Lee Choice Inc	318 Tierra Rosa Place, Rio Rancho, NM	S2-332036109	Steele Lee & Choice Ltd	31 TIERRA ROSA PLACE, RIO RACHO CITY, NM
false_merge	0.8065500988498584	S1-108901001	Smart Hospitality Services L.L.C.	18 Granada Park, Boston, MA	S3-407668202	Smart Hospitality Services LLC	20 Granada Park, Roxbury, Massachusetts
false_merge	0.9512969148845458	S1-571736334	Diamond Liberty	14530 240th Street, Miesville, MN	S3-680460078	Diamond [Liberty]	
false_merge	0.8288661491553158	S1-895136341	Vasant Kunj Enterprises Pvt Ltd	7324 B-10, Vasant Kunj, New Delhi, Delhi	S3-427149082	Vasant Kunj Enterprises Overseas Pvt Ltd	No B-10, New Delhi, Vasant Kunj, DL
false_merge	0.9991047364889832	S1-869524707	Solial Table LLC	941 Lorlyn Drive, Unit 2C, West Chicago, IL	S3-853402860	llc sollial table	941 Lorlyn Drive, # 2C, West Chicago, Illinois
false_merge	0.9957536568392998	S1-605852474	DA Metal Works	1102 Opera Street, Stamps, AR	S3-417218279	CA Works Metal	1102 Opera St, Stamps, Arkansas
false_merge	0.9855670365742019	S1-537973669	Delhi Solution Limited	Csc 5 Saini Enclave, Delhi, East Delhi, Delhi	S2-266902382	Lumiriyuma	B3/5 SAINI ENCLAVE, DELHI, EAST DELHI, Delhi
false_merge	0.888880448624648	S1-509145053	Jalgaon Enterprises Private Limited	S.No 173, Jilha Peth Visawi Nagar, Jalgaon, Jalgaon, Maharashtra	S3-246227089	Jalgaon Enterprises Límited	Gandhi Teerth, Jain Hills, Shirsoli Road, Jalgaon, MH
false_merge	0.9001604674617624	S1-583581375	PS Nandan Pvt Ltd	C/O Sonali Sharma, Mge Tw-19-20 A, Gurugram, Gurgaon, Haryana	S3-193818894	VS Nandan Pvt [Ltd]	C/o Sonali Sharma, Gurgaon, हरियाणा
false_merge	0.765298404700175	S1-268097220	Kritika Orchids Private Limited	C/O - Shrinivas Singh, Vill - Nirkhapur P/O - Gyaspur, P/S - Siswan, Gyaspur, Siwan, Bihar	S2-521496813	Kritika Orchids Limited Services	
false_merge	0.7116028500796696	S1-674400638	Lumeon Telecommunication Inc.	321 Main Street, Hatch, NM	S3-488544683	Lummeon Inc. Services	322 Main Street, Hatch, null, New Mexico
false_merge	0.6723800886202654	S1-561135242	Bright Transit Union	Baltimore, 945 Homestead Street, MD	S2-152936319	Bright Transit Union Co	MD, BALTIMORE, 52 HOMESTEAD STREET
false_merge	0.9785693847719981	S1-589822744	Zao LLC	Unit Apartment 1, NY, 884 212, Saugerties	S3-772865966	Zao Ltd	884 212, # Apartment 1, Saugerties, New York
false_merge	0.799970669145662	S1-416619259	PQ Metro Futurecorp Inc.	120 Kaufman Road, Somerset, MA	S3-158608328	PQ Metro Fúturecorp Inc	PO Box 3782, Somerset, Massachusetts, 0127 Kaufman Rd
false_merge	0.8039824044644872	S1-969485975	AG Impex Private Limited	Gulmohar Cross Road No.12, Mumbai, Maharashtra, 1201 Imperial Residency, Mumbai	S3-695222077	AG Impex Limited	Door No 1222 Imperial Residency, Mumbai, MH
false_merge	0.6557527751920239	S1-516046498	Sevenstar Deccan	Plot No E-59 Market Yard, Behind Krishi Panan Mandal, Gultekdi, Pune, Maharashtra	S3-379703268	Sevenstar Deccan	
false_merge	0.6857497760400248	S1-230661276	Shiv Projects Private Limited	C/O Rupesh Kumar Mohanty, At-Basantapedi Pratapsasan, Balakati, Khurda, Khordha, Orissa	S2-475361596	ଶିବ ପ୍ରୋଜେକ୍ଟସ୍ ଲିମିଟେଡ୍	DOOR NO 54 C/O RUPESH KUMAR MOHANTY, AT-BASANTAPEDI PRATAPSASAN, BALAKATI, KHURDA, KHORDHA, Odisha
false_merge	0.6960796558020009	S1-373988053	Dream Media Private Limited	B-2 Flat No 1102, Raunak, City Adharvadi, Jail Road, Kalyan, Thane, Maharashtra	S2-39555486	ड्रीम मीडिया लिमिटेड	FLT NO.##2, महाराष्ट्र, MUMBAI CITY, MUMBAI
false_merge	0.9702538067712085	S1-279203723	Sarasika Consultants Private Limited	H-609, 6Th Floor, Titanium City Centre, 100 Ft Ring Road, Satellite, Ahmedabad, Gujarat	S3-427894602	Sarasikaer Consultants-Private Limited	H-609, Ahmedabad, GJ
false_merge	0.7265069063416929	S1-359317802	BYH Care Private Limited	C-111 3 Bhk Green Bey Parisar-Gram Mubarakpur Shanti Nagar Bhopal, Bhopal, Madhya Pradesh	S3-411957463	BYHX Limited Private Private Care	C-111 3 Bhk Green Bey Parisar-gram Mubarakpur Shanti Nagar Bhopal, Bhopal, MP
false_merge	0.7329709919214202	S1-44504675	Estates Sale Private Limited	6, Saraswathi Nilayam Uthukuli Post, Avinashi Road, Tirupur, Coimbatore, Tamil Nadu	S3-457128792	Shri ESTATES SALE PRIVATE (LIMITED)	
false_merge	0.9307690301165299	S1-787729470	Raviraj Care Pvt. Ltd.	Room No. 4, Maharashtra Chl, Comm Savitribai Chawl, Parigh Khadi, Kurla W, Near Kurla Graden, Mumba, Mumbai City, Maharashtra	S3-866544416	Pvt. Ravirajyn Care Ltd	No 74 Room No. 4, Mumba, महाराष्ट्र
false_merge	0.700438141365234	S1-884717624	Meenita Dew Private Limited	Right Wing 3Rd Floor, Landmark, Race Course Circle, Gotri Road, Baroda, Vadodara, Gujarat	S2-209557937	MEENITI DEW  PRIVATE LIMITED	RIGHT WING A-3RD FLOOR, LANDMARK, RACE COURSE CIRCLE, GOTRI ROAD, BARODA, Gujarat
false_merge	0.9183866956751301	S1-931244631	Tour Vidyalaya	7Th Floor, Bhartiya Rakshak Adhikari, Model Town, A.P. Road, Andheri West, Flat 702, Mumbai, Maharashtra, Mumbai City	S3-931551576	Orbionyx	Maharashtra, 7Th Floor, Bhartiya Rakshak Adhikari, Model Town, A.P. Road, Andheri West, Flat 702, Mumbai City, Mumbai
false_merge	0.983129645394117	S1-198450951	Ivenis Sea PC	522 44th Avenue W, Tulsa, OK	S2-354384470	IVENIZ SEA PC	522 44ND AVE WEST, TULSA, OK
false_merge	0.9895341159371159	S1-722283896	Meenaya Exports Private Limited	Tag Tower, 17-18, Phase Iv, Udyog Vihar Sector 18, Palam Road, Gurgaon, Haryana	S2-494595042	Meennaya Exports Private Limited	Haryana, 6 TAG TOWER, 17-18, PHASE IV, UDYOG VIHAR SECTOR 18, PALAM ROAD
false_merge	0.7782193976371299	S1-13865303	Pranva Exports	C/O Zed Lane Computer Plot No.-6 Holding No.-189/16, Near Darbar Cinema, M, Ain Road, Siwan, Bihar	S3-59866724	Pranoro  Exports Ltd	C/o Zed Lane Computer Plot No.-6 Holding No.-189/16, Near Darbar Cinema, M, Siwan, BR, Ain Road
false_merge	0.9994537613120965	S1-328631030	Lumio Estate LLC	16304 Adams Street, Omaha, NE	S3-869764270	Lummio Estate	6304 Adams Street, Omaha, Nebraska
false_merge	0.9942372684267223	S1-631302006	JYL Pinnacle Center	4216 Z, Emden, MO	S2-738199765	Umbrairifaye	4216 Z, EMDEN, MO
false_merge	0.998657981120688	S1-795072709	Great Guild P.C.	40308 Central Avenue, Phoenix, AZ	S3-196875353	Great  Guild LLC	40308 Central Avenue, Phoenix, Arizona
false_merge	0.9517568375795907	S1-774592392	Dosoft L.L.C.	21650 Nightingale Drive, Queen Creek, AZ	S2-45624015	THE  DOSOFT LLC	21651 NIGHTINGALE DRIVE, QUEEN CREEK, AZ
false_merge	0.9989806815415195	S1-927430764	Solola Fast PC	11913 159th Street, Puyallup, WA	S2-838098858	SOLLOLA FAST  INC	11913  159TH STREET, PUYALLUP, WA
false_merge	0.9983487859325854	S1-938858210	Monton Quantumsphere	5048 Denver Avenue, Kansas City, MO	S2-273260363	Monnton Qualumpchere	005048 DENVER AVE, KANSAS CITY, MO
false_merge	0.9927165602940666	S1-614016491	Ses Developers Private Limited	4 Gowri Towers, Canal Road, T#1577, Agaragaram, N Korattur, Chennai, Thiruvallur, Tamil Nadu	S3-49661954	SES DEVELOPERS LIMITED	No 5 Gowri Towers, Canal Road, T#1577, Agaragaram, N Korattur, Chennai, Thiruvallur, TN
false_merge	0.9390687468408935	S1-822405569	Best Classic Adr	131 Howland Road, Westport, MA	S3-903426565	Best Classic Adr, [[Inc.]]	
false_merge	0.8997155340565158	S1-78550714	Pranesh Garments Private Limited	685/117, Godown: 117 To 122, 1St Flr, Bldg:A/4, Harihar Complex, Dapo, De Village, Bhiwandi, Thane, Maharashtra	S2-315286450	Praneova Garments Private	685/122, GODOWN: 117 TO 122, 1ST FLR, BLDG:A/4, HARIHAR COMPLEX, DAPO, DE VILLAGE, BHIWANDI, Maharashtra
false_merge	0.7796442826045153	S1-703516712	Quantari Allocation LLC	4295 Lakewood Drive, San Bernardino, CA	S3-741163426	Quantaell Allocation LLC	4295 Lakewood Drive, San Bernardino, California
false_merge	0.7068114496286954	S1-585529260	LEI Classes Associates	S N 137/4, Narayan Nagar, Nr Kadam Police, Pune, Maharashtra	S2-575763446	LEI Classes Assloiteas	
false_merge	0.7975964004699688	S1-484312339	Regional Association, LLC	4014 Hyacinth Street, Eugene, OR	S3-466759633	Regional Association	85260 Willamette St, Eugene, Oregon
false_merge	0.994307162926646	S1-256363904	Raj Guru It Private Limited	11/4, Delhi, New Delhi, Punjabi Bagh Extension	S3-905050117	राज गुरु आईटी लिमिटेड	Punjabi Bagh Extension, New Delhi, DL, 11/11
false_merge	0.877669052950619	S1-852490181	Electronic Payment Works Corp	8 May Street, Unit 9, Worcester, MA	S3-244487438	ELECTRONIC PAYMENT PAYMENT WORKS LLC	9 May St, # 9, Worcester, Massachusetts
false_merge	0.7651866514488029	S1-313743023	Huzur Engineering Private Limited	E-3/ 285, Arera Colony, Huzur, Bhopal, Madhya Pradesh	S2-536766381	Huzur Engineering Limited	Madhya Pradesh, E-3/ 306, ARERA COLONY, HUZUR
false_merge	0.8490187928024331	S1-752699523	Vasishta Charitable Trust	40-3-3, Krishna Nagar, Venkates-Warapuram, Vijayawada A.P. Warapuram, Vijayawada, A.P., Warapuram, Vijayawada, A.P., Andhra Pradesh	S2-852177508	Vasishta Charitable Trust Limited	40-3-7, KRISHNA NAGAR, VENKATES-WARAPURAM, VIJAYAWADA A.P. WARAPURAM, VIJAYAWADA, A.P., WARAPURAM, VIJAYAWADA, Andhra Pradesh
false_merge	0.6906371169274431	S1-215820405	Rohanda Industries Private Limited	S/O Md Israr Ahamed, Rajbati Majher Para Deara, Rohanda, North 24 Parganas, West Bengal	S2-841955271	Rohanda Industries  Limited	NO 96 S/O MD ISRAR AHAMED, RAJBATI MAJHER PARA DEARA, ROHANDA, পশ্চিমবঙ্গ
miss:not_selected	0.4679084941399406	S1-175367323	Gold Farmer Private Limited	Office No 21 Floor 3 Plot 333 Mahavir Chamber Hazrat Abbas Road, Samuel Street Vadgadi Masjid Mandvi, Mumbai, Maharashtra	S3-814043948	Sri Gold Fármer Private	
miss:not_in_candidates		S1-784899614	Baroor	12 Woodland Avenue, Melrose, MA	S2-829511710	@baroor	
miss:not_selected	0.44850005256861214	S1-180660360	Vision Business Private Limited	23/B, 14/01, 4Th Floor, 7Th Main, 5Th Block, Revenue Layout, Bsk 3Rd Stage, Near Kamaky, A Theatre, Bengaluru, Bangalore, Karnataka	S3-498094652	businessprivate.com	Plot C-478 23/B, 14/01, 4Th Floor, 7Th Main, 5Th Block, Revenue Layout, Bsk 3Rd Stage, Near Kamaky, A Theatre, Bengaluru, KA
miss:not_selected	0.6261668456687066	S1-778432111	Dermatology Harbor Group PC	31553 Memphis Loop, Loxley, AL	S3-13279989	Dermatology Haacrcor-Group [PC]	
miss:not_in_candidates		S1-178257231	Myers and Fick Inc.	1830 Wilmington Highway, Unit 42, Jacksonville, NC	S2-688866356	Myers &  Frck Inc.	
miss:not_in_candidates		S1-229922760	Kaitlin Patterson Midwest Labs LLC	682 Northgate Drive, Winsted, MN	S3-168206511	Kaitlin Patterson Midwest	
miss:assigned_elsewhere	0.000027169231699637114	S1-759500065	Vijay Trading Private Limited	H.No. 9, Gf, Happy Home Omaxe City, Bahadurgarh, Jhajjar, Haryana	S3-280599250	Vijay Private Limited Center	9, Bahadurgarh, Jhajjar, HR
miss:not_selected	0.5289445344662779	S1-944883313	Smith, Jones and Watson Phoenix Inc	13475 Watertown Plank Road, Unit Unit 2, Village Of Elm Grove, WI	S2-519123817	SMITH JONES AND WATSON PHOENIX INC	
miss:not_in_candidates		S1-266486288	Gavue Metro Talon Inc	1 Deschamp Court, City Of Madison, WI	S2-799993135	Gavue Metro Talon	
miss:not_in_candidates		S1-305200168	Home Trading Company	B-152/4, Upper Ground, Shaheen Bagh Abul Fazal Enclave-2, Jamia Nagar, Okhla, Delhi, New Delhi, Delhi	S3-729791697	Home Tdrdfiig Company	
miss:not_in_candidates		S1-233984980	Complete Commercial Holdings	Arlington County, VA, 2224 Somerset Street	S3-989230751	Complete Commercial	
miss:not_in_candidates		S1-535923989	Redsun Memorial Trust	A-1, 1504, 15Th Floor, Vertex Solitaire, Kalyan, Thane, Maharashtra	S2-535220550	Pyrariza	PLOT 703 A-1, KALYAN, Maharashtra
miss:not_in_candidates		S1-866668255	Vision Investment Private Limited	B12/2Sipcot Industrial Complexkudikadu Cuddalore, Cuddalore, Chennai, Tamil Nadu	S3-837474748	Vision Private Limited Partners	Cuddalore, Chennai, B12/2sipcot Industrial Complexkudikadu Cuddalore, TN
miss:not_in_candidates		S1-291581651	One Trading Private Limited	Sr No 127/2A, Shop No 12, Shri Sai Samarth Heights, Mohan Nagar, Chinchwad, Pune, Maharashtra	S2-461862695	Fluxxylo	SHOP NO 12, SHRI SAI SAMARTH HEIGHTS, MOHAN NAGAR, CHINCHWAD, SR NO 127/2A, PUNE, Maharashtra
miss:not_selected	0.49931567964911855	S1-263827288	Nalhati Exim Private Limited	C/O Najrul Islam Gopalpur Birbhum, Nalhati, Birbhum, West Bengal	S2-207811842	Na1hati Em Private Limited	C/O NAJRUL ISLAM GOPALPUR BIRBHUM, NALHATI, BIRBHUM, West Bengal
miss:not_selected	0.6100232605720683	S1-328355055	Maxi Richards Oxford LLC	226 Pinetree Way, Unit 4B, Brian Head City, UT	S2-921837002	Ciranex	226 PINETREE WAY, BRIAN HEAD, UT
miss:not_selected	0.2876826552534698	S1-858398268	Lucina Rogers, MD Inc	2109 Brookside Road, Fl 1, Tumwater, WA	S3-371912568	Lucina Rogers, MD Inc	
miss:not_selected	0.3612971553999295	S1-806329688	YG Continental British Inc	IL, Danville, 3307 Suncrest Drive	S2-277406165	YG Continental	
miss:not_selected	0.01458736854104368	S1-678535212	Foot & Ankle Elite Health	3250 Timineri Lane, Royse City, TX	S3-57001401	Foot + Ankle Elite Health LP	
miss:not_in_candidates		S1-486593414	Creative Foods Pvt Ltd	Gf 02 Plot O Mm 80 Dlf Ankur Vihar, Loni, Ghaziabad, Uttar Pradesh	S3-721269740	Creative	Gf 02 Plot O Mm 80 Dlf Ankur Vihar, Loni, Ghaziabad, Uttar Pradesh
miss:not_selected	0.357587749138688	S1-418648027	Heritage Alliance V	3475 Golfview Drive, Unit Unit 208, Eagan, MN	S3-22853448	Heritage Alliance V Corp	
miss:not_in_candidates		S1-618630566	Rajeshwari (India) Marketing	71, Suyog Apartment, Man Sagar Vistar, Budhsinghpura, Sanganer, Jaipur, Rajasthan	S3-458578648	irmarketing.com	71, Sanganer, Jaipur, RJ
miss:not_in_candidates		S1-458620833	Bhubaneswar Life Pvt. Ltd.	House No. 2 Kalinga Stadium Gate No. 5, Nayapalli, Khordha, Plot No. 644, Bhubaneswar, Orissa	S3-617917900	Bhubaneswar Pvt. Ltd. Center	644, Khordha, Bhubaneswar, Orissa
miss:not_in_candidates		S1-508113996	Golden Jay Energy Private Limited	C/O Varsha Yuvraj Gome 47 1/1, Mukti Nagar, Waman Tukaram Patil Marg, Nr Neelam Hote, L, Chembur, Mumbai, Mumbai City, Maharashtra	S2-971210931	गोल्डन जय एनर्जी प्राइवेट लिमिटेड	C/O VARSHA YUVRAJ GOME 4-7 1/1, MUKTI NAGAR, WAMAN TUKARAM PATIL MARG, NR NEELAM HOTE, L, CHEMBUR, BOMBAY, MUMBAI CITY, Maharashtra
miss:not_in_candidates		S1-754068717	Indian Healthcare LLP	P No. 4, Panchtara Soc Narendra Nagar, Nagpur, Maharashtra	S2-578472709	इंडियन हेल्थकेयर एलएलपी	P NO. B3/4, NAGPUR, महाराष्ट्र
miss:not_in_candidates		S1-238698374	Children's Program	4408 Woodstream Drive, Dinwiddie County, VA	S3-820887177	CHILDREN'S PROGRAM & Co	
miss:not_in_candidates		S1-30119138	Indian Consulting Pvt Ltd	Door No. 30/585, Calicut Road, Perinthalmanna Po, Perinthalmanna, Malappuram, Malapuram, Kerala	S3-381064493	Indian Cnonhsuling Pvt Ltd	
miss:assigned_elsewhere	5.922571782258774e-6	S1-161832213	Hotel Power Private Limited	10, Kashi Kunj, Waterfield Road Bandra (West), Mumbai, Mumbai City, Maharashtra	S3-600678557	Hotel	10, Kashi Kunj, Waterfield Road Bandra (West), Mumbai, Mumbai City, Maharashtra
miss:not_selected	0.37737917560885276	S1-943222847	Hildegaard's Choice Grill PLLC	1726 39th Street, Kansas City, MO	S2-55496095	HILDEGAARD'S CHOICE GRILL  PLLC	
miss:not_selected	0.2178201913195992	S1-981476560	Indrraj Solutions Co	Basement Floor, B-106, Amar Colony Lajpat Nagar-Iv, Delhi, South Delhi, Delhi	S3-602913110	Indrraj Solutions	
miss:not_in_candidates		S1-479488639	Raj Indian Producer Private Limited	C 21, Block C, Sushant Lok 3, Sector 57, Gurgaon, Haryana	S3-613130708	Raj Indian (Producer)	
miss:not_in_candidates		S1-272429041	Blue Business Private Limited	10-2-289/92 Plot No, Shanti Nagar Shanti Nagar, Hyderabad, Telangana	S3-752381333	bluebusinesscom	Plot No, Hyderabad, TG
miss:not_in_candidates		S1-72472872	High Power Private Limited	Sri. Ram Bahadhun Singh, Gudari Gudri Narayan Pur, Chapra(U), Muzaffarpur, Bihar	S3-118857767	HP	Sri. Ram Bahadhun Singh, Gudari Gudri Narayan Pur, Chapra(U), Muzaffarpur, Bihar
miss:not_selected	0.24538304680276893	S1-799636507	Elite Realty	3750 Jones Avenue, Garden City, KS	S3-900846401	Elite Realty	
miss:not_selected	0.2628309035733857	S1-271582601	Stewart Crystal Fashion LLC	2030 Vallejo Way, Sacramento, CA	S3-571684796	Stewart Crystal LLC  Fashion	
miss:not_in_candidates		S1-903095317	Family Care Associates LLC	7704 31st Circle, Fl 0, Wichita, KS	S2-643518061	Family Clrafer Associates LLC	
miss:not_in_candidates		S1-304269735	#5 Publishing L.L.C.	113 First Avenue, Myrtle Creek, OR	S2-960813776	#5 LLC Cénter	0113 1ST AVENUE, PO BOX 2156, MYYRTLE CREEK, OR
miss:not_selected	0.5506872013148176	S1-306033262	Golden Traders Private Limited	F.N.5-A-2, Plot No 13-14 Sect 8 Kharghar, Panvel, Raigarh(Mh), Maharashtra	S3-327138737	gtprivate.com	No C-520 F.n.5-a-2, Plot No 13-14 Sect 8 Kharghar, Navi Mumbai, Raigarh(mh), MH
miss:not_in_candidates		S1-932246856	Metro Holdings Group, LLC	2727 Elm Street, AZ, Phoenix	S2-119363803	METRO  HOLDINGS GROUP LLC	
miss:not_in_candidates		S1-916758025	Modern Manufacturing LLC	19 Westgate Road, Unit 6, Newton, MA	S2-142369841	MODERN MASUACLTURIGN LLC #42586	
miss:not_selected	0.6283830182758605	S1-41590381	Oncology Supreme Clinic Inc.	5485 Quail Run, Theodore, AL	S2-522960808	ONCOLOGY SUPREME CLINIC INC.	
miss:not_selected	0.256841119217143	S1-653218537	Uptown Bike Shop Partners	304 Live Oak Lane, Fl 0, Weatherford, TX	S2-709367277	@uptownbike	##304 LIVE OAK LN, WEATHERFORD, TX
miss:not_in_candidates		S1-694916536	High Tech Private Limited	Flat No 302 Fortune Signature Towers Nizampet X Road Beside Jntu Metro Statio, N, Hyderabad, Telangana	S3-915949594	High Tech Private Ltd	
miss:not_selected	0.6419334922651985	S1-240804350	Jadeja Brothers Private Limited	Raigarh(Mh), Maharashtra, H No 742, Panvel, Patnoli Tal	S3-111235502	Pe Jadeja Brothers [Limited]	H No 742, Raigarh(mh), MH
miss:not_in_candidates		S1-143898496	Maa Food Private Limited	J 1236 Gurugram, Gurugram, Gurgaon, Haryana	S3-317300686	Maa Food प्राइवेट लिमिटेड	
miss:not_in_candidates		S1-331546222	India Solution (India) Corp	061, Sarathi C H Society, Nr Drive-In-Cinema, Memna, Ahmadabad City, Ahmedabad, Gujarat	S2-32896869	Dr INDIA (INDIA) CORP SERVICES	161, SARATHI C H SOCIETY, NR DRIVE-IN-CINEMA, MEMNA, AHMADABAD CITY, Gujarat
miss:not_in_candidates		S1-39042441	Heartland Spruce LLC	1678 Golden Rod Avenue, Redlands, CA	S3-605944688	Heartland LLC Center	Golden Rod Ave, Redlands, California
miss:not_in_candidates		S1-854396228	Chiropractic Clinic	4100 Rhode Island Avenue, Unit 203, Brentwood, MD	S2-794917612	CHIR0PRACTIC  SERVICE	4100 RHODE ISLAND AVE, BRENTWOOD, MD
miss:assigned_elsewhere	0.022413613615696104	S1-637341794	The Dent Hair Studio!	7620 Canode Drive, Amarillo, TX	S2-417517896	THE DENT HAIR  STUDIO!	
miss:not_in_candidates		S1-14828091	Fresh Ice Cream	631 67th Avenue, Duluth, MN	S3-546120574	Fresh Ice Cream Inc	
miss:assigned_elsewhere	0.000013438291607691569	S1-204668770	Shree Pharmaceuticals Pvt Ltd	D.No.1-44 T.V.Road, Yakamuru, Krishna, Andhra Pradesh	S2-146954666	Shree Pvt Ltd Center	
miss:not_selected	0.2847450197442244	S1-458126079	Precision Digital Solutions LLC	Memphis, TN, 1689 Kendale Avenue	S2-859315753	PRECISION DIGITAL SOLUTIONS LLC	1698 KNEDALE AVENUE, MEMPHIS, TN
miss:not_selected	0.3508511260401924	S1-953319537	Mengistu Point, Inc	647 Church Avenue, Jacksonville, AL	S3-959501121	Mengistu Proaint, Inc	647 Church Ave, Jacksonville, Alabama
miss:not_in_candidates		S1-513991488	Meryl Reyes, DPM	515 Raven Road, Shorewood, IL	S2-422821505	MERY1 REYES, DPM	
miss:not_in_candidates		S1-174220764	Hunger League Inc	2091 Fairview Road, Pleasanton, TX	S2-378306082	Hunger Inc Center	TX, PLEASANTON, 091 FAIRVIEW RD
miss:not_in_candidates		S1-13637427	Clarion Pharma Private Limited	Nil-24 A, Ff Malviya Nagar, New Delhi, South Delhi, Delhi	S3-267367827	Clarion Private Pharma Limited	
miss:assigned_elsewhere	0.00003146174008895639	S1-117170933	Cedar PC	811 Mackinaw Avenue, Calumet City, IL	S3-674888108	Cedar PC Enterprises	
miss:not_in_candidates		S1-643763762	South Preparatory Academy	1326 Bay Street, Orange, TX	S2-963893704	SOUTH PRIEPARATHRY ACADEMY	
miss:not_in_candidates		S1-727299230	Pediatric Dentistry Care	6405 Sonoma Way, Florence, AZ	S2-535312220	PEDIATRIC-DENTI5TRY	AZ, FLORENCE ITY, SONOMA WAY
miss:not_in_candidates		S1-677216267	One Finance	E-52 Midc178 Lamingtome Road Ambad Nasik, Nashik, Mumbai, Maharashtra	S2-206289678	Sri One Center	E-G-52 MIDC178 LAMINGTOME ROAD AMBAD NASIK, NASHIK, महाराष्ट्र
miss:assigned_elsewhere	0.7017317481713882	S1-517880800	Anand Technology Private Limited	2, Ram Lochan Mullick Street 1St Floor, P.S-Jorasanko, Kolkata, Howrah, West Bengal	S2-570033051	আনন্দ টেকনোলজি প্রাইভেট লিমিটেড	2., HOWRAH, KOLKATA, পশ্চিমবঙ্গ
miss:not_in_candidates		S1-618302575	Dermatology Heartland Care Associates Group	2533 W Market St, Louisville, KY	S2-190609925	Dermatology Heartland Care Associates LLC	
miss:not_in_candidates		S1-830783569	Silver Investments Limited	Jhansi, Civil Line Civil Lines, Jhnasi, 95/7, Uttar Pradesh	S3-507945088	Silver Limited Partners	Jhnasi, उत्तर प्रदेश, 95/7/3, Jhansi, N/A
miss:not_selected	0.10543094903988164	S1-653481383	Arts Charities	Wake Forest, 744 Merritt Capital Drive, NC, Unit 119	S3-475528258	Arts Charities Corp	74 Merritt Capital Drive, Wake Forest, North Carolina
miss:not_in_candidates		S1-291038461	Palacios and Carter Airlines	2 Ridge Avenue, Westminster, MA	S3-363118449	PALACIOS AND CARTER CARTER AIRLINES | www.palaciosa.com	
miss:not_in_candidates		S1-987974813	Bangalore Rides Private Limited	3Rd Floor, Plot No#128/P2 Epip Industral Area Whitefield, Sonnenaha, Lli Villag, Bangalore, Karnataka	S3-184115903	Bangalore Private Limited Partners	B3/3rd Flor, Bangalore, KA
miss:not_selected	0.025096261922075935	S1-384389849	Rodrigues Illinois	3691 Old Us Hwy 421, Vilas, NC	S2-209595960	Rodrigues Íllinois LLC	380 OLD US HWY 421, VILAS, NC
miss:not_in_candidates		S1-723419696	Wires Consultants Ltd	H No 198, C/O Keshrabai Naik, Sengaon, Hingoli, Maharashtra	S2-285559394	Wires Ltd Partners	
miss:not_in_candidates		S1-879680361	Pediatric Dentistry Interstate Health LLC	10876 Secretariat Boulevard, Daphne, AL	S3-550298606	dpinterstatecom	Secretariat Boulevard, Baldwin County, Alabama
miss:not_in_candidates		S1-53608699	Strategic Mobility Works Co	Spring Hill, 215 Columns Way, Unit 334, TN	S3-288213129	Gildzeta	212 1/2 Columns Way, # 334, Spring Hill, Tennessee
miss:assigned_elsewhere	0.00003615943705311986	S1-471296004	Cascade Investments	11947 Tualatin Road, Unit #1217, Tualatin, OR	S2-181401031	... Cascade Services	TUALATIN RD, TUALAATIN, OR
miss:not_in_candidates		S1-864115498	Continental Fund	500 Benson Drive, Bldg R, Tarboro, NC	S3-454986673	Continental Fund LP Enterprises	
miss:not_in_candidates		S1-855830779	Yuva & Brothers Private Limited	Uttar Pradesh, Post- Mak, Khanpur, Firozabad, Nagla Turakiya Makkhanpur Near Pani Ki Tanki, Firozabad	S3-566672051	Dr Yuva & Brothers Private Ltd	
miss:not_selected	0.6283877946730537	S1-860888616	Hunger Foundation Pvt. Ltd.	Punjson Premises, Kalkaji Industrial Area Okhla, Kalkaji, South Delhi, Delhi	S2-299156310	Hunger Foundation Pvt.	BLOCK A-177 PUNJSON PREMISES, KALKAJI INDUSTRIAL AREA OKHLA, KALKAJI, Delhi
miss:not_in_candidates		S1-318621731	Advance (India) Laminate Private Limited	Hn A/50 Shahtri Puram, Agra Up In, Agra, Uttar Pradesh	S2-711820861	Advance (India) Laminate Private Ltd Ltd	
miss:not_in_candidates		S1-828523383	Eastern Robinhood LLC	304 Oconnor Road, Babylon, NY	S3-945334205	Eastern LLC Partners	
miss:not_in_candidates		S1-887594618	Ratech LLC	15 Adams Street, Glen Cove, NY	S3-813183184	Ratech LLC	
miss:not_in_candidates		S1-467363475	Halo Group	4104, Bangalore South, Staff Room Prestige, Tranquility Off Omr, Bangalore, Karnataka	S3-554879627	Yumadelta	Karnataka, Bangalore South, Bangalore, Staff Room Prestige, Tranquility Off Omr, 4104
miss:not_in_candidates		S1-26442104	Gujarat Infotech Pvt Ltd	201, Vijaya Ratna Apts, 3-6-146, Himayath Nagar. Hyderabad, Andhra Pradesh, Telangana	S2-994769312	గుజరాత్ ఇన్ఫోటెక్ ప్రైవేట్ లిమిటెడ్	HYDERABAD URBAN, ANDHRA PRADESH, 201, Andhra Pradesh
miss:not_selected	0.6082999227822198	S1-423032562	Galaxy Global Pvt Ltd	402, B/ Suraj Apartment, Eksar Road, Shanti Asram, Borivali (West), Mumbai, Maharashtra	S3-417346524	Galaxy Global Pvt Limited	#482/1 402, Greater Mumbai, Mumbai, MH
miss:not_in_candidates		S1-185651937	Pioneer Infrastructure Labs	OK, Muskogee, 807 York Street	S2-795224167	Pioneer Infrastructure	
miss:assigned_elsewhere	0.000010149100499390925	S1-127903166	Bk Builders Pvt Ltd	Mahadev Jharkhandi, Turka No.-1 A.V.C. Kunraghat, Gorakhpur, Uttar Pradesh	S3-886641689	Bk Pvt Ltd Center	UP, Mahadev Jharkhandi, Gorakhpur
miss:not_in_candidates		S1-967659746	Bay Super LLC	3299 Grandview Drive, Essex County, VA	S3-463221703	Bay Super	
miss:not_selected	0.01805953237288952	S1-383171952	Black Smart Food	21, H Road Bhopalpura, Udaipur, Rajasthan	S3-356639683	Black Smart Fóod Fóod	41, Girwa, RJ
miss:not_selected	0.5743078820157708	S1-201873973	Crestline Blackstone LLC	60 Kensico Road, Unit Apartment 15, Mount Pleasant, NY	S2-961941373	Crestline Beloackstone LLC	60 KENSICO RD, MOUNT PLEASANT, NY
miss:not_in_candidates		S1-450071989	Elite Grifols Inc	129 Buckner Street, Winchester, KY	S3-85298854	Elite Inc Service	Buckner Street, Winchester, Kentucky
miss:not_in_candidates		S1-553230553	Eastern Trading	502, 5Th Floor, Dlf Prime Tower, F-Block, New Delhi, South Delhi, Delhi	S3-694332647	Teastern.Com	502, New Delhi, South Delhi, DL
miss:not_selected	0.5150414581130869	S1-947328256	Hyacinthie Ray, P.A.	13340 Judy Avenue, Uniontown, OH	S2-933350430	Rify,, Hyacinthie P.A.	1334 JUDY AVENUE, UNIONTOWN, OH
miss:not_in_candidates		S1-310860070	Shree Consulting Private Limited	Office No 801, 8Th Floor, Business Square, Shivajinagar, Pune City, Pune, Maharashtra	S3-829961620	श्री कंसल्टिंग प्राइवेट लिमिटेड	Office No G-801, 8Th Floor, Business Square, Shivajinagar, Pune, महाराष्ट्र
miss:not_in_candidates		S1-241194852	Creative Golden Global Private Limited	1837/1, Madathuveedu 3, Kesavadasapuram, Thiruvananthapuram, Trivandrum, Kerala	S2-264521597	ക്രിയേറ്റീവ് ഗോൾഡൻ ഗ്ലോബൽ പ്രൈവറ്റ് ലിമിറ്റഡ്	TRIVANDRUM, Kerala, H.NO C-535 1837/1
miss:not_in_candidates		S1-635197347	Ace Products Private Limited	Ground Floor, A-104, Sector-63, Noida, Gautam Buddha Nagar, Uttar Pradesh	S3-39000304	एस प्रोडक्ट्स प्राइवेट लिमिटेड	Ground Floor, Gautam Buddha Nagar, Noida, UP
miss:assigned_elsewhere	0.02157730675931826	S1-617875577	Cherish Polypack Co	1/9/1767, Bhagirath Palace Ch.Chowk, New Delhi, Delhi	S3-893179275	Cherish Plrypakc Co	
miss:assigned_elsewhere	0.000012645337410280644	S1-617506472	My Engineering Limited	Mumbai, Sunny Villagandhi Gram Road Juhu North, Mumbai, Maharashtra	S3-193893625	My Limited Center	Sunny Villagandhi Gram Road Juhu North, Bombay, Mumbai, MH
miss:not_in_candidates		S1-637046218	Eastern Producer Private Limited	M-127, 1St Floor Guru Harkishan Nagar, New Delhi, Delhi	S2-758071269	Eastern Private Limited Services	M-127, 1ST FLOOR GURU HARKISHAN NAGAR, Delhi
miss:assigned_elsewhere	0.0007152296516673195	S1-427304256	Pioneer Construction Private Limited	Ground Floor, Amba Uday Apartments, Cts No. 809, Opp. Jain Mandir, 5Th Road, Khar (West), Mumbai, Mumbai City, Maharashtra	S2-578155211	पायोनियर कंस्ट्रक्शन प्राइवेट लिमिटेड	GROUND FLOOR, MUMBAI CITY, MUMBAI, महाराष्ट्र
miss:not_in_candidates		S1-78067992	Allied Reliable Athena Inc	NC, Rockingham, 987 1 Highway	S3-566343674	Wexpyra	1 Hwy, North Carolina, Rockingham
miss:assigned_elsewhere	0.016639666457301104	S1-852618239	Value Staked LLC	950 Marian Road, Carroll County, VA	S2-732336528	Value  LLC Center	
miss:not_in_candidates		S1-125977403	Arihant Marketing Private Limited	F-1203 12Th Floor Tower-K, Antriksh Kanball Sector-77, Noida, Gautam Buddha Nagar, Uttar Pradesh	S2-191192602	Dr Arihant Marketing Private-Limited	
miss:not_in_candidates		S1-761587879	Creative Software Private Limited	29A, Pocket-1 Sector-7, Dwarka, New Delhi, Delhi	S2-375110744	Creative Software Private	
miss:not_in_candidates		S1-368109181	Dynamic Global Private Limited	Bhopal, Madhya Pradesh, Second Floor, Kwality, Prikarima, Zone 1, M.P Nagar, Huzur, Shop No 2/1	S3-718717326	DG	Shop No 2/1, Second Floor, Kwality, Prikarima, Zone 1, M.P Nagar, Huzur, Bhopal, Madhya Pradesh
miss:not_in_candidates		S1-380251500	Ace Urban Impex Private Limited	16, 1St Main 1St Cross, Nandadeepa Layout, Bangalore South, Bangalore, Karnataka	S3-244127640	Brixdelta	16, 1St Main 1St Cross, Nandadeepa Layout, Bangalore South, Bangalore, Karnataka
miss:not_in_candidates		S1-827807273	Martin Deutsche Inc	11 River Street, Unit Apartment 408, Sleepy Hollow, NY	S3-75283935	Jaxpyraevo	##11 River Street, <NULL>, Tarrytown Township, New York
miss:not_in_candidates		S1-44235303	Life Products LLP	Shop No. 1, 2 & 3, Crystal Tower, Gundavali Road No. 3, Off Andheri Kurla Road, Andheri East, Mumbai, Maharashtra	S3-285763376	LLP Life Próducts	Shop No. ##1, Mumbai, MH
miss:not_in_candidates		S1-91282709	Allied Cardiology	1207 33rd Street, Tucson, AZ	S2-916250212	ALLIED SERVICE	33ST STREET, TCUSON, AZ
miss:not_selected	0.07436084023763793	S1-505937498	Eye Value Care LLC	2303 Sugar River Road, Town Of Verona, WI	S3-487876720	Veracira	Sugar River Rd, Veorna, Wisconsin
miss:not_in_candidates		S1-523446699	Suncity Farmers Private Limited	Navi Mumbai, Maharashtra, 1005, Thane, B, Raveichi Heights, Plot No. 25 Sector 7, Kharghar	S3-869921886	Suncity Private Limited Service	1005, Navi Mumbai, MH
miss:not_in_candidates		S1-295998961	MFB Pharmaceuticals Private Limited	Vill - Talbanda, P.O - Jaguberia P.S - Ghola, Ghola, Parganas North, West Bengal	S2-643115629	MFB Private Limited Center	
miss:not_selected	0.46895902731945216	S1-684553580	Complete Marine Global	100 Shryer Road, Athens, TN	S3-317773289	Haloyumaquo	Tennessee, Athens, Shryer Road
miss:not_in_candidates		S1-360382515	Division of Aging	505 21st Avenue Court, Milton, WA	S3-868788459	Division of-Center of-Center	Washington, Milton, 50 Twenty First Avenue Court
miss:not_in_candidates		S1-176693543	Shree Investments Private Limited	C/O Sri Swagata Bhatacharya, Nearby Rose Public School, Laheriasarai, Darbhanga, Darbhanga, Bihar	S2-419608982	श्री इन्वेस्टमेंट्स प्राइवेट लिमिटेड	HN 610 C/O SRI SWAGATA BHATACHARYA, DARBHANGA, Bihar
miss:not_selected	0.11187636261031268	S1-900269775	Teamsters Local Union 811	1166 243rd Avenue, Town Of Bone Lake, WI	S3-938398334	Teamsters Local  Union 811	1180-1184 243th Ave, Luck, Wisconsin
miss:not_selected	0.59971609130101	S1-928811527	Gina D. Giles, D.C., P.C.	5450 Hinton Road, Athens, WV	S3-516285524	Gina D Gilen, DC, PC	5450 Hinton Rd, Athens, West Virginia
miss:assigned_elsewhere	0.4571861351207433	S1-90817166	Patriot Coastal LLC	326 Cincinnati Street, Toledo, OH	S2-96177831	Patriot Cóastal LLC	
miss:assigned_elsewhere	0.000554987427583676	S1-500923945	Sree Properties Private Limited	7A Bentick Street, 2Nd Floor Room No 216, Kolkata, Kolkata, Howrah, West Bengal	S2-855457818	শ্রী প্রপার্টিজ প্রাইভেট লিমিটেড	H.NO 7A/9 BENTICK STREET, KOLKATA, HOWRAH, West Bengal
miss:not_selected	0.00537064969752045	S1-323441068	Valdes Martin of Albuquerque	NM, 8405 Lomas Boulevard, Albuquerque	S3-721063071	Valdes  Martin | www.valdesma.com	
miss:not_selected	0.6452319787932512	S1-623989960	Welch & Ford LLC	1013 125th Place, Marysville, WA	S2-600463113	WELCH + FADRD LLC	WA, MARYSVILLE, 1013 125ST PL
miss:not_in_candidates		S1-374441135	Catech of Kingston LLC	Kingston, 139 Century Drive, TN	S2-395450205	Catech Catech of	TN, KIGNSTON, 13 CENTURY DRIVE
miss:not_in_candidates		S1-659776372	Vijay Media Limited	Rsn 1001 K-2 Flt No As-4 Gajlaxmi Park Saneguruji Vasahat, Kolhapur, Maharashtra	S3-690567910	Vijay Media Enterprises	
miss:not_in_candidates		S1-493910392	Orthopedic Care LLC	239 S H Street, Gas City, IN	S3-482708588	Orthopedic Care L.L.C. Trading	
miss:not_selected	0.3106399674711743	S1-9823795	Ramos, Kobel & Yen PC	1042 Madison Street, Brooklyn, NY	S2-225948977	Ramos, Kobel & Yen-PC	
miss:not_selected	0.1088375418082591	S1-873912029	Delhi Farming Pvt Ltd	F-25 Situated Madhuvihar, Delhi, East Delhi, Delhi	S2-592323887	Delhi Farming Pvt Limited	NO. 6-37 F-25 SITUATED MADHUVIHAR, DELHI, Delhi
miss:not_selected	0.627857778463321	S1-23398471	Apex Natural Pvt. Ltd.	1-7-27 To 34 And 206 To 228 Paradise Circle, Secunderabad, Hyderabad, Telangana	S3-577127502	Apex Natural	1-7-2 To 34 And 206 To 228 Paradise Circle, Secunderabad, Hyderabad City Region, Hyderabad, TG
miss:not_in_candidates		S1-790457686	Summit Association II LLC	18060 Cornell Road, Unit #A, Beaverton, OR	S3-653860795	Summit Association II  LLC Council	
miss:not_selected	0.6137605533004811	S1-430511712	Pearline's Staffing	LA, 3461 San Felipe Drive, Baton Rouge	S3-725578105	Pearline's (Staffing)	
miss:assigned_elsewhere	3.9454014767140575e-6	S1-206411279	Cornerstone	60 4th Street, Fl 1, Central Point, OR	S3-504309737	Cornerstone Center	60 Fourth Steet, Fl 1, Central Point, Oregon
miss:not_selected	0.6177393285837539	S1-915968994	Ward School of Medicine	1116 Yucca Street, Fl 1, Chandler, AZ	S3-512105320	Ward School of Medicine Inc.	116 Yucca St, Fl 1, Andersen Springs, Arizona
miss:not_selected	0.5966630552964454	S1-901136904	Urban Massage!	35 Probert Street, Unit Unit 9, Rochester, NY	S3-569138106	Urban Massage! Corp	18 Probert Street, Unit Unit 9, Rochester, New York
miss:not_in_candidates		S1-926432881	Pence Hcm	633 Markham Street, Nashville, TN	S3-171984580	Pence Hcm	
miss:not_in_candidates		S1-39514018	Quartz Lease	422 Meacham Street, Fl 0, Saint Louis, MO	S2-685217209	QUARTZ CENTER	422C MEACHAM ST, SAINT LOUIS, MO
miss:not_selected	0.39407320825055037	S1-761948038	Bunting Better Wen Inc	341 Baynes Street, Unit Apartment 1, Buffalo, NY	S3-332168210	BBW	341 Baynes Street, Unit Apartment 1, Buffalo, NY
miss:not_in_candidates		S1-156211184	Dream Industries Private Limited	37, Park Street, Jeevan Vihar, Lic Colony, Karnal, Karnal, Haryana	S2-67842854	Dream Industries  Private Ltd	
miss:assigned_elsewhere	4.839263131598445e-6	S1-115314728	Metro All Company	332 Bunker Hill Road, Rockvale, TN	S2-719673687	CENTER METRO COMPANY	32 BUNKER HILL ROAD, TN, ROCKVALE
miss:not_in_candidates		S1-538088774	Coimbatore Vichar Private Limited	No.5, 6, Anna Nagar, 1St Street Ganapathy, Coimbatore, Tamil Nadu	S3-292165039	Ariayuma	No.5, Coimbatore, தமிழ்நாடு
miss:not_in_candidates		S1-198043124	Behavioral Health Associates LLC	23 Wildflower Road, East Hampton, NY	S2-637009084	Behavi0ral Health Ássoctase LLC	
miss:not_in_candidates		S1-130942961	Fresh Design Solutions LLC	5420 Dodsworth Lane, Cold Spring, KY	S3-60866875	Fresh Design Solutions	
miss:not_in_candidates		S1-337810832	Ram Shree Finance Private Limited	House No. 261/17, Defence Colony, Railway Colony Muradnagar, Ghaziabd, U.P., Muradnagar, Ghaziabad, Uttar Pradesh	S2-670721020	राम श्री फाइनेंस प्राइवेट लिमिटेड	BLOCK D-362 HOUSE NO. 261/17, DEFENCE COLONY, RAILWAY COLONY MURADNAGAR, GHAZIABD, U.P., DIST GHAZIABAD, MURADNAGAR, Uttar Pradesh
miss:not_in_candidates		S1-779638765	Jai Impex Pvt Ltd	Kejriwal House7 N Gamadia Rd, Mumbai, Maharashtra	S3-584393268	जय इम्पेक्स प्रा. लि.	828 Kejriwal House7 N Gamadia Rd, Bombay, Mumbai, MH
miss:not_selected	0.35517546739831213	S1-276380727	Noida Food Private Limited	B-12/38, 39, Site-B, Suraj Pur Industrial Area, Noida, Gautam Buddha Nagar, Uttar Pradesh	S2-314648975	Noida Food Limited Services	
miss:not_in_candidates		S1-694404544	Dermatology Medicine of White Sulphur Springs	142 Church Street, White Sulphur Springs, WV	S3-805509883	Dermatology-Medicine Of White	
miss:assigned_elsewhere	0.0001875823142910876	S1-796413451	Stellar (India) Export Private Limited	C/O Anil Gaur, West Gate, Nawacity, Nagaur, Rajasthan	S3-154652344	SE	C/O Anil Gaur, West Gate, Nawacity, Nagaur, Rajasthan
miss:not_selected	0.630515484222617	S1-783642705	Great Gaming LLC	6010 Mio, Phoenix, AZ	S3-4658086	Great Gaming Llc	
miss:not_in_candidates		S1-108492185	Balaji Polytechnic	Wework, Cinnabar Hills, Embassy Golf Link Sy 13/2, Bangalore North, Bangalore, Karnataka	S2-65559916	Balaji Services	
miss:not_in_candidates		S1-516427048	Red Infotech	Shop-C 102, Amora Arcade Utran, Surat City, Surat, Gujarat	S3-245786136	Red	Gujarat, Shop-C 102, Surat, Amora Arcade Utran, Surat City, Surat
miss:not_in_candidates		S1-891855918	Digital Software Pvt Ltd	Shop No. 6, Fortune Empire, 1St Floor, Panchvati, Vill. & Tal. - Kalol, Gandhinagar, Gandhinagar, Gandhi Nagar, Gujarat	S3-540016179	Mr Digital Software Pvt Ltd. - 8156956342	
miss:not_selected	0.5961004367503355	S1-395592316	Suresh International School Care	B -103, Anmol Space, 20 -21 Baikunthdham, Indore, Madhya Pradesh	S2-148120455	Suresh International Scohl Care	
miss:not_in_candidates		S1-686052314	Golden Piedmont Business	861 Bode Road, Unit 1E, Elgin, IL	S2-600723769	Golden Business  Center	BODE RD, ELGIN, IL
miss:not_in_candidates		S1-683023220	Super Consulting Pvt Ltd	Door No.56/3111, Ii Floor, Plot No. G 259, Ernakulam, Kerala	S3-740124572	Super Pvt Ltd Services	
miss:not_selected	0.4323181928091644	S1-846763089	Capital Animal Hospital Corp	77 Forest Road, Kiryas Joel, NY	S3-927314474	Capital  Animal Hospital Corp	459 Forest Rd, Monroe, New York
miss:not_in_candidates		S1-998280187	Dermatology Associates	2405 College Street, Bldg TRLR 13, Bozeman, MT	S2-247817293	Dermatology Associates LP	
miss:not_in_candidates		S1-936570122	Tri-State Japan Inc	6503 Scioto Chase Boulevard, Powell, OH	S3-247906577	Tri-State-Inc (Center)	
miss:not_in_candidates		S1-506124862	Anand Developers Private Limited	No 20 Radhesham Nivas, Coconut Avenue Jambusavari Dinne J P Nagar 8Th Phase, Bangalore, Karnataka	S2-315992463	ಆನಂದ್ ಡೆವಲಪರ್ಸ್ ಪ್ರೈವೇಟ್ ಲಿಮಿಟೆಡ್	H.NO 18 RADHESHAM NIVAS, COCONUT AVENUE JAMBUSAVARI DINNE J P NAGAR 8TH PHASE, BENGALURU, BANGALORE, Karnataka
miss:not_in_candidates		S1-626606903	Historical Initiative	222 Bridgewater Circle, Suisun City, CA	S3-663770816	Historical Initiative Trading	
miss:not_selected	0.5388622643434231	S1-145734503	Alejo Architecture LLC	IL, 402 Dorth Street, Streator	S3-839089012	Alej0 Archtcthure LLC	402 Dorth St, Streator, Illinois
miss:assigned_elsewhere	0.02453210112659491	S1-370134144	Fresh Deli! PLLC	7425 Greenstone Street, Houston, TX	S2-430911099	Fresh Déli!	
miss:assigned_elsewhere	0.009642680436521856	S1-445628211	PPR Techno Ltd	Thrissur, Flamon Complex, Near St. Joseph Church, 1St Floor, Thrissur, Kerala	S3-157873041	PPR Ltd Services	C-1st Floor, Thrissur, KL
miss:not_in_candidates		S1-288233345	Supreme Payment Group	294 Flax Hill Road, Norwalk, CT	S3-128460531	Supreme  Payment Group	
miss:not_in_candidates		S1-519673054	Gulf League	4347 Bugle Road, Houston, TX	S3-694336601	Korjaxjax	Bugle Rd, Houston, Texas
miss:not_selected	0.2855894330217842	S1-220909756	Angelique's Unified Towing LLC	164 Windsor Drive, Wake Forest, NC	S3-363792493	Nylaarc	Windsor Dr, Wake Forest, North Carolina
miss:not_selected	0.524450994396712	S1-13967612	Rocky Optimal Managers	3154 Willow Bend, Beavercreek, OH	S2-158620969	Rocky Optimal Managers [Inc.]	315 WILLOW BEND, BEAVERCREEK, OH
miss:not_in_candidates		S1-71897146	Thane India Clinic	301 C Wing, Legacy Chs, Lodha Road, Op Banegar Sc, Thane, Maharashtra	S3-680288601	@Thaneindia	Door No 3-301 C Wing, N/A, Thane, महाराष्ट्र
miss:not_in_candidates		S1-628313387	Bright Products	1St Floor, Bishnoi House, Plot4, 5, 6, 9Nr Vgl Station, Vadodara, Gujarat	S3-376134081	Bright Products Company	
miss:not_in_candidates		S1-645218320	Karyn Jackson Heritage Battery LLC	3368 6th Street, Unit 102, Washington, DC	S2-357003301	Karyn Jackson Heritage Báttéry LLC	
miss:not_in_candidates		S1-102444297	Gallaway & Reinhart John	11405 3600, Whiterocks, UT	S2-337650403	Gallaway & Réinhart John	
miss:not_in_candidates		S1-97499235	Om Developers Private Limited	No 1467, Raghavan Swami Memorial Building Pulamon P O, Kottarakkara, Kollam, Kerala	S3-229609223	Om Developers Limited (Private)	
miss:not_in_candidates		S1-759245142	Annai Consultancy	303, 3Rd Floor, Newyork Plaza, Opp. Judges Bunglow, Premchand Nagar Road, Ahmedabad, Gujarat	S2-805869249	Annai Consultancy Co	
miss:assigned_elsewhere	0.808280020682741	S1-905470103	Rapid Total Neuberger Inc	474 Glenn Villa Lane, Unit 142, Avon, IN	S2-196620650	Rapid Neuberger Inc Partners	
miss:not_selected	0.5571842889040787	S1-918717452	Advance Micro Private Limited	Room No 2, Nav Vrundavan Society Chikanipada, Thane, Kalyan, Thane, Maharashtra	S3-933804660	Advance Micro Private Limited	
miss:not_selected	0.40656687186724916	S1-924484905	Noida Great Private Limited	6Th Floor, Logix Technova, Sector-132, Noida, Uttar Pradesh, Gautam Buddha Nagar, A-627 & A-628, Noida	S3-462016029	Noida 6reat Pilate Limited	Gautam Buddha Nagar, Gautam Duddh Nagar, A-627 & A-628, उत्तर प्रदेश
miss:not_selected	0.5498621910855627	S1-3672990	Neel (india) Private Limited	H No. 377, Bhardwaj Complex Vill- Prahlad Garhi, Vasundhara, Ghaziabad, Uttar Pradesh	S2-585515372	Neel (india) Private (Ltd) #95102	
miss:not_in_candidates		S1-666827003	Lakshmi Agro Private Limited	144 Opposte Vrundavan Farm Behind Bhairavnath Process Piplaj Pirana Road Piplaj, Ahmedabad, Gujarat	S2-455334270	લક્ષ્મી એગ્રો પ્રાઇવેટ લિમિટેડ	AHMEDABAD, Gujarat, 44 OPPOSTE VRUNDAVAN FARM BEHIND BHAIRAVNATH PROCESS PIPLAJ PIRANA ROAD PIPLAJ, AHMEDABAD
miss:not_selected	0.5638708989307337	S1-132627931	Pierce National Network	1600 Rhododendron Drive, Unit Space 208, Florence, OR	S3-156180108	Pierce National Network LLC	160 Rhododendron Dr, Unit Space 208, Florence, Oregon
miss:not_selected	0.12262178153459434	S1-605991963	Mumbai Creations Pvt. Ltd.	3Rd Floor, Powai Plazza, Hiranandani Garden, Powai, Shop No. 361, Mumbai City, Mumbai, Maharashtra	S2-618201506	Mumbai Creations Pvt. Limited	
miss:not_selected	0.3008965154327909	S1-676663522	Certified Defense Solutions	3626 Irwin Avenue, Bronx, NY	S3-839471430	Certified Defense Solutions LP	
miss:assigned_elsewhere	0.00012419021430141636	S1-20849054	Premier Services	First Floor, Plot No-573, Saheed Nagar, Bhubaneswar, Khordha, Orissa	S3-213773927	Premier Services	First Floor, Bhubaneswar, Rasulgarh, OD
miss:not_in_candidates		S1-102397720	Quad Records Pvt. Ltd.	Flat No 111 Mbr Svave Apt, Belathur White Field, Hosakote, Bangalore Rural, Karnataka	S2-748710956	Smt Quad Records Pvt. Ltd.	
miss:not_in_candidates		S1-355204418	Foot & Ankle Partners of Ballwin	148 Cumberland Park Court, Unit UNIT A, Ballwin, MO	S3-195742112	Foot + Ankle Partners	48 Cumberland Park Ct, Ballwin, Missouri
miss:not_in_candidates		S1-999245455	VVC Electronics Associates	202 Griswoldville Avenue, Newington, CT	S3-575619058	VVC Ecetronils  Associates	
miss:not_in_candidates		S1-259735629	AAN Liability Public Limited	Plot No. 35, Industrial Estate Area Jamwadi Gidc, Gondal, Rajkot, Gujarat	S3-652786025	AL	Rajkot, Gujarat, Gondal, Plot No. 35, Industrial Estate Area Jamwadi Gidc
miss:not_in_candidates		S1-546084163	Alpha Products LLP	Madhya Pradesh, Indore, Maloo01 Scheme 94, Sector C Near Velocity Cinema Ring Road, 404, Indore	S3-328681320	ALPHA PRODUCTS LLP (ID: 64073)	4-04, मध्य प्रदेश
miss:not_in_candidates		S1-940145084	Aina Infotech Pvt. Ltd.	No.714 A, Spencer Plaza, Phase 2, Annasalai, Chennai, Tamil Nadu	S2-121723169	Onyxbrixonyx	SPENCER PLAZA, PHASE 2, ANNASALAI, Tamil Nadu, NO.714 A, CHENNAI
miss:not_selected	0.23140986992361176	S1-342032611	Better Modern Ave, LLC	25 Wilson Avenue, Kingston, NY	S3-672335881	Better Modern Ar, LLC	
miss:not_in_candidates		S1-172146084	Life Sree Trading Pvt Ltd	5 Industrial Area, Ganesh Talkies Road, Sriganganagar, Ganganagar, Rajasthan	S3-715664231	लाइफ श्री ट्रेडिंग प्रा. लि.	4 Industrial Area, Ganesh Talkies Road, Ganganagar, RJ
miss:not_in_candidates		S1-97981555	Radiant Singh LLP	5B, 2Nd Floor, 64B, Raja Bahadur, Bansilal Bldg. J.S.S. Road, Girgaon, Opera House, Mumbai, Maharashtra	S3-76586231	Mr Radiant LLP Center #65981	5B, N/A, Mumbai, महाराष्ट्र
miss:not_in_candidates		S1-288831468	Berning Corporation Corp	4510 Quickdraw Lane, Enoch, UT	S2-780727066	Benten Corporation Corp	451 QUICKDRAW LN, CEDAR CITY, UT
miss:not_selected	0.6185018583147079	S1-772268073	Krishna Energy Private Limited	D/203, Teerth Tower, Sus Gaon S No 28/2/1 And 28/3/34, Pune, Maharashtra	S2-926807202	Krishna Energy Private	D/203/8, TEERTH TOWER, SUS GAON S NO 28/2/1 AND 28/3/34, PUNE, <NULL>, महाराष्ट्र
miss:assigned_elsewhere	1.2827675936800047e-6	S1-774477080	Hari Hospitality Private Limited	6-2-913/914, 5Th Floor, Progressive Towers, Khairatabad, Hyderabad, Telangana	S3-264028424	Hari Private Limited Center	6-2-913/914, Hyderabad, TG
miss:not_in_candidates		S1-541248111	Simon Seafood	544 Corvin Road, Cleveland, TN	S3-609795386	Simon (Center)	
miss:not_in_candidates		S1-876487563	Scott Valley Sun, LLC	CO, 3195 F Road, Unit 9, Fruitvale	S3-239389825	Lyrariza	319 F Road, Fruitvale, Colorado
miss:assigned_elsewhere	2.6371994043822485e-6	S1-685062308	Shiv Infrastructure	15/N New Ali Pore Block- A, Flat-2A, Kolkata, Howrah, West Bengal	S2-343196326	শিব ইনফ্রাস্ট্রাকচার	15/N NEW ALI PORE BLOCK- A, KOLKATA, HOWRAH, পশ্চিমবঙ্গ
miss:not_in_candidates		S1-988583775	Southern Products Private Limited	S-8/117-2-R-1, Khajuri Road, Varanasi, Uttar Pradesh	S3-73190704	SP	S-8/117-2-R-1, Khajuri Road, Varanasi, Uttar Pradesh
miss:not_in_candidates		S1-531588437	Birla Services Private Limited	C/O Sheetal Jingonda Patil 217, Near Adagonda Patil Hous, Chintamani Nag, Ar, Sangli, Maharashtra	S3-778352661	8rixaria	Sangli, महाराष्ट्र, Block D-684 C/o Sheetal Jingonda Patil 217
miss:assigned_elsewhere	0.00028667208929055083	S1-130852268	Valle Stone Inc	2816 Vanstory Street, Unit 2H, Greensboro, NC	S3-662006486	Valle Stden-Inc	
miss:not_in_candidates		S1-742784095	Eye Care Associates, Inc.	Roseburg, 180 Brent Court, OR	S3-376859261	ecassociates.com	18 Brent Ct, Roseburg, Oregon
miss:not_selected	0.2058935933919903	S1-69161413	Foot & Ankle Group	101 Flat Rock Road, Potsdam, NY	S2-115272139	Foot & Ankle Inc	103 FLAT ROCK RD, POTSDAM, NY
miss:not_in_candidates		S1-401464474	Family Care Associates	14416 Theriault Road, Hounsfield, NY	S3-173066587	Family Family Caegre Ass0ciates	
miss:not_in_candidates		S1-653457067	New Delhi Exports Private Limited	New Delhi, 910 Chiranjiv Tower43 Nehru Place, Delhi, South Delhi	S2-341496804	new delhi exports private limited	
miss:not_in_candidates		S1-655095167	Sterling	2955 9th Place, Gary, IN	S3-662807108	5ceradihng	Indiana, Gary, 2955 9rd Place
miss:assigned_elsewhere	0.6118276975481984	S1-976231374	Digital Investments Private Limited	B-302, Basera Apartments, Lokhandwala Complex, Andheri (W), Mumbai, Maharashtra	S3-336819456	Jaxlyra	B-302, Basera Apartments, Lokhandwala Complex, Andheri (W), Mumbai, Maharashtra
miss:not_selected	0.5713825625731546	S1-90662798	Willoughby and Johnson Eqv	654 Littleleaf Terrace, Unit Apt 22, Fayetteville, AR	S2-513033849	Willoughby and Johnson Eqv Inc	1052 LITTLELEAF TER, AR, FAYETTEVILLE
miss:not_in_candidates		S1-518531156	Desert Program	18 5th Street, Harlan, KY	S3-991854720	Desert Ptóclgrm	
miss:not_selected	0.6208267366196589	S1-428890674	Vision Custom Group	1168 Mission Trail, Salado, TX	S2-136795614	Vision  Custom Group	
miss:assigned_elsewhere	0.6041266979762714	S1-185464007	Western Digital Private Limited	34, Tamil Nadu, Chennai, South Usman Road	S3-954479110	Western Digital Private	
miss:not_in_candidates		S1-998275925	Ss Life Construction LLP	166, Street Baldev Sahai, Etah, Uttar Pradesh	S3-399796979	Ss Life Construction	
miss:assigned_elsewhere	0.000026466233066720915	S1-891254488	Aalap Media (India) Limited	Plot No 29-A, Flat No 06, 6Th Floor, Carmicheal Shikharkunj Chsl, Carmichael Road, Mumbai, Maharashtra	S2-527460816	Dr AM	MUMBAI, PLOT NO 27-A, FLAT NO 06, 6TH FLOOR, CARMICHEAL SHIKHARKUNJ CHSL, CARMICHAEL ROAD, Maharashtra, MUMBAI
miss:not_in_candidates		S1-490807094	Advanced Marine Services Inc	4517 Willow Way Drive, Mckinney, TX	S3-655400080	Advanced Marine Enterprises	
miss:not_in_candidates		S1-13760315	Hankins Shore, L.L.C.	301 Sycamore Road, Snow Shoe, PA	S2-709487186	Hankins Shore, Llc	
miss:not_in_candidates		S1-570850599	Ghaziabad Equipments LLP	C/O Mr. Daya Ram Arya S/O Hari Ram E 55 Nand Gram, Ghaziabad, Uttar Pradesh	S3-144345388	Ghaziabad Egquibmlnnst LLP	
miss:not_selected	0.6322579134858415	S1-711375964	Pediatric First Specialists, PLLC	2028 Empire Court, Creedmoor, NC	S3-104821210	Pediatric First Specialists, Pllc	
miss:not_in_candidates		S1-366563335	Cardiology Care Associates LLC	10405 Hill Pointe Avenue, St. George City, LA	S2-324683120	Cardiology Care Associates (LLC)	
miss:not_in_candidates		S1-27063418	Balaji Consultants Private Limited	304, Daffodil Towers Omaxe Greenvalley, Sec 41/42, Gurukul Road, Faridabad, Haryana	S3-351215988	Balaji	Daffodil Towers Omaxe Greenvalley, Sec 41/42, Gurukul Road, Haryana, Faridabad, 304, Faridabad
miss:not_in_candidates		S1-217630034	Prairie Committee II Inc	68 Burnham Road, Oak View, CA	S3-726742742	Prairie  Committee II Inc	
miss:not_selected	0.500370485467929	S1-700150571	Chandriya Business Limited	Block-E Hathoj, Jaipur, Plotno.E-509 Narayan City, Jaipur, Rajasthan	S2-130361221	Chandriya 8usiness Ltd	PLOTNO.E-511 NARAYAN CIT,Y BLOCK-E HATHOJ, JAIPUR, Rajasthan
miss:not_in_candidates		S1-694051589	Ss Trading Private Limited	Plot No B-4/413 Sector-4, Gomtinagar Vistar, Lucknow, Uttar Pradesh	S2-952306149	SS TRADING LIMITED (SERVICES)	
miss:not_in_candidates		S1-843598698	Jai Hospitality Private Limited	Vill And P.O.- Chousal Gangajal Ghati, Bankura, West Bengal	S2-194655881	জয় হসপিটালিটি প্রাইভেট লিমিটেড	VILL AND P.O.- CHOUSAL GANGAJAL GHATI, BANKURA, West Bengal
miss:not_selected	0.6011259692017774	S1-476396272	Kolkata Solutions	Dumdum, 50 No. Roy And Mallich Colony 1St Floor, West Bengal, Parganas North, Kolkata	S2-916216508	Kelowex	50 NO. ROY AND MALLICH COLONY 1ST FLOOR, DUMDUM, KOLKATA, PARGANAS NORTH, West Bengal
miss:assigned_elsewhere	0.022182133811154844	S1-358644143	Harbor Coalition	2621 Zephyr Mountain Park Road, State Road, NC	S2-181127112	Harbor Coalition LLC #31278	
miss:not_in_candidates		S1-801705728	Devue LLC	3220 Galway Crossing Drive, Columbus, OH	S3-700466610	Devue-LLC	
miss:not_in_candidates		S1-608258263	Royal Construction Private Limited	Office No 8, 1St Floor, Ambe Prena Building Plot 8, Sector 3, Above Axis Bank, Ghans, Oli (W), Mumbai, Mumbai City, Maharashtra	S2-847050237	Royal Private Limited Services	OFFICE NO 8 , 1ST FLOOR, AMBE PRENA BUILDING PLOT 8, SECTOR 3, ABOVE AXIS BANK, GHANS, OLI (W), MUMBAI, Maharashtra
miss:not_selected	0.6363633851720955	S1-747635452	Nunez Fortress	25 Central Street, Unit Unit 8A, Enfield, CT	S2-981998386	Nunez Fortress	
miss:not_selected	0.5035101732035344	S1-700778487	Abro Online	1A/1B, Floor-Basemt, Plot 195, Arcadia Building, Vinayak Kumar Shah Marg, N C P A, Narima, N Point, Mumbai, Mumbai City, Maharashtra	S3-864085862	Abro Orlfne	9A/1B, Mumbai City, महाराष्ट्र
miss:not_in_candidates		S1-188046574	Aig Polytechnic Clinic	Malleshwara Nilaya, 2Nd Main, Shanthinagar, Hassan, Karnataka	S3-347472527	Aig  Polytechnic Clinic Corp	
miss:not_in_candidates		S1-760602515	Indo Estate Private Limited	Ganjpar, Nawtan Ekma, Saran, Ekma, Saran, Bihar	S3-347808439	Indo Private Limited Services	Ganjpar, Nawtan Ekma, Saran, Saran, Ekma, BR
miss:not_in_candidates		S1-485814151	New Delhi Artisan Associates	North Delhi, New Delhi, Delhi, A-1/4 Shakti Nagar Extn	S3-386901010	New Delhi Associates Center	A-/4 Shakti Nagar Extn, New Delhi, North West Delhi, DL
miss:not_selected	0.6191017246059476	S1-576487675	Heritage Printing Associates, Inc	VA, Unit APT 101, 1306 River Tree Drive, Chesterfield County	S3-285667111	Heritage Inc Associates, Printing	
miss:not_in_candidates		S1-510173157	Shyam Construction Private Limited	Thane, Ghodbunder Road, Hiranandani Estate, Patalipada, Thane We, St, Maharashtra, A Villa B 701, Thane	S3-410846259	Dr Shyam  Construction Private Limited	
miss:not_in_candidates		S1-674187776	Anand Energy Pvt Ltd	303/304, 3Rd Floor, T.V. Industrial Estate, Sudam Kalu Ahire Marg, Worli Colony, Mumbai, Maharashtra	S2-109334975	आनंद एनर्जी प्रा. लि.	303/304, MUMBAI, 3RD FLOOR, T.V. INDUSTRIAL ESTATE, SUDAM KALU AHIRE MARG, WORLI COLONY, MUMBAI, Maharashtra
miss:not_in_candidates		S1-495525600	Royal Projects Private Limited	2Nd Floor, 40/42, Mulraj Pragji Harial Bldg Modi Street No. 12, Karva Khana, Masjid, Fort, Mumbai, Mumbai City, Maharashtra	S2-242196887	रॉयल प्रोजेक्ट्स प्राइवेट लिमिटेड	2ND FLOOR, MUMBAI, MUMBAI CITY, Maharashtra
miss:not_in_candidates		S1-761308525	A Cure 2 All	6806 Quail Avenue, Glendale, AZ	S2-424711582	A Cure 2 All Inc Enterprises	
miss:not_selected	0.6456328688729545	S1-554056981	Atlantic Cable, LLC	WA, Walla Walla, 1031 Pomona Street	S2-158308269	Atlantic Cal, LLC	031 POMONA ST, WALLA WALLA, WA
miss:not_selected	0.1811267339628494	S1-159737826	Farra H. Mullins, DMD, P.C.	1412 Fern Drive, Moses Lake, WA	S2-88047461	Farra H. Mullins, DMD, Inc	141 FERN DR, MOSES LAKE, WA
miss:not_in_candidates		S1-410732762	Cisneros Line	737 Porter Road, Hope Mills, NC	S3-251357545	Cisner0s Line Co	
miss:not_in_candidates		S1-546002776	One Exports Private Limited	#1525, Divyadeep, Kariyana Palaya Near Muniswamappa Garden, Bangalore, Karnataka	S2-329764528	one exports private limited - 6548392763	
miss:not_selected	0.23598467215443972	S1-376729707	Raj Agro Private Limited	Shop No.8, S. No. 146/1, Shree Sai Palace, Vichumbe, Panvel, Raigarh(Mh), Maharashtra	S2-243013377	राज एग्रो प्राइवेट लिमिटेड	#8, PANVEL, NAVI MUMBAI- KARANJADE, महाराष्ट्र
miss:not_selected	0.011183735101240102	S1-34344055	B 2 Clear Global Inc.	8370 Parori Lane, Blacklick, OH	S3-993292096	8 2 Clear Inc. Partners	8370 Praori Ln, Blacklick, Ohio
miss:not_in_candidates		S1-766495354	JP Arcelormittal LLC	12505 N Dakota Street, Tigard, Unit #1609, OR	S3-163128858	Calociracalo	12349 N Dakota St, # #1609, Tigard, Oregon
miss:not_in_candidates		S1-684990943	Lakshmi Consultancy Limited	Unit No 207, 2Nd Floor, Ackruti Star, Central Road Midc Road, Andheri (East), Mumbai, Mumbai City, Maharashtra	S3-323135591	लक्ष्मी कंसल्टेंसी Limited	Unit No 207, 2Nd Floor, Ackruti Star, Central Road Midc Road, Andheri (East), Mumbai Region, Mumbai City, महाराष्ट्र
miss:assigned_elsewhere	0.02560895444604753	S1-667797250	Green Brothers	R.No.102.Kausar Mahal, Amrut Nagar Mumbra, Thane, Maharashtra	S2-168495527	Green Brothers Corporation	
miss:not_in_candidates		S1-662684082	Dental Specialists	735 Mcewen Road, Mountain City, TN	S2-713354419	DENTAL (SPECIALISTS)	
miss:not_in_candidates		S1-925404602	(india) Bhavishya Agarwal Limited	No-7, Padma Layout, Sungam, Trichy Road, Coimbatore, Tamil Nadu	S3-555400222	indiabhavishya.com	No-#7, null, Coimbatore, தமிழ்நாடு
miss:not_selected	0.27352249071438395	S1-871352632	Roopya Memorial Pvt Ltd	Ahmedabad, Nehru Park. Op.H. Society Ltd. Opp. Bhairavnath Mandir, Kankariya, Gujarat, 14, Ahmedabad	S2-203037572	Roopya Mimorial Pvt Ltd	14, NEHRU PARK. OP.H. SOCIETY LTD. OPP. BHAIRAVNATH MANDIR, KANKARIYA, AHMEDABAD, Gujarat
miss:not_selected	0.5825729771301759	S1-391578425	Giustina Luna, D.D.S.	405 Atlantic Avenue, Cleburne, TX	S3-4509387	Giustina Lu, D.D.S.	
miss:not_selected	0.4187619048850713	S1-813766643	Noida Innovations	G-187, Sector 63, Noida, Gautam Buddha Nagar, Uttar Pradesh	S2-306675005	Noida Innovations	
miss:not_in_candidates		S1-143651942	Real Construction Private Limited	Near Shital Hsg. Colony, Fakirwada, Ahliyanagar, Ahmednagar, Ahmed Nagar, Maharashtra	S3-594890197	Real	Near Shital Hsg. Colony, Fakirwada, Ahliyanagar, Ahmednagar, Ahmed Nagar, Maharashtra
miss:not_selected	0.519296971282759	S1-323365898	West Seva Samiti	34, Rai Pink City, Phase-2 Kolar, Huzur, Bhopal, Madhya Pradesh	S3-45028315	West Seva  Samiti	
miss:not_in_candidates		S1-225352255	Ace Biomedical Services	925 29th Street, Unit APT 409, Wichita, KS	S3-605386574	Ace 5ervices Services	PMB 9109, Kansas, 925 29rd St, Wichita
miss:not_selected	0.364446615596525	S1-137695613	Design	1411 Lake Street, Gastonia, NC	S2-225326083	DÉSIGN	
miss:not_in_candidates		S1-988767012	Supreme My Estate Private Limited	J 2 B 28 4 Ground Floor Sangam Vihar, New Delhi, South Delhi, Delhi	S2-731303974	सुप्रीम माय एस्टेट प्राइवेट लिमिटेड	J ##2 B 28 4 GROUND FLOOR SANGAM VIHAR, NEW DELHI, SOUTH DELHI, दिल्ली
miss:not_in_candidates		S1-337182699	Mittal & Sons Limited	27, Est Asharaya, Temple Town Road, Balaji Nagar, Thiruneermalai Main Road, Pammal, Chennai, Kancheepuram, Tamil Nadu	S3-500937738	Jaxiri	Kancheepuram, 27, TN, Chennai
miss:not_in_candidates		S1-516854043	Pacific Analytics Products Inc	27 Gills Way, Saugerties, NY	S2-913444571	Pacific Analytics	
miss:not_in_candidates		S1-795608689	Pediatric Dentistry Partners	337 Whitman Street, Unit UNIT, Leavenworth, WA	S3-957540424	Pediatric (Dentistry) Trading	
miss:not_in_candidates		S1-955889566	Entity Research Private Limited	2, Subhlaxmi Shopping Centre, Malad East, Dated-98, Mumbai, Maharashtra	S2-533640158	IRIHALO	C-2, MUMBAI, DATED-98, Maharashtra
miss:not_in_candidates		S1-663864121	City India Private Limited	55-E, 2Nd Flat, Mayur Vihar, Delhi, East Delhi, Delhi	S2-228599021	City  Private Limited Partners	55-, 2ND FLAT, MAYUR VIHAR, DELHI, Delhi
miss:not_in_candidates		S1-231389420	Arts Alliance LLC	411 Roosevelt Avenue, Unit Apartment B, Muscle Shoals, AL	S2-967569783	ARTS ALLIANCE  LLC Enterprises	
miss:not_in_candidates		S1-309876754	Hind & Co	Mayur Tower, Bhawani Nagar Chouraha Haled Road, Tilak Nagar, Bhilwara, Rajasthan	S2-914057554	Hind &	
miss:not_selected	0.2181564725114741	S1-29033321	Ivenance Forefront LLC	1850 Rogersville Road, Vine Grove, KY	S2-985282260	IVENANCE FOREFRONT	
miss:not_in_candidates		S1-138270409	Lakshmi Care Pvt Ltd	Plot No-15, Street Sa, Sector-7A, Model Economic Township, Tehsil Badli, Jhajjr, Jhajjar, Haryana	S2-185138002	लक्ष्मी केयर प्रा. लि.	HN 364. PLOT NO-15, JHAJJAR, JHAJJR, Haryana
miss:not_in_candidates		S1-353595069	Lopez, Wilson and Shellenberger, LLC	2519 Deer Mountain Court, Kingwood, TX	S2-980911970	Lopez, Wilson and	
miss:not_in_candidates		S1-533830741	Kranti Exports (India) Limited	H. No. 5, Sector - 13, Amit Appts. Rohini, Delhi, South West Delhi, Delhi	S2-355048354	Brixdrex	H. NO. 005, SOUTH WEST DELHI, DELHI
miss:assigned_elsewhere	0.0020135465148177533	S1-31131796	Bangalore Farmer Private Limited	274, 14Th Cross T.R.Nagar, Basavanagudi, Bangalore, Karnataka	S3-165925624	Limited Bangalore Private Center	Bangalore, 274, ಕರ್ನಾಟಕ, Bangalore
miss:not_selected	0.46312342854908745	S1-950393601	First Presbyterian Church	1505 6th Street, City Of Ashland, WI	S3-298682601	First Presbyterian Church Corp	505 6th St, Ashland, Wisconsin
miss:not_in_candidates		S1-480786430	Unique Foundation	Shop No. 1, S No 51/3C, Plot No 22, 23 Raj-Kartiki Ankurmumurwar Co-Op Hsg Soc, Pune, Maharashtra	S3-178331578	Unique Fóundation	
miss:not_selected	0.2805306541352478	S1-179580971	Media Brothers Private Limited	381/C Shaniwar Peth, Opp Ni Dhi Hotel Pune, Pune City, Pune, Maharashtra	S3-273080518	Shri media brothers private (limited)	
miss:not_in_candidates		S1-541056440	Mumbai Logistics	Bkt House, C/15 Trade World, Kamala Mills Compound Senapati Bapat Marg, Lower Parel, Mumbai, Mumbai City, Maharashtra	S2-362220916	Mumbai Logistics [Corporation]	
miss:assigned_elsewhere	1.4189180506576268e-6	S1-857060462	Jai Exports Private Limited	F-30, Sanjay Complex Jayendra Ganj, Lashkar, Gwalior, Madhya Pradesh	S3-576373756	जय एक्सपोर्ट्स प्राइवेट लिमिटेड	F-30, Gwalior, MP
miss:assigned_elsewhere	0.0007550803903310871	S1-571013586	Laxmi Business Private Limited	46D, Azad Nagar, New Delhi, Delhi	S2-629453877	लक्ष्मी बिजनेस प्राइवेट लिमिटेड	HN 63 46D, AZAD NAGAR, NEW DELHI, Delhi
miss:not_in_candidates		S1-702294449	Shree Group	1649, Eastendamainroad, 9Thblockjayanagar, Bangalore, Karnataka	S2-762555533	@shree	1649, EASTENDAMAINROAD, 9THBLOCKJAYANAGAR, BANGALORE, Karnataka
miss:not_selected	0.435143511625603	S1-433681083	Slate Bio	13398 Range Mule Drive, Peoria, AZ	S2-518683490	Slate Bio Co	
miss:not_in_candidates		S1-682956387	Pushpa Nursing Home	Maharashtra, Thane, Plot No 2, 3 Flat A-3102, Sector 11, Sanpada	S3-668220223	Pushpa H0me (Services)	Pdot No 2, Thane, महाराष्ट्र
miss:assigned_elsewhere	8.47360424957231e-6	S1-48055304	One Consultants Limited	Ernakulam, 66/2238, Kerala, A-1, 2Nd Floor, Pulleppady Road	S2-738740780	വൺ കൺസൾട്ടന്റ്സ് ലിമിറ്റഡ്	66/2238, A-1, 2ND FLOOR, PULLEPPADY ROAD, ERNAKULAM, ERNAKULAM, KOCHI, Kerala
miss:not_in_candidates		S1-680791480	Oona's Energy	2928 Hartwood Drive, Fort Worth, TX	S2-540896225	Arckelo	2928 HARTWOOD DR, FORT WORTH, TX
miss:not_in_candidates		S1-523285066	Mumbai (india) Care	Ernakulam, Kerala, Arafathdhanya Theatre Road Nettoor P O, Ernakulam	S2-430411710	Shri Mumbai  (india) Cnmhre	
miss:not_selected	0.543639835183389	S1-447610117	Khaitan (India) Dhara	Kh No.61/15 Gali No.11 Mundka Udyog Nagar New Delhi, New Delhi, West Delhi, Delhi	S2-447876763	Khaitan (India) Dhara Limited	KH NO.61/15/3 GANI NO.11 MUNDKA UDYOG NAGAR NEW DELHI, NEW DELHI, Delhi
miss:assigned_elsewhere	0.9432266569502007	S1-380777483	Munoz Brand-Kyle	544 Bottle Brush Drive, Kyle, TX	S3-672505664	Orbiiri	Klye, 544-546 Bottle Brush Drive, Texas
miss:not_in_candidates		S1-621878645	Aditya Home Private Limited	R 17 A Sector Rh 098 Life, Republic Mulshi, Mulashi, Pune, Maharashtra	S2-508207817	Aditya Home Private Limited	
miss:not_selected	0.2095798652642553	S1-447781361	WV Prairie Iris Inc	105 Sejersen Road, Bainbridge, NY	S2-906236455	WV Prairie Iris Inc	100 SEJERSEN ROAD, BAINBBRIDGE, NY
miss:not_selected	0.46731713634801836	S1-650083898	Ralina Rosales Frontier Mellon L.L.C.	10304 Eastview Ave, KY, Jeffersontown, Unit 6	S2-974419748	Ariasyn	10304 Eastview Ave, JEFFERSONTOWN, KY
miss:not_in_candidates		S1-353142622	Jay Finance Limited	Survey No. 75, Devagere, Kengeri Hobli, Kumbalgodu, Bangalore South, Bangalore Rural, Karnataka	S2-856351691	Jay Finance Límited	
miss:assigned_elsewhere	0.02956669798984415	S1-650400089	Colonial Alliance LLC	5321 Stockton Boulevard, Unit APT 116, Sacramento, CA	S3-173936684	Colonial-LLC Center	California, Sacramento, Unit APT 116, 5321 Stockton Boulevard
miss:assigned_elsewhere	0.00034732427830590587	S1-624882837	Vedyne Asset Group	4900 Sugar Ridge Road, Pemberville, OH	S3-355935041	Belozeph	Sugar Ridge Rd, Troy Twp, Ohio
miss:not_in_candidates		S1-978305991	New Delhi Marketing Private Limited	Anand House, 2 Community Centre Saket, New Delhi, South Delhi, Delhi	S3-505879664	New Delhi Marketing Private Límited	
miss:not_in_candidates		S1-833954835	Veterans Ministries Clinic	11156 Detwiler Road, Canfield, OH	S2-165340639	Veterans Clinic Partners	
miss:not_in_candidates		S1-250560515	Sweet Barbershop	15400 Tr 211, Loudonville, OH	S2-758721716	Sweet Barbershop	
miss:not_in_candidates		S1-798867139	Gujarat Business Private Limited	F-8, Harbans Bhawan-1 Dda Complex, Nangalraya, New Delhi, South West Delhi, Delhi	S3-184452257	GB	F-8, Harbans Bhawan-1 Dda Complex, Nangalraya, New Delhi, South West Delhi, Delhi
miss:assigned_elsewhere	0.00022058382085703192	S1-953211311	Chandrraj Healthcare Pvt Ltd	Mumbai, Revechi Heights Chs Plot No 25, Sec-7, Kharghar Panvel, Shop No 7, Raigarh, Maharashtra	S3-730541947	Ltd Chandrraj Pvt Service	#007, Mumbai, Thane, MH
miss:not_selected	0.48621263229041417	S1-580676603	Delta Academy	Datta Mandir Roadbhandup Village, Mumbai, Maharashtra	S2-440358508	Syncalozeph	NO 938 DATTA MANDIR ROADBHANDUP VILLAGE, MUMBAI, Maharashtra
miss:assigned_elsewhere	0.000059356001687100064	S1-511476448	Nature & Co	#4290, Jalgar Galli, Belgaum, Karnataka	S2-510233795	n.cóm	#4290, Karnataka, BELGAUM
miss:not_selected	0.44796345891532763	S1-724665210	Technologies Revathi House Private Limited	8/3/214/A-1 Mega Citysrinivasanagar West Ameerpet Hyd 038, Telangana, Hyderabad, Andhra Pradesh	S2-649016571	XYLOFAYE	8/3/214/A-1 MEGA CITYSRINIVASANAGAR WEST AMEERPET HYD 038, ANDHRA PRADESH, YOUSUFGUDA, తెలంగాణ
miss:not_selected	0.5139883174250571	S1-198347601	Montay Services Inc	631 Lakeshore Drive, Edelstein, IL	S3-836026894	#montayservices	Lakeshore Dr, Edelstien CDP, Illinois
miss:not_in_candidates		S1-201900184	Neala Prezioso Maritime	6575 Ocotillo Road, Unit 2048, Glendale, AZ	S2-135663613	Neala Prezioso-Maritime	
miss:assigned_elsewhere	0.00010963984666926374	S1-924694807	Shyam Services	Plot No 5, Pocket 1, Basement Jasola Vihar, Delhi, South West Delhi, Delhi	S2-893214591	श्याम सर्विसेज	PLOT NO #5, DELHI, SOUTH WEST DELHI, Delhi
miss:not_selected	0.43695302776375566	S1-135519635	Clyio Tailwind Corp	20 Society Road, East Lyme, CT	S3-926396159	Clyio Tailwind Corp.	
miss:not_in_candidates		S1-580188152	Indore Mills Company	3, Gulmohar Extn., Indore, Madhya Pradesh	S3-516952370	Aviveo	G-3, Indore, MP
miss:not_in_candidates		S1-99102092	Agro Academy	564Aa, Vishwash Nagar Shahdara, Delhi, New Delhi, Delhi	S3-744643231	Smt Agro  Center	
miss:not_selected	0.37943711653073287	S1-90068649	Vantora Surgical Inc	323 Walker Road, AR, Subiaco	S2-303579742	VANTORA SURGICAL INCORPORATED	
miss:not_selected	0.5808976878211616	S1-755323962	Uma Consultants Private Limited	Kolkata, West Bengal, Paresh Mazumdar Road, Kolkata, 79/2, Howrah	S2-175171910	Uma Consultants Private	
miss:not_in_candidates		S1-919921879	Krishna Infrastructure Private Limited	45 Baner Street, Veerbhadra Nagar, Baner, Haveli, Pune, Maharashtra	S3-84953599	Krishna lnfrástructure Private-Limited	
miss:not_in_candidates		S1-532466899	Physical Therapy Medicine LLC	Chandler, 410 Laveen Drive, AZ, Fl 1	S3-761556096	Physical Therapy Medicine (LLC)	
miss:assigned_elsewhere	0.2962850698193632	S1-320993042	Li Secure Infinite PLLC	7025 Tilden Lane, Rockville, MD	S3-20724753	Li Secure Infinite	
miss:not_in_candidates		S1-29993655	New Institute of Technology	Plot No 220-221, Near Primary School Ganeshpur, Ambala, Panchkula, Haryana	S2-772245020	New Institute of Technology Corp	
miss:not_in_candidates		S1-760745873	G X & O Rothschild	1001 Rivian Drive, Bloomington, IL	S2-189394238	G X &	
