kind	p	s1	s1_name	s1_addr	q	q_name	q_addr
false_merge	0.9880611402407505	S1-639355053	Novent Biopharma	KS, 1307 13th Street, Arkansas City	S3-28228049	Noveique [Biopharma]	130 13th Street, Arkansas CITY, Kansas
false_merge	0.9233031468887835	S1-745990822	Twentyone Murugan Private Limited	3 Mangoe Lane 4Th Floor, Kolkata, Howrah, West Bengal	S3-996005044	Tav0riza	Door No 3 Mangoe Lane 4Th Floor, Kolkata, Howrah, পশ্চিমবঙ্গ
false_merge	0.9310878659348081	S1-478630605	Pediatric Dentistry Ace Physicians LLC	270 Riverwind Drive, Bldg 16689, Marysville, OH	S3-129017130	Pediatric Dentistry Ace Physicians [LLC]	
false_merge	0.9197098148942036	S1-265029021	Golden Printing Brands LLC	28579 263rd Street, Town Of Lake Holcombe, WI	S3-18527232	Golden Printing  Brands LLC	
false_merge	0.8061498185862785	S1-614773130	Doum Creative Rio Inc	1201 Oak Street, California, MO	S2-145436312	Wexfaye	1201 OAK ST, COLQUET, MN
false_merge	0.9464291961098548	S1-477031758	Sneha Exim Private Limited	No.48/39, Wawoo Mansion First Floor, Rajaji Salai, Chennai, Tamil Nadu	S2-764160324	Sneha Exim Private Ltd Ltd	
false_merge	0.7077599981900135	S1-397159307	Mendenhall Blue Top Center	1834 Loxley Road, Toledo, OH	S3-80357699	Mendenhall Blue Center	
false_merge	0.9994649190754895	S1-519427032	Division of Labor	3955 University Drive, Mesa, AZ	S2-743653611	DIVISION OF	University Drive, MESA, AZ
false_merge	0.7019084584939054	S1-194546478	Regional Total Ares LLC	1902 Balla Way, Grand Prairie, TX	S2-437675014	Regional Total Ares LLC	
false_merge	0.9527476866060585	S1-881329547	Halcon Era Clinic	VT, Newport Town, 5876 Vt Route 105	S2-650039615	Halcan Era Cliic	05876 Vt Route 105, null, NEWPORT TOWN, VT
false_merge	0.7420669113090912	S1-979610932	Sreeram Vidyalaya Company	House No. 10, The Oasis Chuna Bhatti, Kolar Road, Bhopal, Madhya Pradesh	S2-4551730	Sreeram Vidyalaya	
false_merge	0.995968966945461	S1-258187900	Young Properties of Morrilton	600 Loh Drive, Morrilton, AR	S3-780780755	Zhou Properties Of Morrilton	600 Loh Dr, Morrilton, Arkansas
false_merge	0.9001570957667602	S1-697169727	Kaylyn Perkins, D.D.S.	15336 Custer Lane, Surprise, AZ	S2-903045576	Avinovi	15336 CUSTER LN, SURPRISE, AZ
false_merge	0.943242353200207	S1-993685121	BQR Health Pvt Ltd	35, Green Park Society, Chorasi, Surat, Gujarat	S2-203249552	BQR Heaht Pvt Ltd	
false_merge	0.9105616030235094	S1-520423399	Multitude Trading Private Limited	A-1304, Ochna A Wing, Pride Park, Near R Mall, Ghodbunder Road, Thane, Maharashtra	S3-20972564	Multitude Trading Private Ltd	
false_merge	0.803466767656862	S1-399961069	Primary Care Midwest Physicians	3396 Shellburne Avenue, Canton, OH	S2-631445096	Primary Care  Midwest Physicians	
false_merge	0.9179309298778493	S1-625686951	Howard, Knotts and Schoenborn Inc	Port Ludlow, WA, 271 Bayview Drive	S2-931433827	Howard  Knotts and Schoenborn Inc	
false_merge	0.8780408280180634	S1-362325816	Universal Dream Power Private Limited	22/128, West Patel Nagar, New Delhi, Delhi	S3-972970173	Orbibelo	22/128, West Patel Nagar, New Delhi, West Delhi, Delhi
false_merge	0.7562012125197124	S1-268078876	Eye Platinum Center	83 Smith Mill Road, Fayetteville, TN	S3-558049370	Eye Platinum Center [Inc]	
false_merge	0.7691275408815498	S1-718420853	Soltech Foods Private Limited	3, Sda Compound Lasudia Mori, Dewas Naka, Indore, Madhya Pradesh	S3-188358513	Soltech Foods Limited	No. #504 10, Sda Compound Lasudia Mori, Indore, Dewas Naka, MP
false_merge	0.8184857107895327	S1-938392050	Mills Eco, LLC	126 Forest Trail, Oak Brook, IL	S3-699239826	Mills Éco LLC	
false_merge	0.955492844079114	S1-950805505	VC Tracon Private Limited	265, Maulana Saukatali Rd, Bombay., Mumbai, Maharashtra	S3-119075193	Arcnyla	265, Maulana Saukatali Rd, Bombay., Mumbai, Maharashtra
false_merge	0.8896306227096354	S1-689487773	Urgent Care Choice Partners	5220 Baylor Street, Cleveland, TN	S2-295864525	Urgent Cáre Choice Partners	
false_merge	0.9386880613641049	S1-659297883	New Delhi As Ltd	Flat No. 302, A 62/1, Third Floor, Village Garhi, Amitpuri, East Of Kailash, New Delhi, South Delhi, Delhi	S2-636843741	Yumairi	FLAT NO. D/302, A 62/1, THIRD FLOOR, VILLAGE GARHI, AMITPURI, EAST OF KAILASH, NEW DELHI, SANT NAGAR, दिल्ली
false_merge	0.9965872743689724	S1-23546189	Aabha Workforce Private Limited	2104, Oberoi Prisma, Cts No 1 B Of Village Majas At Jvlr Road, Opp Majas Depot, Jogeshwari East, Mumbai, Maharashtra	S3-438413563	M/s Aabha Limited Workforce	Oberoi Prisma, Cts No 1 B Of Village Majas At Jvlr Road, Opp Majas Depot, Mumbai, MH
false_merge	0.8366022252434387	S1-10124869	North Advanced States	775 100, Unit 513, Salt Lake City, UT	S2-38046326	North Advanced  Center	
false_merge	0.9912953556677532	S1-398453118	Neify PLLC	7412 Riley Lane, Harrison, OH	S3-173743023	Neify	7412 Riley Lane, Harrison, Ohio
false_merge	0.8965985117801224	S1-30274346	Peridyx Flagstar	WI, City Of De Pere, 1564 Red Maple Road	S2-494555972	PERIDYXYN FLAGSTAR	1564 RED MAPLE RD, CITY OF DE PERE, WI
false_merge	0.8022798214322102	S1-228895843	Supreme Care Private Limited	Door No: 64/2654 E1&E2, 3Rd Floor Uni Square, Kk Road, Kaloor, Ernakulam, Kerala	S3-577175539	സുപ്രീം കെയർ സ്റ്റോർസ് പ്രൈവറ്റ് ലിമിറ്റഡ്	Kaloor, Ernakulam, കേരളം, 3Rd Floor Uni Square, Kk Road, Door No: 64/2654 E1&e3
false_merge	0.8134099416694934	S1-361955997	Glad India Ltd	2301 Wing F Anmol Fortune, M G Rd Nr Shabri Hotel, Goregaon West, Mumbai, Maharashtra	S2-888842993	Glad  Time	WING F ANMOL FORTUNE, M G RD NR SHABRI HOTEL, GOREGAON WEST, Maharashtra
false_merge	0.8283774433042732	S1-558451347	Empire League III	782 Polk Road 24, Cove, AR	S2-751868810	Empire-League II	
false_merge	0.8528145991186689	S1-893949591	George Polska	101 4th Street, Malta, NY	S2-943877535	GEORGE PÓLSKA	
false_merge	0.7683155443842811	S1-327808538	Black Super Infrastructure Pvt Ltd	Shop No. 12 At Wz-186, G/F Kh. 47 Budhela, Vikas Puri, New Delhi, Delhi	S3-180860067	Black Super Pvt Ltd Service	
false_merge	0.942528939116448	S1-718176073	Ankur Pharma	Gangapur, Deshamukh, Jakhmatha, C/O. Chandrakant Baburao, Aurangabad, Maharashtra	S2-961080075	Ankur Pharma	
false_merge	0.9373095273167913	S1-405824569	Zephon Sky LLC	8 Fulton Street, Johnstown, NY	S2-763588848	Zefon  Sky LLC	8 FULTON SAINT, JOHNSTOWN, NY
false_merge	0.8059496745701179	S1-95418379	Roopanth Agri Pvt Ltd	Shop No-T8, T/F Plot No-7 Mlu Pankaj Palza Near Sec-12 Metro Stn, New Delhi, South West Delhi, Delhi	S3-504374134	Roopinth Agri  Pvt Ltd	Shop No-t8., T/f Plot No-7 Mlu Pankaj Palza Near Sec-12 Metro Stn, New Delhi, South West Delhi, DL
false_merge	0.7386563028099008	S1-11283433	Green & Co	P-114, Block-F, New Alipur, Kolkata, Kolkata, Howrah, West Bengal	S3-247498744	Green & Có	Block F-284 18, Howrah, WB
false_merge	0.7373544210296402	S1-537756932	Prabha Software Private Limited	Plot No 9, Patel Ind. Area, B/H Natraj Pipe, Below Sandhiya Pul, Gondal Chokdi, Rajkot, Gujarat	S2-53486339	PRABHA SOFTWARE PRIVATE LIMITED	
false_merge	0.8815759290885623	S1-224693954	Compass Enterprises, LLC	4964 Kessler Drive, Frisco, TX	S2-709227573	Compass, LLC Enterprises	
false_merge	0.8084525458670095	S1-166596846	Carmita Chukwu Piedmont Clean	10 Welcome Lane, Candler, NC	S3-287438647	Carmita Chukwu Piedmont [Clean]	
false_merge	0.8035269847812083	S1-679319723	Zephora Japan LLC	MD, 1201 Hull Street, Baltimore	S2-229545030	Zephora Zephora (Japan)	
false_merge	0.8920912740027409	S1-780917123	Solari Machines, LLC	OR, 262 Spyglass Drive, Eugene	S2-311246553	Solaria Máchines, LLC	264 SPYGLASS DRIVE, EUGENE, OR
false_merge	0.9017937835737292	S1-325475855	Kestis Interactive LLC	3992 Clearview Avenue, Columbus, OH	S3-41815194	Llc Kestisa Interactive	3992 Clearview Avenue, Columbus, Ohio
false_merge	0.8483780100156395	S1-863563712	Bengaluru Fund Private Limited	#648, 1St Main Road, C Block Aecs Layout, Kundalahalli, Bengaluru, Bangalore, Karnataka	S2-641896519	Bengaluru Fund Prívate Limited	
false_merge	0.909213640162135	S1-692642717	Anchor Gupta	Lii 238, Sector G Lda Kanpur Road, Lucknow, Uttar Pradesh	S3-494358813	Miradova	Lii 238, Sector G Lda Kanpur Road, Lucknow, Lucknow Alambagh, UP
false_merge	0.9683868177893298	S1-538714098	Rohini (india) Private Limited	Savita Devi W/O Sajjan Singh V.P.O- Tint, District And Tehsil, Rewari, Haryana, Rewari, Haryana	S3-339458877	Rohini India Private Ltd	H.no 26 Savita Devi W/o Sajjan Singh V.p.o- Tint, Rewari, Haryana, हरियाणा
false_merge	0.8760652872582857	S1-318798814	SVZ Maritime LLC	19 Glen Keith Road, Unit Apartment U, Glen Cove, NY	S3-414098431	SVZ Maritime	
false_merge	0.9023323172371684	S1-509502918	Saral Trust	B/103 Milton Apartmentsjuhu Ico Limada Juhu Tara Road, Mumbai, Maharashtra	S3-865131	Smt Saral-Trust	
false_merge	0.7951490549727126	S1-556668673	Meenanth Consultant Ltd	Panamaram, Kerala, Wayanad, Pp 12/682/H Panamaram	S2-438483162	meenanant meenanant consultant ltd	PP 12/685/ PANAMARAM, PANAMARAM, കേരളം
false_merge	0.9507319550488781	S1-584123063	Av Rex Private Limited	C-61/2, First Floor Arjun Nagar, Delhi, South Delhi, Delhi	S3-200227419	Onyxdrexx	Ground Floor, Arjun Nagar Safdarjung Enclave, South Delhi, C-61/2, New Delhi, Delhi
false_merge	0.7265113898554577	S1-518564742	Silver Vidyalaya Co	C/O Ramvijay Ramdhan Chavan, Dhanora Bk, Murtijapur, Akola, Maharashtra	S2-539397556	SILVER-VIDYALAYA	
false_merge	0.7952175309525764	S1-391497615	1092 Madison Ave Properties	104 Cotter Street, Alvarado, TX	S2-911590020	1092 Madison  Ave Properties	
false_merge	0.8198733417246293	S1-435035184	Atlantic Superior Kgaa LLC	790 Collier Drive, Dixon, CA	S2-211548181	Atlantic Superior Kgaa	
false_merge	0.9344732790033042	S1-708023946	GDJ Microcredit	S-101, Badli Industrial Area, Delhi	S3-328662975	KDJ Microcredit Limited	Delhi, Badli Industrial Area, H.no 395 S-101, DL
false_merge	0.7727437401824903	S1-135258708	Sound Infra Ltd	325, Vardhman Crown Mall Plot No-2, Sector-19, Dwarka, New Delhi, South West Delhi, Delhi	S3-742667031	Sound ínfra Ltd	
false_merge	0.946028587147621	S1-758466226	Ravita Consulting Private Limited	36/122-23 Kiran Path Mansarovar, Jaipur, Rajasthan	S2-950196706	Ravvita Consulting  Limited Center	H.NO 36/122-2 KIRAN PATH MANSAROVAR, JAIPUR, Rajasthan
false_merge	0.8756779663042071	S1-464279749	Amargo Addison Delta Banking Inc	Del Rio, 1458 Kennedy Way, TN	S3-760179421	Amargo  Addison Delta Banking Inc	
false_merge	0.99765591648813	S1-870288035	Guru Services Private Limited	328/21, Old Sabzi Mandi 9, Lucknow, Uttar Pradesh	S2-927180069	GURU PRIVATE LIMITED SERVICES	OLD SABZI MANDI, YAMUNA NAGAR, Haryana
false_merge	0.9987846442351094	S1-32858189	NC Infoline Pvt Ltd	No.432, Lig - 4Th Phase Yelahanka New Town, Bangalore, Karnataka	S3-551673812	LNC Infoline  Pvt Ltd	#432., Lig - 4Th Phase Yelahanka New Town, Bangalore, ಕರ್ನಾಟಕ
false_merge	0.9724182315236276	S1-379472731	Black Fortune Products Private Limited	Grd Floor, Plot No. 128 Sector No-19-C, Vashi, Navi Mumbai, Thane, Maharashtra	S3-443991617	Black Fortune Products Limited	No 27 Grd Floor, Plot No. 128 Sector No-19-c, Vashi, Navi Mumbai, Thane, MH
false_merge	0.9706792614763289	S1-608910067	Mae Miller, DMD	1340 Roberts Road, Newport, NC	S3-914116746	Mae Miller, DFD	134 Roberts Road, Newport, North Carolina
false_merge	0.9946900828298033	S1-278945093	Indrora Communications Corporation	Ground Floor, 6- Sagar Deep 4 Th Mamlatdarwadi, Malad West, Mumbai, Maharashtra	S2-252163627	Inndrora Communications  Corporation	महाराष्ट्र, 3 GROUND FLOOR, 6- SAGAR DEEP 4 TH MAMLATDARWADI, MALAD WEST
false_merge	0.9938626785329516	S1-464577551	Mitchell Holdings	Unit APT 1406, Indianapolis, IN, 8018 Crestway Drive	S3-920866491	Mitchell Holdings Holdings	#8029 Crestway Drive, Unit APT 1406, Indianapolis, Indiana
false_merge	0.7757027381799713	S1-965961989	I S Booher Mitsubishi Inc	12 Perth Place, Unit 308, Lebanon, TN	S3-538335907	I S Booher	
false_merge	0.9285942628792626	S1-405046602	Services Sa Life Private Limited	Filmlab, 27, Walbhat Road, Goregaon (East), Mumbai, Maharashtra	S2-709631522	Services Sa Life  Limited	#31 FILMLAB, 27, WALBHAT ROAD, GOREGAON (EAST), Maharashtra
false_merge	0.8759306408096624	S1-250110399	Saree Jackson, P.A.	508 Williams Street, KS, Arma	S2-686944119	Saree Jackson, P.Á.	
false_merge	0.8081073078535813	S1-580115809	Halciq Century Inc	2937 82nd Terrace, Kansas City, KS	S2-507384715	Halcix Century	937 82TH TERRACE, KANSAS CITY, KS
false_merge	0.772837150443609	S1-714298452	Pediatric Dentistry American Clinic	4039 1950, West Valley City, UT	S2-850398436	PEDIATRIC DENTISTRY AMERICAN CLINIC	
false_merge	0.8513496915108458	S1-509642137	Bangalore Hospitality Limited	2020, 3Rd Floor, South End 'E' Main Road 9Th Block, Jayanagar, Bangalore, Karnataka	S2-319203224	Bangalore Hospitality Limited	170 6TH MAIN 4TH BLOCK JAYANAGAR, BANGALORE, Karnataka
false_merge	0.9656982845795993	S1-295147100	Integrated Mfa	22435 Unicorns Horn Lane, TX, Katy	S3-627996524	Integrated Inc Mfa	2440 Unicorns Horn Ln, Katy, Texas
false_merge	0.8316547932271803	S1-49031420	Sarasiya Service Center	Krishna Vandan, C- 102, Ec-94, Evershine City, Vasai (East), Thane, Maharashtra	S2-35106589	saraziya service center	NO B3/81 KRISHNA VANDAN, C- 102, EC-94, EVERSHINE CITY, VASAI (EAST), महाराष्ट्र
false_merge	0.873983560083765	S1-586183341	Chandrendra Energy Pvt Ltd	140, Reliable Prestige 1, Nr, Chandan Naka, Vasai, Vasai, Thane, Maharashtra	S3-419624554	Chandrendra Enowmet Pvt.  Ltd.	
false_merge	0.9876743118491349	S1-707908254	Zephium Super Inc	8165 Indian Bend Road, Unit UNIT 142, Scottsdale, AZ	S3-319538319	Zefium  Super Inc	8165 Indian Bend Road, Scottsdale Hopi, Arizona
false_merge	0.9156779791910817	S1-377303302	Chiropractic Clear Partners	5360 Edmondson Pike, Unit 206, Nashville, TN	S2-144016576	chiropractic clear partners	
false_merge	0.8100046898676857	S1-493686593	Solutions Surgical Vinimay Private Limited	Telangana, H No-6-113, Medak, Srinivas Nagar Colony, Ramachandrapuram	S3-519999965	Solutions Surgical Vinimay-Private	
false_merge	0.979181260931736	S1-454616175	Hernandez, Marget G., CPA	107 Meadow Road, Danbury, NC	S3-494717115	Umbravio	North Carolina, Danbury, 107 Meadow Road
false_merge	0.984399851513263	S1-243267596	Taraita Resources Private Limited	Unit No-731, Plot No-8, 7Th Floor S.G Shopping Mall, Sector-9, Rohini, North West, Delhi	S2-562857746	Tarraita Limited Private Resources	UNIT NO-33, PLOT NO-8, 7TH FLOOR S.G SHOPPING MALL, SECTOR-9, ROHINI, Delhi
false_merge	0.8034566456634403	S1-112231310	Aradhya Brothers Private Limited	Flat No 01, Hindustan House, Sn-37/1 Nr Omkar Karyalaya Kondhwa, Pune, Maharashtra	S2-923385741	Aradhya Brothers Limited	10 , HINDUSTAN HOUSE, SN-37/1 NR OMKAR KARYALAYA KONDHWA, PUNE, Maharashtra
false_merge	0.7064411343421145	S1-792987565	Golden Global	Plot No. 15 Mangaldham Society, Wadi, Nagpur, Maharashtra	S3-40435604	Ectoquo	#15 Mangaldham Society, Wadi, Nagpur, MH
false_merge	0.737260985524709	S1-188838948	Verryn Investors Inc	2331 Hanway Avenue, Casper, WY	S3-787668691	verryn investors inc	Flagg Avenue, East Hampton, New York
false_merge	0.7495082164192676	S1-540050373	Sanctum Academy	Premium Coworking-Oic, Lower Parel Unit 801-802.8Th Floor, Tower 1, Senapati Bapat Marg, Prabhadevi, Dadar West, Mumbai Maharashtra, Mumbai, Maharashtra	S3-787247975	Sanctum Academy LLP	15 Premium Coworking-oic, Lower Parel Unit 801-802.8Th Floor, Tower 1, Senapati Bapat Marg, Prabhadevi, Dadar West, Mumbai Maharashtra, Mumbai, MH
false_merge	0.7933709457852955	S1-752193580	Pruden, Litteral & Carrillo State	658 Boyds Corner Road, Middletown, DE	S3-431538181	Pruden, Litteral & Carrillo State #65821	
false_merge	0.7518820794568027	S1-224602790	Olanio Zhejiang LLC	7745 Ottawa Drive, Columbine, CO	S3-131628272	Olanora LLC Zhejiang	#7745 Ottawa Drive, Littleton CITY, Colorado
false_merge	0.8163980398322986	S1-281268687	Calli Li Auto Repair	4304 Amesbury Lane, Durham, NC	S2-55445894	Calli Li Auto Repair LP	
false_merge	0.9229887912321778	S1-828622660	Varshya Entertainments LLP	383 A, Nandini Pearl-3, Katewa Nagar Gurjar Ki Thadi, Shyam Nagar, Jaipur, Rajasthan	S3-487423325	Llp Varshyi Entertainments	No 383 A, Nandini Pearl-3, Katewa Nagar Gurjar Ki Thadi, Shyam Nagar, Jaipur, RJ
false_merge	0.7952086017005628	S1-754426723	Golden Biomedical Solutions	Boonsboro, MD, 8 High Street	S2-933203594	Golden Biomedical Sólutions	
false_merge	0.781658261290521	S1-414440866	Legacy Property Systems LLC	Rockingham County, 2283 Garnet Circle, VA	S3-671462590	Legacy Property Systéms Llc	
false_merge	0.8521478857737668	S1-332735841	EK Power Pvt Ltd	A-206 Lajpat Nagar 1St, Mew Delhi, South Delhi, Delhi	S3-971615751	EJ P0wer Pvt Ltd	Bahadurgarh, दिल्ली, Mew Delhi, A-##206 Lajpat Nagar 1St
false_merge	0.7376585458069912	S1-35690144	Jm Warehousing (India) Co	Farm House No. 8, Ashoka Avenue, Dlf, Chattarpur, South West Delhi, Delhi	S3-374523632	JM WAREHOUSING (INDIA) CORPORATION	
false_merge	0.8511310618100255	S1-864540543	Gurgaon Plantation Private Limited	Basement Floor, 52 Harton Complex Sector 18, Gurgaon, Haryana	S2-65481168	Gurgaon Gurgaon Private Services Limited	#48 BASEMENT FLOOR, 52 HARTON COMPLEX SECTOR 18, GURGAON, Haryana
false_merge	0.8671173450196393	S1-458560593	Nirmata & Co	P.O.- Balakhali, P.S.- Bishnupur Julpia-Andharmanik, Near Matingini Hazra, School, Kolkata, Parganas South, West Bengal	S3-30063006	Nirmata &-[Co]	
false_merge	0.9587327007250517	S1-322266547	Novify Gsr	Kingston, Unit Apartment 16E, NY, 305 Hurley Avenue	S3-191941646	Novifya Novifya Gsr	305 Hurley Avenue, # Apartment 16E, Kingston, New York
false_merge	0.9149662321700842	S1-885440269	Gv Brothers Private Limited	C/O Nanda Kumar Gurung, Barboat, Dr. B. L. Dixit Road, Opp Zimba Nursery, Kalimpong, Darjeeling West Bengal India, Kalimpong -I, Darjiling, Darjeeling, West Bengal	S2-717188950	Gv Brothers Private Limited	
false_merge	0.7679996209783732	S1-887737789	Juniper Biotherapeutics LLC	66 Buchanan Street, South Portland, ME	S2-592196254	Juniper Biotherapeutics	
false_merge	0.8764954935267834	S1-846998844	Digital Memorial Trust	H No 705 A Ward, Shivajipeth, Kolhapur, Karvir, Kolhapur, Maharashtra	S2-710461574	Digital Memorial (Trust)	
false_merge	0.9171324862893325	S1-283570027	Womens Health Care LLC	1705 Montrose Drive, Fort Worth, TX	S2-363731852	Wexkor	1705 MONTROSE DR, N/A, FORT WORTH, TX
false_merge	0.9689023246663127	S1-23284972	Chandausi Media Pvt Ltd	C/O Mr. Anwar Husain, Laxman Gunj, Distt Sambhal, Chandausi, Moradabad, Uttar Pradesh	S3-935924049	Chandausi Media	S/o Liyakat Lakshman Ganj, Chandausi, Moradabad, UP
false_merge	0.7103175937555423	S1-563135323	Shalom Traders Pvt Ltd	House No. 186 Anand Lok Colony Goverdhan Raod, Mathura, Uttar Pradesh	S2-876039648	Shalom Traders  Pvt Ltd	
false_merge	0.9882009821918579	S1-605852474	DA Metal Works	1102 Opera Street, Stamps, AR	S3-417218279	CA Works Metal	1102 Opera St, Stamps, Arkansas
false_merge	0.8629067188241094	S1-689330375	First Foundation	Plot No. 1, Sy No. 23 Abdullapurmet, Hyderabad, Telangana	S3-603760735	Tavoflux	Plot No. 1, Sy No. 23 Abdullapurmet, Hyderabad, Rangareddy, Andhra Pradesh
false_merge	0.854592907225172	S1-137142323	Diamond Payroll Dynamics Inc.	3536 Woodland Hills Drive, Tuscaloosa, AL	S2-137009205	Diamond Payroll Dynamics Inc	539 WOODLAND HILLS DR, TUSCALOOSA, AL
false_merge	0.9835703533904275	S1-404478432	Mumbai Services Private Limited	204 Cwing, Hill View Tower Chs Ltd., Lbs Marg, Surya Nagar, Vikroli (East), Mumbai, Mumbai City, Maharashtra	S3-351260090	Mumbai Services  Limited	204, Mumbai, MH
false_merge	0.8392825527027717	S1-883388841	BM Empire Vornado	1531 Denton Road, Essex, MD	S3-760426412	BM Empire Vornado lnc.	
false_merge	0.9486346864287556	S1-693310635	Peridis Flag LLC	6217 Fairmont Pike Road, Moundsville, WV	S2-104644666	peridus flag llc	##6217 FAIRMONT PIKE ROAD, MOUNDSVILLE, WV
false_merge	0.9110479244181234	S1-118635752	Carmody Hills Inc	20602 504 Newport Drive, Unit UNIT, Noblesville, IN	S2-117368597	Carmody Hills	
false_merge	0.8097925654544802	S1-18737575	(india) Haldia India Pvt. Ltd.	58D, Netaji Subhash Road Ganesh Market, Shop No.-34, Kolkata, Howrah, West Bengal	S3-838851103	(india) Haldia Pvt. Ltd. Center	69D, Netaji Subhash Road Ganesh Market, Shop No.-34, Kolkata, Howrah, WB
false_merge	0.7354706524419035	S1-672596238	Back Alley Pizza Inc.	23549 Springwater Road, Estacada, OR	S2-428417449	Back Alley Pizza Inc	2355 SPRINGWATER ROAD, ESTACADA, OR
false_merge	0.9739273497995777	S1-518063786	Saa Bright Stores	59-15 Madison Street, Ridgewood, NY	S3-369862431	NEXAVI BRIGHT STORES	59-15-D Madison Street, Ridgewood, New York
false_merge	0.8999229122369911	S1-642796482	English Hotel Inc	2020 Ashby Road, Unit 58, Merced, CA	S3-248639292	English Hotel Gulf Inc	
false_merge	0.9748002779834253	S1-666590309	Shakti It Private Limited	Office No 226, Floor No:2Nd, Trade Centre Premises Co Op Society Ltd, Mumbai, Mumbai City, Maharashtra	S3-436215742	Mr Shakti It Private	S No. 226, Pune, MH
false_merge	0.7718679049503314	S1-455417532	Creative Supreme Arts	29859 Blue Sky Drive, Seven Bays, WA	S2-912929236	Creative Supreme Arts | www.creatives.com	
false_merge	0.8303690379929085	S1-902539997	Mazur Precision Kodiak LLC	203 Cushman Road, Winslow, ME	S3-315259483	Mazur Precision Kodiak	
false_merge	0.7757012933727331	S1-112165575	Innovative Industrial Brands, LLC	75 Grey Fox Run, Bentleyville, OH	S3-610104626	Innovative Industrial (Brands)	
false_merge	0.9618102448153263	S1-376816474	Universal (India) Builders Ltd	101, Sunder Plaza, 15/10158 171, Abdul Aziz Road, Karol Bagh, New Delhi, Delhi	S3-75116830	Jaxarc	Karol Bagh, 101, Sunder Plaza, 15/10158 171, Abdul Aziz Road, New Delhi, Delhi
false_merge	0.7850330604441675	S1-407351442	Baex	1320 Ridgewood Drive, Mobile, AL	S2-81019061	Koch Center	1320 Ridgewood Dr, MOBILE OWNSHIP, AL
false_merge	0.8305873660992439	S1-364527745	Pragati Visionary Private Limited	No.43/1 Kadapa Swamy Matt Bus Stop 1St Main Road, Buneshwari Nagar Bangalore, Bangalore, Karnataka	S2-73345062	Pragati Visionary Limited	NO.G-43/14 KADAPA SWAMY MATT BUS STOP 1ST MAIN ROAD, BUNESHWARI NAGAR BANGALORE, BANGALORE, NULL, Karnataka
false_merge	0.7480368170291163	S1-417553536	Tarang Welfare Society	9Th Floor, Tower C, Logix Cyber Park, C 28 29, Sector 62, Noida, Noida, Gautam Buddha Nagar, Uttar Pradesh	S2-966739698	Sri Tarang Welfare Society Limited	
false_merge	0.7869209679485841	S1-790728088	Allahabad Technologies Pvt. Ltd.	C/O Lalita Singh Newtana, New Jhunsi, Allahabad, Uttar Pradesh	S2-458131192	Allahabad Pvt Ltd Services	C/O LALITA SINGH NEWTANA, NEW JHUNSI, ALLAHABAD, Uttar Pradesh
false_merge	0.7444990868755873	S1-574094912	ZYQ Computing LLC	14402 Mulberry, Fayetteville, AR	S2-155944833	RZYQ Computing LLC	14402 MULBERRY, FAYETTEVILLE, AR
false_merge	0.7744850058768807	S1-888569158	Carr, Butterfield & Patterson Iris Inc	5059 Kremer Hoying Road, Saint Henry, OH	S2-221629529	CARR, BUTTERFIELD  & PATTERSON IRIS INC	
false_merge	0.8531765321628475	S1-964657699	Global Ses Inc.	495 La Jolla Lane, Paulden, AZ	S3-487688016	Global Ses Inc	497 La Jolla Ln, PO Box 4247, Paulden, Arizona
false_merge	0.961086023568797	S1-369008690	Kolkata Studios Company	Diamond Chambers, 4 Chowringhee Lane, Block 1, Room No. 1M, 1St Floor, Kolkata, Kolkata, Howrah, West Bengal	S2-836215054	Kolkata Studios Ltd	4E CORNFIELD ROAD GROUND FLOOR, KOLKATA, পশ্চিমবঙ্গ
false_merge	0.7590608982969724	S1-557418202	Gangan Global Private Limited	Room No 14/768 Metro Square Building Pandikkad Road, Majeri, Malappuram, Malapuram, Kerala	S2-291589296	Gangan Global	
false_merge	0.8959497635307089	S1-14744439	Basheer Institute of Technology	96/12 (2B) Chunni Ganj, Kanpur, Uttar Pradesh	S2-775220	BASHEER INSTITUTE  OF TECHNOLOGY-LTD	
false_merge	0.8517128148632099	S1-368060579	Properties Polyclinic Private Limited	House No. 112, One Room Set, Gf Vill. Naharpur, Sector-7, Rohini, Delhi, North West, Delhi	S2-988138213	PROPERTIES POLYCLINIC PRIVFTE LIMITED	
false_merge	0.8006766470273438	S1-240307501	Meenanth Solar Private Limited	S 2/A 42 43 44Mancheswar Industrial Estate Bhubaneswar, Khurda, Puri, Orissa	S3-302288293	CEH	S 2/A 42 43 44Mancheswar Industrial Estate Bhubaneswar, Khurda, Puri, Orissa
false_merge	0.7900248337297368	S1-975434631	Q 9 E Regional Inc	148 Tilla Drive, Kelso, WA	S2-288906609	q 9 e regional inc	
false_merge	0.7771868156046292	S1-288411381	1270 Lake Lane Apartments Inc	210 37th Street, Unit 146, Auburn, WA	S3-111064892	1270 Láke Lane Apartments Inc	
false_merge	0.8324058403389706	S1-519779800	Reyansh Alloys LLP	Flat No - 402, Genx Icon Mangalam Colony, Bailey Road, Rps Genx Icon Mangalam, Dinapur-Cum-Khagaul, Patna, Bihar	S3-662117441	Reyansh Alloys L.L.P.	
false_merge	0.9179355150085646	S1-33950992	Continental Equity	573 Slim Lane, Georgiana, AL	S3-681448286	Continental Equity	
false_merge	0.9689683880239219	S1-22717975	Panchmukhi Eye (India) Private Limited	St No.5, Block A Bhai Himmat Singh Nagar, Dugri, Ludhiana, H No. 1043/1A, Ludhiana, Punjab	S2-496913299	Panchmukhi Éye (Iia Limited	NO G-1043/5A , ST NO.5, BLOCK A BHAI HIMMAT SINGH NAGAR, DUGRI, LUDHIANA, Punjab
false_merge	0.8757788999647644	S1-761281272	Universal Group of Companies	58/16-A First Floorbirhana Road Kanpur, Kanpur, Uttar Pradesh	S3-998587644	Universal Group of	No 58/17-A First Floorbirhana Road Kanpur, Kanpur, UP
false_merge	0.7415651419918865	S1-326965019	Al Theatres Private Limited	104/85 A, Old Sisamau P.Road, Kanpur, Uttar Pradesh	S3-605436740	Al Theatres Limited	104/96 A, Old Sisamau P.road, Kanpur, उत्तर प्रदेश
false_merge	0.7197575851202277	S1-647116224	Mad & Sons Company	F-30, F/F, Community Centre, Triveni Sheikh Sarai, Phase-1, New Delhi, South Delhi, Delhi	S2-713761270	Mad & Sóns Ltd	
false_merge	0.8987678548056796	S1-47447889	Glad White, M.D.	2448 190th Road, Neosho Falls, KS	S2-19341322	Glad White, [M.D.]	
false_merge	0.9131774075271168	S1-970523738	RNB Acres Private Limited	234, Katra Miranshikohabad Firorazabad, Uttar Pradesh, Firozabad, Uttar Pradesh	S3-704974493	RINB Acres Limited Private	No 18 234, Katra Miranshikohabad Firorazabad, Uttar Pradesh, Sikohabad, उत्तर प्रदेश
false_merge	0.9031508110551324	S1-591189113	Navyug & Sons Private Limited	#811, 10Th A Main, Suite # 105 First Floor, Indiranagar, Bangalore, Karnataka	S3-343585903	Navyug & Sons Private Límited	
false_merge	0.8399549633280123	S1-524263	Danika E. Perez, DO PC	6775 Farm Road 186, Rogersville, MO	S3-676195123	Danika E. Perez,	
false_merge	0.9715402085918533	S1-188112400	Devya Chemicals Private Limited	E-25-A.(F.F) Plot No-25, Block-E, Vishnu Garden, New Delhi, West Delhi, Delhi	S3-932096321	Devvya  Chemicals Private	No 55 E-25-a.(f.f) Plot No-25, New Delhi, West Delhi, DL
false_merge	0.8764749531594122	S1-320485110	Zirava Group	Ground Floor, D N Complex, No.57, Lakshami Talkies Road, Shenoy Nagar, Egmore Nungambakkam, Chennai, Tamil Nadu	S3-32020213	Zirrava  Group	Door No 20 Ground Floor, Egmore Nungambakkam, Chennai, TN
false_merge	0.8273034058515047	S1-241576608	Milsap Family Office LLC	Enfield, 44 Buchanan Road, CT	S3-138550423	Millsap Family	
false_merge	0.8937767836125695	S1-940994145	Alpha Enterprises Private Limited	Maharashtra, Vasant Viharnr Nr. Shila Vihar Sawarkar Rd, Pl. 11/78, Ahmednagar	S3-313653975	Alpha Limited Enterprises	Pl. 11/8, Vasant Viharnr Nr. Shila Vihar Sawarkar Rd, Ahmednagar, MH
false_merge	0.9721151991039793	S1-278506014	Vardhman Foundation	Flat No. C-202, Chinar Tower-2, Navkar Green, Kanchipuram, Gandhi Nagar, Bhilwara, Rajasthan	S3-13893375	Vardhman-Foundation LLP	Flat No. C-809, Bhilwara, RJ
false_merge	0.8986583487680617	S1-817455652	Peridova Marshall	2209 Doe Run, Reidsville, NC	S3-718137069	Peridova Marshall	
false_merge	0.8775442135107497	S1-7249279	NQ Machineries Private Limited	No.19/9, 3Rd Main Roadunited India Colony Kodambakkam, Chennai, Tamil Nadu	S2-541269317	NQ Machineries Private [[Limited]]	
false_merge	0.8667472685071169	S1-902003442	Vaayuika Electronics Private Limited	Dr No: 8-3-1010, Flat No-402 Sahithi Vijaya Enclave, Srinagar Colony, Panjagutta, Hyderabad, Telangana	S2-77580222	Vaayuiki Électronics Private Limited	HN 657 DR NO: 8-3-1010, FLAT NO-402 SAHITHI VIJAYA ENCLAVE, SRINAGAR COLONY, PANJAGUTTA, HYDERABAD, Telangana
false_merge	0.7054000216029551	S1-264679023	Clyora Cambridge	4605 Priest Drive, Unit 257, Tempe, AZ	S2-444958423	Clyoraer Cambridge	461 PRIEST DR, TEMPE, AZ
false_merge	0.9261682101680421	S1-254857226	WM Otg	92 Conard Drive, Candler, NC	S3-23807399	WMC  Otg	92-C Conard Dr, Candler CITY, North Carolina
false_merge	0.8790757361490658	S1-474666070	Philip (India) Hospitality Limited	Dabagardens, 30-5-1, Andhra Pradesh, Vishakhapatnam, Krisana Gardens	S3-193691978	Philip (Imnni)A Kisan Limited	30-5-5, Dabagardens, Visakhapatnam, AP
false_merge	0.8833163485245364	S1-314823797	Jrk Applications Private Limited	66-B, Model Town, Patiala, Punjab	S2-85481963	Jrk Applications Limited	68-B, MODEL TOWN, PATIALA, Punjab
false_merge	0.9261580793812889	S1-762278187	Vaayuva Foods Private Limited	A-801/802, Domain Heights, Shayamal Cross Road, Ambawadi, Ahmedabad, Gujarat	S2-762343904	Private Vaayuvaer F0ods Limited	A-801/802, AHMEDABAD, DOMAIN HEIGHTS, SHAYAMAL CROSS ROAD, AMBAWADI, Gujarat
false_merge	0.9989490837653997	S1-203124732	Tejita Fibernet Pvt Ltd	No.20, Omega Layout Margondana Halli Village, Kr Puram Post, Bengaluru, Bangalore, Karnataka	S3-184689242	Pvt Tejjita Fibernet Limited	No.20, Omega Layout Margondana Halli Village, Kr Puram Post, Bengaluru, Bangalore, ಕರ್ನಾಟಕ
false_merge	0.9969893321694928	S1-358783913	Noveon Hcm Care	434 Gates Hill Road, Broome, NY	S3-447799853	Novveon Hcm Care	434 Gates Hill Rd, Broome, New York
false_merge	0.9125071659425931	S1-88100241	Anilika Freight Company	Flat No B2 Ganga Block Triveni Complex, Hyderabad, Telangana, Habsiguda X Roads	S2-373702865	Aniliki  Freight Company	FLAT NO B2- GANGA BLOCK TRIVENI COMPLEX, HABSIGUDA X ROADS, Telangana
false_merge	0.774279636886895	S1-173041232	JT Technologist Ltd	Site No 241, Wessex Layout Phase 2, Kachanayakanahalli, Anekal, Bangalore, Karnataka	S3-396559016	JI Technologist Ltd	Site No 241, Wessex Layout Phase 2, Kachanayakanahalli, Anekal, Bangalore, KA
false_merge	0.7994357888605661	S1-516687778	Men Patriot Teucrium LLC	TX, Maxwell, 370 Aplite Pass	S3-911366834	The Kelly Patriot Teucrium LLC	37 Aplite Pass, Maxwell, Texas
false_merge	0.9712161779975821	S1-367817510	Clyent Fields L.L.C.	130 Demont Avenue, Unit Unit 140, Little Canada, MN	S3-85860092	Clyont Fields Fields LLC	130 Demont Ave, # Unit 140, Saint Paul, Minnesota
false_merge	0.9027661451322199	S1-547190702	Baker, Mullis & Robison	143 5th Street, Clinton, IN	S2-46776425	Baker, Mullis and Robison	
false_merge	0.8856712397097036	S1-416993218	IO Wear	8-2-293/A, Jubilee Hills, Apurupa Towers, Road No 36, Shaikpet, Hyderabad, Telangana	S3-418593681	DO Wear	Jubilee Hills, Apurupa Towers, Road No 36, TG, Hyderabad, 008-2-293/A, Shaikpet
false_merge	0.8946177383187881	S1-401953193	Nagraj Consumer Private Limited	C/O Md Kaimuddin, S/O Md Kasim Jhikiya Village-Jajhat, Panch-Jajhat, Sabaila, Block-Singheshwar, Madhepura, Bihar	S2-134170907	NAGGRAJ CONSUMER LIMITED LIMITED SERVICES	NO 9-2 C/O MD KAIMUODIN, S/O MD KASIM JHIKIYA VILLAGE-JAJHAT, PANCH-JAJHAT, SABAILA, BLOCK-SINGHESHWAR, Bihar
false_merge	0.9868842512415207	S1-355985720	Anchor	14628 Burnside Street, Portland, OR	S3-88282863	Anchor Inc	14628 Greenridge Ln, Burnsville, Minnesota
false_merge	0.9387804545109623	S1-902839458	Arts Fund Partners	1015 Hillcrest Drive, White Hall, AR	S3-312137879	Halocira	White Hall, ##1015 Hillcrest Drive, Arkansas
false_merge	0.874929575834159	S1-256397601	BE First Kgaa LLC	Carlton, 1510 4, MN	S2-32499517	BE First Kgaa Llc	
false_merge	0.8608311844185377	S1-908614617	Tiller Drugs	WI, Town Of Eaton, 1669 P	S3-845392747	Tiller Drúgs	
false_merge	0.9955848031060555	S1-388537440	Vaayuita Ng Private Limited	Biprannapara, Domjur, West Bengal, Howrah, N.H.-6 - Domjur	S2-711269899	Vaayuitta Ng  Private Limited	NO 37 BIPRANNAPARA, N.H.-6 - DOMJUR, DOMJUR, পশ্চিমবঙ্গ
false_merge	0.7063178406234866	S1-271759853	Helms, Gwennie, DDS, M.D., P.C.	Skippack Township, 4381 Meadowridge Lane, PA	S2-725462539	Helms, M.D., EDDS, Gwennie, [P.C.]	PA, 4381 MEADOWRIDGE LN, SKIPPACK TOWNSHIP
false_merge	0.806203790603274	S1-967035703	Audrie Simmonds Bright Light LLC	7675 Huntington Drive, Youngstown, OH	S2-558543933	AUDRIE  SIMMONDS BRIGHT LIGHT	
false_merge	0.820336387647076	S1-607841885	Dynamic James	29 Summerland Way, Worcester, MA	S2-916518758	Dynamic James | www.dynamicja.com	
false_merge	0.8282260646900933	S1-598287233	Diane-Marie's Advisory	950 Front Street, Klamath Falls, OR	S2-587648732	Diane-Marie's Advisory	
false_merge	0.7804378376373858	S1-48325323	Innovative Cloud Technologies, LLC	Katy, 6238 Brenwood Circle, TX	S2-927637163	Innovative Cloud Technologies L.L.C.	
false_merge	0.8914363527231972	S1-237005796	Suryam Valley Private Limited	3/17/57 Diwani, Missil, Faizabad, Uttar Pradesh	S3-147919129	Surryam Valley-Private Limited	3/17/70 Diwani, Missil, Faizabad, UP
false_merge	0.8611699373729271	S1-179130923	Lammers Metro Fidelity LLC	1620 Michigan Avenue, City Of Wisconsin Dells, WI	S3-247103302	LAMMERS METRO FIDELITY LLC	
false_merge	0.9472389694922422	S1-20242322	Roopan Services of Govind Nagar LLP	117/K/636 Amb Nagar, Kakadeo, Govind Nagar, Kanpur Nagar, Uttar Pradesh	S2-174381189	RUPAN SERVICES OF GOVIND NAGAR (LLP)	H.NO 117/K/647 AMB NAGAR, KAKADEO, GOVIND NAGAR, Uttar Pradesh
false_merge	0.9884524399499367	S1-172378112	Quantova Opportunities LLC	497 Pike Run Drive, West Pike Run Township, PA	S2-71114072	Kwantova Opportunities LLC	497  PIKE RUN DRIVE, null, WEST PIKE RUN TOWNSHIP, PA
false_merge	0.9354806743139249	S1-713146545	Balaji Construction Private Limited	42/1, Strand Road Ground Floor, Kolkata, Howrah, West Bengal	S3-974091479	Dr Balaji Construction Limited	Howrah, Calcutta, 0042/2, পশ্চিমবঙ্গ, Strand Road Ground Floor
false_merge	0.9996000247360145	S1-328631030	Lumio Estate LLC	16304 Adams Street, Omaha, NE	S3-869764270	Lummio Estate	6304 Adams Street, Omaha, Nebraska
false_merge	0.8332215610789823	S1-87674100	MW Metropolitan Private	40501 Plainview Road, Woodsfield, OH	S3-879824036	MW Metropolitan Private	
false_merge	0.9970040377825797	S1-927430764	Solola Fast PC	11913 159th Street, Puyallup, WA	S2-838098858	SOLLOLA FAST  INC	11913  159TH STREET, PUYALLUP, WA
false_merge	0.9992266429624772	S1-859016148	Ivenent Industries Inc	1840 Newton Avenue, Springfield, MO	S3-543713992	Inc Ivvenent Industries	Springgfield, 6840 Newton Ave, Missouri
false_merge	0.8864304214195656	S1-822572803	Taram Enterprise	Unit No.9, 10Th Floor, Gowra Fountainhead, Sy No.80 83 And 84, Patrikanagar, Madhapur, Hi-Te, Ch City, Hyderabad, Telangana	S3-746769346	Tarram Enterprise	Unit No.13, 10Th Floor, Gowra Fountainhead, Sy No.80 83 And 84, Patrikanagar, Madhapur, Hi-te, Ch City, Ranga Reddy, Hyderabad, Andhra Pradesh
false_merge	0.9211354553717791	S1-682249797	Mclaurin, Schmidt & Halilovic Fargo Inc	7642 Goudin Drive, Missouri City, TX	S2-717687816	Mclaurin, Schmidt & Halilovic Inc Center	
false_merge	0.7029430597638134	S1-233440054	Pitts Concord LLC	322 Mansion Drive, Alexandria City, VA	S2-886077714	Pitts Concord	
false_merge	0.9259585686947924	S1-323723016	CZ Tactical, Corp	10529 Carr Avenue, Wichita, KS, Fl 0	S2-333277570	CZ Córp Tactical,	
false_merge	0.9909253169003085	S1-303607309	Town Of	113 Fourth Street, City Of Watertown, WI	S2-274069068	Town Of	FOURTH ST, WASHINGTON, DC
false_merge	0.8716511112241062	S1-445562014	Clear First Trust	7 Woodrow Street, Lincoln, AL	S2-241211542	CLEAR FIRST TRUST LP	
false_merge	0.9366238797435442	S1-380682660	Navue Capital Partners	11815 Carroll Lake Drive, Fort Wayne, IN	S2-129043472	Ectogildbelo	11815-A CARROLL LAKE DRIVE, PERRY, IN
false_merge	0.9994826072381333	S1-914331892	Olanola Intercontinental LLC	Middleborough, MA, 158 Bedford Street	S3-765011889	Ollanola Intercontinental	158 Bedford Street, Middleborough, Massachusetts
false_merge	0.930783019640381	S1-529388658	UNG (india) Limited	420/152 Katra, Mohdali Khan, Lucknow, Uttar Pradesh	S3-305600246	UNG India Limited	420/161 Katra, Lucknow, Balaganj, UP
false_merge	0.8069799281629835	S1-322742465	Tandy Ventures, LLC	53 Nahant Avenue, Unit 5, Revere, MA	S3-346248604	Tandy Ventures, Llc	
false_merge	0.771451206999536	S1-41011489	Manjunatha Marketing (India) Ltd	C-204/1 Phase-2, Mayapuri Opp., Park New Delhi, New Delhi, South West Delhi, Delhi	S2-362710508	Manjunatha Marketing (India)	
false_merge	0.8582731573873599	S1-457292295	Zonda Reyes Computing LLC	308 Buck Jones Road, Unit 203, Raleigh, NC	S3-894958952	Zonda Reyes Computing Llc	
false_merge	0.9653945496794228	S1-528078239	Ma Roots Private Limited	Mb-151 First Floor, Front Side Shakarpur Near, Delhi, East Delhi, Delhi	S3-728991136	Fluxecto	Block B-947 Mb-151 First Floor, Front Side Shakarpur Near, Delhi, Shakarpur, DL
false_merge	0.8370573087417099	S1-660902240	Triveni Seva Samiti	No.4/120, Kottarakonam, Vilavancode, Kanyakumari, Tamil Nadu	S2-885325344	TRIVENI SEVA SAMITI CORPORATION	
false_merge	0.978473724375564	S1-340993955	Ziratech Producer Limited	9/225, Mta Building Poolakkal, Punnappala Po, Malappuram, Malappuram, Malapuram, Kerala	S2-724227049	Zirateique  Producer Limited	9/225, MTA BUILDING POOLAKKAL, PUNNAPPALA PO, MALAPPURAM, MALAPPURAM, കേരളം
false_merge	0.8011063556980271	S1-180640472	KZ Collar Limited	Old No.1 &2, New No.24Vittal Mallya Road, Bangalore, Karnataka	S2-166224262	KZ  Collar	
false_merge	0.9731988923780042	S1-697304304	Yamuam Construction Private Limited	No.705, Gangadharapura, Someshwara Extension, Doddaballapura, Bangalore Rural, Karnataka	S3-966466896	Yamueon Construction Ptivate [Limited]	No.705, Gangadharapura, Someshwara Extension, Doddaballapura, Bangalore Rural, ಕರ್ನಾಟಕ
false_merge	0.9605837517953846	S1-555370135	Taransh Organizer Associates	Plot No-15B, 7Th Cross Street Sarvamangala Nagar, Chitlapakkam, Chennai, Tamil Nadu	S2-797419322	Taranshyn Organizer Associates Company	PLOT NO-15B, 7TH CROSS STREET SARVAMANGALA NAGAR, CHITLAPAKKAM, CHENNAI, தமிழ்நாடு
false_merge	0.7267499769491947	S1-89346742	Cecchi Retail LLC	9507 Maryland Cove, Sherwood, AR	S2-515664908	Rice LLC Retail	9507 MARYLAND CV, SHERWOOD, AR
false_merge	0.7874019191605208	S1-456977427	Clem Lopez, DPM Inc	224 Alcott Road, Columbus, OH	S3-843953607	Clem Lopez,	
false_merge	0.7724961131793248	S1-776249645	Aditesh Solution Private Limited	403 'Sarap', Above Kumar Prakashan, Opp. Opp. Navjivan Press, Income Tax, Ahmedabad, Gujarat	S3-698318902	Aditezh Solution Private	No A-403 'Sarap', Above Kumar Prakashan, Opp. Opp. Navjivan Press, Income Tax, Ahmedabad, GJ
false_merge	0.8596402277815092	S1-948645387	Vaccaro All L.L.C.	Wichita, 2628 8th Street, Fl 0, KS	S3-892266372	Vaccaro Áll LLC	2639 8rd St, Floor 0, Wichita, Kansas
false_merge	0.7246836605599741	S1-108544087	Medha Brothers Private Limited	A 47 Friends Colony (East), New Delhi, South Delhi, Delhi	S2-336894041	Medha Brothers Limited	A 49 FRIENDS COLONY (EAST), NEW DELHI, Delhi
false_merge	0.749036931779711	S1-943572388	Main Street Yoga! Center	615 Church Street, Lynchburg City, VA	S2-932922063	Main Street Yoga! Corp Center	
false_merge	0.8719191424771767	S1-571566226	Golden Defense Union LLC	10013 Margie Ann Drive, Charlotte, NC	S2-6739485	Golden Deefone Union LLC	
false_merge	0.9569909739637127	S1-492581024	Coimbatore Towers Limited	C/O Manoj Anand 3Rd Mile, Sevoke Road, Siliguri, Jalpaiguri, West Bengal	S3-920715113	Coimbatore Limited Tower	
false_merge	0.9123387059387755	S1-118413547	Ujjaika Leasing Private Limited	Chittorgarh, Occhari Chouraha, Senthi, Chittorgarh, Rajasthan, 9 Dhruv Enclave	S2-107930249	Ujjaika Leasing Private Ltd	
false_merge	0.7097751545560835	S1-959937949	ZI Creations Pvt Ltd	Perundurai, 89 Erode Main Road Palanikattu Pudur K C Palayam Perundurai, Tamil Nadu, Erode	S2-697364993	ZI CREATIONS	
false_merge	0.720814128355746	S1-308810569	Gallardo Interstate Fact Inc.	6837 Henderson Road, Pompey, NY	S3-985271678	Gallardo Interstate Fact  Inc.	
false_merge	0.817638471076921	S1-166867515	A All Franklin LLC	304 41st Street, DC, Washington	S3-897014098	Zephxylocira	300-304 41st Street, Seattle, Washington
false_merge	0.9988085896547012	S1-308193328	YWW Startup Limited	B-467, Second Floor New Friends Colony, Okhla, Delhi, South Delhi, Delhi	S3-451897117	YW Startup (Limited)	B-##467, Second Floor New Friends Colony, Okhla, Delhi, South Delhi, DL
false_merge	0.9995241162570305	S1-74884920	Drayon Guggenheim	3597 25 Road N, Sigel, IL	S3-30719325	Drrayon (Guggenheim)	3597 25 Rd N, Sigel, Illinois
false_merge	0.7742591254252418	S1-318881426	Silver Telecommunication	1382 Royal Street, Jackson, TN	S2-122701354	SILVER TELECOMMUNICATION	
false_merge	0.7759986271915815	S1-285527074	Eye Harbor Physicians	950 West Street, Carthage, NY	S3-511849522	Eye  Harbor Physicians	
false_merge	0.7468363998429346	S1-570457660	Metro Stifel	Dedham, Unit 133, MA, 100 Quabish Road	S2-864662320	METRO STIFEL LLC	
false_merge	0.7311330269124126	S1-636598491	Ms Textiles Limited	Gujarat, E-403, Gandhi Nagar, Gandhinagar, Satyaa Square, Opp Shri Sharan Residency	S3-212609674	Ms Textiles  Limited | www.mstextile.com	
false_merge	0.9814850095636724	S1-844581201	Lumova Ridge Group	1056 Blackbird Trail, Hutchinson, MN	S2-143747677	Lummova Ridge Group	106 BLACKBIRD TRL, PO BOX 3107, HUTCHINSON, MN
false_merge	0.9751700527753047	S1-71241025	Orbit Welfare Society	Nr Jamvadi Bus Stand Vill Jamvadi, Taluka Gondal, Gondal, Rajkot, Gujarat	S3-8747596	Orbiaviecto Labs	Nr Jamvadi Bus Stand Vill Jamvadi, Gujarat, Gondal, Taluka Gondal, Rajkot
false_merge	0.7757670989358144	S1-146051763	GIO Warehousing Limited	Flat No 901, 9Th Floor, Type B6, Block B Sagar Landmark, Ayodhya By Pass Road, Bhopal, Madhya Pradesh	S2-562967967	GIO Wnáreuhsing Limited	
false_merge	0.8478148896436741	S1-743520354	Arlie Delk Blue Mortgage PLLC	408 W Plains Drive, Oreana, IL	S3-637787172	Arlie Delk Blue Mortgage,	
false_merge	0.8767433990007404	S1-556957708	Laxmi Polytechnic LLP	Plot No. 17-A, 17-B, 17-C And 17-D, Ground Floor, Khasra No. 10/4, Block-T, Nihal Vihar, New Delhi, West Delhi, Delhi	S3-119138567	Laxmi Pólytechnic (Ltd)	
false_merge	0.8902419359507511	S1-484528805	Solent Bankshares	4116 Fortuna Center Plaza, Prince William County, VA	S2-936860066	Solent Bankshares [Corporation]	
false_merge	0.9503081915816028	S1-487881413	Marice Cruz Unified Canary LLC	399 Beaver Pond Road, Fairdale, WV	S2-944234297	Korkelocalo	399 BEAVER POND RD, FAIRDALE, WV
false_merge	0.9569324990102753	S1-973067477	Clyium Royalties	33 Adams Street, Berea, OH	S3-679611553	CLYIEM ROYALTIES	#33 Adams Street, Berea, Ohio
false_merge	0.7838674609490432	S1-323215851	Capital Institute Inc	120 8th Avenue, Topeka, KS	S3-954999207	@capitalinstitute	#120 Tenth Ave, West Fargo, North Dakota
false_merge	0.70841994389764	S1-708448661	Indresh Trendz LLP	H No 20 1St Flr Near Sai, Hospital Majhola, Moradabad, Uttar Pradesh	S3-705736299	Indretis Trdzn LLP	H No 20 1St Flr Near Sai, Moradabad, UP
false_merge	0.9011457431713555	S1-524051630	Golden Bistro	555 Beattie Street, Helena, MT	S3-188976818	Golden Bistro L.L.C.	55 Beattie Street, NULL, Helena, Montana
false_merge	0.9340290307302962	S1-113648087	Bhaarat & Sons Private Limited	D-2/100, Janak Puri, New Delhi, Delhi	S2-209811108	Bhaarat & Sons Limited	D-2/113/6, JANAK PURI, Delhi
false_merge	0.9818614674245308	S1-778307912	IT Conductors Private Limited	Merit Complex, Nr Ramkrupa, Opp Vns Perfume, University Road, Rajkot, Gujarat	S3-846910636	At Conductors Private Limited	Merit Complex, Nr Ramkrupa, Opp Vns Perfume, University Road, Rajkot, GJ
false_merge	0.7198099182181394	S1-775747843	Hitech Technologies Pvt Ltd	Kulime Siddana Garden Thamare Kannan Road, Ulsoor, Banglore, No. 14/6, Karnataka, Bangalore	S3-71923195	Hitech Technologies  Private Limited	Bangalore, KA, Bangalore, ##14
false_merge	0.7824235184968228	S1-178530666	Cooper Great Mae Inc	8101 Little Dipper Avenue, Unit DUPL A, Anchorage, AK	S2-7320222	Miraxylo	101 LITTLE DIPPER AVE, ANCHORAGE, AK
false_merge	0.8771493099506242	S1-460393961	Orthopedic Strategic Care Inc.	1156 Valley View Drive, Hurst, TX	S2-236440950	Orthopedic Strategic Care Inc	1157  VALLEY VIEW DR, HURST, TX
false_merge	0.8073250271692514	S1-427334477	Damico Preferred Realty LP	8602 Windsor Boulevard, Glendale, AZ	S3-231083087	Damico Preferred Realty	
false_merge	0.7903074423696342	S1-287447809	Micki Hammond Private P.C.	3604 Stamford Street, Laredo, TX	S2-412423687	Micki Hammond	
false_merge	0.8778107764013032	S1-826910353	Ganesh Ethnic Private Limited	Door No. 33/V, Thattampara House Munnanad Post, Ayyankolly, Nilgiris, Tamil Nadu	S2-593667879	Ganesh Ethnic Private [(Limited)]	
false_merge	0.9473079201323245	S1-555508671	Nexora All Inc	9927 Cerro Largo Place, Albuquerque, NM	S2-114342503	NEX0RA ALL INC.	
false_merge	0.8924051425236706	S1-125665803	Issy Ogrady Mountain Coffee Inc	31951 Meadow Lane, Mannford, OK	S3-379237790	issy ogrady mountain coffee inc	
false_merge	0.8136546472551496	S1-475762295	Wright & Bostic Systems	8 Tomahawk Court, Ofallon, MO	S3-36408764	Wright & Bostic Systems Có	
false_merge	0.9248705076150033	S1-566491283	Valera and Villegas	Hazard, 43 Allen Drive, KY	S3-838540347	Valera and Villegas	
false_merge	0.9994901250537109	S1-793043216	Olanial Bitcoin LLC	2232 Michigan Avenue, Unit 32, Phoenix, AZ	S3-335806432	Ollanial Bitcoin-LLC	2232 Michigan Avenue, Unit 32, Phoenix, Arizona
false_merge	0.8068316258980783	S1-782319618	Ace Insurance Collective Inc	24 Holmes Lane, Benton, KY	S3-734440925	Ace Insurance Collective	
false_merge	0.7246310081729364	S1-276941221	NBB Clay Pvt Ltd	Shop No.-3, G/F Pocket B-8, Csc No.-2 Mayur Vihar Phase -3, Near Reyaan Public, School, Delhi, East Delhi, Delhi	S2-936636971	nblb clay pvt ltd	SHOP NO.-3, G/F POCKET B-8, CSC NO.-2 MAYUR VIHAR PHASE -3, NEAR REYAAN PUBLIC, SCHOOL, DELHI, दिल्ली
false_merge	0.9907806237655477	S1-807669669	Kestola Automobile Inc	903 Church Road, Springfield Township, PA	S3-991381149	Cestola Automobile Inc	Pennsylvania, 903 Church Rd, Orelaand
false_merge	0.959379158635294	S1-413879798	Liesa Zavala, CPA	240 Chesapeake Drive, Salisbury, NC	S3-480750637	Liesa Zavala, (CPAV)	240 Chesapeake Drive, PMB 9040, Salisbury, North Carolina
false_merge	0.8116669432554403	S1-446970886	DE Fabricators Pvt. Ltd.	223 New Jiwaji Nagar, Thatipur, Gwalior, Madhya Pradesh	S2-80004357	DDE  Fabricators Pvt. Limited	22 NEW JIWAJI NAGAR, THATIPUR, Madhya Pradesh
false_merge	0.8679451515914723	S1-188936277	Factual Srushti (India) Pvt Ltd	Shop 108, High Field Ascot, Opp Palm Avenue, Nizar, Surat, Gujarat	S2-866643803	Factual Srushti (India) Pvt-Ltd.	
false_merge	0.9381592107554656	S1-620628278	Rms Academy	5/0 Thadungalpadi, Thrikkalangode Po Manjeri, Ernad, Malappuram, Malapuram, Kerala	S3-769447591	Rms Academy	
false_merge	0.9314604800046494	S1-790475156	Barrios Highland Stardust LLC	2027 21st Street, Phoenix, AZ	S2-639509050	MIRAEVO	002027 21ST STREET, PHOEINX, AZ
false_merge	0.9430309262674921	S1-873680795	Jackson, Zuzana, D.D.S. PC	5424 Hartford Avenue, Tulsa, OK	S2-635238852	UMBRANEXJAX	5424-D HARTFORD AVE, TULSA, OK
false_merge	0.99285176446367	S1-442899823	# 9 PW Sterling LLC	27725 Elisha Road, Canby, OR	S3-386670428	# 9 VW	Oregon, Canby, 27725 Elisha Road
false_merge	0.7809108990815052	S1-752844270	Secure Equity Networks L.L.C.	Austin, TX, 4517 Berkman Drive	S2-324450247	Llc Secure Equity Networks	4518 BERKMAN DR, AUSTIN, TX
false_merge	0.9824415906483523	S1-393691992	Padgett, Chrysa, DPM	2220 Waterleaf Court, IL, Naperville	S2-343208622	DUM Chrysa, Padgett,	IL, 2220 WATERLEAF COURT, NAPERVILLE
false_merge	0.9030994289854736	S1-412062936	Division of Transportation Associates	6318 24th Avenue, Seattle, WA	S3-899543813	Division of	3904 24th Ave, Seattle, Washington
false_merge	0.923554801804053	S1-759503101	SC Drugs Private Limited	Plot No 63/12 1St Floor, Blk- B, Rama Road, Najafgarh Road, Delhi Industrial Area, New Delhi, West Delhi, Delhi	S2-475112379	GC Drugs Private Limited	63/12  1ST FLOOR, BLK- B, RAMA ROAD, NAJAFGARH ROAD, DELHI INDUSTRIAL AREA, NEW DELHI, Delhi
false_merge	0.7721621649148109	S1-61499868	Bsd Soft LLP	C/O 685 Shiv City Silver Nihalpur Mundi, Indore, Madhya Pradesh	S2-246184906	Bsd Soft	
false_merge	0.7536045915132921	S1-735733692	Apex Infrastructure Private Limited	Ganesh Cly, H No 1 - H No 42 New Ganesh Cly Rd, Amravati, Maharashtra	S3-213631180	Apex Infrastructure Limited	25 Ganesh Cly, Amravati, MH
false_merge	0.7835018875122451	S1-689622520	Real Engineering Private Limited	Block A, Siva Capitals Green, Guntur, Andhra Pradesh, Flat No. 402	S2-459778243	రియల్ ఇంజనీరింగ్ Limited	FLAT NO. 40, BLOCK A, SIVA CAPITALS GREEN, GUNTUR, Andhra Pradesh
false_merge	0.8383508405823727	S1-981017677	Smith Trading Pvt. Ltd.	Shop No. 9, 3Rd Floor, 38/4B Friends Centre, Sanjay Place, Agra, Uttar Pradesh	S2-910006956	enterprisestradingpartnerscom	38/4B, FRIENDS CENTRE SANJAY PLACE, AGRA, Uttar Pradesh
false_merge	0.8117529830127684	S1-685177511	Angevine Allegro	CA, Sacramento, 15 Shannondale Court	S2-585321098	ANGEVINE ALLEGRO  LP	
false_merge	0.9084905325951226	S1-137175114	Ivenyx Standard Inc	402 River Street, Antwerp, OH	S2-158269649	Ivonyx Standard	402 1/2 RIVER STREET, ANTWERP, OH
false_merge	0.8576007424363934	S1-591757778	Tomasina S. Blanco, M.D.	1925 Deerbrook Drive, Fishers, IN	S3-567641294	Tomasina S. Blanco, - 2461415055	
false_merge	0.868976125078797	S1-280526829	Chandrin India Private Limited	Andhra Pradesh, Flat No.412, Guntur, Sai Amarutha, Doyen, Sai Nagar	S2-446868054	Chandrova India  Private Limited	NO 412 , SAI AMARUTHA, DOYEN, SAI NAGAR, GUNTUR, N/A, Andhra Pradesh
false_merge	0.8100180550857381	S1-754985433	Sarasavi Bio Private Limited	South Delhi, B-26 G/F Lajpat Nagar-Iii, Delhi, New Delhi	S3-141968927	Private Sarasavu Limited Bio	No. 848 B-26 G/f Lajpat Nagar-iii, DL, Dasna , Meerut, New Delhi
false_merge	0.93575009189211	S1-553919446	Cammarata Edison LLC	1411 Mckenzie Street, Dallas, TX	S3-97375160	Wexev0	Dallas, Texas, 411 Mckenzie St
false_merge	0.8056619188683057	S1-787827078	Palace (India) Broadcast Corporation	Uttar Pradesh, Gwaltoli, Manshanath Mandir, Kanpur Nagar, 38/46 Purviya Mohal	S2-703673213	Palace (India) Broadcast Services	
false_merge	0.7658667689697438	S1-169274317	Oncology Tri-State Clinic LLC	2616 63rd Street, Chicago, IL	S3-292726461	oncology tri-state clinic	
false_merge	0.8821198538318432	S1-526608061	XBP Foundries Private Limited	H-103, Riico Indl.Area, Bindayaka, Jaipur, Rajasthan	S2-897503084	Umbraveramira	H-103, RIICO INDL.AREA, BINDAYAKA, MANDSAUR, JAIPUR, राजस्थान
false_merge	0.8447600279099151	S1-111325887	Mass Services Private Limited	7/153 Dakshinpuri Extn, Near D Ext, New Delhi, South Delhi, Delhi	S3-105591702	Mass Services Limited	Door No 7/160 Dakshinpuri Exn, South Delhi, DL
false_merge	0.9466648081470129	S1-43774472	Katrina Hockman, DMD	206 Cooper Street, Kokomo, IN	S2-520937183	Nylawexgild	#206 COOPER STREET, KOKOMO, IN
false_merge	0.8105550590368356	S1-96456311	Better Trading Innovations	7058 166, Beauregard, AL	S2-463235045	BETTER TRADING INNOVATIONS-INC.	
false_merge	0.9739472464691595	S1-320627235	Beacon	107 King Street, Fl Floor 2, Dunkirk, NY	S3-345451363	Tavojax	107 Second St, Fl. Floor 2, Dunkirk, New York
false_merge	0.9205430856002031	S1-184714202	Vantus Insight LLC	3600 Suncadia Trail, Unit 3038, Unicorporated, WA	S3-292886204	Vantes Insight-Llc	Unicorporated, #3600 Suncadia Trl, # 3038, Washington
false_merge	0.7355989407260142	S1-31935178	Chakadola Trading Private Limited	Malappuram, Kerala, Ahs Tower, Bypass Road, Chemmad Tirurangadi P.O, Malappuram, 28/341-B, Malapuram	S2-841378376	CHAKADOLA TRADING PRIVATE LTD	
false_merge	0.7117329070737045	S1-260820809	Corny's Harbor Pilates	144 Chase Avenue, Waterbury, CT	S3-909606528	Corny's Inc Pilates Harbor	14 Chase Avenue, Waterbury, Connecticut
false_merge	0.9523164616803902	S1-635273975	Perkins Bold LLC	1510 Alimingo Drive, Indianapolis, IN	S3-306504687	Peter LLC Bold	1510 Alimingo Dr, Indianapoils CDP, Indiana
false_merge	0.8770968118205058	S1-979694106	Archer & Associates Private Limited	2Nd Floor, Property No- C352 Palam Extension Sec 7, Dwarka, New Delhi, South West Delhi, Delhi	S2-332263672	Mr Archer  & Associates Limited	NO 4ND FLOOR, PROPERTY NO- C352 PALAM EXTENSION SEC 7, DWARKA, NEW DELHI, Delhi
false_merge	0.785857009095263	S1-555431309	Taj Clinic Pvt. Ltd.	Devlp Area Near Phoolwati, C-4/74/1 G/F Safdar Jung, Delhi, New Delhi	S3-606200221	taj clinic	
false_merge	0.7357417295965922	S1-62915074	LLH Construction Private Limited	B197/1, Rashiwasi Sang, Pratiksha Nagar, Sion (E), Mumbai, Mumbai City, Maharashtra	S2-615360814	LH LIMITED PRIVATE CONSTRUCTION	
false_merge	0.8524426332605414	S1-682152411	OT Boston	17 Pierce Lane, Cornwall, CT	S3-962459130	Ariawex	17 Pierce Ln, null, W. Cornwall, Connecticut
false_merge	0.823185504698106	S1-354654273	Ferris's Allied Auto Repair	17 Regan Street, Unit Unit 65, Vernon, CT	S2-97344358	RIZASYNLYRA	17 REGAN ST, VERNON, CT
false_merge	0.8838876813086789	S1-156577746	Antelope Brothers Ltd	Property No. 48, 2Nd Floor Rama Road, Najafgarh Industrial Area, New Delhi, North Delhi, Delhi	S3-850147785	Antelope-Brothers Ltd	
false_merge	0.7137622517610127	S1-924778026	Carie Marroquin Muzero LLC	1323 Saxony Lane, Houston, TX	S2-936747106	Márroquin, Carie Partners LLC	344 Saxony Lane, HOUSTON, TX
false_merge	0.8773200749535092	S1-849384885	D+ Ready L.L.C.	170 York Street, Elmhurst, IL	S2-663989831	D+ Ready LLC	172 YORK ST, ELMHURST, IL
false_merge	0.8966481305485743	S1-820984763	Proa Bnb Inc	4850 Comanche Cre, Weatherford, TX	S2-228004882	Proa Bnb Ínc	
false_merge	0.7718360347193925	S1-212328129	UF Regional Advisors LLC	43 Korda Drive, Duluth, MN	S2-742864104	uf regional advisors llc	
false_merge	0.777410166637859	S1-780342305	Bernelle's Property Solutions	7218 Calais Road, Houston, TX	S3-645189095	Bernelle's Property - 8824705779	
false_merge	0.8053757600979399	S1-148918421	Brittni Grace Hcm Corp	5048 Stansbury Drive, Solon, OH	S2-105670328	BRITTNI GRACE HCM	
false_merge	0.9198206381504412	S1-45216144	Gauldin Jersey Corp	2326 Madison Green Drive, Gastonia, NC	S2-647370586	Gau1din Jersey [Corp]	
false_merge	0.9368196240525007	S1-409355252	Sterling	502 Mooreland Avenue, Harrodsburg, KY	S2-220273641	Zephnovi	502 MOORELAND AVE, HARRODSBURG, KY
false_merge	0.9402913354754776	S1-646973131	Jama, Jones and Cody	Clover, Unit APT D, SC, 4136 Charlotte Highway	S2-656499218	Jama, Jones and Cccy	
false_merge	0.7366503777546888	S1-930805347	YWS Pampa	IA, 2505 Mann Avenue, Des Moines	S3-271871413	Mws Pampa	2505-B Mann Ave, Des Moines, Iowa
false_merge	0.883078185261609	S1-218870966	Ellis, Robbins and Dagostino, Inc.	25642 Gambit Trail, Wittmann, AZ	S3-298921070	>> Ellis, Robbins and Dagostino, [Inc]	45646 Gambit Trl, Wittmann, Arizona
false_merge	0.7158350611551264	S1-134838633	Green International Private Limited	Uttar Pradesh, Plot No. 8/20, Sector 3 Rajendra Nagar, Hs-13, Sahibabad, Ghaziabad	S2-331718384	Green International Limited	HS-26, PLOT NO. 8/20, SECTOR 3 RAJENDRA NAGAR, SAHIBABAD, Uttar Pradesh
false_merge	0.8544879020718499	S1-271460370	Chandrika Luxury Private Limited	Coimbatore, Tamil Nadu, Coimbatore, 167/5, Annamalai, Nagar, Madukkari Taluk, No 166	S2-608201798	Chandriora Luxury Private Limited	H.NO 166 , 167/5, ANNAMALAI, NAGAR, MADUKKARI TALUK, COIMBATORE, தமிழ்நாடு
false_merge	0.7679925559807164	S1-623810617	A Horizon Ashford LP	Andover, OH, 321 Carol Court	S3-423747889	A Horizon Ashford	
false_merge	0.9992859509031787	S1-290407253	Rcl & Co Private Limited	Malinagar (), Solapur, Maharashtra	S3-509895076	Rcl & Co Limited	Malinagar (), Solapur, MH
false_merge	0.8904516790534086	S1-468088013	Kaizen Estate LLP	Unit No. 406, Fenkin 9, Thane (M Corp.), Thane, Maharashtra	S3-474887663	Kaizen Center Estate	
false_merge	0.8555305249405096	S1-62837512	Kaverita Manufacturing Private Limited	Sr No. 63/3 The Reino Montanta Flat No. 602, Colony Road Talegaon Dabhade, Maval, Pune, Maharashtra	S3-158582795	Kaveriova Manufacturing Private	48 Sr No. 63/3 The Reino Montanta Flat No. 602, Colony Road Talegaon Dabhade, Pune, Maval, MH
false_merge	0.9466298487437131	S1-15297142	Devan Commercial Limited	Flat No. 301/A, Maya Mention 581 M.G. Road, Indore, Madhya Pradesh	S3-584291655	Devin Commercial Limited	Flat No. 301/A, Maya Mention 581 M.g. Road, Jodhpur, Indore, MP
false_merge	0.9627496436251326	S1-211496085	LC Producer Public Limited	No.28, Shinivagilu Chandra Reddy Layout, Vivek Nagar Post, Bangalore, Karnataka	S2-833660022	GC Producer Public	H.NO 28 , SHINIVAGILU CHANDRA REDDY LAYOU, VIVEK NAGAR POST, Karnataka
false_merge	0.8573577122015331	S1-269233731	Kanupriya Law Chambers Private Limited	Om Shakti Plaza, 4Th Floor, No. 226, Kilpauk, Chennai, Tamil Nadu	S3-591815022	Kanupriya Law Chambers Private Ltd	
miss:not_in_candidates		S1-613548959	Carlina's Insurance	9240 Gross Point Road, Unit 209A, Skokie, IL	S2-177466307	FLÚXECTO	9240 GROSS POINT RODA, SKOKIE, IL
miss:not_in_candidates		S1-105891921	Jay Trading Private Limited	8-3-228/676/2A, Flat No102 Rahamath Nagar, Khairatabad, Hyderabad, Telangana	S2-150482414	జై ట్రేడింగ్ Private Limited	##8-3-228/676/2A, HYDERABAD, KHAIRATABAD, Andhra Pradesh
miss:not_selected	0.46625529425612766	S1-799698085	Elite Laboratories Inc	1466 Elmburg Road, Bagdad, KY	S2-865919991	Miraecto	1466-1468 ELMBURG RD, BAGDAD, KY
miss:not_in_candidates		S1-647585691	Surya It Private Limited	Near Sankat Mochan Chauraha Sarojani Medical Store Lane, Damodar Nag, Ar, H No 25, Uttar Pradesh, Kanpur	S3-892986041	M/s 5urya It Private	#0025, Kanpur City, Kanpur, UP
miss:not_in_candidates		S1-360310656	Ram Ventures Limited	102 Central Plaza2/6 Barat Bose Road, Kolkata, Calcutta, West Bengal	S3-871650306	Shri Ram Ventures Ltd	
miss:not_in_candidates		S1-318786114	Pacific Target	402 17th Street, Chesterton, IN	S2-68602618	Pacific  Services	17TH ST, CHESTERTON CDP, IN
miss:not_selected	0.5096336076547827	S1-512382029	Hull Animal Hospital	4019 130th Avenue E, Unit APARTMENT  1612, Tulsa, OK	S3-192257120	Afl Hull Hospital	4019. 130th Avenue E, # Apartment 1612, TUSA CDP, Oklahoma
miss:not_selected	0.6619919108845194	S1-903637319	Wahlberg Commodity Inc	156 Monroe Street, Unit 4, Capon Bridge, WV	S3-646135361	5ynvantage	56 Monroe Street, # 4, Capon Bridge, West Virginia
miss:not_in_candidates		S1-713571950	Pediatric Dental Physicians	623 Slocumb Street, Goldsboro, NC	S3-299748688	Pediatric Physicians Dental	##623 Slocumb St, Goldsboro CITY, North Carolina
miss:not_selected	0.1340028237252517	S1-329081266	Shine Solutions Care	Narayani Bldg 27 Brabourne Rd, Kolkata, Calcutta, West Bengal	S2-19807594	5hine Care Services	CALCUTTA, KOLKATA, West Bengal, NARAYANI BLDG 27 BRABOURNE RD
miss:not_in_candidates		S1-686170445	Jai Exports Private Limited	B-42, 4Th Floor Aditi Apart, Paatparganj, New Delhi, Delhi	S2-356541391	जय एक्सपोर्ट्स प्राइवेट लिमिटेड	B-42, NEW DELHI, MANDAWALI FAZALPUR, Delhi
miss:not_in_candidates		S1-643149060	Peva Equity Partners	3625 Trillium Drive, James City County, VA	S3-935511280	Peva Partners Equity	
miss:not_in_candidates		S1-669549214	Black Constructions	Mumbai, Mumbai City, 29, Maharashtra, 2Nd Floor, Free Press House Free Press Journal Marg, 215 Nariman Poi, Nt	S3-473927838	Black Constructions-LLP	29, Mumbai, Mumbai City, MH
miss:not_in_candidates		S1-956367796	Surgical Medicine LLC	1406 Polk Street, KS, Topeka	S3-885642740	Surgical LLC Center	1388 Polk St, Topekka, Kansas
miss:not_in_candidates		S1-94393954	Pacific League	811 19th Avenue, Maywood, IL	S2-304006765	Pacific Services	811 19TH AVE, MAYWOOD, IL
miss:not_in_candidates		S1-695541559	City Polytechnic Pvt Ltd	Lane-1, Nilachakra Nagar Atharanala, Puri, Orissa	S2-124804519	City Pvt Ltd-Center	LANE-2, NILACHAKRA NAGAR ATHARANALA, PURI, ଓଡ଼ିଶା
miss:not_selected	0.03284682680267263	S1-758076483	Bangalore Solutions Pvt Ltd	No.B-603, Vaishnavi Nakshatra Apartments 6Th Floor, Tumakur Road Yashwantapura, Bangalore, Karnataka	S2-189428562	BANGALORE  SOLUTIONS PVT LIMITED	
miss:not_in_candidates		S1-563652386	Continental Bright Inc	CT, Roxbury, 29 Southbury Road	S2-678323638	Continental Bifght Inc	29 SOUTHBURY ROAD, PO BOX 2311, ROXBURY, CT
miss:not_in_candidates		S1-139657887	Samarth Brothers Pvt. Ltd.	Tamil Nadu, Chennai, Shanmugham Street, 10	S3-187879583	Samarth Pvt.  Ltd. Services	10, Chengalpattu, Chennai, TN
miss:not_selected	0.3980044441673582	S1-908705494	OSP Tech	25743 Sunrise Way, Loma Linda, CA	S3-241423434	OSP Téch	
miss:not_in_candidates		S1-381921608	Eastern Sunshine LLC	Unit D, Brewster, 181 Villages Drive, MA	S2-50524436	Eastern Sunshine	
miss:not_in_candidates		S1-13261567	Gold Finance Limited	9/7, West Bengal, Howrah, Kings Road Howrah	S2-725869204	Dr GOLD  FINANCE	
miss:not_in_candidates		S1-561316284	Rowles and Wickwire	Tarrytown, NY, 150 White Plains Road, Unit Suite 402	S2-300991531	Rowles and Wickwire Center	
miss:not_selected	0.6979766396915043	S1-716910984	Management Ventures Pvt Ltd	W No 17, Malancha Main Road Moti Bhawan, P O Kharagpur, Kharagpur, Midnapore, West Bengal	S2-576520011	MANA6EMENT  VEFTRUHES PVT LTD	W NO #17, MALANCHA MAIN ROAD MOTI BHAWAN, P O KHARAGPUR, KHARAGPUR, West Bengal
miss:not_in_candidates		S1-469157872	Physical Therapy Partners Inc	1493 Woodmere Road, Santa Maria, CA	S2-873274286	Physical Therapy	ORCUTT, WOODMERE RD, CA
miss:not_selected	0.6122958576191867	S1-808759346	Focus Clinic	S.No.1/1A/1B, Unit No. 118 Tower-2, World Trade Center, Pune, Maharashtra	S2-332884965	Focus Clínic	
miss:not_in_candidates		S1-913986140	Sree Power Private Limited	P.No.259, Chandisar Gidc, Chandisar, Tal. Palanpur, Palanpur, Banaskantha, Gujarat	S2-534271384	શ્રી પાવર પ્રાઇવેટ લિમિટેડ	P.NO.259, CHANDISAR GIDC, CHANDISAR, TAL. PALANPUR, PALANPUR, BANASKANTHA, Gujarat
miss:not_in_candidates		S1-396811866	Amber Lincoln	TN, Nashville, 119 3rd Avenue, Unit 120B	S3-384317732	Amber-Lincoln	
miss:not_in_candidates		S1-838789836	DV Evergreen Limited	C 101/4 Ground Floor Sanjay Colony Block C Bhatti Mines, Newdelhi, South Delhi, Delhi	S2-600718465	DV Limited Services	
miss:not_in_candidates		S1-163280422	Ear Nose & Throat Partners LLC	1800 130 Main Street, High Point, NC	S2-710755103	Ear Nose & Throat Partners & Co	
miss:assigned_elsewhere	0.0002655034502580143	S1-65356888	Anand Trading Pvt Ltd	H. No. A-47 East Krishna Nagar, Delhi, East Delhi, Delhi	S3-359653238	आनंद ट्रेडिंग प्रा. लि.	H. No. A-047 East Krishna Nagar, NULL, Delhi, East Delhi, दिल्ली
miss:assigned_elsewhere	0.009539142208621695	S1-341660124	KB Stellar Center	18 Pheasant Court, Tioga, NY	S3-636511390	KB Center Stellar	
miss:not_in_candidates		S1-36687868	Neeta Rental Private Limited	Sr No - 82/2, 403, Sai Samrudhi Apartment Nda Road, Nr Vidyut Control, Shivane, Pune, Maharashtra	S3-549530383	Neeta Private Limited Service	Sr No - 82/2, Pune, MH
miss:not_selected	0.29414284861105183	S1-204923776	Vinson, Bennett and Miller Cion P.C.	506 Nashboro Road, Clarksville, TN	S3-693090964	Vinson, Bennett And Miller Cion P.C.	
miss:not_in_candidates		S1-812933893	Sweet Hypnosis Inc	3522 Shadymist Drive, Houston, TX	S3-868472590	Sweet Hiypogis Inc	003522 Shadymist Dr, Houston, Texas
miss:not_selected	0.4690998647359132	S1-64498306	Johns College Inc.	1417 Lidstone Street, Seabrook, TX	S3-311240846	JOHNS COLLEGE INC.	
miss:not_in_candidates		S1-794651246	Summit Ministries	15320 104, Unit Lot 13, Silverhill, AL	S3-894840003	Summit Services	15320 104, Unit Lot 13, Silverhill, Alabama
miss:not_in_candidates		S1-557110692	Piedmont Health Center	2901 Parks Mccoy Lane, Grand Prairie, TX	S3-787543569	Piedmont Health Center LP	
miss:not_in_candidates		S1-29244376	Best Projects Private Limited	C/O Thandumpurath House, Udumbanchola, Idukki, Kerala	S3-279063494	best projects private limited	
miss:not_in_candidates		S1-334594389	Silver Fuel	MO, Kansas City, 412 120th Street	S3-511408843	Silver Services	412 120th St, Kansas City, Missouri
miss:not_in_candidates		S1-988437099	Smart Systems Pvt Ltd	Flat No. A1-1406, A1 Block, Sy.No.78/A, 79/A, Ameerpet, Hyderabad, Telangana	S3-592955499	Smart Pvt Ltd Center	Hn 7-909 Flat No. A1-1406, A1 Block, Sy.no.78/a, 79/A, Hyderabad, Ameerpet, Andhra Pradesh
miss:not_in_candidates		S1-916396437	Ghaziabad Overseas Limited	House No.- 17 Surya Enclve, Ghaziabad, Uttar Pradesh	S3-758748049	Miranyla	House No.- 17 Surya Enclve, Ghaziabad, Uttar Pradesh
miss:assigned_elsewhere	0.00007932655071837423	S1-448729638	Hot Housing (India) Limited	Plot No.3, 1St Street, Ganapathipuram, Tambaram, Kanchipuram, Tamil Nadu	S3-445717365	Hot (India) Limited Center	Plot No.3, Tambaram, Kanchipuram, தமிழ்நாடு
miss:not_in_candidates		S1-765875512	Sree Logistics Private Limited	Vatsa Dairy Ltd., Vatsa House, Janmabhoomi Marg, Fort, Mumbai, Maharashtra	S2-300983029	श्री लॉजिस्टिक्स Private Limited	VATSA DLIRY LTD., VATSA HOUSE, JANMABHOOMI MARG, MUMBAI II, MUMBAI, महाराष्ट्र
miss:assigned_elsewhere	0.16867734109743895	S1-496193519	Pune Logistics	House No 217, Jategaon Bk Shirur, Pune, Maharashtra	S3-416952115	Pune Logistics Enterprises	
miss:not_in_candidates		S1-705768352	Valley Fund	1702 Readburn Road, Hancock, NY	S3-784052101	Valley	1702 Readburn Road, Hancock, NY
miss:not_in_candidates		S1-589109329	Mumbai Krupa Pvt Ltd	Ground Floor, Daya Sarita, C Wing, Gokul Dham, Opp Rbi Quarters, Goregaon Ea, St, Mumbai, Mumbai City, Maharashtra	S3-325310959	Ltd Mumbai Pvt Center	Ground Floor, Mumbai City, Mumbai, MH
miss:not_in_candidates		S1-449384867	Silver Bike Shop	2768 Mixville Road, Sealy, TX	S2-363780735	Silver  Bike	
miss:not_in_candidates		S1-735341871	Bharathi Realty Pvt Ltd	Barrackpore, C/O Preeti Dhanuka, North 24 Parganas, West Bengal, Tarun Alo Apartment	S3-526290685	Ariafluxio	C/O Preeti Dhanuka, Tarun Alo Apartment, Barrackpore, North 24 Parganas, West Bengal
miss:assigned_elsewhere	0.000010812901526071402	S1-283110817	Sahi Leaf (India)	Plot No. 400, Sector-82, Mohali, Punjab	S2-204039308	5ahi (India) Leaf	SECTOR-82, SAHIBZADA AJIT SINGH NAGAR, ਪੰਜਾਬ, 400, MOHALI
miss:not_selected	0.5675567842032105	S1-720464873	Williams Pinnacle Arch	5604 116th Street, Lubbock, TX	S2-133083152	WILLIAMS PINNACLE ARCH	
miss:not_in_candidates		S1-144460423	HW Hospitality Private Limited	302, 3Rd Floor, Nrk Business Park, Block B-1, Pu-4, Scheme No. 54, Vijay Na, Gar Square, Indore, Madhya Pradesh	S3-54085288	Rizairi	302, Indore, MP
miss:not_in_candidates		S1-122439604	Neogreen Group	Bc-179, Sector-I Salt Lake City, Kolkata, Parganas North, West Bengal	S3-386895692	Lumsolzeta	Bc-179, Kolkata, Parganas North, পশ্চিমবঙ্গ
miss:not_in_candidates		S1-988643706	Elite Dynamic Staked	1212 Elvin Weeks Road, Bethel Springs, TN	S2-336119304	ELITE DYNFAMIC  STAKED	
miss:not_in_candidates		S1-263929801	Black Media	G-1007, Ardente Office One, Hoodi Main Road, Hoodi, Bangalore, Karnataka	S3-894514812	Shri Black Media Corp	G-10-07, Bangalore, KA, Bangalore
miss:not_in_candidates		S1-730960328	Rodriguez Corporation	529 13th Street, Mishawaka, IN	S3-776254025	Rdorcurgze Corporation	529 1/2 13th Street, Mishawaka, Indiana
miss:assigned_elsewhere	0.7822687842427704	S1-925445113	Urgent Care Mountain Health LLC	5485 Combs Drive, Beaumont, TX	S2-732415223	Urgent Care M0untain  Health	
miss:not_in_candidates		S1-534991873	Sarthi Pigments (India) Private Limited	C/O Indian Institute Of Packaging E-2, Road Number-8, Midc Area, Andheri East, Mumbai, Maharashtra	S3-730025179	SP	C/O Indian Institute Of Packaging E-2, Road Number-8, Midc Area, Andheri East, Mumbai, Maharashtra
miss:not_in_candidates		S1-479910300	Om Trading	No. 94, Aravind, 11Th Cross, Margosa Road, Malleswaram, Bangalore, Karnataka	S2-973821793	ಓಂ ಟ್ರೇಡಿಂಗ್	94, BANGLORE, BANGALORE, Karnataka
miss:not_selected	0.5865011837391424	S1-716119503	Vinayaka Sangh Corp	Sumant Umakant Ladole, C/O Umkant Ladole Tq. Anjangaon Surji, Anjangaon, Amravati, Maharashtra	S3-539998631	Vinayaka Sangh	Plot 130 Sumant Umakant Ladole, Anjangaon, Amravati, महाराष्ट्र
miss:assigned_elsewhere	3.87489420981479e-6	S1-137433096	Ssps International School	316, Aanand Mangal 1 Complex, Near Femina Town C.G. Road, Ahmedabad Â, Ahmedabad, Gujarat	S3-280797197	Ssps Schóol Ittnernational	#316, Ahmedabad, GJ
miss:not_in_candidates		S1-123873899	Cultural Fund	453 Palmetto Avenue, Seneca, SC	S3-990231983	Cultural (Fund)	
miss:not_selected	0.5283020002912897	S1-94948565	Engineering Magnum Parivar Private Limited	Usha House, B-Ii/100, Mohan -Co.Op.Indl.Estate Mathura Road, Delhi	S2-364726551	Vantagenexkelo	USHA HOUSE, MOHAN -CO.OP.INDL.ESTATE MATHURA ROAD, Delhi
miss:not_in_candidates		S1-503855242	Hari Lakshmi Finance	Flat No. 403, H. No. 10-4-431/1, Humayun Nagar, Masab Tank, Hyderabad, Telangana	S2-842662578	హరి లక్ష్మి ఫైనాన్స్	FLAT NO. ##403, H. NO. 10-4-431/1, HUMAYUN NAGAR, MASAB TANK, HYDERABAD, Telangana
miss:not_in_candidates		S1-236568587	Sky Consultants Limited	405, Plot - 59, Abhay Steel House, Baroda Street, Tata Power Carnac Bunder, Mumbai, Mumbai City, Maharashtra	S3-401728647	5ky Limited Service	405, Mumbai, Mumbai City, MH
miss:not_in_candidates		S1-116365465	Auto Welfare Society	401, Rupa Plaza, Jawahar Road Ghatkopar (East), Mumbai, Mumbai City, Maharashtra	S3-237709349	Auto Society Services	A-401, Bombay, Mumbai City, MH
miss:assigned_elsewhere	0.041335635975982714	S1-593339244	Vijay Enterprises Private Limited	D No 3-44-A, Narayana Puram Road Tapovanam, Ananthapur, Anantapur, Andhra Pradesh	S2-987197361	Vijay Limited Private Enterprises	
miss:not_selected	0.5846565069202968	S1-795057092	Kendra C. Hood, L.C.S.W., PC	Chicago, IL, 1656 Major Avenue	S2-15571463	Kendra C. C. Hood, L.C.5.W., LLC	1656-A MAJOR AVENUE, CHICAGO, IL
miss:assigned_elsewhere	0.7488443009209578	S1-598585858	Albrecht Evolution LLC	2566 Donald Drive, New Hanover Township, PA	S3-324706739	Albrecht  Evolution LLC	
miss:not_in_candidates		S1-361818891	Olanan Rate	351 County Road, Rochester, MA	S3-554964761	Olanan Rate [Inc.]	
miss:not_in_candidates		S1-887340166	Smart Polestar LLC	6057 San Juan Drive, Baton Rouge, LA	S3-983706406	Smart LLC Services	
miss:not_in_candidates		S1-346859986	Lorette Arnold, D.O.	6277 Carter Road, Westmoreland, NY	S3-82206477	Vionovi	277 Carter Rd, Westmoreland, New York
miss:not_in_candidates		S1-19403773	Piyush Educational Society	House No 73, Bheem Nagar Colony Purana Raj Bhatta, Tawar Ke Pass, Alwar, Rajasthan	S2-57567582	Piyush Educational Educational Sorcieyt	
miss:not_in_candidates		S1-863367063	Apex Industries Pvt Ltd	201, 2Nd Floor, Gumanpuri Complex 1513, Wazir Nagar Bhisham Pitamah Marg, Kotla Mubarakpur, New Delhi, South Delhi, Delhi	S3-26186075	Shri Apex Índustries Pvt Ltd	H.no 218 201, New Delhi, South Delhi, DL
miss:not_selected	0.5162511822108808	S1-396820514	HR Online Ltd	R-13, Bharat Nagar, Bhiwani, Haryana	S2-941637911	HR Online	
miss:not_in_candidates		S1-457391916	Salem Trading Private Limited	Salem, No-70/2, Near Three Roads, Suramanagalam Main Road, Tamil Nadu, Salem	S2-151828099	Salem Trading Private Ltd	
miss:not_in_candidates		S1-51832620	United Management Limited	00, Hamirpur, Mahoba, Fatehpur, Bajariya, Uttar Pradesh	S3-558112802	Iriorbi	00, Fatehpur, Bajariya, Hamirpur, Mahoba, Uttar Pradesh
miss:assigned_elsewhere	0.3888632815237319	S1-615782096	Mcnabb Sizzle	Burbank, 7722 Meade Avenue, IL	S3-330299915	Vantageumbra	7720 Meade Avenue, Burbank, Illinois
miss:not_in_candidates		S1-853995344	Summit Society LLC	1000 34 Marland Boulevard, Hobbs, NM	S2-270009589	Summit Soihely LLC	1000 34 MARLAND BOULEVARD, HOBBS, NM
miss:not_in_candidates		S1-110261345	Galaxy Consulting Private Limited	Flat No.3, Plot245 Kapadia, House Dhobi Talao Fish, Mumbai, Maharashtra	S3-400269913	Galaxy Consulting Pitiae Limited	Mumbai, Flat No.3, MH, Mumbai Metro
miss:not_in_candidates		S1-544152540	Bangalore Steel Pvt. Ltd.	1St Floor, 1401, Railway Parallel Road A Block, Sahakara Nagar, Bangalore, Karnataka	S2-562160658	BANGALORE PVT. LTD. CENTER	#4-1ST FLOOR, 1401, RAILWAY PARALLEL ROAD A BLOCK, SAHAKARA NAGAR, BANGALORE, Karnataka
miss:not_in_candidates		S1-363382023	Apex Estate Private Limited	A/103 Spectrum Towershahibaug, Ahmedabad, Gujarat	S2-982219215	Apex Estate Limited Center	
miss:not_selected	0.6434462123360962	S1-877069340	Doloritas Moro Flagstar, LLC	177 Saguaro Road, Tonto Basin, AZ	S2-166678732	Doloritas Doloritas Moro Flagstar,	
miss:not_in_candidates		S1-703271346	Pinnacle Markets LLC	1 Blue Rock Road, Wilmington, DE	S3-877156587	Pinnacle  Markets	
miss:not_in_candidates		S1-551615800	Infrastructure Samanvay Tech Pvt. Ltd.	Vi/565Vrindavanam Nellaya P O, Palakkad, Thrissur, Kerala	S3-563157578	Infrastructure	Vi/565Vrindavanam Nellaya P O, Palakkad, Thrissur, Kerala
miss:not_selected	0.37375556697535295	S1-812565406	Cloutier Trust	2016 Niagara, Tucson, AZ	S2-403030572	Cloutier Trust Corp	
miss:not_in_candidates		S1-456357910	One Solutions Pvt Ltd	3/6, Shop.No.5, Hari Mansion, Chamrajpet Bangalore., Bangalore., Karnataka	S2-983565967	ಒನ್ ಸೊಲ್ಯೂಷನ್ಸ್ ಪ್ರೈವೇಟ್ ಲಿಮಿಟೆಡ್	BLOCK A-504 3/6, Karnataka, BANGALORE., SHOP.NO.5, HARI MANSION, CHAMRAJPET BANGALORE.
miss:not_in_candidates		S1-48777067	Viviana & Co	Sy. No.271/E, 271/Ee, Gouraram Village Wargal, Siddipet, Medak, Telangana	S3-857401421	v.com	Sy. No.271/e, 271/Ee, Gouraram Village Wargal, Hyderabad City Region, TG
miss:not_selected	0.3394509652332698	S1-746567048	Pluto Vincom Private Limited	Sy.No.10, Patancheru, Telangana, Gaddapotharam (V), Medak	S3-624906618	Pluto Vincom Private  Limited	Sy.no1.0, Gaddapotharam (V), Patancheru, Medak, TG
miss:not_selected	0.6194108335546091	S1-993606484	CA Annaly Inc.	225 Addison Road, Addison, IL	S3-780118696	Calosol	225-227 Addison Road, Addison, Illinois
miss:not_in_candidates		S1-198791454	Ace Foods Private Limited	D-15, Ground Floor, Sector-03, Noida, Gautam Buddha Nagar, Uttar Pradesh	S3-187240411	Private Ace Fradts Limited	D-15, Noida, Gautam Buddha Nagar, UP
miss:not_in_candidates		S1-18450427	Safe Agricultural Solutions Group	9756 Gate Drive, Charlotte, NC	S3-885939514	Safe Agricultural Enterprises	
miss:not_in_candidates		S1-185498561	Summit Ncr, LLC	8758 Semple Street, Tucson, AZ	S3-35349918	Summit LLC Partners	Arizona, 8758 Semple St, Tucsn, PO Box 8559
miss:not_selected	0.5867253491313283	S1-876717123	Strategic Engineering Concepts Inc	6707 Tusculum Road, Bethesda, MD	S3-104582716	Strategic  Engineering	6700 Tusculum Rd, Bethesda, Maryland
miss:not_in_candidates		S1-200071060	Shiv Industries Private Limited	Flat No. 706, 7Th Floor, Manglam Aroma, Block-A, Jaipur, Rajasthan	S2-435829749	शिव इंडस्ट्रीज प्राइवेट लिमिटेड	824, JAIPUR, null, Rajasthan
miss:assigned_elsewhere	0.0060398338323469246	S1-512164250	Behavioral Health Group	TX, Leander, 154 Barn Owl Loop	S3-751430714	Behavioral Group Health Trading	
miss:not_selected	0.13552766258229218	S1-86439961	Baia Holdings	213 Cheyenne Drive, Bear, DE	S3-316697250	baia holdings	
miss:not_in_candidates		S1-906572599	Z & B Entergy	6801 35th Avenue, Fl 1, Lacey, WA	S2-141744998	Rizasol	680 35TH AVE, PMB 2233, LACEY, WA
miss:not_selected	0.505842833936242	S1-126313558	Express Republic LLC	615 Hill Castle Road, Fl GROUND FLOOR, Columbia, IL	S3-935920634	Express Republic	
miss:not_selected	0.692398449981043	S1-176703477	AJE Logistics Inc	81 Danforth Street, Unit APT 307, Portland, ME	S2-65232061	Brixecto	81 DANFORTH ST, PORTLAND, ME
miss:not_in_candidates		S1-93296315	Jay Investment Private Limited	Cts No. 619 To 622 Shop, A2 Supushpa Dube Comple, Junnar, Pune, Maharashtra	S2-622099414	जय इन्वेस्टमेंट Private Limited	CTS NO. 19 TO 622 SHOP, JUNNAR, PUNE, Maharashtra
miss:not_selected	0.6619610010809193	S1-652351459	Rising Group	Plot No 13, Sy. No. 64 P Iq4-A1, 1St Floor, Cyb, Hitech City Madhapur, Hyderabad, Telangana	S3-287827094	Rsing Group	Hyderabad, Sy. No. 64 P Iq4-a1, 1St Floor, Cyb, Hitech City Madhapur, 13, TG
miss:not_selected	0.6266959935754647	S1-530986268	Bright Ncr LLC	336 Johnson Road, Unit 1/2, Michigan City, IN	S2-421115291	Bright Ncr	
miss:not_selected	0.15809858491959586	S1-707804629	Active Holdings LLP	Salarpuria Windsor, 4Th Floor, No. 3, Ulsoor Road, Bangalore, Karnataka	S3-940075446	M/s Active Hóldings Llp	
miss:not_selected	0.15370383398278423	S1-920333835	Delhi Agri Ltd	Delhi, 15A/55, 3Rd Floor, Office No 310 Wea Sarswati Marg Karol Bagh, West Delhi, Delhi	S3-397252530	Delhi Ari Ltd	Plto 306 15A/55, West Delhi, New Delhi, DL
miss:not_selected	0.6687096487384149	S1-959838618	Micro Charitable Trust	No 2/53, Suryan Nagarm, Ganesh Nagar Area, Tiruchirappalli, Tamil Nadu	S2-714956637	Keloquoflux	SURYAN NAGARM, GANESH NAGAR AREA, Tamil Nadu, TIRUCHIRAPPALLI, NO 2/53
miss:not_in_candidates		S1-757611745	Balaji Projects Private Limited	Office No. 303, Third Floor Dlf Courtyard, New Delhi, South Delhi, Delhi	S3-101136666	Balaji Projects Private	
miss:not_in_candidates		S1-157719858	Green Power Limited	Rohtak, H.No.-1078/6, Haryana, Bara Bazar, Kalalan Mohalla	S3-710240424	Green	H.No.-1078/6, Bara Bazar, Kalalan Mohalla, Rohtak, Haryana
miss:not_in_candidates		S1-638010586	Silver Nails!	10210 Ruckle Street, Carmel, IN	S2-690139315	silver nails!	
miss:not_selected	0.5151134469248021	S1-84040662	DM Foundation Corporation	8, 5Th Cross, Vishweshwaraiah Layout, Cholanayakanahalli, Rt Nagar, Bangalore, Karnataka	S3-390759096	DM Foundation  Corporation	
miss:not_in_candidates		S1-90428629	Regional Solid LLC	1455 Hereford Drive, El Paso County, TX	S3-105032758	Center Regional LLC	1455 Hereford Drive, El Paso County, Texas
miss:not_selected	0.33944145116672864	S1-858737673	Kamakhya & Co	B-210 Samartha Aangan Ii Samarth Ngr Oshiwara Andheri West, Mumbai, Maharashtra	S3-322222817	Kamakhya &	
miss:not_in_candidates		S1-868133950	First Trading Pvt. Ltd.	C/Oshambhu Nathsingh, Patna, Gulzarbagh, H.No.61, Jaihindgali Ward No-53 Opp-Gulzabagh Field, Gaighat, Bihar	S2-73744376	1st Trading Pvt. Ltd.	C/OSHAMBHU NATHSINGH, GULZARBAGH, PATNA, Bihar
miss:not_in_candidates		S1-877425206	South Engineering Private Limited	C/O Rajaram Gurjar, Khurdi Nh 8 Kotputli, Jaipur, Rajasthan	S2-307020379	South  Engineering Private Limited Enterprises	
miss:not_selected	0.49785798210428156	S1-804831267	Delhi Multi	Delhi, Rohini North West Delhi, North West Delhi, Delhi, 11/41 Rajeev Enc Pkt 11 Sec 5	S3-202719344	Delhi Multi	
miss:not_selected	0.6760636121272137	S1-281231946	Hampton Graphics	49 Freeman Avenue, Unit A, Russell Springs, KY	S2-53995367	Hampton Grasi	
miss:not_in_candidates		S1-666880077	Tracee Ta Pgim, Inc.	1410 View Lane, Village Of Ashwaubenon, WI	S3-895920459	Tracee TA Pgim, INC.	
miss:not_in_candidates		S1-463246497	NN Saul	671 3rd Place, Mason City, IA	S2-906557330	NN Center	671  3ND PL, MAOSN CITY CITY, IA
miss:not_in_candidates		S1-886469924	Life Builders Limited	H/No. 270, Gali No.22 Shiv Enclave Part 1, Ismailpur, Faridabad, Haryana	S3-17731805	Builders Life Limited	H/no. 270, Faridabad, हरियाणा
miss:not_in_candidates		S1-958988789	Om (india)private Public Limited	Shop No.6, Ground Floor, David Villa C.H.S.L, Dr. Govind Dalvi Road, Off. J.S.Road, Da, Hisar West, Mumbai, Mumbai City, Maharashtra	S2-636591021	PUBLIC OM (INDIA)PRIVATE LIMITED	6, MUMBAI II, MUMBAI CITY, महाराष्ट्र
miss:not_in_candidates		S1-380391825	Shiv Vijay Food Private Limited	Shop No 7 New Sabzi Mandi Phagwara, Kapurthala, Punjab	S3-656477624	Shiv Private Food Vijay Limited	Shop No 7 New Sabzi Mandi Phagwara, Amritsar, Kapurthala, PB
miss:not_in_candidates		S1-450802463	Vision Physicians, LLC	38 Molly Lane, PA, Halfmoon Twp	S2-304161252	The Vision  Physicians, LLC	
miss:not_in_candidates		S1-979610932	Sreeram Vidyalaya Company	House No. 10, The Oasis Chuna Bhatti, Kolar Road, Bhopal, Madhya Pradesh	S3-457622968	Sreeram-Company Services	
miss:not_in_candidates		S1-488850671	Clear Publishing LLC	1074 Rainbow Trail, Milford, OH	S3-655900839	Services Clear LLC	Ohio, 1074 Rainbow Triil, Milford
miss:not_in_candidates		S1-514669555	Sarathi Software Private Limited	Kh No. 787/2, Left Portion, Second Floor, 100 Foota Main Road, Extended Lal Dora, Sant Nagar, North, North Delhi, Delhi	S3-626812475	Halohalo	Kh No. 785/2, Left Portion, Second Floor, 100 Foota Main Road, Extended Lal Dora, Sant Nagar, North, North Delhi, DL
miss:not_in_candidates		S1-997166773	Indrya Academy Pvt Ltd	189 Old China Bazar Street, Kolkata, Calcutta, West Bengal	S2-971026687	Indrya Indrya Pvt Ltd Partners	
miss:not_in_candidates		S1-652885436	Standard Genomic Technologies Inc.	4482 47th Street, Unit Apartment 304, Fargo, ND	S2-920119477	Deltafluxaria	ND, FARGO CITY, 482 47TH ST
miss:not_selected	0.3227429435025238	S1-77774644	Pune Care Limited	S.No. 43/1 2/1, Rakshak, Nagar, Ph Ii Chandan Nagar, Pune, Maharashtra	S3-803134946	Pune Cadble Limited	
miss:not_in_candidates		S1-794571179	Sunrise Food Pvt Ltd	New No.18, Old No48, K.B.Dasan Road 1St Floor Alwarpet, Chennai, Tamil Nadu	S3-585546409	M/s Sunrise Frdfod Pvt Ltd	#18, Chennai, null, TN
miss:not_in_candidates		S1-659236571	Tri-State Championsgate Inc	102 Woodville Street, Edon, OH	S2-252138169	TRl-STATE  INC SERVICES	102 WOODVILLE STRETE, EDON, OH
miss:not_in_candidates		S1-711599538	Ss Investment Limited	Chennai, S4, Guru Brindavan Apartment, Silapathikaram Street, Ganesh Nagar, Sel, Aiyur., Plot No 73/74, Chennai, Tamil Nadu	S3-426298070	Services Ss Limited	#73/74, Chennai, TN
miss:not_selected	0.5265549587646388	S1-220007524	Datta Infratech Pvt Ltd	Plot No Xxix 1228Industrial Area C Dhandari Kalan, Ludhiana, Punjab	S3-142669283	Datta Isfgech Pvt-Ltd	Plot No Xxix 1230Industrial Area C Dhandari Kalan, Ludhiana, ਪੰਜਾਬ
miss:not_selected	0.6156295443569542	S1-446538926	Jimenez Select Venture Inc	6123 Kildare Avenue, Chicago, IL	S3-433392006	Jimenez Select Venture	
miss:not_selected	0.40096744054093886	S1-299911920	Schmitz Ventures	18125 Old Glenn Highway, Chugiak, AK	S2-862314135	Schmitz Ventures-Inc	
miss:not_in_candidates		S1-376692230	Bay East	Woodstock, IL, 14724 Emery Lane	S2-234618939	Bay Center	14724 EMEOY LANE, WOODSTOCK CITY, IL
miss:assigned_elsewhere	0.0001327445505286553	S1-20589144	Shree Trading (India)	Door No. 4/706 (9), 1St Floor, Midtown, Ward No. 4, Govt. Opp. L.P. School, Ayyapuram, Palakkad, Kerala	S3-54785433	tradingindia.com	H.no 4/706 (9), Calicut Region, Palakkad, KL
miss:not_selected	0.662163855689266	S1-185106822	Brightic Northland	1069 Treeline Way, Delaware, OH	S2-669383862	Brightic  (Northland)	
miss:not_selected	0.41096853545754486	S1-779251800	Flint LLC	10694 40th Street, Lake Elmo, MN	S3-54469648	Verazeph	40th Street, Lake Elmo, Minnesota
miss:not_in_candidates		S1-152302404	Grand Intelligence Associates LLC	1810 Hanover Street, Murfreesboro, TN	S3-158057279	Grand	1810 Hanover Street, TN, Murfreesboro
miss:not_in_candidates		S1-105649517	XCX Hotels Private Limited	Flat No: A 602, Charkop Vijay Bharati Chs, Plot: 117, Kandivali West, Mumbai, Maharashtra	S2-754576473	FAYEFAYE	#147  PLOT: 117, KANDIVALI WEST, MUMBAI SUBURBAN, Maharashtra
miss:not_selected	0.3321413409026103	S1-869616114	Heritage Infrastructure Enterprises Inc.	AR, 2320 Pershing Highway, Smackover	S3-556889937	Heritage Infrastructure Enterprises (Inc.)	
miss:not_in_candidates		S1-496359159	Ad (India) Consultants Pvt. Ltd.	Vertex Vikas Wing A Indfloor Office No 201 Andheri Kurla Rd Andheri East, Maharashtra, Mumbai	S3-521365824	Ad Consultants Pvt. Ltd. Service	Vertex Vikas Wing A Indfloor Office No 201 Andheri Kurla Rd Andheri East, Mumbai, <NULL>, महाराष्ट्र
miss:assigned_elsewhere	0.057938884768204316	S1-511693763	Cure Yoga	4901 Fairwood Boulevard, Unit #10-121, Tacoma, WA	S2-15055967	cureyoga.com	WA, TACOMA, 4901 FAIRWOOD BOULEVARD
miss:not_in_candidates		S1-55703187	My Investment Private Limited	Saint Gomaji Ward Vivekanand Colony, Hinganghat, Wardha, Maharashtra	S2-614442610	माय इन्वेस्टमेंट प्राइवेट लिमिटेड	SAINT GOMAJI WARD VIVEKANAND COLONY, HINGANGHAT, WARDHA, महाराष्ट्र
miss:assigned_elsewhere	8.723487912663653e-6	S1-215306443	Laxmi Consultancy Private Limited	Sy.No.236(Prt), 236/Khana, Pur, Gandipet., Tirumalagiri, Hyderabad, Telangana	S2-988696944	లక్ష్మీ కన్సల్టెన్సీ ప్రైవేట్ లిమిటెడ్	SY.NO.236(PRT), TIRUMALAGIRI, HYDERABAD, Telangana
miss:not_selected	0.41145609228978797	S1-940554330	India Ritesh Value LLP	No. 96, 2Nd Floor, Petechennappa Industrial Estate Magadi Main Road, Kamakshipalya, Bangalore, Karnataka	S2-720711960	INDIA RITESH VALUE L.L.P.	
miss:not_in_candidates		S1-889429545	All Construction Private Limited	406 D, Hilliteplatino, Sankar Nagar Colony, Maradu, Ernakulam, Kerala	S2-480467411	ഓൾ കൺസ്ട്രക്ഷൻ പ്രൈവറ്റ് ലിമിറ്റഡ്	406  D, ERNAKULAM, കേരളം
miss:not_in_candidates		S1-992393916	Anand Projects Pvt Ltd	E 608, Sjr Equinox Apts, Velankani Drive Opp.Velankani Gate 3, Electronic City, Bengaluru, Bangalore, Karnataka	S3-406018591	Ltd Anand Pvt Services	E 608/6, Bengaluru, Bangalore, KA
miss:not_selected	0.6461636869003724	S1-655981584	Shaikpet Technologies Corp	H No 1-92 Plot No 15, Durgam Cheruvu Road, Shaikpet, Hyderabad, Telangana	S2-569366156	technologiesshaikpet.com	SHAIKPET, H NO D/1-92 PLOT NO 15, HYDERABAD, Telangana
miss:not_in_candidates		S1-502703087	Compass LLC	Deer Park, 95 Deer Park Hotel Road, MD	S2-362951638	DELTAARIA	95-C DEER PARK HOTEL ROAD, DEER PARK, MD
miss:not_in_candidates		S1-536675130	Bharat Properties Pvt Ltd	B-45, Sector 69, Noida, Gautam Buddha Nagar, Uttar Pradesh	S2-90858019	भारत प्रॉपर्टीज प्रा. लि.	B-A-45, NOIDA, Uttar Pradesh
miss:not_in_candidates		S1-96376624	Bat Consulting Private Limited	Madhya Pradesh, Manoramaganj, Navratanbaghmainroad, Bcchouse8/5, Indore	S2-844481613	Bat  Consulting Private Ltd	
miss:not_in_candidates		S1-796430919	Interstate Fox	212 Arn Avenue, Tiltonsville, OH	S2-293525288	Interstate Services	OH, TILTONSVILLE, 212 ARN AVE
miss:not_in_candidates		S1-472143312	Aditya Consultancy Private Limited	House No Nn 020 0018, At Tauhid Nagar, Station Road, Near Durga Mandir Ps-Sadar, Khuskibagh, Purnia, Bihar	S3-879663005	Aditya Private Limited [Services]	No. 518 House No Nn 020 0018, Purnia, Khuskibagh, BR
miss:not_selected	0.6840059685240566	S1-998308586	Webb Blackrock	2351 Salem Court, Unit A, Winston-salem, NC	S2-40334279	WE8B  BCRKROCK	2351 SALEM CT, NULL, WINSTON-SALEM, NC
miss:not_selected	0.6994252862272522	S1-752800985	Blackwell, Li and Chavez LLC	2525 G Ambassador Court, NC, High Point	S2-720832238	Blackwell, Li and Chavez LLC	
miss:not_selected	0.01737119059775535	S1-511602812	Cornerstone Logistics Corporation	WA, 1419 Forest Street, Bellingham	S3-41198092	Cornerstone Logistics Corp	1421 Forest Street, Bellingham, Washington
miss:assigned_elsewhere	0.00040093389210705275	S1-873186008	Universal Impex Pvt Ltd	P-35 K-144S, Dhawa, Lucknow, Uttar Pradesh	S2-382794696	Universal Impex-Pvt  Ltd	
miss:not_in_candidates		S1-356570440	Bharat Impex Private Limited	Bagauchha, Takipur, Siwan Takipur, Bihar, Siwan, Bihar	S3-290556357	Dr Bharat Impex Prívate	
miss:not_selected	0.39226453085974355	S1-636449288	Wheeling, Village Of	20 Oak Park Avenue, Wheeling, WV	S2-566628279	Whee1ing, Vnitllage Of	20 OAK PARK AVENUE, WHEELING, WV
miss:not_selected	0.313431572255241	S1-776662807	Industrial Financial Digital LLC	1557 9 Avenue, Saint Cloud, MN	S3-276318533	Industrial  Financial Digital LLC	
miss:assigned_elsewhere	0.041953674210149026	S1-396136853	Urban Massage	3667 Plymouth Road, Ashtabula, OH	S2-694833915	URBAN MÁSSAGE	
miss:not_in_candidates		S1-772941117	Jn Vacations Pvt Ltd	Flat No.1A Radiant Park, 201 New Park Street, Kolkata, Kolkata, Kolkata, Howrah, West Bengal	S3-113607254	Jn Pvt Ltd Center	Flat No.1a Radiant Park, Kolkata, WB
miss:not_in_candidates		S1-203549340	Haryana Trading Private Limited	2-67/A20, 1St Floor, Mahadevapuram, Hyd, Hyderabad, Telangana	S2-252365422	Shri Zetaxylo	2-67/A2, HYD, HYDERABAD, Telangana
miss:not_selected	0.6188198550216996	S1-168485857	Desert Prudential PLLC	490 Main Street, Bridgewater, MA	S3-578552304	Halodova	90 Main Street, Bridgewater, Massachusetts
miss:not_selected	0.09090192048745993	S1-521645123	Udupi Karnataka Manufacturing LLP	#27-A, Laxmindra Nagarindrali, Udupi Karnataka, Karnataka	S3-943795542	Udupi-Karnataka Manufacturing LLP	Door No 2-7-A, Karnataka, KA
miss:not_selected	0.5487088989970424	S1-496214852	Washington Patriot Super	1717 A Street, Washington, DC	S2-604038925	WASHINGTON PATRIOT SUPER	
miss:not_in_candidates		S1-677420120	Life Foundation Pvt Ltd	D-207, Iind Floor Abul Fazal Encl-I, Jamia Nagar, Okhla, New Delhi, South Delhi, Delhi	S2-199640266	लाइफ फाउंडेशन प्रा. लि.	D-20, SOUTH DELHI, JASOLA, Delhi
miss:not_in_candidates		S1-992362937	St Gandhi Private Limited	Door No 21-9-2-36A, 1St Floor Porsi Rama Devi School Road, Madhura, Vijayawada, Krishna, Andhra Pradesh	S3-724064281	St Private Limited (Center)	H.no 21-9-2-36A, Krishna, ఆంధ్రప్రదేశ్, 1St Floor Porsi Rama Devi School Road, Madhura, Vijayawada
miss:not_in_candidates		S1-472515121	Anc Weighing Limited	Vartak Nagar, Thane, Thane, Maharashtra, Bldg No B/1 Flat No 401; Vedant Complex	S3-79729469	Anc Limited Service	Thane, MH, Bdlg No B/1 Flat No 401; Vedant Complex, Vartak Nagar, Thane, Thane
miss:not_in_candidates		S1-850348669	Sai Software LLP	C/O Manjit Singh, Village Gura Goraya, Phillaur, Jalandhar, Punjab	S3-178033410	Sai LLP Partners	C/o Manjit Singh, Village Gura Goraya, Phillaur, Jalandhar, PB
miss:not_selected	0.48393684629170675	S1-99733437	One Smart Energy Private Limited	3Rd Floor, J C Chambers, Opposite Kairali Fat, Ernakulam, No. 60/44, Ernakulam, Kerala	S2-114389686	വൺ സ്മാർട്ട് എനർജി പ്രൈവറ്റ് ലിമിറ്റഡ്	ERNAKULAM, NO 60/44, ERNAKULAM, Kerala
miss:assigned_elsewhere	0.0004133553380583513	S1-479951582	Green Aberdeen LLC	KY, Unit 914, Louisville, 211 W Oak St	S2-887547619	Green LLC Services	211 W Oak St, LOUISVILLE, KY
miss:not_in_candidates		S1-136042058	Eastern Sree Exports Pvt Ltd	H.No-2-11-951/102 Azad Nagar Near Sai Baba Temple, Old Thasil Office Road, Lingasugur, Raichur, Karnataka	S3-727823808	ಈಸ್ಟರ್ನ್ ಶ್ರೀ ಎಕ್ಸ್‌ಪೋರ್ಟ್ಸ್ ಪ್ರೈವೇಟ್ ಲಿಮಿಟೆಡ್	H.no-2-11-951/102 Azad Nagar Near Sai Baba Temple, Old Thasil Office Road, Lingasugur, null, ಕರ್ನಾಟಕ
miss:not_in_candidates		S1-93523402	United Laxmi Services Limited	H. No. 169, Third Floor, F/P (Kh No. 97) Vill Humayun Pur, Delhi, South West Delhi, Delhi	S2-225987819	यूनाइटेड लक्ष्मी सर्विसेज लिमिटेड	NO 169, SOUTH WEST DELHI, Delhi
miss:not_in_candidates		S1-41740146	West Dynamix	763 Mc Arthur Court, Dolton, IL	S3-606793697	West  Center	Dolton, 763 Mc Arthur Court, Illinois
miss:not_in_candidates		S1-264251214	Faleo Capital Home Improvements Co	IN, 120 Eel River Manor, South Whitley	S2-30191231	FALEO CAPITAL HOME IMPROVEMENTS CO	
miss:not_in_candidates		S1-950110314	Peak Delta Cal	8814 Park Road, Unit I, Charlotte, NC	S2-770367636	PEAK DELTA Trading	
miss:not_in_candidates		S1-518869275	Sree Services Private Limited	No. 122/106, L.B. Road Thiruvanmiyur, Chennai, Tamil Nadu	S3-603231156	ஸ்ரீ சர்வீசஸ் பிரைவேட் லிமிடெட்	122/106, Chennai, Neelankarai, TN
miss:not_in_candidates		S1-258228627	Shiv Marketing LLP	Samrudhi, Tc 3/3205, Opp St.Thomas School, Thiruvananthapuram, Thiruvananthapuram, Trivandrum, Kerala	S3-721136435	Sri Shiv LLP Center	Samrudhi, Tc 3/3205, Opp St.thomas School, Thiruvananthapuram, Thiruvananthapuram, Trivandrum, KL
miss:not_in_candidates		S1-762020251	Shree (india) Ltd	Old No.130 New No.198 Ramamoorthy Road, Virudhunagar, Tamil Nadu	S2-912887632	Shree (india) & Co	
miss:not_in_candidates		S1-79461849	Fresh Medical Ventures	625 Central Avenue, Unit SUITE 205, Great Falls, MT	S2-188569382	Medical Fresh [Ventures]	62 CENTRAL AVE, GREAT ALLS, MT
miss:not_in_candidates		S1-296583322	Jay Food Pvt Ltd	107, Udyog Kshetra, 1St Floor Link Road, Mulund (W), Mumbai, Maharashtra	S3-937329057	जय फूड प्रा. लि.	107, Udyog Kshetra, 1St Floor Link Road, Mulund (W), MH
miss:not_in_candidates		S1-802270945	Lucknow Buildcon Ltd	6/207 Vipul Khand Gomti Nagar, Lucknow, Uttar Pradesh	S2-798108131	LUCKNOW BCIMLCDON LTD	
miss:not_in_candidates		S1-734178344	Pediatric Care Associates LLC	2612 Palo Verde Drive, Florence, AZ	S2-661927546	Pediatric Care Associates LLC Foundation	FLORENCE, 2612C PALO VERDE DRIVE, AZ
miss:not_in_candidates		S1-322617687	Community Charities	4214 Edgehill Avenue, Baltimore, MD	S3-373925066	Community  Charities Enterprises	
miss:not_in_candidates		S1-604601585	Midwest Montessori School LLC	20955 Old Scenic Highway, Zachary City, LA	S3-999817994	Midwest Montessori Schoo1	
miss:not_in_candidates		S1-904489576	Secure Direct Fitness, LLC	103 W Gardiner Street, Valley, NE	S2-911286729	DFSECURE.COM	103 W GADRINER ST, VALLEY, NE
miss:not_selected	0.3028464646908898	S1-463016060	City Tech Pvt Ltd	35/3, Muthu Krishnan, Street, Kondithope, Tondiarpet Fort St George, Chennai, Tamil Nadu	S2-341394478	சிட்டி டெக் பிரைவேட் லிமிடெட்	CHENNAI, MUTHU KRISHNAN, STREET, KONDITHOPE, TONDIARPET FORT ST GEORGE, Tamil Nadu, 33/3
miss:not_in_candidates		S1-19142950	Tri-State Aldel Inc.	20 Bleeker Street, NY, Mount Vernon	S3-840275228	Tri-State Inc. Services	20 Bleeker Saint, Mt Vernon, New York
miss:not_in_candidates		S1-249398416	Bright Red Builders Private Limited	15/14, Kongu Nagar Extension 1St Street, Tiruppur, Coimbatore, Tamil Nadu	S3-467524717	Umbravantage	15/14, Kongu Nagar Extension 1St Street, Tiruppur, Coimbatore, Tamil Nadu
miss:not_in_candidates		S1-106767871	Shakti International LLP	Plot Number 50, Moti Nagar Alamgirpur, Karanjalad, Washim, Maharashtra	S3-770656448	shaktiinternationalcom	Plot Number 50, Moti Nagar Alamgirpur, Washim, Karanjalad, महाराष्ट्र
miss:not_selected	0.04966953631914039	S1-282085983	X/X Asa	819 Orange High School Road, Hillsborough, NC	S2-909383312	X/X Asa Inc.	820 ORANGE HIGH SCHOOL RD, HILLSBOROUGH, NC
miss:not_in_candidates		S1-347010653	Happy Coffee	345 Lakewood Avenue, Waukegan, IL	S2-728580663	Happy Coffee Trading	
miss:not_in_candidates		S1-45065933	Upper Soren	Phoenix, 3013 27th Street, AZ	S2-436008421	Veradeltaev0	3013B 27TH ST, PHOENIX, AZ
miss:not_in_candidates		S1-152356088	Universal Technology Private Limited	Room No.13, Amar Chawl, Sahar Road, Koldongri Lane No. 3, Andheri (East), Mumbai, Mumbai City, Maharashtra	S3-104346294	Universal Private Limited Service	Room No.13, Mumbai City, महाराष्ट्र, Mumbai
miss:not_in_candidates		S1-947846482	Bay Initiative	Brownsville, 1489 Rochelle Street, TX	S2-513298748	Bay-Center	1489 ROCHELLE STREET, BROWNSVILLE, TX
miss:assigned_elsewhere	0.00005710502261914398	S1-274881332	3 18 Financial	2297 New Glendale Road, Elizabethtown, KY	S2-885669092	3 18	229 NEW GLENDALE RD, ELIZABETHTOWN, KY
miss:not_in_candidates		S1-974350533	Metal & Sons Limited	Hanuman Hsg Socy, Sno225 Rupinagar Talawade, Pune City, Pune, Maharashtra	S2-108735976	METAL & SONS	
miss:not_selected	0.631705561603308	S1-81675983	Midvale Urgent Care Physicians	Midvale, UT, 345 8000	S3-791744936	Midvale Urgent Care Physicians Inc	
miss:assigned_elsewhere	0.741898025538918	S1-247990006	Bahumulya Soft Limited	C/O Santosh Kumar Jaiswal, Hoshangabad, Madhya Pradesh, Itarsi, Ward No 9 Hoshangabad	S2-420456775	Bahumulya (Soft)	
miss:not_in_candidates		S1-462917031	Eye Strategic Care Associates	Unit Apartment B, 45 Dykstras Way, Ramapo, NY	S3-327541384	Onyxaria	Dykstras Way, Unit Apartment B, Monsey, New York
miss:not_in_candidates		S1-997140327	Star & Co Co	Shop No.1, Rao Lal Singh Market Fajilpur Chowk, Sector-48, Gurgaon, Haryana	S2-43388321	star & co co	
miss:not_in_candidates		S1-67575016	Anand Shree Media Private Limited	613, 614A, 614B, At 6Th Floor, Magnum Global Park, Tower 2, Golf Course Extension Road, Gurgaon, Haryana	S3-197207654	आनंद श्री मीडिया प्राइवेट लिमिटेड	Hn 641 613, Gurgaon, HR
miss:not_selected	0.26776036808319864	S1-609293262	Strategic Media Concepts	281 Village Place, North Wilkesboro, NC	S2-658299066	Strategic Media Concepts Ltd	28 VILLAGE PL, NORTH WILKESBORO, NC
miss:not_in_candidates		S1-981360001	VBO Atlantic Software, Inc.	4515 Atherton Court, Maize, KS	S3-887729851	VBO Atlantic Software Incorporated	
miss:not_in_candidates		S1-985086604	Horizon Neighborhood LLC	6705 400, Lebanon, IN	S3-724977026	Horizon LLC Service	6705 400, PMB 1559, Lebanon, Indiana
miss:not_selected	0.4102557966954458	S1-517526732	Great Swastik Estate	D-8, Sonal Residency, Ideal Colony N 129, Pune City, Pune, Maharashtra	S3-801935551	Kórvantage	D-##8, Sonal Residency, Ideal Colony N 129, Pune, Pune City, MH
miss:not_selected	0.5852738863101486	S1-302592770	Jaymee's Reliable Excavation	955 Stevenage Lane, Channelview, TX	S3-901704070	Jaymee'S-Reliable	
miss:assigned_elsewhere	0.0001593456522426346	S1-519219581	Heritage Trading Industries LLC	107 Shaw Street, Athens, AL	S3-540548145	Heritage Industries LLC Services	107 Shaw St, N/A, Ahtens CITY, Alabama
miss:not_in_candidates		S1-28563667	Straight Edge Diner!	175 Dusty Drive, Kelso, WA	S2-525231837	Straight Etbdeg Diner!	DUSTY DRIVE, KELSO, WA
miss:not_in_candidates		S1-810201294	Velva Pipeline	2351 10th Avenue, Dickinson, ND	S3-646054475	Velva-Services	2351c 10th Ave, Dickinson, North Dakota
miss:assigned_elsewhere	0.000028312993344535055	S1-896282362	Sree Investments Pvt Ltd	Kolkata, Howrah, Chandey Chowk Street, 1St Floor, Room No - 22B, West Bengal, 1	S2-392355039	শ্রী ইনভেস্টমেন্টস প্রাইভেট লিমিটেড	1, CHANDEY CHOWK STREET, 1ST FLOOR, ROOM NO - 22B, KOLKATTA, HOWRAH, পশ্চিমবঙ্গ
miss:not_in_candidates		S1-64751333	Modern Business Limited	Rbl Road Lucknow, Lucknow, Khasra No. 1581 Sanskar Residency Pushpendra Nagar Auranagabad Khalsa, Uttar Pradesh	S3-19560528	Modern Business Limited	
miss:assigned_elsewhere	0.2678973106443496	S1-95590449	Haynes's Contracting	232 Hartness Road, Statesville, NC	S3-629817516	Haynes's Cotrdcring	
miss:not_selected	0.6654203590711325	S1-523102936	Interfaith Trust LLC	1049 East Avenue, Oak Park, IL	S3-910396290	Interfaith Trust LLC #79764	1051 East Ave, Oak Park, Illinois
miss:not_in_candidates		S1-625192816	Green Travels Limited	Flat No. 02, Bldg No.1B, Saheli Apts, Shanti Park, Nashik, Maharashtra	S3-726676644	Green Tsamelsl Limited	H.no 02, Nashik, Eklehere, MH
miss:assigned_elsewhere	0.00018947150905405106	S1-412904050	Urban Technologies Limited	Aluva, Kerala, Muppathadam Link Road Panayikulam. P O., Ernakulam	S3-446096465	അർബൻ ടെക്നോളജീസ് ലിമിറ്റഡ്	Muppathadam Link Road Panayikulam. P O., Ernakulam, Aluva, Keralam
miss:not_in_candidates		S1-562182035	Quality Railway PC	400 Center Avenue, Warsaw, KY, Unit 146	S3-39793497	Quality Rbiilsya PC	
miss:assigned_elsewhere	0.34691605036668155	S1-245215440	Vikki's Clean Construction	99 State Street, Unit UNIT 1, Portland, ME	S2-68248782	VIKKI'S CLEAN CONSTRUCTION	
miss:not_in_candidates		S1-105526003	Sai Foundation	Plot No. 304. Badli Road, Vil- Kheri Jat, Jhajjar, Jhajjar, Haryana	S3-204932965	Sai Foundation Corporation	
miss:not_in_candidates		S1-525329958	Division of Health	4075 210th Street, Fairview Park, OH	S3-641721741	Division [Of] Enterprises	
miss:not_in_candidates		S1-666083663	Pam Portillo Clean P.C.	9515 Ricker Road, Grabill, IN	S2-533182760	Miraorbiyuma	9515-9517 RICKER ROAD, MILAN, IN
miss:not_selected	0.48358479458683334	S1-480940641	Cardiology Smart Medicine	22 Roosevelt Road, Hyde Park, NY	S3-298129122	Cardiology Smart Medicine LP	
miss:not_in_candidates		S1-314731867	Ronny Holloway, L.C.S.W.	97 Main Street, Unit Apartment 3E, Ossining, NY	S2-553872489	Ronny Holloway, LCSW LCSW	
miss:not_in_candidates		S1-460628575	Bay Wen LLC	6856 Ridge Lane Road, Charlotte, NC	S2-315982151	Bay LLC Partners	06856 RIDGE LANE ROAD, CHARLOTTE, NC
miss:assigned_elsewhere	0.00040648673314083077	S1-522261920	Atc Talent LLP	9-10, Bahadurshah Zafar Marg, Central Delhi, Express Building, Delhi, New Delhi	S3-242152841	Atc LLP Services	दिल्ली, Central Delhi, Bulandsahar, Express Building
miss:not_selected	0.6578033826494066	S1-521198277	Ursuline's Ventures	6219 Polo Drive, Bldg 11, Columbus, OH	S2-505670221	Ursuline's Ventures  Ltd	
miss:not_in_candidates		S1-293770145	Internal Medicine Specialists	1010 1544, Sweetwater, TX	S3-518320537	Internal Medclcfbe Specialists	1010 1544, Sweetwater, Texas
miss:not_in_candidates		S1-893725637	Heath Allegro P.C.	138 Brainard Road, Enfield, CT	S3-97512819	Center Heath P.C.	Brainard Road, Enield Township, Connecticut
miss:not_in_candidates		S1-828091153	New Delhi Infratech Pvt Ltd	705-A 9, Ward No. 3, Mehrauli, New Delhi, South West Delhi, Delhi	S3-864051855	Infratech	705-A 9, Ward No. 3, Mehrauli, New Delhi, South West Delhi, Delhi
miss:not_in_candidates		S1-678134001	Chandresh Consulting Limited	C/O Sanjeev Kumar, Tola-Parihara, Blockbakhri, Khagaria, Begusarai, Bihar	S3-200648604	Ariaqu0onyx	C/o Sanjeev Kumar, Khagaria, Begusarai, बिहार
miss:not_in_candidates		S1-615063097	Legacy Altenergy LLC	117 Fabian Drive, Rotterdam, NY	S3-737297494	Legacy LLC Services	Fabian Dr, Schenectady, New York
miss:not_in_candidates		S1-647576165	Precision Learning International	2111 Webster Street, Kokomo, IN	S2-792284439	Precision International Partners	
miss:not_selected	0.4010329472447786	S1-230367899	Anand Management Pvt Ltd	Unit No. 803, Raheja Towers, 113-134, Anna Salai, Chennai, Tamil Nadu	S3-622432864	ஆனந்த் மேனேஜ்மெண்ட் பிரைவேட் லிமிடெட்	Unit No. 03, Raheja Towers, 113-134, Anna Salai, Chennai, Tiruvallur, TN
miss:not_in_candidates		S1-379742477	Sama Charitable Trust	Punjab, E-272, 1St Floor, Phase-8-A, Sector-75, Rupnagar, S.A.S.Nagar (Mohali)	S2-456918969	stcharitablecom	RUPNAGAR, E-272, Punjab
miss:not_in_candidates		S1-163367516	Unified Investments Inc	Northampton, MA, 723 Florence Road	S2-419203546	Unified Inc Center	723 FLORENCE ROAD, FLORENCE, MA
miss:not_selected	0.4191994321083949	S1-93826753	Frontier Imperial Inc	200 Melody Lane, Winchester, TN	S3-682009449	Frontier Imperial	
miss:not_in_candidates		S1-445088253	Jay Infra	Flat No.13, Saitaj Complex 82/6/1 Nr Guruganesh Nagar 1, Kothrud, Pune, Maharashtra	S3-421207554	जय इंफ्रा	Flat No.0013, Pune, <NULL>, MH
miss:not_in_candidates		S1-163909555	Thiruvananthapuram Estate Ltd	Thiruvananthapuram, Kerala, Indhivaram, Green Garden, Ulloor, Thiruvananthapuram, Trivandrum, Tc 2/394(1)	S3-128566362	Thiruvananthapuram Estate Ltd	
miss:not_in_candidates		S1-523944594	Oncology Physicians LLC	3203 219th Street, Douglas County, NE	S3-96106285	Oncology LLC  Center	3203 219th St, PMB 6367, Douglas County, Nebraska
miss:not_selected	0.4299363712417016	S1-615030341	Baba Educational Society	Malkauns Nr Polytechnic Ahmedabad, Ahmedabad, Gujarat	S2-941844196	BABA EDUCATIONAL EDUCATIONAL SOCIETY	
miss:not_in_candidates		S1-941795750	Vision Tri-State Health Inc	32 Wyndham Hill Drive, Augusta County, VA	S2-165641098	Vision Tri-State Hteahh Inc	
miss:not_in_candidates		S1-804672966	Mcnally Series, LLC	WV, 173 Disciple Lane, Inwood	S2-918865669	Veofayeecto	WV, INWOOD, 173-175 DISCIPLE LANE
miss:not_in_candidates		S1-857188415	Indo Tech Private Limited	Gujarat, Ahmedabad, Anilkunj Centre, Besides Shefali Centre Paldi Char Rasta, Paldi, 215	S3-381123132	Indo Tech Limited Center	
miss:assigned_elsewhere	0.005666434967268678	S1-951124953	Total Realty Solutions, LLC	1407 Genesis Drive, Unit APT 9, Mcpherson, KS	S2-239061874	trsolutions.com	GENESIS DRIVE, MCPHERSON CITY, KS
miss:not_in_candidates		S1-458352103	Valley Holding Company Inc	140 700, Unit D3, Smithfield, UT	S3-736126800	Valley	140 700, Unit D3, Smithfield, UT
miss:not_in_candidates		S1-979062143	Axis Foods Company	Flno C1-302 Sno 154 Blno2, Uttam Townscapes, Pune City, Pune, Maharashtra	S2-479295775	FOODSAXIS.COM	FLNO CB3/1-302 SNO 154 BLNO2, PUNE CITY, PUNE, Maharashtra
miss:not_in_candidates		S1-66848318	Dream Technology Private Limited	Malwar Colony Deomali, Amravati, Achalpur City, Maharashtra, C/O Aditya Shekhr Balpure	S3-942973769	Dream Private-Limited Center	Amravati, MH, C/o Aditya Shekhr Balpure, Achalpur City
miss:not_in_candidates		S1-339250720	Om India Private Limited	Hb-149 Sector- Iii, Salt Lake City, Parganas North, West Bengal	S3-666754705	Om India  Private	
miss:not_in_candidates		S1-442937831	Star Hospitality Private Limited	Gat No 2314 Parli Road, Manjegaon Beed Dindrud, Manjlegaon, Beed, Maharashtra	S2-51401213	Dovahalo	GAT NO 2314 PARLI ROAD, MANJLEGAON, BEED, Maharashtra
miss:not_in_candidates		S1-969232035	Shree Anand Enterprises Private Limited	Plot No- 1669/254, Nilakantheswar Colony, Bhubaneswar, Khordha, Orissa	S3-52113858	ଶ୍ରୀ ଆନନ୍ଦ ଏଣ୍ଟରପ୍ରାଇଜେସ୍ ପ୍ରାଇଭେଟ୍ ଲିମିଟେଡ୍	Khordha, Plot No- 1669/254, Bhubaneswar, Nilakantheswar Colony, Orissa
miss:not_selected	0.6372814020161985	S1-927360884	Rapid Mountain Launch LLC	Bagley, 205 Pine Avenue, MN	S3-86679596	Rapid Mountain Launch	
miss:not_selected	0.4752510190223595	S1-294365666	United Strategic PLLC	12814 Snapping Turtle Road, Apple Valley, CA	S2-608614117	UNITED STRATEGIC	
miss:not_in_candidates		S1-603235328	Creative Agro LLP	No.21, Vibuthipura, Bangalore North, Bangalore, Karnataka	S3-259879078	Creative LLP Center	Vibuthipura, 0021, Bengaluru, Bangalore, KA
miss:assigned_elsewhere	0.11871470930076027	S1-131280687	DD Global Private Limited	G No 610, Village Wing Taluka Khandala, Satara, Maharashtra	S3-319673744	DD Private-Limited Center	
miss:not_selected	0.6461325805855707	S1-525369630	Caldwell & Smith	65 Westland Avenue, Brighton, NY	S2-498873401	Caldwell &  Smith	
miss:not_in_candidates		S1-329321786	Vision Care Associates	Seaside, OR, 608 Holladay Drive	S3-114439259	Vision Associates Care	608 Holladay Drive, PMB 6114, Seaside, Oregon
miss:not_selected	0.5283488125873087	S1-249902533	Clara Murray Red PLLC	1192 Timber Creek Lane, Imperial, MO	S3-668480472	Clara Murray-Red PLLC	
miss:not_in_candidates		S1-720410158	C+ Shreya Inc	46635 Joyce Circle, Kenai Peninsula Borough, AK	S3-413087917	C+ Inc Center	Alaska, Kenai, 46635 Joyce Circle
miss:not_selected	0.681357286390259	S1-672941163	GLI Beacon Titan LLC	1419 1st Street, Unit APT 1, Altoona, PA	S2-34515325	GLI Biecon Titan (LLC)	141 1ST ST, ALTOONA, PA
miss:not_in_candidates		S1-204662315	My Technology Private Limited	Shreejikrupa, Ls No. 2312, Opp. Lal Ota, Gopalpara, Porbandar, Gujarat	S2-3383960	માય ટેક્નોલોજી પ્રાઇવેટ લિમિટેડ	SHREEJIKRUPA, PORBANDAR, NULL, Gujarat
miss:not_in_candidates		S1-661761756	Delta Group	17 Main Street, Sidney, NY	S2-265925929	DEOSLATA  GROUP	SDINEY, NY, 17 MAIN ST
miss:not_in_candidates		S1-726459695	Krishna Food Private Limited	8, Ho Chi Minh Sarani, 2Nd Floor, Suite No-26, Kolkata, Howrah, West Bengal	S3-168027783	Nexarc	8, Ho Chi Minh Sarani, 2Nd Floor, Suite No-26, Howrah, Kolkata, পশ্চিমবঙ্গ
miss:not_in_candidates		S1-165663832	Jaipur Chamunda Pvt. Ltd.	359A, 10-B Scheme Gopal Pura Byepass, Rajasthan, Jaipur	S3-848123403	Jaipur Pvt. Ltd. Center	Jaipur, 10-B Scheme Gopal Pura Byepass, Jaipur, राजस्थान, 359A
miss:not_in_candidates		S1-722371622	Creative Logistics Limited	2Nd Floor, General Assurance Building, 232, D.N.Road, Fort, Mumbai, Mumbai City, Maharashtra	S2-8441355	क्रिएटिव लॉजिस्टिक्स लिमिटेड	H.NO 2ND FLOOR, NULL, MUMBAI, MUMBAI CITY, Maharashtra
miss:not_in_candidates		S1-604383719	Zais	469 Power Plant Road, Center, PA	S3-205188351	zais	
miss:not_in_candidates		S1-681320192	Premier Exports Private Limited	101, Sahas Bldg, Tejpal Scheme 5, Sahakar Road, Nr. Gokul Arcade, Vile Par, Le (East), Mumbai, Mumbai City, Maharashtra	S3-902396539	प्रीमियर एक्सपोर्ट्स प्राइवेट लिमिटेड	101, Mumbai, Mumbai City, MH
miss:not_in_candidates		S1-668768961	My Management Private Limited	Plot No A-41 Sector 06 New Panvel East, Panvel, Raigarh, Maharashtra	S2-171954675	माय मैनेजमेंट प्राइवेट लिमिटेड	PLOT NO A-##41 SECTOR 06 NEW PANVEL EAST, PANVEL, RAIGARH, Maharashtra
miss:not_in_candidates		S1-586935402	Eastern Shiv Properties Private Limited	12 Amartalla St, Kolkata, Calcutta, West Bengal	S3-662092510	ইস্টার্ন শিব প্রপার্টিজ প্রাইভেট লিমিটেড	12 Amartalla St, Kolkata, Calcutta, WB
miss:not_in_candidates		S1-491037494	Mumbai Advisory Limited	1004, 10Th Floor, Plot No. 616 Sunshine Tower, S.B. Marg, Dadar- W, Mumbai, Mumbai City, Maharashtra	S3-404981281	Mumbai Limited Services	Plot 782 1004, Mumbai City, MH
miss:not_in_candidates		S1-601579459	Star Energy Limited	Flat No. 1701, 17Th Floor, Hurrah Chs Mulund West, Mumbai, Mumbai City, Maharashtra	S3-575650249	Star Limited  Center	Flat No. 1701, Mumbai, Mumbai City, महाराष्ट्र
miss:not_in_candidates		S1-637928714	Anvil Inc	89 Byrdcliffe Road, Woodstock, NY	S3-526681460	Anvil [Inc] Enterprises	
miss:not_selected	0.45456007717734187	S1-655443427	Express Payment Concepts, LLC	419 Britton Road, Unit Unit 1, Greece, NY	S2-751077907	Express Payment Concepts, Llc	
miss:not_selected	0.6279189915350674	S1-731650231	Booth Legacy Surgical LLC	602 Rustic Lane, Friendswood, TX	S2-164486652	Booth Legacy	
miss:not_in_candidates		S1-439930786	Pediatric Dental Care	1508 Old Chatham Road, Henry County, VA	S3-781256611	Pediatric Care Service	Old Chatham Road, Henry County, Virginia
miss:not_in_candidates		S1-549996780	Jones and Keating Games P.C.	13850 Lawler Avenue, Crestwood, IL	S3-465651063	Jones & Keating Keating Games P.C.	
miss:not_in_candidates		S1-672944178	Bharat Trading Private Limited	Riddhi, Rameshwar Park, Street No.3, 2 Corner Plot No. 90, B/H Rail Nagar, Rajkot, Gujarat	S2-434615289	#bharattrading	RIDDHI, RAMESHAR PARK, STREET NO.5, 2 CORNER PLOT NO. 90, B/H RAIL NAGAR, RAJKOT, Gujarat
miss:not_selected	0.6751181330095886	S1-959352195	Ton's Physical Therapy	4924 -343 Princess Anne Road, Virginia Beach City, VA	S2-735526139	TON'S PHYSICAL THERAPY INC.	
miss:not_in_candidates		S1-502545181	Ruelas Titan	284 Harned Road, Smithtown, NY	S3-52193198	Brixcalo	284 Harned Road, Smithtown, NY
miss:not_in_candidates		S1-963236638	Regional Federation	9353 Manor Avenue, Cleveland, OH	S3-979537573	Regional-Service	9353 1/2 Manor Avenue, Ohio, Cleveland, PO Box 7805
miss:not_in_candidates		S1-829141294	Bangalore Four Pvt Ltd	Villa No.13, Akshaya Redstones, Opp. Shell Petrol Bunk, After Saibaba Ashram, Seegahalli, Bangalore, Karnataka	S3-227169443	Bangalore 4 Pvt-Ltd	Villa No.13/9, Bangalore, Bengaluru, KA
miss:not_in_candidates		S1-297697753	Nova	731 Sun Island Drive, Easton, WA	S3-280110288	Nova Corp Trading	
miss:not_selected	0.462466208343352	S1-158313348	Intent Indian Pvt Ltd	Haudin House No 5 No 102, 1St Floor Haudin Road, Bangalore North, Bangalore, Bangalore North, Bangalore, Karnataka	S3-741643948	Intent Indian Pvt Limited	
miss:not_selected	0.6730553172446209	S1-197420616	James Ventures	1340 48th Street, Unit 2038, Mesa, AZ	S2-709329967	JAMES VENTURES	
miss:not_selected	0.5196301826109994	S1-253862453	Ayala Interprivate Inc	97 Vaughn Road, Athol, MA	S3-261017645	Ayala Interprivate	
miss:not_selected	0.2033276209809006	S1-849262759	Max Furniture	6A-6B, Rajasthan, Beawar, Ajmer, Manak Colony, Delwara Road	S3-824132282	Max [Fumiture]	
miss:not_in_candidates		S1-745535974	Bay Regional	20 Somerset Lane, Stafford County, VA	S3-220485777	Bay Center	#20 Somerset Lane, Stafford County, Virginia
miss:not_in_candidates		S1-542224832	Mountain Society	AZ, Fl 1, 11063 Beck Lane, Scottsdale	S2-12228461	MOUNTAIN SÓCIETY	
miss:not_in_candidates		S1-569813562	Emerald	MA, Norfolk, 6 Berkshire Street	S3-245763777	Jaxevo	6 Berkshire Street, Norfolk, MA
miss:not_in_candidates		S1-818833174	South International Pvt Ltd	Door No.36/267, Mannathbuilding, Thrikkakara, Ernakulam, Kerala	S2-62839070	South Pvt Pvt Ltd Center	Kerala, 36/267 , MANNATHBUILDING, THRIKKAKARA, ERNAKULAM
miss:assigned_elsewhere	0.00003038295309417	S1-956097407	Lakshmi Consultants Private Limited	2Nd Block Kodigenahalli Village Post Kodigenahalli Madhugiri Tq Tumakuru Dist, Madhugiri, Tumkur, Karnataka	S3-800344179	ಲಕ್ಷ್ಮಿ ಕನ್ಸಲ್ಟೆಂಟ್ಸ್ ಪ್ರೈವೇಟ್ ಲಿಮಿಟೆಡ್	Madhugiri, KA, Tumkur, 2Nd. Block Kodigenahalli Village Post Kodigenahalli Madhugiri Tq Tumakuru Dist
miss:not_in_candidates		S1-550768228	All Infotech Private Limited	F/F-11 Narmada Plaza, Vil. Nani Kadi, Ta. Kadi, Dist. Mahesana, Mahesana, Gujarat	S3-7625853	ઓલ Infotech પ્રાઇવેટ લિમિટેડ	Door No 184 F/f-11 Narmada Palza, Mahesana, GJ
miss:not_in_candidates		S1-249883509	Sree Finance Limited	40 Rampurikalkaji, Delhi, New Delhi, South Delhi	S3-515794429	श्री फाइनेंस लिमिटेड	40 Rampurikalkaji, New Delhi, South Delhi, DL
miss:not_selected	0.40365949346603586	S1-996486144	Pearl's Supreme Family Practice Clinic	1522 71st Place, Chicago, IL	S2-307445095	Pearl's Supreme Family Practice Clinic Co	152 71ST PL, CHICAGO, IL
miss:not_in_candidates		S1-978810939	Hari Consultancy Private Limited	Plot No. 639 Maurya Vihar, Road No. 3, Po - Khagual, Ps - Phulwari Sharif, Patna, Bihar	S3-787363950	Hari	Plot No. 639 Maurya Vihar, Road No. 3, Po - Khagual, Ps - Phulwari Sharif, Patna, Bihar
miss:not_selected	0.2439232680834342	S1-879124305	Garcia, Keller & Cerino	134 Hambrick Road, Houston, TX	S2-404816899	Garcia, Keller	
miss:not_in_candidates		S1-424734082	Maa Finance Private Limited	Kolhapur, Rsno 244/1 B/5 Flno S1 Balaji Appt Ganesh Colony Kolhapur, Maharashtra	S3-667939111	मां फाइनेंस प्राइवेट लिमिटेड	Rsno D/244/1 B/5 Flno S1 Balaji Appt Ganesh Colony Kolhapur, N/A, Kolhapur, MH
miss:assigned_elsewhere	0.0002456552114981677	S1-955579926	Dream Foods Private Limited	Durganagar Colony Ameerpet, D.No.6-3-778/44, Hyderabad, Telangana	S3-277254411	Dream Private  Limited Services	Andhra Pradesh, 6-3-778/44, Hyderabad, Durganagar Colony Ameerpet
miss:not_in_candidates		S1-744224310	Trusted Semiconductor Company	6754 Connecticut Colony Circle, OH, Mentor	S2-547795026	Trusted Company Service	4754 CONNECTICUT COLONY CIRCLE, MENTOR, OH
