kind	p	s1	s1_name	s1_addr	q	q_name	q_addr
false_merge	0.9158450659694494	S1-536844905	International Consulting Private Limited	8-3-960/3, Ground Floor, Raghava Nilayam, Beside Axis Bank, Sri Nagar Colony, Hyderabad, Telangana	S3-371793389	Sri INTERNATIONAL CONSULTING LIMITED	TG, Hyderabad, 8-3-960/16, Ground Floor, Raghava Nilayam, Beside Axis Bank, Sri Nagar Colony, Hyderabad
false_merge	0.7362299982466304	S1-33353557	Ridge Supreme Electronics Inc.	Town Of Westford, WI, N9052 C	S3-310638566	RlDGE SUPREME ELECTRONICS INC	##N9054 C, Randolph, Wisconsin
false_merge	0.9939009334374526	S1-935595021	Raviam Glasses Ltd	Chennai, Tamil Nadu, Chennai, Alwarpet, 42A Bheemanna Garden Street	S3-261133105	Ravviam Glassm Ltd	No A-42a Bheemanna Garden Street, Madras, Chennai, TN
false_merge	0.8522929844828351	S1-122057986	Meridian (India) Marketing Private Limited	Pulissery Po, Vaniyambalam, Wandoor, Malapuram, Kerala, Malappuram, Xii/184	S2-545327241	Mr Meridian (lndia)  Marketing Limited	XII/18, PULISSERY PO, VANIYAMBALAM, WANDOOR, MALAPPURAM, Kerala
false_merge	0.65133185552926	S1-947798034	ZYD Alloys Private Limited	Sa 4/68, B-3, Daulatpurvara, Varanasi, Uttar Pradesh	S2-840274846	LIMITED ZYD ALLOYS	SA 4/79, B-3, DAULATPURVARA, VARANASI, उत्तर प्रदेश
false_merge	0.7820345104477754	S1-211815632	Katheryn B. Woods, O.D.	Yuma, AZ, 871 4th Avenue	S2-597387136	Katheryn B. Woods, O.D. LLC	87 4TH AVE, null, YUMA, AZ
false_merge	0.9771239841843112	S1-561904284	Halcium Illinois Group	3102 Stonehaven Lane, Forney, TX	S2-799506748	Halciem Group Illinois	312 STONEHAVEN LN, FORNEY, TX
false_merge	0.951629513545515	S1-480739523	Johnson Custom Dollar LLC	CA, 1209 Virginia Way, Barstow	S3-502315913	Partners Johnson Custom Dollar	1209 Virginia Way, Barstow, California
false_merge	0.6931601254152691	S1-450903756	Wright Newbridge	3600 Suncadia Trail, Unit 2040, Unicorporated, WA	S2-892245966	WRIGHT NÉWBRIDGE	
false_merge	0.6766566661614332	S1-174089778	Pranam Housing Private Limited	C/O Abhinav Girdhar M516, Jal Vayu Towers Sector 56, Gurgaon, Haryana	S3-776751732	Pranim Housing-Private Housing-Private Limited	Gurgaon, Jal Vayu Towers Sector 56, Door No 670 C/o Abhinav Girdhar M523, HR, Gurgaon
false_merge	0.870850786584721	S1-233784696	Vanteus Metal Works	MO, Saint Louis, 1 Lynne Court	S2-763413683	VANTEUZ METAL WORKS	1 LYNNE CT, SAINT LOUIS, MO
false_merge	0.9746042944736049	S1-340993955	Ziratech Producer Limited	9/225, Mta Building Poolakkal, Punnappala Po, Malappuram, Malappuram, Malapuram, Kerala	S2-724227049	Zirateique  Producer Limited	9/225, MTA BUILDING POOLAKKAL, PUNNAPPALA PO, MALAPPURAM, MALAPPURAM, കേരളം
false_merge	0.9566587346556246	S1-741607279	Solyn National Associates	11793 Herodian Drive, Rancho Cordova, CA	S3-749652416	Solyant National Associates	11793 Herodian Dive, NULL, Rancho Cordova, California
false_merge	0.8017881968807525	S1-766724740	Krishna Producer Private Limited	2, Maharshi Devendra Road, Kolkata, Howrah, West Bengal	S3-215265814	Nexvera	2, Maharshi Devendra Road, 2Nd Floor, Room No. 9, Howrah, Kolkata, WB
false_merge	0.9954620031081061	S1-550136078	Hyderabad Producer Limited	United Arcade, Third Floor, Unit-3, Pillar.No.143 International Airport Road, Attapur, Hyderabad, Telangana	S3-406964833	hyderabadproducts.com	United Arcade, Third Floor, Unit-3, Pillar.no.143 International Airport Road, Attapur, Hyderabad, TG
false_merge	0.9397900760454742	S1-373602553	Teque Group	804 Anchorage Way, Freeport, NY	S2-796798808	Teque Group Group	817 ANCHORAGE WAY, FREEPORT, NY
false_merge	0.7051476107224719	S1-336350040	Big Charitable Trust	B-111, Street No. 8, Raj Nagar Part - 2, Near Dada Dev Mandir, Palam, Delhi	S2-860419562	Mr Big Charitable  Trust	
false_merge	0.7231951663611459	S1-58126124	Kestic Coastal LP	7 Deland Acres Drive, Perinton, NY	S2-366942418	Cestic Coastal LP	7 DELAND ACRES DRIVE, FAIRPORT, NY
false_merge	0.7074272968228623	S1-824477785	Sanchal Solutions Limited	C-104, Gayatri Darshan, Thakur Complex Kandivali (East), Mumbai, Mumbai City, Maharashtra	S3-827477985	solutionsjitoallied.com	C-104, Gayatri Darshan, Thakur Complex Kandivali (East), Mumbai, Mumbai City, MH
false_merge	0.9546356268645052	S1-236255037	Certified Apparel Worldwide Company	10700 Marfa Way, Mckinney, TX	S2-906660214	Certified Apparel  Worldwide	
false_merge	0.7263658766472142	S1-952112051	Green Trading Pvt Ltd	A-411/2, Old Brij Puri, Street No 6, Parwana Road, Delhi	S3-305765410	ग्रीन सर्विसेज प्रा. लि.	A-411/6, Old Brij Puri, Street No 6, Parwana Road, Delhi, DL
false_merge	0.987881148963731	S1-919867800	Oracle Educational Society	West Chavakatta Bridgepost Box No 2620 Canal Road, Alleppey, Alappuzha, Kerala	S2-710144911	Oracle Educational	
false_merge	0.9635780162803804	S1-432389336	Shulman, Faustine, DPM	7010 Riata Drive, Redding, CA	S2-70131274	Shulman, Faustine, DPD	CA, REDDING, 7010 RIATA DRIVE
false_merge	0.8323511479504886	S1-795066071	Verrance Manufacturing LLC	1904 N Lincoln Ave, Davenport, IA	S3-649032970	Verrancea Manufacturing LLC	190 N Lincoln Ave, Davenport, Iowa
false_merge	0.9421703444069924	S1-778073418	Chandrika Systems Private Limited	Six Floor, Dn 36 Sector V Saltlake City, Kolkata, Primarc Tower 601, Parganas North, West Bengal	S2-671589594	Chandriora Systems  Private Limited	H.NO 806 PRIMARC TOWER 601, SIX FLOOR, DN 36 SECTOR V SALTLAKE CITY, KOLKATA, পশ্চিমবঙ্গ
false_merge	0.6606380632208207	S1-367344251	Aurium King LLC	1777 Steele Ridge Road, Buffalo, WV	S3-545202051	Auriumyn  King LLC	1777 Steele Ridge Rd, Buffalo, West Virginia
false_merge	0.6753735735558454	S1-419642118	Williams, Mcdonald & Cavazos	4 Daisy Lane, Rockbridge County, VA	S2-616540807	Williams Mcdonald & Cavazos Corp	
false_merge	0.7786607367230812	S1-868788645	Nagtech Technology Private Limited	902, Landmark Tower Near Pushpkunj Chs Vasai Palghar Vasai-Virar City (M Corp), Thane, Maharashtra	S3-384320001	Nagtoch Technology Private Limited	902, Landmark Tower Near Pushpkunj Chs Vasai Palghar Vasai-virar City (M Corp), Thane, महाराष्ट्र
false_merge	0.8239280031082576	S1-928429279	Kaverita Infraprojects Private Limited	Karnataka, Bangalore, #291-B, 3Rd Main, 5Th Cross, Rr Layout, Bangalore South	S2-758353004	kaveriova infraprojects private limited	#291-B, 3RD MAIN, 5TH CROSS, RR LAYOUT, BANGALORE SOUTH, Karnataka
false_merge	0.9928489045839891	S1-940460517	Sarasansh Marketing Private Limited	First Floor, Valiyaveettil Buildings, Thalassery, Kannur, 125/C, Kerala	S2-299492803	Sarasanora Marketing Private Limited	125/C, FIRST FLOOR, VALIYAVEETTIL BUILDINGS, THALASSERY, Kerala
false_merge	0.9501797875209207	S1-560436615	Hyderabad Ganga Private Limited	H No 8 2 293/82/B/30A, Gayatri Hills Road No10, Yousuf Guda, Hyderabad, Telangana	S2-334797406	Limited Hyderabad Ganga	H NO 11 2 293/82/B/30A, GAYATRI HILLS ROAD NO10, YOUSUF GUDA, HYDERABAD, తెలంగాణ
false_merge	0.7068166223460581	S1-57002372	Kaithal Partners Private Limited	S.I. Conveyortech, C/O Paramita Sinha Saraswati Complex, Nimerhati, Howrah, West Bengal	S2-992020817	Kaithal Private Limited Partners	
false_merge	0.979878573027106	S1-141097183	Zephay Tge	42513 2nd Avenue, Pablo, MT	S2-346167514	Zephix  Tge	42513D 2ND AVENUE, PABLO, MT
false_merge	0.7436835232456843	S1-982998700	Solex Oaktree Inc.	88 Village View Lane, Carroll County, VA	S2-506408097	SOLOX OKARCE INC.	#88 VILLAGE VIEW LANE, CARROLL COUNTY, VA
false_merge	0.7103342232740048	S1-113932116	Lyrance Chain of Terrell	3980 Kiser Island Road, Terrell, NC	S2-689652082	Lyranco of [Services] Terrell	TERRELL, NC, 3980. KISER ISLAND ROAD
false_merge	0.9565575760110827	S1-519916762	AYQ Select Fresenius	2241 Fort Worth Highway, Fl 0, Weatherford, TX	S3-784010812	Seldt AUQ Fresenius	Texas, <NULL>, 2241 Ft Worth Hwy, Weatherford
false_merge	0.9999901401595271	S1-906007693	Augustina Martinez, DDS	1152 Locust Street, City Of River Falls, WI	S3-723352396	augustina martinez, ds	1152 Locust St, City Of River Falls, Wisconsin
false_merge	0.7936633116080413	S1-231674156	Orbial Sumitomo	7 Fredricksburg Court, Brookhaven, NY	S2-319514462	Orbialyn Sumitomo	7 FREDRICKSBURG CT, CORAM, NY
false_merge	0.7509907228494127	S1-30807521	Pranaya Town	8B Lal Bazar Street, Kolkata, Calcutta, West Bengal	S3-730704591	Prranaya  Town	#19B Lal Bazar Street, Kolkata, Calcutta, WB
false_merge	0.7718263758343618	S1-762462035	Cornerstone Coastal LLC	11828 Fishing Point Drive, Unit 100, Newport News City, VA	S2-813567263	CORNERSTONE CÓASTAL	
false_merge	0.8970886619055417	S1-842206103	Feex Holdings Group	IA, 1657 Beaver Avenue, Des Moines	S2-208815793	FEEX HOLDINGS GROUP	662 BEAVER AVE, DES MOINES, IA
false_merge	0.9191745932413206	S1-815175256	Horizon Technology Inc	254 479, Albertville, AL	S2-621201530	HALOMIRA	479, null, ALBERTVILLE, AL
false_merge	0.6507572832273386	S1-381905790	Drayiq Intelligent	200 Jamie Street, New Tazewell, TN	S3-781869802	Drayiqyn (Intelligent)	200 Jamie Street, New Tazewell, Tennessee
false_merge	0.9897302563438961	S1-246487317	GOV Sai	C/O Raj Hotel Jalna Road, Beed, Bid, Maharashtra	S2-849515172	TOV (Sai)	C/O RAJ HOTEL JALNA ROAD, BEED, Maharashtra
false_merge	0.9987125642259769	S1-80792559	Lumova Keystone LLC	13581 Colorado Road, Pinon Hills, CA	S3-425828282	Lummova Keystone Keystone Llc	California, Piñon Hills, 13581 Colorado Rd
false_merge	0.9951640193442183	S1-116157561	Kaverita Automobiles Pvt. Ltd.	B-Iii 1291/1 Street No 1, Kalyan Nagar, Ludhiana, Punjab	S3-59907861	Kaveriova Automobiles Pvt. [Ltd.]	B-iii 1291/1 Street No 1, Kalyan Nagar, Ludhiana, PB
false_merge	0.9375275156915653	S1-405046602	Services Sa Life Private Limited	Filmlab, 27, Walbhat Road, Goregaon (East), Mumbai, Maharashtra	S2-709631522	Services Sa Life  Limited	#31 FILMLAB, 27, WALBHAT ROAD, GOREGAON (EAST), Maharashtra
false_merge	0.9877670767229269	S1-702812018	Jarlora Pineapple	39 Redbud Lane, Carlton Landing, OK	S2-350438264	Jarrlora Pineapple	39 REDBUD LN, CARLTON LANDING, OK
false_merge	0.7421615617902978	S1-49031420	Sarasiya Service Center	Krishna Vandan, C- 102, Ec-94, Evershine City, Vasai (East), Thane, Maharashtra	S2-35106589	saraziya service center	NO B3/81 KRISHNA VANDAN, C- 102, EC-94, EVERSHINE CITY, VASAI (EAST), महाराष्ट्र
false_merge	0.9992231161479238	S1-713162878	HL Jaiswal Private Limited	Xxii/546, Asha G Building Puzhakarakavu Road, Muvattupuzha, Ernakulam, Kerala	S2-897249139	HHL Jaiswal Private Limited	XXII/##546, ASHA G BUILDING PUZHAKARAKAVU ROAD, MUVATTUPUZHA, Keralam
false_merge	0.8822406773718328	S1-9332365	Blakeley Sweeney Legacy Idaho LLC	4006 Sequoia Trail, Georgetown, TX	S2-629680162	Bailey Sweeney Legacy Idaho L.L.C.	4006 SEQUOIA TRAIL, GEORGETOWN, TX
false_merge	0.749616449993656	S1-218243302	Kritin Training Limited	No. 36 / 37, 5Th Cross, Parvathi Nagara, Laggere Main Road, Bangalore, Karnataka	S3-701764474	Krittis Training  Limited	No. 36 / 37, 5Th Cross, Parvathi Nagara, Laggere Main Road, Bangalore, KA
false_merge	0.7520184958412628	S1-137275933	Royal International Limited	Ii-A/E-13, Nehru Nagar, Ghaziabad, Uttar Pradesh	S3-272684200	Lumevotavo - 9749906033	Iii-e-13 Nehru Nagar, Ghaziabad, उत्तर प्रदेश
false_merge	0.7129510319033886	S1-125862163	Regional Select Heritage	1644 143rd Avenue, Fl 1, Tenino, WA	S3-415186212	Regional Select Heritage Corp	Tenino, 164 143rd Ave, Fl 1, Washington
false_merge	0.6517482475693405	S1-259134887	Best Consumer Industries LLC	12233 Bella Italia Drive, Fort Worth, TX	S3-974729238	Best Cónsumer Industries LLC	
false_merge	0.9234970232516758	S1-416019105	Vaayuita General Private Limited	11004, Bhuvana Green, Hosa Road, Ias Lay Out, Eastwood Twp, Kasavanahali, Banglore, Bangalore, Karnataka	S3-489184684	Vaayuitta General Private	1005, Banglore, Bangalore, KA
false_merge	0.8920816229892174	S1-342747668	Green Exports Private Limited	Shop No - S-2, South West Delhi, Plot No-4, Pkt-7, Sec-12 S/F Malhan Falcon Plaza, Delhi, Dwarka	S2-737445266	ग्रीन एक्सपोर्ट्स प्राइवेट लिमिटेड	Delhi, PLOT NO-##7, NORTH WEST, NEW DELHI
false_merge	0.8543292103483112	S1-297064313	Sky Infotech Private Limited	Shraddha House, Cts No, . 1206/A-1, Plot No. 887-A, Shirole Road, Off J. M. Road, Shivjinaga, R., Pune, Maharashtra	S3-388539084	Sky  Infotech Limited	No 43- Shraddha House, Cts No, . 1206/A-1, Plot No. 887-A, Shirole Road, Off J. M. Road, Shivjinaga, R., Pune, Erandwane, MH
false_merge	0.8013020402757772	S1-820442255	Quanteon Investment Inc	660 6th Street, Indiana, PA	S3-330135783	Kwanteon  Investment	660- Sixth Street, Indiana, Pennsylvania
false_merge	0.9954974688115708	S1-704824245	Olanus Family Practice LLC	1025 Society Hill Lane, Charlotte, NC	S2-279444966	Olanuz Family Practice [LLC]	1025 SOCIETY HILL LN, CHARLOTTE, NC
false_merge	0.9077938446679545	S1-953467390	Jarlelle Quantumsphere LLC	1952 Stanhope Road, Dundalk, MD	S2-516834295	Jarlello Quantumsphere Llc	1952-C STANHOPE RD, DUNDALK, MD
false_merge	0.6863722778073162	S1-317682066	Clyance Oneim L.L.C.	37 Fullerton Avenue, Yonkers, NY	S3-826549348	Clyanco Oneim	37 Fullerton Ave, Yonkesr, New York
false_merge	0.9895268722979733	S1-651547717	Taran Global Private Limited	509 Bldg No 8 Ankita Nagar Lokhandwala C Akurli Raod Kandivili East, Mumbai, Mumbai City, Maharashtra	S3-541635322	Aaa Alrvbdissr	509 Bldg No 8 Ankita Nagar Lokhandwala C Akurli Raod Kandivili East, Mumbai, Mumbai City, महाराष्ट्र
false_merge	0.8122374965338909	S1-104980320	Annie's Advisory Inc.	309 County Road 3568, Cleveland, TX	S3-321746850	Annie's Advisory Inc	310 County Road 3568, Cleveland, Texas
false_merge	0.6566725626106432	S1-453780722	Modern Credit Inc	150 Roosevelt Road, Unit 2155, Mesa, AZ	S2-483585894	MODERN CREDIT ÍNC.	
false_merge	0.980145794402743	S1-703399818	Northern Federal Tech LLC	777 Greenwood Avenue, Unit 7, Atlanta, GA	S2-3069608	Cirayuma	777 GREENWOOD AVENUE, ATLANTA, GA
false_merge	0.9854792611098041	S1-313759461	Sirius Group	554 207 5th Street, Selah, WA	S2-102430394	Sirius Group Group	554 210 FIFTH SAINT, SELAH, WA
false_merge	0.8468259567749273	S1-11302083	VD Hill Inc	NC, 204 W Stanly Street, Stanfield	S3-744632006	Papadakis Hill Ínc	04 West Stanly St, Stanfield, North Carolina
false_merge	0.8327894050009689	S1-642686786	Cna Research Private Limited	Dwarka Phase - I, New Delhi, Delhi, Bengali Colony Mahavir Enclave, H - 2/121	S2-340760239	Cna Research Limited	H - /126, BENGALI COLONY MAHAVIR ENCLAVE, DWARKA PHASE - I, Delhi
false_merge	0.8574021323823123	S1-751717083	Nagaksh Steel Private Limited	Calcutta, Kolkata, West Bengal, 90/N Block Enew Alipore	S2-127020649	Nagacsh Steel Private  Ltd	NO 3-90/N BLOCK ENEW ALIPORE, KOLKATA, West Bengal
false_merge	0.6730304642708008	S1-420387026	YR System LLC	5829 Blue Beech Court, Antelope, CA	S2-645150600	YR Systém LLC	
false_merge	0.927637523063179	S1-337424432	Infrastructure Commercial Infra Private Limited	Gf-8, Shreeji Gold, Nr. Sona Party Plot, E/F, Gujarat, Vadodara	S2-186580945	Infrastructure Commercial Services Private Limited	NO 36 E/F, GF-8, SHREEJI GOLD, NR. SONA PARTY PLOT, VADODARA, Gujarat
false_merge	0.935806434084996	S1-140583591	Quantyn Pipeline LLC	7328 Euclid Avenue, Spokane Valley, WA	S3-585589662	Kwantyn LLC 5ervice	##7328 Euclid Ave, Spokane Valley, Washington
false_merge	0.7238329522476323	S1-781975369	Carpenters Local Union 83	502 Fourth Street, Boston, MA	S2-69072571	JAXRIZA	503  FOURTH STREET, BOSTON, MA
false_merge	0.9005511251784588	S1-632008566	Silver Star Spark Partners	MA, 18 West Road, Orleans, Unit 319	S2-207546797	Silver Star Spark Partners	1848 18TH SAINT, LANETT, AL
false_merge	0.9347905133572274	S1-328642744	Tirumalagiri Vincom Private Limited	H. No. 1, 5-564/22/73, Ground Floor, Ganga Avenue, Kashipuram, Jonnabanda, Ola Alwal, M. M. District, Tirumalagiri, Hyderabad, Telangana	S2-518936141	TIRUMALAGIRI SERVICES PRIVATE LIMITED	H. NO. 4, 5-564/22/73, GROUND FLOOR, GANGA AVENUE, KASHIPURAM, JONNABANDA, OLA ALWAL, M. M. DISTRICT, TIRUMALAGIRI, Telangana
false_merge	0.9855194236746136	S1-736210234	Supreme Media Private Limited	Dwarka Vedmani, Ad-169, Sector-1, Kolkata, Kolkata, Howrah, West Bengal	S2-367778976	Supreme Media Limited	NO G-18 DWARKA VEDMANI, AD-169, SECOTR-1, KOLKATA, KOLKATA, পশ্চিমবঙ্গ
false_merge	0.8043251636497571	S1-559277539	Madathil Traders Private Limited	Oaisha Complex, C1-185/3/New Santoshpur Road-1, Bidhangarh, Kolkata, Howrah, West Bengal	S3-820329025	Smt Madathil Traders Limited	8 Oaisha Complex, Howrah, Kolkata, WB
false_merge	0.7974573506389271	S1-847967343	South Enterprises Private Limited	West Godavari, Apple Grounds 11Th Ward, Gunupudi, Bhimavaram, Andhra Pradesh, 11 14 15	S2-754062600	South Enterprises (Limited)	H.NO A-24 14 15, APPLE GROUNDS 11TH WARD, GUNUPUDI, BHIMAVARAM, WEST GODAVARI, Andhra Pradesh
false_merge	0.6866960939087414	S1-585529260	LEI Classes Associates	S N 137/4, Narayan Nagar, Nr Kadam Police, Pune, Maharashtra	S2-575763446	LEI Classes Assloiteas	
false_merge	0.9855986483907946	S1-915473931	Varshendra Overseas Limited	14-2-129/2, Mutrasula Peta, Revenue Ward 14, J.R.Gudem, West Godavari, Andhra Pradesh	S3-455201354	Varzhendra Overseas	#14-2-129/2, Mutrasula Peta, Revenue Ward 14, J.r.gudem, West Godavari, ఆంధ్రప్రదేశ్
false_merge	0.6600922205939385	S1-127004889	Crystal Gulf Enclave Partners	West Chester, OH, 8079 Red Mill Drive	S2-865242608	crystal gulf enclave llc	
false_merge	0.7398224228719199	S1-809640256	Zepheon Midland LP	15975 Colony Place, Tigard, OR	S3-569572457	Zephean  Midland LP	15975 Colony Place, Tigard, Oregon
false_merge	0.8871472693968896	S1-418730901	Coventry Family Cornerstone Services	290 Hemlock Point Drive, Coventry, CT	S2-35175852	Lyralyra	290 HEMLOCK POINT DR, COVENTRY, CT
false_merge	0.7234081542812331	S1-995242433	Dallas, City Of	6035 Bryan Parkway, Dallas, TX	S2-553661283	Dallas, City Of Ltd	##6036 BRYAN PKWY, DALLAS, TX
false_merge	0.9776797846890698	S1-951484347	Clyan Semiconductor, Inc.	195 Elm Street, Valley Stream, NY	S2-599793121	Klyan Semiconductor, Inc	195 1/2 ELM STREET, <NULL>, VALLEY STREAM, NY
false_merge	0.8048170802019948	S1-635790318	Willow & Sons Private Limited	1St Floor, Wework Vaishnavi Signature, No. 78/9, Bangalore South, Bangalore, Karnataka	S3-663425179	Mr Willow & Sons Limited	Bangalore South, H.no 3St Floor, ಕರ್ನಾಟಕ
false_merge	0.9749142983405752	S1-854433259	Ujjaika Benefit Private Limited	Shri Vedvyas Complex, Near Axis Bank Panposh Road, Rourkela, Sundargarh, Orissa	S3-543175771	UJJAICA BENEFIT PRIVATE LIMITED	Sundargarh, Shri Vedvyas Complex, Near Axis Bank Panposh Road, Rourkela, OD
false_merge	0.9068856738084222	S1-217704305	Vaayutech Network Limited	Gurgaon, Pataudi Gurgaon, Haryana, Bas Padamka (41) Baspadamaka	S2-173221343	Vaayutecha Network Ltd	BAS PADAMKA (41) BASPADAMAKA, PATAUDI GURGAON, Haryana
false_merge	0.8019599432867965	S1-272555900	Allied Charles Inc.	5920 350, West Lafayette, IN	S2-194201290	Allied Charles Inc	5922-5926 350, IN, W. LAFAYETTE
false_merge	0.9847442665906345	S1-950460011	Bright Engineering Private Limited	Phase - Ii, Plot No - 86 Kasba Industrial Estate, Kolkata, Kolkata, Howrah, West Bengal	S3-602754921	Bright Limited Engineering	পশ্চিমবঙ্গ, Plot No - 86 Kasba Industrial Estate, Kolkata, Howrah, Kolkata, 65 Phaes - Ii
false_merge	0.6636559049276166	S1-577153204	Shree Trust	A-1101 B - 1101, The First, B/S Keshavbaug Party Plot, Vastrapur, Ahmadabad City, Ahmedabad, Gujarat	S3-876386654	Shree  Trust Limited	A-c-1101 B - 1104, Ahmadabad City, Ahmedabad, GJ
false_merge	0.993853768240632	S1-102420172	YHR Cornerstone Cannabis Inc	6560 Weatherfield Court, Maumee, OH	S3-57632623	YHH C0rnerstone Cannabis Inc	6560  Weatherfield Court, Monclova Twp, Ohio
false_merge	0.6971370529775627	S1-978876769	Bettis College	2000 Pumpkin Branch Road, Dixon Springs, TN	S3-939982290	bettis college inc	005 Pumpkin Branch Road, Dixon Springs, Tennessee
false_merge	0.9966393891724111	S1-219279567	Cross and Jones LLC	1411 Calle Pensamiento, Thousand Oaks, CA	S3-150458259	Cross and Jones Partners	1411 Calle Pensamiento, Thousand Oaks, California
false_merge	0.9993815288540112	S1-588441137	Devya Deals	A-5/4 Block-A Kalindi Housing Estate South Dumdum(M) Lake Town North 24 Parga, Nas, Kolkata, Parganas North, West Bengal	S3-183754917	Devvya Déals	A-5/4 Block-a Kalindi Housing Estate South Dumdum(m) Lake Town North 24 Parga, Nas, Parganas North, Kolkata, WB
false_merge	0.998225395531698	S1-893839686	CLM Developers Private Limited	Revenue Survey No.-210 Paiki 6 Paiki 3, Plot No. 3, Mungavavdi, Lodhika Road, Near Mamadev Industrial Park, At Mungavavdi Taluka Gondal, Gondal, Rajkot, Gujarat	S3-946351399	CLLM Developers Private	Revfnue Survey No.-210 Paiki 6 Paiki 3, Rajkot, GJ
false_merge	0.9615105614512109	S1-824731979	Eliza Vang, DO	La Grange, 202 Race Track Road, NC	S3-74218828	Vang,, Eliza DUO	202 Race Track Road, La Grange, North Carolina
false_merge	0.6997547598061898	S1-601557926	Abn Clinic	2Nd Floor, East Wing, Campus 1A, Rmz Millennia Business Park, No 143, Mgr Salai, Kandanchavadi, Saidapet, Kanchipuram, Tamil Nadu	S3-880205580	Abn  Clinic	
false_merge	0.9704254387789512	S1-770860494	Nova LLC	39 Knollwood Road, Quincy, MA	S2-921335051	NOVEIQUE CAOGHN LLC	39 NEWBURY ST, QUINCY, MA
false_merge	0.9346770044678389	S1-194743564	Surgical Frontier Care LLC	5825 Rockport Lane, Fort Worth, TX	S3-44702523	Surgical Frontier LLC  Service	
false_merge	0.9955847154262935	S1-684835804	Boisvert Bhav Inc	225 Sunrise Avenue, Pekin, IL	S2-21031332	Nexavipyra	225 SUNRISE AVENUE, PEKIN, IL
false_merge	0.8711035736359543	S1-244424573	Yamuesh Properties Private Limited	B-9, Sardar Nagar, G.T.Road, Delhi, North Delhi, Delhi	S2-526530091	YAMUESH PRIVATE LIMITED PARTNERS	
false_merge	0.7147079077390485	S1-124157752	Julita's Properties	TX, City Of El Paso, 6012 Brazos Avenue	S3-940552491	Julita's Properties Ltd	601 Brazos Ave, NULL, City Of El Paso, Texas
false_merge	0.9258231589621894	S1-984399729	Ferriq Associates Inc.	380 Waco Place, Waukee, IA	S3-192260119	Ferriq Associates Center	
false_merge	0.8323766043732699	S1-81942586	Raje Public School	H. No 943, Gate No. 4, Jabalpur, Madhya Pradesh	S3-915972606	Lyraquocalo	H.no. 04, Jabalpur, MP
false_merge	0.9189444909951552	S1-680051492	Yamuiya It Limited	Aligarh, Green Park Apartment 3Rd, Asadpur Qayam, Aligarh, Uttar Pradesh, E 506	S3-913567889	Yamuiyaer It Limited	E 506, Green Park Apartment 3Rd, Asadpur Qayam, Aligarh, UP
false_merge	0.9839125018407842	S1-918395944	Vijay Infra Private Limited	394-C, Lamington Chambers, Lamington Road, 1St Floor, Mumbai, Maharashtra	S2-575355302	विजय इंफ्रा प्राइवेट लिमिटेड	GROUND FLOOR, MUMBAI, MUMBAI CITY, Maharashtra
false_merge	0.8379377949291766	S1-107289988	A Cure 2 IT	637 Milton Street, Toledo, OH	S3-408516733	A Cure 2 IVT	Toledo, Ohio, 0637 Milton St
false_merge	0.9011139628840467	S1-807387095	UPV Pharmaceuticals Private Limited	1 At/Po- Bharasuja, Balangir, Orissa	S3-997985616	Pv Pharmaceuticals Private Limited	
false_merge	0.8056792406225818	S1-5614731	Dynamic Capital Breeze LLC	159 Franklin Street, Unit B7, Stoneham, MA	S2-537443074	Lumkor	159  FRANKLIN ST, STONEHAM, MA
false_merge	0.9718760922548934	S1-518389690	Bj & Co Corp	Maharashtra, Wardha, Block No.12, Near Saroj Mangal Karyalaya, Wardha, Rashtrabhasha Road	S2-979720496	Bj & Co Limited	NO 37 RASHTRABHASHA ROAD, BLOCK NO.12, NEAR SAROJ MANGAL KARYALAYA, WARDHA, महाराष्ट्र
false_merge	0.7717340116654331	S1-40878842	Juno Merchants Ltd	Maharashtra, Mumbai, 181 Hill Road Bandra (West)	S3-407394700	Solcira	H.no 181/4 Hill Road Bandra (West), Mumbai, MH
false_merge	0.9099658505951201	S1-981538650	Elenore Navas, DDS	1560 Clermont Road, Shepherdsville, KY	S3-102486353	The Elenore Navas, DS	Shepherdsville, Kentucky, 1561 Clermont Road
false_merge	0.6606689806548234	S1-753912732	Baroque Hospital	604 Ravi Jangid Complex Chs Ltd Mira Bhayendar Rd Opp J & K Bank Mira Road(E), Mumbai, Thane, Maharashtra	S2-893336664	Baroque Hospital	
false_merge	0.7150000813975549	S1-349082113	Orbari Furniture PC	1989 Grant Avenue, Unit A6, Ogden City, UT	S2-93181613	orbary furniture pc	OGDEN CITY, UT, 1989 GRANT AVE
false_merge	0.7022144247703817	S1-703451513	Life Consultants Private Limited	Sobha Dream Acres, Balagere Road, Bangalore South, Bangalore, Karnataka	S3-819149879	Life Consultants General	Sobha Dream Acres, Balagere Road, Bangalore South, Bangalore, KA
false_merge	0.9846161094349993	S1-45985755	Pune Trades Corp	Maharashtra, Pune, Sarang, Erandwana, Pune, 8/19	S3-995779925	@punetrades	Pune, MH, Pune, 103
false_merge	0.9294984029148124	S1-837778414	Southern Business	Vadodara, Gujarat, Kanvir Pharma, 323 Paradise Compalex, Sayajigunj	S3-325413071	LLP Southern Business	No 85 Kanvir Pharma, 323 Paradise Compalex, Sayajigunj, Vadodara, ગુજરાત
false_merge	0.9716647128013324	S1-752582666	Kittie Eriksson, DPM	210 Washington Avenue, Elyria, OH	S3-134204521	Kittie Eriksson DFM	210 Washington Avenue, Elyria, Ohio
false_merge	0.8473389616305497	S1-742139097	Drayyn Pipeline	2615 Lakeshore Drive, Village Of Twin Lakes, WI	S3-920355860	Driyyn Pipeline	2615 Lakeshore Drive, Village Of Twin Lakes, Wisconsin
false_merge	0.7019329123858792	S1-272368234	Department of Sanitation	Billings, MT, 2112 North Place	S3-854256480	CO DEPARTMENT OF SANITATION	211 North Pl, Billings, Montana
false_merge	0.908149861976077	S1-690634354	4232 Second Plaza Realty	311 Sparrow Lane, Princeton, TX	S3-55322594	Yumalyrazeph	Sparrow Lane, Princeton, Texas
false_merge	0.9560920083836516	S1-929670183	Platinum Design Holdings	226 Misty Drive, Pleasant View, TN	S2-166647024	Platinum [Design]	
false_merge	0.9703108137112232	S1-718141886	Alvarez Dynamix	1910 Peale Terrace, Unit C, Greensboro, NC	S2-769509466	Alvarez Dynamix	
false_merge	0.9850951110775138	S1-706097521	Indransh Lifesciences Private Limited	Nagpur, Maharashtra, Plot No8, Aishwari Society, Zingabai Takli Godhani Road, Nagpur	S2-820495398	-- Indranade Lifesciences Prívate Limited	Maharashtra, AISHWARI SOCIETY, ZINGABAI TAKLI GODHANI ROAD, PLOT NO8, NAGPUR
false_merge	0.9771521347223838	S1-218559997	Roopya Brown Pvt Ltd	Flat No.1D 153/2B, A P C Road, Kolkata, Kolkata, Howrah, West Bengal	S3-909522542	Roopique Brown Pvt Ltd	Flat No.1d 153/2B, A P C Road, Kolkata, Kolkata, Howrah, পশ্চিমবঙ্গ
false_merge	0.675274473660273	S1-668667707	Sweet & Brothers Private Limited	332/35 Lalji Jewellers Co Chowk Gol Darwaza, Lucknow, Uttar Pradesh	S2-664291742	Limited Sweet & Brothers	उत्तर प्रदेश, H.NO 32/46 LALJI JEWELLERS CO CHOWK GOL DARWAZA, LUCKNOW
false_merge	0.9712587231193511	S1-786990854	Imperial & Brothers Private Limited	Flat No. G 1, Basera Apartment 350, Saket Nagar, Indore, Madhya Pradesh	S3-273577545	Imperial &  Brothers Limited	Flat No. G 9, Basera Apartment 350, Saket Nagar, Indore, MP
false_merge	0.9654983384272777	S1-804573784	Infinity Impex Group	472B Anna Salai, Nandanam, Chennai, Tamil Nadu	S3-985617464	Zephpyra	No.472B Anna Salai, Tamil Nadu, Nandanam, Chennai
false_merge	0.9978919620317622	S1-514276347	Vally's Textiles	ME, Unit 11, 104 Canaan Road, Hampden	S3-142646520	Vally's Textiles LLC	Hampden, Unit 11, Maine, 11 Canaan Road
false_merge	0.981863075189158	S1-288058001	Solutions Krishnas Growers Limited	1-106 Vemulapalli Street, Paipula Rd Lane-6, Vijayawada (Urban), Krishna, Andhra Pradesh	S3-200642980	Solutions Krishnas	1-117 Vemulapalli Street, Paipula Rd Lane-6, Krishna, AP
false_merge	0.9747539766411932	S1-97778362	Mcmillan Premier Pantages Inc	3218 Johnson Road, Petersburg City, VA	S2-469678802	Keloavinex	3218 JOHNSON ROAD, PETERSBURG, VA
false_merge	0.9655755441122619	S1-816197203	Gujarat Vijay Consulting Private Limited	Shivsagar Estate 'A' Blk 8Thflr Dr A B Road Worli, Mumbai, Maharashtra	S2-464172648	Ectoriza	SHIVSAGAR ESTATE 'A' BLK 8THFLR DR A B ROAD WORLI, MUMBAI, Maharashtra
false_merge	0.7104182272703939	S1-126156130	Gilberta's Networks	254 Marvis Drive, Brownsville, TX	S2-925050886	Gilberta's Ntogs	
false_merge	0.655851055961567	S1-608338602	Schram & Thao LLC	2500 Pacific Coast Highway, Unit 11, Ventura, CA	S2-291844312	SCHRAM & & TAO LLC	
false_merge	0.9705662624631154	S1-243615204	American Industries LLC	6760 County Road 58, Copperas Cove, TX	S3-870929765	American  Industries LLC Center	Creekside Hills Blvd, Copperas Cove, Texas
false_merge	0.6899699669176889	S1-503784098	White Hospitality Private Limited	25, Strand Road, 413 Marshall House, Kolkata, Howrah, West Bengal	S3-205057134	WHITE HOSPITALITY PRIVATE LIMITED	A-413, Noida, Gautam Buddha Nagar, UP
false_merge	0.9679641060382246	S1-739661524	Value Construction Alliance Inc.	191 Mound Road, Cadiz, KY	S3-669100563	Value Construction Alliance Inc	12 Mound Road, Cadiz, Kentucky
false_merge	0.726996042632305	S1-286456598	VL Art	Mumbai, Maharashtra, Mumbai City, Kharigav, B P Cross Rd, Bhayandar(E)Thane, S/O Sadanand Patil Pandurang Smruti Rd	S3-909057500	VL Art	
false_merge	0.8655430739581383	S1-47463707	AW Hospitality Pvt. Ltd.	C1/C2, Devatha Plaza, 131/132 Residency Road, Bangalore, Karnataka	S3-830313881	CW Hospitality Pvt.  Ltd.	C1/c2, Bangalore, Bangalore Urban, ಕರ್ನಾಟಕ
false_merge	0.6945065119034076	S1-613501501	Drayora Four PLLC	6105 Meadowpond Court, Fairfax County, VA	S3-794547092	Drayori Four	6105 Meadowpond Court, null, Fairfax County, Virginia
false_merge	0.7602474460850707	S1-610499825	Vantio Alussa Inc	137-34 Juniper Avenue, Flushing, NY	S2-747274118	inc vanntio alussa	137-37 JUNIPER AVENUE, FLUSHING, NY
false_merge	0.9961580377195756	S1-501220961	Chandranth Gmbh Limited	C/O Mohd Taquiuddin Gali, No 16, Irrigation Colony, Nanded, Maharashtra	S2-382981598	(Limited) Khandranth Gmbh	C/O MOHD TAQUIUDDIN GALI, NANDED, Maharashtra
false_merge	0.8073476645491504	S1-763776573	Msk & Brothers Private Limited	Flat No.7, Dno.19 And 21, Kamaraj Avenue 1St Street, Kasturibai Nagar, Adyar, Chennai, Tamil Nadu	S3-544475941	Msk & Limited Brothers	#9, Dno.19 And 21, Kamaraj Avenue 1St Street, Kasturibai Nagar, Adyar, Chennai, தமிழ்நாடு
false_merge	0.7738695123870328	S1-58711693	Charles Center	21 Ullery Street, Covington, OH	S2-771528001	Charles Center Center	
false_merge	0.6925773726745837	S1-824163027	Hicks Quality Merger LLC	136 Porcupine Hill, Unit 47, Liberty Hill, TX	S2-303432202	Hicks Quality LLC Partners	
false_merge	0.9891154582183718	S1-893759509	Quantance Engineering	1002 132B, Kingsland Bc, TX	S3-495128581	QUANTANADE ENGINEERING	1002-B 132B, Kingsland Bc, Texas
false_merge	0.685350983287343	S1-293389568	Sonata & Sons Private Limited	No. 14, A Block, Opp. Travellers Bunglow, Vemagal, Chikkaballapura Main Road, Kolar Taluk, Kolar, Karnataka	S2-534168245	Sonata &-Sons Private Limited	
false_merge	0.9877840627737531	S1-793112670	Novio Communications Corp	Sugar Grove, 256 Bastian Drive, IL	S2-88956202	NOVVIO COMMUNICATIONS CORP	26 BASTIAN DR, SUGAR GROVE, IL
false_merge	0.9997094401412558	S1-712951949	Peridan Sunrise LLC	8845 Bradley Road, Hartland, NY	S3-2164091	LLC PERRIDAN SUNRISE	8845 Bradley Road, Hartland, New York
false_merge	0.7254103002219217	S1-296948002	Indriya Extrusion Pvt Ltd	Kh No. 122/6/1 2Nd Floor Main Road, Village Burari, Delhi, North Delhi, Delhi	S2-307781738	INNDRIYA EXTRUSION PVT LIMITED	KH NO. 22/6/1 9ND FLOOR MAIN ROAD, VILLAGE BURARI, DELHI, Delhi
false_merge	0.9733312829442591	S1-326230270	Saurashtra Industries Group	Sri Rangadhama, 230/15, 2Nd Block, 5Th Cross, 9Th Main, Jaya Nagar, Bangalore, Karnataka	S3-275229916	Saurashtra Industries Group Group	69 Sri Rangadhama, 230/15, 2Nd Block, 5Th Cross, 9Th Main, Jaya Nagar, Bangalore, KA
false_merge	0.701975373424475	S1-125737464	Vantos Uranium	163 Hilltop Drive, NC, Four Oaks	S3-746472827	vantosyn uranium	163 Hilltop Dr, Smithfield, North Carolina
false_merge	0.9820703866955363	S1-745629955	Gangraj Sales Ltd	C/O Surendra Ojha, Vill &, Tola Khabra Urf Kiratpur, Mushahari, Muzaffarpur, Bihar	S3-763431307	Ganngraj Ssai Ltd	C/o Surendra Ojha, Muzaffarpur, Mushahari, BR
false_merge	0.9509382719233944	S1-486606321	Devya Club Private Limited	Vill-Rosera, Tola-Dhav, Muhlla, Panch, Samastipur, Samastipur, Bihar	S2-664147042	Devvya Club Private Limited	NO 61 VILL-ROSERA, TOLA-DHAV, MUHLLA, PANCH, SAMASTIPUR, SAMASTIPUR, बिहार
false_merge	0.6533385368886038	S1-822345992	North Oyj Inc.	36116 Palace Lane, Rehoboth Beach, DE	S2-478672214	North Oyj Partners	36117 PALACE LN, REHOBOTH BEACH, DE
false_merge	0.9960528087638573	S1-714948006	Blue Association IV	164 74th Street, Unit 1067, Mesa, AZ	S3-486050040	blue association iv	
false_merge	0.8546124488802818	S1-736508472	Olanify Elm	400 E Street, Hampton City, VA	S2-19083774	Olanufy  Elm	400 E ST, VA, HAMPTON CITY
false_merge	0.7496151527256241	S1-560187953	Sumangali Facilities Private Limited	Room No 1486, Rajadhani Building, Alakode, Taliparamba, Kannur, Kerala	S2-572201621	Sumangali Facilities Limited	ROOM NO 493, RAJADHANI BUILDING, ALAKODE, TALIPARAMBA, Kerala
false_merge	0.8636129774847846	S1-859197271	Bright Academy Private Limited	C/O Vilas Bhosale, Sonai Niwas 4353/B/37, Gokul Nagar, Pandharpur, Solapur, Maharashtra	S3-833267929	Bright Limited Academy	H.no 86 C/o Vilas Bhosale, Solapur, Pandharpur, MH
false_merge	0.7221246825142685	S1-876951682	Kaveran Distributor Private Limited	Wing 4-802, Bren Imperia, Shubh Enclave, Varathur, Hsr Layout, Bangalore South, Bangalore, Karnataka	S2-758070352	Caveran Distributor Limited Limited Center	WING -813, BREN IMPERIA, SHUBH ENCLAVE, VARATHUR, HSR LAYOUT, BANGALORE SOUTH, ಕರ್ನಾಟಕ
false_merge	0.751521868300545	S1-258187900	Young Properties of Morrilton	600 Loh Drive, Morrilton, AR	S3-780780755	Zhou Properties Of Morrilton	600 Loh Dr, Morrilton, Arkansas
false_merge	0.9998373770200342	S1-398453118	Neify PLLC	7412 Riley Lane, Harrison, OH	S3-173743023	Neify	7412 Riley Lane, Harrison, Ohio
false_merge	0.9885553162747456	S1-326482456	Pune Technologies Private Limited	Sno. 28/4 Orange Province Wakad Rd.Bld.B Flat 603, Pune, Maharashtra	S3-202156132	Pune Technologies Private	Flat 603, Pune, MH, Pune
false_merge	0.7347413982870072	S1-938928598	Loni Arce United Opendoor Inc	620 Jefferson Avenue, Cookeville, TN	S2-466421124	CCC	1770-1774 JEFFERSON AVE, COOKEVILLE, TN
false_merge	0.6925655183976672	S1-552599542	RJQ Industries Private Limited	House No.738 Sector 9-11, Hisar, Hissar, Haryana	S3-285965857	RJQW Private Industries Limited	House No.738 Sector 9-24, Muzaffarnagar, Hissar, HR
false_merge	0.9859396479234532	S1-784187660	MHD Nidhi Corp	S S Complex, No.16/363, Perumatti Panchayath, Chittur, Palakkad, Kerala	S2-436014046	MHHD Nidhi Corp	#58 S S COMPLEX, NO.16/363, PERUMATTI PANCHAYATH, CHITTUR, Kerala
false_merge	0.8890020049546644	S1-569457855	Somajiguda Agro Private Limited	H.No.6-3-885/7C/2/T1, 3Rd Floor Amit Plaza, Somajiguda, Hyderabad, Telangana	S3-825330849	Somajiguda Aobru Private Limited	
false_merge	0.853486814520687	S1-220000686	Solex Mustang LLC	130 Mystic Shadow Lane, Buda, TX	S3-512388931	LLC Solox Mústang	130 Mystic Shadow Lane, PMB 1942, Buda, Texas
false_merge	0.9964027843846991	S1-861259376	Auriq York Inc	TX, Pearsall, 1401 Haynes Avenue	S3-964212031	Aurriq Yórk Inc	141 Haynes Ave, Pearsall, Texas
false_merge	0.8756687889103921	S1-824929653	Brightic Permian	Chatsworth, 102 Hickory Street, IL	S3-946610040	Brightade Permian	102 Hickory St, PMB 2476, Chatsworth, Illinois
false_merge	0.7282610330490287	S1-424286783	Viva Enterprises Private Limited	24 Kalpana Plaza, Birhana Road, Kanpur, Uttar Pradesh	S2-580833426	VIVA ENTDERRISS INFRATECH PRIVATE LIMITED	24 KALPANA PLAZA, BIRHANA ROAD, KANPUR, उत्तर प्रदेश
false_merge	0.9806341859750521	S1-77315279	Credo Unity Private Limited	Orissa, Khordha, First Floor, Bhubaneswar, Plot No-573, Saheed Nagar	S3-464598543	Dr Credo Limited Unity	No 34 Fdrst Floor, Plot No-573, Saheed Nagar, Bhubaneswar, Khordha, ଓଡ଼ିଶା
false_merge	0.9948569858126203	S1-997249106	Bliss & Lucius LLC	1166 Riverside Avenue, Unit UNIT 38, Rialto, CA	S3-250603522	Bliss &-Lucius Co	1166 Riverside Avenue, Unit UNIT 38, Rialto, California
false_merge	0.8213770633109736	S1-790850854	Blue Business LLP	Corporate Park, 1St Floor, Silicon Valley, Madhapur, Hyderabad, Shaikpet, Telangana, Hyderabad, Plot No 31	S3-73443106	బ్లూ బిజినెస్ ప్రైవేట్ లిమిటెడ్	Hyderabad, TG, Hyderabad, Plot No
false_merge	0.9957100390566183	S1-870288035	Guru Services Private Limited	328/21, Old Sabzi Mandi 9, Lucknow, Uttar Pradesh	S2-927180069	GURU PRIVATE LIMITED SERVICES	OLD SABZI MANDI, YAMUNA NAGAR, Haryana
false_merge	0.9104653339659291	S1-66706666	Perez Star Couture LLC	2718 Bowdish Road, Unit F, Spokane Valley, WA	S2-543986361	Tavovantage	SPOKANE VALLEY, 2718 BOWDISH RD, WA
false_merge	0.9698194438043406	S1-958452327	Dharuhera Solution Private Limited	House No-12 Azaad Nagar, Hari Nagar Road Near Dharuhera- Bass Road, Dharuhera, Rewari, Haryana	S3-948145434	Dharuhera Private  Limited Services	Amd Cioy, Rewari, Dharuhera, HR
false_merge	0.7957063728541799	S1-430183195	Nagavi Pahal Limited	House No 348, Pkt D16, Sec 7 Rohini, Delhi, North West Delhi, Delhi	S2-807889109	Nagade Pahal Limited	HOUSE NO 61, PKT D16, SEC 7 ROHINI, DELHI, Delhi
false_merge	0.8779353437263968	S1-868442238	ZPX Movers Private Limited	C/O Kiran Ashok Ambhore, Vidyanagar Sailu, Sailu, Parbhani, Maharashtra	S2-906971690	PX Limited Private Movers	H.NO 88 C/O KIRAN ASHOK AMBHORE, VIDYANAGAR SAILU, SAILU, Maharashtra
false_merge	0.9360872192967273	S1-283826002	Ashlie Barnes, MD	6450 Double Eagle Drive, Unit 315, Woodridge, IL	S3-408865183	Ashlie Barnes, MXD	Illinois, Unit 315, 455 Double Eagle Dr, Woodridge
false_merge	0.7595409357558641	S1-880957035	Lotus Super Industries Pvt Ltd	Rajahmundry, East Godavari, F.No.302, Ganesh Enclave, D.No:69-9-37/5, Andhra Pradesh	S2-519025292	లోటస్ సూపర్ ఇండస్ట్రీస్ లిమిటెడ్	D.NO:69-9-37/1, RAJAHMUNDRY, EAST GODAVARI, Andhra Pradesh
false_merge	0.9526142294092947	S1-905309517	Yamuavi Grip	Jaipur, Rajasthan, Achariyon Ka Rasta Kishan Pole Bazar, Jaipur, 725	S2-134662640	Yamuaex Grip	राजस्थान, 725, ACHARIYON KA RASTA KISHAN POLE BAZAR, JAIPUR
false_merge	0.6509356741105363	S1-415942976	Ethan Footwears Private Limited	704B, Neel Sheel Chs Ltd, Old Police Station Road Lala Lajpatrai Road, Vile Parle West, Mumbai, Mumbai City, Maharashtra	S2-315563496	Ethan Footwears Limited	706B, NEEL SHEEL CHS LTD, OLD POLICE STATION ROAD LALA LAJPATRAI ROAD, VILE PARLE WEST, MUMBAI, महाराष्ट्र
false_merge	0.6799442976997548	S1-855339806	My Prints Limited	H.No-128H, 4Th Floor Mohammadpur, New Delhi, South Delhi, Delhi	S3-268581721	MY PRINTS LIMITED	
false_merge	0.7090189877774232	S1-72045598	Verrance Partners, Inc.	260 Jamerson Farm Cove, Collierville, TN	S2-609563204	Verrancea Inc. Center	260 JAMERSON FARM CV, COLLIERVILLE, TN
false_merge	0.9487049791217576	S1-789722436	Savla Services Private Limited	Fl 2201A Brigadegateway, Bangalore, World Trade Centre 22Nd, Karnataka, Bangalore North	S3-385490861	Sri Savla Sérvices Limited	World Trade Centre 31Nd., Bangalore, KA
false_merge	0.7363631120692071	S1-451668704	Zepheus Cal LLC	109 Middletown Sq, Middletown, KY	S2-593080732	Zepheas Cal LLC	109-B Middletown Sq, MIDDLETOWN, KY
false_merge	0.7856204770064142	S1-489885453	Credit Asset Alliance LLC	6527 192nd Avenue, OR, Beaverton	S2-762358797	Novievo	OR, BEAVERTON, 6527 192ND AVENUE
false_merge	0.9994946925267184	S1-308180869	Jarlio Telefonica LLC	14850 National Pike, Clear Spring, MD	S3-197270485	Jarrlio Telefonica	14850 National Pike, Clera Spring, Maryland
false_merge	0.9977852569921326	S1-222662630	Kaveram Construction of Chennai	A/4, Sidco Industrial Estate, Villivakkam Chennai, Chennai, Tamil Nadu	S2-549313326	Kaveroro Construction of Chennai	A/004, SIDCO INDUSTRIAL ESTATE, VILLIVAKKAM CHENNAI, CHENNAI, Tamil Nadu
false_merge	0.7245530779532567	S1-924352760	Sanand International Pvt Ltd	Patliputra, Patna, H. No. 65, Bihar, Anugrah Narayan Path Alpna Market	S3-344334217	Sanand Ilternatial Pvt.-Ltd.	
false_merge	0.7073252324642723	S1-895927635	Lorene W. Sinclair, M.D.	3937 46th Avenue, Minneapolis, MN	S2-251571987	Lorene-W. Lorene-W. 5inclair,	
false_merge	0.9551302467744186	S1-880076624	Olanic Sab Inc.	WY, 226 2nd Street, Casper	S2-45772149	Olanic [Sab]	
false_merge	0.9018202153087739	S1-624610076	Kritya India Care	#H.No.8-3-828/16/C/1, 3Rd Floor, Yellareddy Guda, Khairatabad, Hyderabad, Telangana	S3-121094127	Krityaer India	#H.No.8--828/16/C/1, Khairatabad, Hyderabad, Andhra Pradesh
false_merge	0.912998313580389	S1-510852588	Yamuraj Builders Private Limited	19/1B, Keyatala Road, Kolkata, Howrah, West Bengal	S2-268606478	Yammuraj Builders Private Limited	DOOR NO 795 19/5B, KEYATALA ROAD, KOLKATA, West Bengal
false_merge	0.9082942279357468	S1-478004450	Indian Trading Private Limited	Old No.46A, New No.96, T.A.Koil 1St Street, Velachery, Chennai, Tamil Nadu	S3-659068403	INDIAN TRADING LIMITED	H.no 48A, New No.96, T.a.koil 1St Street, Chennai, Velacherry, TN
false_merge	0.7243871131315468	S1-63460	Legacy Beacon Municipal	396 Longmeadow Road, Amherst, NY	S2-573331693	VEOAVICIRA	396 LONGMEADOW RD, BUFFALO, NY
false_merge	0.9689693376154732	S1-621689810	Zephium Cleaning LLC	3374 Hillside Avenue, Cincinnati, OH	S3-767950362	Zefium Cleaning Llc	03374 Hillside Ave, Cincinnati, Ohio
false_merge	0.7569847909574217	S1-82506829	Clyos Builders	5732 Waverly Lynn Lane, Charlotte, NC	S3-26999094	Klyos Builders	5732 Waverly Lynn Ln, Charlotte, North Carolina
false_merge	0.9060353436369002	S1-46921968	Surya Foods Private Limited	908, Marathe Galli, Jalgaon, Dharangaon, Maharashtra	S3-121640264	Surya Foods Limited	Jalgaon, MH, Dharangaon, Marathe Galli, 612
false_merge	0.8818256629068014	S1-744436991	Alpine Freights Private Limited	C/O Sandip Baburao Deshpande, Mil No.407 Ekta Colony, Tal Ajara, Dist-Kolhapur, Kolhapur, Maharashtra	S3-269181772	Alpine Freights Limited	No 78 C/o Sandip Baburao Deshpande, Mil No.407 Ekta Colony, Tal Ajara, Dist-kolhapur, Mumbai, Kolhapur, MH
false_merge	0.6759672039137881	S1-682047162	Supra Ventures	No 1449/3280 Ward No 35 Mahalakshmi Layout Kyathasandra, Tumkur, Karnataka	S2-637967828	M/s Supra Ventures	
false_merge	0.9271630454298463	S1-794845567	Olanium Carlyle	635 Quain Road, Bombay, NY	S2-974855477	olaniuma carlyle	635 QUAIN ROAD, PO BOX 5818, BOMBAY CIY, NY
false_merge	0.7448346074864252	S1-144049076	Halcio Sunshine	902 Three Rivers, Fort Wayne, IN	S3-8326835	Halcioa Center	Fort Wayne, Indiana, 902 Three Rivers
false_merge	0.8999378350393863	S1-375953557	Behavioral Health Continental Center LLC	5910 Cecil Avenue, Gwynn Oak, MD	S2-975939738	Fluxcira	MD, GWYNN OAK, 5910 CECIL AVENUE
false_merge	0.9990054630484234	S1-618286210	Olanola Velos LLC	TX, Tyler, 4965 380	S3-579837031	OLLANOLA VELOS LLC	496 380, Tyler, Texas
false_merge	0.670293062373265	S1-808618713	Techvision Clinic	No 30K S C High Road Tirupur, Coimbatore Dist, Coimbatore, Tamil Nadu	S2-503839899	Techvision Clinic	
false_merge	0.9968762281815555	S1-910811385	Ziraesh Travels Private Limited	Gala No 103, Bldg No D3B, Asmeeta Textile Park, Bhiwandi Thane, Mumbai City, Maharashtra	S3-737307821	Ziraezh Travels Prioate Limited	Gala No 103, Bldg No D3b, Asmeeta Textile Park, Bhiwandi Thane, Mumbai City, महाराष्ट्र
false_merge	0.9757541970136007	S1-942124971	Nexon Zhejiang Inc	2034 Sugar Springs Road, Festus, MO	S2-558197512	Nekson Zhejiang  Inc	2034. SUGAR SPRINGS ROAD, FESTUS, MO
false_merge	0.7033595496500031	S1-151098657	Roopya Realestate Private Limited	601 Badri Vishal Chsl, Sahakar Nagar, Off Jp Rd., Mumbai, Maharashtra	S2-788322413	Roopique Regleste Private Limited	H.NO 601 BADRI VISHAL CHSL, SAHAKAR NAGAR, OFF JP RD., MUMBAI, Maharashtra
false_merge	0.928957160707341	S1-664121889	Kestus Fields LLC	575 Piney Mountain Road, Wythe County, VA	S2-618892840	Cestus Fields LLC	0575 PINEY MOUNTAIN ROAD, WYTHE COUNTY, VA
false_merge	0.9906374455067288	S1-185066940	White Investment Private Limited	No. 2924, Third Floor, 14Th Cross, K.R. Road, Banashankari Ii Stage, Bengaluru, Bangalore, Karnataka	S2-22783309	ವೈಟ್ ಜಯ್ ಇನ್ವೆಸ್ಟ್‌ಮೆಂಟ್ ಲಿಮಿಟೆಡ್	NO-10, BENGALURU, BANGALORE, Karnataka
false_merge	0.7073356213338373	S1-513021414	Sunglow Travels Private Limited	Mattam Housechalakudy Chettikulam P O, Trichur, Thrissur, Kerala	S2-234754602	Sunglow Travels Private (Limited)	
false_merge	0.7098407801194203	S1-683814557	Roanne Wix Signature Rare LLC	21268 Rosefield Lane, California, MD	S3-748119516	Rosales Wix Signature Rare LLC	21268-21270 Rosefield Ln, California, Maryland
false_merge	0.9993910420360219	S1-88258929	Gangraj Sales Pvt. Ltd.	88, Pratap Nagar Khatipura Road, Jaipur, Rajasthan	S2-807124132	-- Ganngraj Sales	8-8, PRATAP NAGAR KHATIPURA ROAD, JAIPUR, राजस्थान
false_merge	0.8145300298691597	S1-811738015	Spectra & Brothers Private Limited	Karnataka, 108, Mysore, Martikyathanahalli Post, Lakshmi Poultry Farm	S2-400518563	Spectra Brothers  & Limited	NO 52 LAKSHMI POULTRY FARM, 108, MARTIKYATHANAHALLI POST, ಕರ್ನಾಟಕ
false_merge	0.9852919720508182	S1-531984791	Peridify Osprey L.L.C.	194 Middle Road, Islip, NY	S3-490603715	Perridify Osprey L.L.C.	20 Middle Rd, Sayville, New York
false_merge	0.9537641145544162	S1-428053912	Nagin City Pvt Ltd	80/392-Nilgiri Marg Agarwal Farm, Jaipur, Rajasthan	S2-562526470	NAGGIN CITY PVT LTD	H.NO 80/394-NILGIRI MARG AGARWL FARM, JAIPUR, Rajasthan
false_merge	0.6784942860463354	S1-241594386	Solis Xsolla	2166 600, Decatur, IN	S3-268792788	Solisa Xhhhal	2166 600, Decatur, Indiana
false_merge	0.8598041812863403	S1-780970703	Indriya Pharma Pvt. Ltd.	68-10-9/ Cflattno51, Kakinada, East Godavari, Andhra Pradesh	S2-491405822	INNDRIYA PHARMA PVT. LTD.	68-10-9/ CFLATTNO5, KAKINADA, ఆంధ్రప్రదేశ్
false_merge	0.6809176121190454	S1-806895003	First Dime LLC	Cheektowaga, NY, 29 Wellworth Place	S2-366015299	First Díme LLC	
false_merge	0.7746972047102815	S1-952254732	Kaveravi Infradevelopers LLP	701, 7Th Floor, Plot No.743, Blossom Chs Jahangir Vima Dalal Road, Parsi Colony, Dadar (E), Mumbai, Maharashtra	S2-381482389	KAVERAEON LLP CENTER	##701, 7TH FLOOR, PLOT NO.743, BLOSSOM CHS JAHANGIR VIMA DALAL ROAD, PARSI COLONY, DADAR (E), MUMBAI, महाराष्ट्र
false_merge	0.7797756361170177	S1-137355230	Kc Flames Private Limited	Raipur Raja, Near Dehat Kotwali, Bahraich, Uttar Pradesh	S3-503313505	Kc Flames Limited	Gorakhpur Region, 14 Raipur Raja, उत्तर प्रदेश
false_merge	0.9197335387295399	S1-212982144	TAE Telecom Private Limited	Ajmer, 65, Hari Bhaw Upadhay Nagar, Shanti Lal, Rajasthan	S2-790877986	TAE Services Private Limited	39 SHANTI LAL, 65, HARI BHAW UPADHAY NAGAR, AJMER, Rajasthan
false_merge	0.9986636058072418	S1-337848558	Ujjaraj Krishna Private Limited	14Nehru Nagar Agra, Uttar Pradesh, Agra, Uttar Pradesh	S2-78701866	Ujjjaraj Krishna Private ((Limited))	H.NO 14NEHR NAGAR AGRA, UTTAR PRADESH, उत्तर प्रदेश
false_merge	0.9576871187300325	S1-614541718	Aditendra Minds Pvt Ltd	Flat No.1, Keshav Apartments, Samarth Nagar, Wadagaon (Bk), Pune, Maharashtra	S3-682929748	Aditendri Aditendri Minds Pvt Ltd	Door No 1, Poona, MH, Pune
false_merge	0.9981736017699727	S1-71444964	Monton Spdr LLC	3530 167, Little Falls, NY	S3-533675607	Monnton Sttp LLC	3530-3532 167, PO Box 4040, Little Falls, New York
false_merge	0.704262176330339	S1-720458795	ET India Private Limited	Maharashtra, C - 20, Mumbai City, Mumbai, G Block, Bandra Kurla Complex, Mumbai, Maharashtra	S3-127143286	ET  India Private Limited	
false_merge	0.844973635418963	S1-726662247	Vanteon Efes LLC	291 Ida Avenue, Antioch, IL	S2-504539451	Services Vannteon LLC	293 IDA AVENUE, ANTIOCH, IL
false_merge	0.8546791549413271	S1-978560684	New Kitchen Private Limited	Lgf-34E, Sushant Shopping Arcade Sushant Lok-1, Gurgaon, Haryana	S2-588477070	Smt New Kitchen Limited	LGF-36E , SUSHANT SHOPPING ARCADE SUSHANT LOK-1, GURGAON, हरियाणा
false_merge	0.6539398033419499	S1-865421684	First Business Dynamics	225 Meadow Street, Carver, MA	S2-659918798	First Business  Dynamics	
false_merge	0.9998206771743524	S1-83362312	Suryan Properties Private Limited	8-400/Sm/ G1, Ground Floor, Surya Meadow Road 10 (Iii), Bhandari Layout, Nizampet, Hyderabad, Telangana	S3-949437599	Surryan Properties  Private-Limited	8-400/Sm/ G1, Ground Floor, Surya Meadow Road 10 (Iii), Bhandari Layout, Nizampet, Hyderabad, TG
false_merge	0.9298671391806939	S1-58514151	Kestrel Enterprises Inc	918 6th Avenue, Unit APT 2S, La Grange, IL	S3-578383888	kestrel inc. Enterprises	
false_merge	0.893848934199743	S1-651252601	Aurova Jewelers LLC	234 Summit Ridge Drive, Nashville, TN	S2-345567897	Auroari Jewelers LLC	234 SUMMIT RIDGE DRIVE, NASHVILLE, TN
false_merge	0.704914670724704	S1-775909074	Bangalore South Management Private Limited	Booth No 162, 38, 1St Floor, Ashwini Layout, Bangalore South, Bangalore, Karnataka	S3-9060993	Management Bangalore South Private Limited	No. 26, Bangalore South, Bangalore, KA
false_merge	0.6795978162536951	S1-382583356	Marks Mountain Dental	4704 Rossville Boulevard, Chattanooga, TN	S2-484847396	Kist Mountain	4704 ROSSVILLE BLVD, CHATTANOOGA, TN
false_merge	0.9552791065863732	S1-954173034	Nagraj Hydro	Hall No. 2, 1St Floor, C Block Market Surajmal Vihar, New Delhi, Delhi	S3-297096767	Naggraj Hydro	Hall No. #23, 1St Floor, New Delhi, C Block Market Surajmal Vihar, DL
false_merge	0.9048004282450691	S1-610431918	SU Modern Madison Clinic	8515 Imperial Court, Florence, KY	S2-978699215	SUW Modern Mádison Clinic - 5693038175	8515 IMPERIAL COURT, PMB 3684, FLORENCE, KY
false_merge	0.6810521487230743	S1-604301672	Optex Partners L.L.C.	1420 Hardley Court, Bel Air, MD	S2-297394925	Optex (Partners)	1422  HARDLEY CT, BEL AIR, MD
false_merge	0.8672501456074383	S1-12090832	Digital Seed Private Limited	# 9/2, 2Nd Floor, Above Big Bazaar, Sarjapur Road, Bangalore, Karnataka	S2-843680393	digital seed limited	D/9/11 , 2ND FLOOR, ABOVE BIG BAZAAR, SARJAPUR ROAD, BANGALORE, Karnataka
false_merge	0.8245313409303494	S1-386537042	Blue Construction Private Limited	Unit 638-640, Jmd Megapolis, Sector 48, Gurugram, Gurgaon, Haryana	S3-853426437	ब्लू कंस्ट्रक्शन लिमिटेड	Unit 38-651, Jmd Megapolis, Sector 48, Gurgaon, Gurugram, HR
false_merge	0.8086511754314083	S1-115453194	Great Fund, Inc.	508 Jossart Road, Town Of Humboldt, WI	S3-620110868	Great  Fund, Inc	Town Of Humboldt, 510 Jossart Road, Wisconsin
false_merge	0.837309436945705	S1-91683651	International Marketing	Kalawati Bhavan, K No. 3, Thane, Maharashtra	S3-797241500	International International Marketing Limited Center	Room No. 03, Thane, MH
false_merge	0.6742192969247016	S1-579457997	Lyrova Rail	43 Manchester Lane, Vernon Hills, IL	S2-338893942	Lyrovayn Service	43 MANCHEETER LN, VERNON HILLS, IL
false_merge	0.9619497403369985	S1-178090797	Zephan Kogyo LLC	10466 Betty Court, Rosemont, IL	S2-530542556	LLC Zephique Kogyo	10466 BETTY COURT, ROSEMONT, IL
false_merge	0.8006720754508266	S1-325728124	Legacy Creative Products Partners	Town Of Delafield, WI, W296N3004 Franciscan Road	S3-425359999	Legacy Products Partners Partners Center	#W296n3015 Franciscan Rd, Pewaukee CITY, Wisconsin
false_merge	0.6964823700581555	S1-753369478	Kanta Textiles Private Limited	Vision Enclave, Opp Police Quarters, Near South Police Station, Kunnathurmedu, Palakkad, 17/33, Palakkad, Kerala	S3-561484248	KANTA TEXTILES PRIVATE LIMITED	
false_merge	0.9832745407344337	S1-62167637	Vaayuaya Industries Private Limited	Srvy- 328/K/1 Nr Bite, Night Bhadaj, Daskroi, Ahmedabad, Gujarat	S2-575008321	Private Vaayuade lndustries Limited	SRVY- 6-328/K/1 NR BITE, DASKROI, AHMEDABAD, Gujarat
false_merge	0.979685590526312	S1-505343508	Suryam Overseas Group	Shakuntala Sadan, Tilak Nagar Road No.02, Phulwari, Patna, Bihar	S3-82236296	Surryam Overseas Group	No 90 Shakuntala Sadan, Tilak Nagar Road No.02, Patna, बिहार
false_merge	0.9161534361660274	S1-524984446	Spring Regional Center	25714 Hawn Road, Spring, TX	S3-2891179	Regional-Spring Center	
false_merge	0.7164868733015914	S1-397708955	Kestiq Fashion	192 Swanson Terrace, Stoughton, MA	S3-268315143	Kestiq Fashion Ltd	
false_merge	0.9997384148411941	S1-320044817	Indrora Industries	55, Rani Rashmoni Path, City Centre, Durgapur Mc, Bardhaman, West Bengal	S3-979881754	Inndrora Industries Corporation	55, Durgapur Mc, Bardhaman, WB
false_merge	0.9179918365762185	S1-239641445	Drayance Regency Inc	1115 Kouba Drive, OK, Yukon	S3-919586654	Incorporated Drayanke Regency	1115 Kouba Drive, Yukon, Oklahoma
false_merge	0.6724378536815915	S1-295974635	LJK Shaper Private Limited	F1, Motherland Complex Kathiravan Garden, Kallimadai, Singanallur, Coimbatore, Tamil Nadu	S3-349721931	LHJK Shhdsb Private (Limited)	Coimbatore, F1, Coimbatore, TN
false_merge	0.6952193345297006	S1-362103962	Smith Liberty	16360 S River Road, Caroline County, VA	S2-888717581	Smith Liberty	
false_merge	0.9210602913922241	S1-448880246	Peridic Gss	Nashville, Unit 2101, TN, 600 Stewarts Ferry Pike	S3-603792760	Peridant GSS	Tennessee, Nashville, # 2101, 607 Stewarts Ferry Pike
false_merge	0.9802070573888236	S1-86229073	Nagan Farms	12-11-76 Aryapuram, Rajahmundry, East Godavari, Andhra Pradesh	S2-24425723	Naggan Farms	DOOR NO 12-11-87 ARYAPURAM, RAJAHMUNDRY, RAJAHMUNDRY, ఆంధ్రప్రదేశ్
false_merge	0.9814338342556005	S1-119430653	Nannette Basinger, DDS Group	106 Harvard Street, Unit 1, Medford, MA	S3-872313214	Nannette Basinger, DDK Group	106 Harvard St, # 1, Medford, Massachusetts
false_merge	0.9607727390452012	S1-940177936	Smooth Agrotrade Limited	E-2A, Khasra No 224-225, Neb Valley, Neb Sarai, New Delhi, South Delhi, Delhi	S2-525229584	Smooth Agrotrade Center	
false_merge	0.8961737799041306	S1-932280935	Zirava Securities Pvt Ltd	48/1551, Batherys, Thavakkara Po Civil Station, Kannur, Kerala	S3-199195784	Zirrava Securities Pvt  Ltd	കേരളം, 48/1560, Kannur, Batherys, Thavakkara Po Civil Station
false_merge	0.8335502162850209	S1-582664697	Solora Terra LLC	W140N5742 Lilly Road, WI, Village Of Menomonee Falls	S2-703739218	Soloro  Terra	W140N5742  LILLY RD, VILLAGE OF MENOMONEE FALLS, WI
false_merge	0.7196882357997795	S1-839445858	Lyryn Interactive, LLC	547 Reagan Street, Palestine, TX	S3-134907979	Lyryns Itneractive, LLC	547 1/2 Reagan St, Texas, Palestine
false_merge	0.9028928655894309	S1-165092416	Halcic Orion	5900 Timber Creek Lane, Unit 510, Raleigh, NC	S2-469306305	Halctis Orion	NC, 5900-5902 TIMBER CREEK LN, RALEIGH
false_merge	0.8789703560700293	S1-847271036	Silver Management Private Limited	Shop No 8, Ground Floor, A Wing Sai Suman Chs Station Road Near Icici Bank, Vikroli East, Mumbai City, Maharashtra	S2-874421305	सिल्वर मैनेजमेंट प्राइवेट लिमिटेड	SHOP NO. #8, NAVI MUMBAI REGION, THANE, Maharashtra
false_merge	0.8974850439006645	S1-752747892	Kaverora Leasing LLP	Sy No 333, Ida Bachupally Bachupally Mandal, Medchal Malkajgiri, Hyderabad, Telangana	S3-920048714	Kaveroraer  Leasing LLP	Sy No 3-33, Hyderabad, NULL, TG
false_merge	0.676654195587674	S1-830711042	Jay Engineering Private Limited	Plot No.42, Shivam Vihar 1, Jaipur, Rajasthan	S3-41111287	Jay Limited [[Engineering]]	Plot No.43, Shivam Vihar 1, Jaipur, RJ
false_merge	0.7336074365796024	S1-782602017	Meenan Centre Private Limited	No.15, Allah Koil Street - Palacode, Dharmapuri Dist, Dharmapuri, Tamil Nadu	S2-139195454	Meenanyn  Centre Private	NO.15, ALLAH KOIL STREET - PALACODE, DHARMAPURI DIST, Tamil Nadu
false_merge	0.6603641006587917	S1-551624062	Ferrola Rmg	63 Marsh Street, Unit 1, Fall River, MA	S3-488683931	Ferroli Rmg	63 Marsh Street, Unit 1, FALL River, Massachusetts
false_merge	0.960061665830006	S1-981915859	Tech Galaxy Enterprises Private Limited	3, Peddu Naicken Streetpark Town Madras 600 003, Madras 600 003, Tamil Nadu	S2-666644175	galaxy tech private limited Enterprises	
false_merge	0.994529584715634	S1-345457290	Ahmadabad City Food Ltd	205-Vrundavan Bunglow, Satellite, Ahmadabad City, Ahmedabad, Gujarat	S3-566463019	ahmadabadcityfinance.com	205, Ahmadabad City, GJ
false_merge	0.907917150716359	S1-180176208	XXP Technologies Private Limited	Valsad, Gujarat, Vapi, Survey No.238/240 (1-3)/241(1-4), Village Salvav	S3-631879209	XP Technologies Private Limited	Servey No.238/247 (1-3)/241(1-4), Village Salvav, Valsad, Vapi, GJ
false_merge	0.9738082225254411	S1-162355844	Baba Software LLP	Nagpur, Sanmarg Nagar Hudkeshwar Road, Plot No 3, Maharashtra, Nagpur	S3-443123590	Baba Software Limited	Plot No 3-24, Sanmarg Nagar Hudkeshwar Road, Nagpur, MH
false_merge	0.7928905073862186	S1-874447319	Jini Products Private Limited	Sun Magnetica, 5Th Floor, Lic Service Road, Louiswadi, Thane, Maharashtra	S3-800740045	Dr Jini Products Limited	No 54 Sun Magnetica, 5Th Floor, Lic Service Road, Thane, Louiswadi, MH
false_merge	0.9972680382702661	S1-801613123	UV Highland Brewing Inc.	23 Beach Court, Westbrook, CT	S3-130067574	UVV Highland Inc. Brewing	Westbook, 23 1/2 Beach Ct, Connecticut
false_merge	0.9645384476883483	S1-207460189	Halcara Asa	WI, S02966 Hy 35, Town Of Milton	S3-460559405	Halkara Asa	S02966 Hy 35, Town Of Milton, Wisconsin
false_merge	0.7094833282089931	S1-344823083	Ziraesh Technology Associates	41 Tridev Tenament, Oganaj, Daskroi, Ahmedabad, Gujarat	S2-430105755	Ziraezh Technology Associates	H.NO #43 TRIDEV TENAMENT, OGANAJ, DASKROI, null, Gujarat
false_merge	0.9986689665038708	S1-352190455	FPP Light LLC	648 Churchill Avenue, Unit F, Columbus, OH	S2-993538299	FP Light	648 CHURCHILL AVE, COLUMBUS, OH
false_merge	0.7439156700015471	S1-711911595	Ayaan Realty Limited	509-510, Meadows, Sahar Plaza, Andheri Kurla Road, Andheri (East), Mumbai, Mumbai City, Maharashtra	S2-623183269	Ayaan Realty Realty Limited	
false_merge	0.8935686327349247	S1-896571204	Vergara Federal Clean Inc.	341 Central Avenue, Scituate, MA	S2-181653142	VERGARA FEDERAL  CLEAN INC	35 CENTRAL AVENUE, MA, SCITUATE
false_merge	0.6528804076828981	S1-959814583	Nelson Best Travel LLC	13011 Meridian, Puyallup, WA, Unit #O301	S2-636883549	Nylasyn	13011 MERIDIAN, null, PUYALLUP, WA
false_merge	0.8401967349862767	S1-108110514	Tirupati East Foundation Private Limited	139/1, 1St Floor, Kalaignar Karunanidhi St, Saidapet, Kanchipuram, Tamil Nadu	S3-281376377	Tirupati East Foundation Limited	139/12, 1St Floor, Kalaignar Karunanidhi St, Saidapet, Kanchipuram, TN
false_merge	0.7870650313301497	S1-880183860	Nexay Special	513 Nollmeyer Road, Middle River, MD	S2-453715197	Nexant  Special	513 NOLLMEYER ROAD, MIDDLE RIVER, MD
false_merge	0.9995541840454272	S1-306694400	Vantyn Enclave	34 A Orchard Street, Medford, MA	S3-733487474	Vanntyn Enclave	34 A Orchard St, Medford, Massachusetts
false_merge	0.9806099922909682	S1-574802831	Warrier Brothers Pvt Ltd	Raichur, Karnataka, H.No.13-2-2/135, Raichur, Arjun Vihar, Yermarus Camp	S3-782012071	Rizakor	H.no.13-2-2/135, Raichur, KA
false_merge	0.860735845858566	S1-236882980	Raj Healthcare Private Limited	Tower F, 204, 2Nd Floor, Godrej 101, Sector 79, Nsg Camp Manesar, Gurgaon, Haryana	S2-666417661	राज हेल्थकेयर Limited	204, 2ND FLOOR, GODREJ 101, SECTOR 79, NSG CAMP MANESAR, GURGAON, Haryana, 84 TOWER F
false_merge	0.9603289896393157	S1-259343471	Frontier Royal Inc	8545 Tree Top Court, Unit 134, Miamisburg, OH	S2-335041614	Frontier Royal	
false_merge	0.8930661630635163	S1-734400977	Hitech International Private Limited	Amirnagar, 281/461-Kha/1, Uttar Pradesh, Lucknow	S3-109646722	Hitech Internati0nal Limited	Door No 247 281/461-Kha/14, Lucknow, UP
false_merge	0.82617646563412	S1-629954020	Luman Dpc LLC	593 Colonial Drive, Roanoke Rapids, NC	S3-95387139	Lumana Dpc LLC	593 Colonial Drive, Roanoke Rapids, North Carolina
false_merge	0.9852379700443443	S1-417668008	Coastal Management Inc	Glendale Heights, IL, Unit A, 483 Gregory Avenue	S2-268637935	Coastal Corp Management	483 GREGORY AVE, GLENDALE HEIGHTS, IL
false_merge	0.9846753803246798	S1-95452543	Hitech Foundation Limited	440/4, Palakkadu Main Road Nsp, Kuniyamuthur, Coimbatore, Tamil Nadu	S3-750161843	ஹைடெக் ஃபவுண்டேஷன் பிரைவேட் லிமிடெட்	#733 440/15, Kuniyamuthur, Coimbatore, TN
false_merge	0.7651358045819513	S1-738672987	Brightio Fuel Inc	302 Foster Road, Tewksbury, MA	S2-935373280	Brightioyn Fuel Inc	302 1/2 FOSTER RD, TEWKSBURY, MA
false_merge	0.8963206064393509	S1-19032364	Chandrva Tools Limited	A1.92/1, Ix Main Road Annanagar, Madras, Chennai, Tamil Nadu	S3-853285914	Khandrva Tools Límited	A1.92/14, Madras, Chennai, TN
false_merge	0.749568800904031	S1-772515675	B V & L Post LLC	6701 Dempster Street, Unit UNIT 417, Morton Grove, IL	S2-131973803	AVIIRIVIO	MORTON GROVE, IL, 6701 DEMPSTER STREET
false_merge	0.6965299586416224	S1-716119503	Vinayaka Sangh Corp	Sumant Umakant Ladole, C/O Umkant Ladole Tq. Anjangaon Surji, Anjangaon, Amravati, Maharashtra	S2-516306721	VINAYAKA SANGH [CORP]	
false_merge	0.6731814836208934	S1-117348062	Federation Nursing Home	Plot. No. 200, Mythri Nagar, Madinaguda, 5Th Floor, Hyderabad, Telangana, Hyderabad	S2-639335805	Federation Nursing [Home]	
false_merge	0.9317746300616248	S1-223128026	Betta Snyder Power Inc	Irving, TX, 9014 Bottlebrush Lane	S2-171204960	Snyder, Luber Inc Partners	9014. BOTTLEBRUSH LN, IRVING, TX
false_merge	0.7915679813108586	S1-693310635	Peridis Flag LLC	6217 Fairmont Pike Road, Moundsville, WV	S2-104644666	peridus flag llc	##6217 FAIRMONT PIKE ROAD, MOUNDSVILLE, WV
false_merge	0.6553068825982216	S1-159684507	Albright, Chesser & James Semiconductor LLC	Saint Paul, Unit Apartment 104, MN, 625 Cleveland Avenue	S2-625843400	The Albright, Chesser  and James Semiconductor LLC	
miss:not_selected	0.4426076625140411	S1-170834484	Lambert, Aiken & Cook PC	24283 122, Beaver, KY	S2-438072402	Lambert, Aiken & Clgon PC	
miss:not_in_candidates		S1-645967906	Lotus Care Private Limited	129-H, Nalanda Kesar Bagh Road, Indore, Madhya Pradesh	S3-660598836	लोटस केयर प्राइवेट लिमिटेड	MP, Indore, 29-H, Indore
miss:not_in_candidates		S1-468094250	Dolphin (India) Nigam Ltd	Aspire Structural Consultants, 54/76 Kumaransan Nagar Road, Kadavanthra, Kochi, Ernakulam, Kerala	S3-214882656	Dolphin (India) Nigam Limited	
miss:not_in_candidates		S1-245846370	Hitech Ventures Limited	Plot No.22, 1St Street, Esic Nagar, Tiruvallur, Tamil Nadu	S3-771969420	Hitech Limited Services	Plot No.22, Tiruvallur, TN
miss:not_in_candidates		S1-269773454	New Products Private Limited	Bangalore, Karnataka, 14Th Cross, 2Nd Block Thyagarajanagar, No.23, Bangalore	S3-525574162	New Products  Private Limited	32, Bangalore, KA
miss:not_selected	0.1711587685537208	S1-229922760	Kaitlin Patterson Midwest Labs LLC	682 Northgate Drive, Winsted, MN	S3-168206511	Kaitlin Patterson Midwest	
miss:not_in_candidates		S1-29531669	IY Vehicle Inc.	2111 Lacepark Forest Lane, Houston, TX	S2-925496681	IY Inc. Services	
miss:not_in_candidates		S1-618510472	Bombay Food Private Limited	Ahmedabad, Shivshaktinagar, Nr.Water Tank Bhilwas, Ambawadi, Sardarnagar, Shop, Gujarat, Ahmedabad	S2-634904444	બોમ્બે ફૂડ પ્રાઇવેટ લિમિટેડ	SHOP, AHMEDABAD, Gujarat
miss:not_selected	0.05375853910282752	S1-634045751	Allen Telephone LLC	3305 Quail Ridge Road, Kinston, NC	S3-191165829	Lumpyra	332 Quail Ridge Rd, Kinston, North Carolina
miss:not_in_candidates		S1-154765789	Rocky Anadolu LLC	10340 Latney Road, Fairfax County, VA	S3-911778002	Rocky LLC Center	Latney Road, Fairfax CITY, Virginia
miss:not_selected	0.6412939425101822	S1-803411811	Dutton & Lin Principal	18 Riverside Drive, Colton, NY	S3-279348329	Dutton & Lin	
miss:not_in_candidates		S1-24607209	Maa Services Private Limited	Kn. No. -265, Plot No-76 H.No. A-527, F/Floor, New Ashok Nagar, East Delhi, Delhi	S3-19012739	मां सर्विसेज प्राइवेट लिमिटेड	665 Kn. No. -265, New Ashok Nagar, East Delhi, DL
miss:not_selected	0.46216705266213376	S1-839267857	P V & A Vertical Inc	OR, 92067 Sharewater Lane, Cheshire	S2-959455718	P V & A	
miss:not_in_candidates		S1-595395767	Hotel It Pvt Ltd	Apartment/Flat No.:15A, Lords Apartments, Skyline Imperial Garden, Stadium Link Road, Palarivattom, Ernakulam, Kerala	S2-951576528	ഹോട്ടൽ ഐടി പ്രൈവറ്റ് ലിമിറ്റഡ്	APARTMENT/FLAT NO.:D/15A, PALARIVATTOM, ERNAKULAM, കേരളം
miss:not_selected	0.6237136963302901	S1-564788759	Betta D. Randolph, P.A., P.C. Clinic	3800 Gainesboro Grade, Unit L4, Putnam County, TN	S3-372400009	Betta D. Randolph, P.A., P.C. Clinic Corp	03800 Gainesboro Grade, PO Box 9617, Putnam County, Tennessee
miss:not_in_candidates		S1-28055815	Pediatric Dentistry Care Associates Inc	2210 Pleasant Hill Drive, Friendswood, TX	S2-104840992	Pediatric Dentistry Care Associates Ínc (ID: 76395)	
miss:not_in_candidates		S1-308697522	Sapiens Infradevelopers	Maharashtra, 401, Rushiraj Regency, Opp.Mama Mungi, Gangapur Road, Nashik	S3-330979846	Sapiens-Center	401, Nashik, MH
miss:assigned_elsewhere	0.0007365848132251038	S1-206497508	Family Clinic of Sterling	20928 Hoover Road, Sterling, IL	S2-983642096	Family  Clinic of	
miss:not_selected	0.013006028822994675	S1-678535212	Foot & Ankle Elite Health	3250 Timineri Lane, Royse City, TX	S3-57001401	Foot + Ankle Elite Health LP	
miss:not_in_candidates		S1-7055519	Pr Logistics Private Limited	D No 1-N-345/ 37(3), Second Floor, Panchi Building, 2Nd Cross, Abbakka Nagara, Mangalore, Dakshina Kannada, Karnataka	S2-151586364	Pr Private Limited Partners	DOOR NO 1-N-345/ 37(3), SECOND FLOOR, PANCHI BUILDING, 2ND CROSS, ABBAKKA NAGARA, MANGALORE, Karnataka
miss:not_in_candidates		S1-781579294	Sans & Co	54-A, Howrah, Zakaria Street, West Bengal, Kolkata	S3-94051970	Xylonex	Kolkata, WB, Zakaria Street, Howrah, 54-A
miss:not_in_candidates		S1-726175457	Dynamic Innovations P.C.	6634 16th Drive, Phoenix, AZ	S2-707267647	Dynamic Innovations P.C.	
miss:not_selected	0.6187695551635267	S1-756496415	Varshora Web Private Limited	C/O S.A. Brown New Residence Of Church Compound, Chhindwara, Madhya Pradesh	S2-964107027	Varshora Web Private	NO 7-90 C/O S.A. BROWN NEW RESIDENCE OF CHURCH COMPOUND, CHHINDWARA, Madhya Pradesh
miss:not_in_candidates		S1-854391426	White Food Private Limited	East Delhi, S-513, 2Nd Floor, School Block, Shakarpur, Vikas Marg, East Delhi, Delhi	S3-296611104	White  Food Prfivcce Limited	S-513, East Delhi, N/A, दिल्ली
miss:not_in_candidates		S1-359381502	Family Group Inc	723 Bryn Mawr Avenue, Wickliffe, OH	S3-488413957	Family Group  Inc	
miss:not_in_candidates		S1-959866987	Tri-State Public LLP	5859 Spring Hollow Drive, Toledo, OH	S3-152577419	Tri-State Phcslic LLP	
miss:assigned_elsewhere	0.20067800461757868	S1-165346747	Shastri Nagar Business Pvt Ltd	Shastri Nagar, D-348, Meerut, Uttar Pradesh	S3-819723204	sbnagar.com	D-348, Shastri Nagar, Meerut, UP
miss:not_in_candidates		S1-163424390	Shyam Infra Limited	C/O Amar Nath Singh Village And Post Narayanpur (Chaubeypur), Varanasi, Uttar Pradesh	S3-568476898	Shyam Limited Infra	
miss:not_in_candidates		S1-518983686	Swastik Hospitality Private Limited	86, Ardeshir Dady Street, 1St Floor Near C P Tank, Mumbai, Mumbai City, Maharashtra	S3-164647785	Swastik Hospitality Limited Service	
miss:not_in_candidates		S1-25999514	Pioneer & Co	302/2-U/G/F, Flat No Ug-01, Krishna Puri Near Goverment Dispensery, Mandawali, Delhi, East Delhi, Delhi	S3-982611019	Plimoneer & Co	Hn 61 302/2-U/G/F, Flat No Ug-01, Krishna Puri Near Goverment Dispensery, Mandawali, Delhi, East Delhi, दिल्ली
miss:not_in_candidates		S1-11096373	Delhi Pharmaceutical Corp	House No-444 2Nd Floor Blk-C-4 Sultanpur I Landmark Near-Sultanpuri Police Statio, Delhi, New Delhi, Delhi	S3-193074761	Delhi [Pharmaceutical]	
miss:not_in_candidates		S1-978352878	CY Kolhapur Co	Wz-1656 First Floor, Nangal Raya, New Delhi, South West Delhi, Delhi	S3-222433438	Center CY Co	H.no 483. Wz-1656 First Floor, Nangal Raya, New Delhi, South West Delhi, DL
miss:not_selected	0.3661750384267541	S1-4296328	Harbor Council Care	201 Carter Court, Perryville, MD	S3-676876971	Harbor Council Care Inc	
miss:not_in_candidates		S1-83863371	Bharat Technology Limited	73, Singanna Street, Madras, Chennai, Tamil Nadu	S2-169980026	பாரத் டெக்னாலஜி லிமிடெட்	##73, MADRAS, MYLAPORE, Tamil Nadu
miss:not_in_candidates		S1-2751372	First Trading Private Limited	Aashian, Flat 2A, 69A, Purna Das Road, Kolkata, Kolkata, Howrah, West Bengal	S3-560091566	Mr First Trading Poite Limited	
miss:not_in_candidates		S1-347115011	Green Foods Private Limited	31/2, 1St Floor, Tower-B, The Corenthum, A-41, Sector-62, Noida, Noida, Gautam Buddha Nagar, Uttar Pradesh	S2-899486087	Green Private Limited (Center)	G-924 31/2, 1ST FLOOR, TOWER-B, THE CORENTHUM, A-41, SECTOR-62, NOIDA, NOIDA, Uttar Pradesh
miss:not_in_candidates		S1-392225362	Shakti Logistics Private Limited	B- 332 2Nd Floor Orchard Mall, Royal Palms Aarey Milk Colony Maroshi, Goregaon East, Mumbai, Maharashtra	S3-685076801	>> Shakti Private Limited Services	B- 332 2Nd Floor Orchard Mall, MH, Mumbai, Goregaon East
miss:assigned_elsewhere	0.39924063190585063	S1-319403724	Cancer Federation III, L.L.C.	IL, Oak Brook, 229 Wood Glen Lane	S3-304709717	Cancer Federation (III,)	
miss:not_selected	0.5005850417209753	S1-106454963	Dermatology Metro Medicine	24284 Bunker Hill Road, Monroe, OR	S2-799108985	Dermatology Métro Medicine	24280 BUNKER HILL RD, MONROE, OR
miss:not_in_candidates		S1-807717052	Great Management LLP	Shop No. 64, Kanchanjunga, Sec-63, Noida, Noida, Gautam Buddha Nagar, Uttar Pradesh	S3-296755914	ग्रेट मैनेजमेंट एलएलपी	#6-4, UP, Gautam Buddha Nagar
miss:not_in_candidates		S1-962082115	Hpa Memorial Trust	Jabalpur, Madhya Pradesh, 36, Mandla Road, Gour, Saliwada Po Rfrc, Jabalpur	S2-710695517	Cirahaloaria	HN 923 36, BHOPAL, मध्य प्रदेश
miss:assigned_elsewhere	0.10340448450808504	S1-362800325	Urology Clinic LLC	1788 Arkton Road, Rockingham County, VA	S3-778432063	Synvera	1788 Arkton Rd, Broadway, Virginia
miss:assigned_elsewhere	0.00037981842415331347	S1-169033820	Grubbs Manulife Inc	MN, Grand Rapids, 33910 Crystal Springs Road	S2-189258679	Grubbs Inc Center	
miss:not_selected	0.3533277614250339	S1-749531467	Pilgrim, Wooldridge and Webb Factory Care	VA, Unit UNIT 101, 8865 Peregrine Heights Road, Prince William County	S3-873424250	Pilgrim, Wooldridge and Webb Factory Services	
miss:not_in_candidates		S1-158221326	Perfect Healthcare Limited	Surat, Shop No. 312, Escon Plaza, Chorasi, Gujarat	S2-493557297	Perfect Healthcare	
miss:not_in_candidates		S1-802963931	Little Book Store	2498 Leyland Trail, Woodbury, MN	S2-498728732	Little Book	
miss:not_selected	0.5479245949064903	S1-119258587	Yazzie and Harvey Spark Holdings	115 Clay 2002 Road, Peach Orchard, AR	S3-615305557	Yazzie and Harvey Harvey Holdings Center	
miss:not_in_candidates		S1-596657969	Primary Care Clinic	308 Indian Valley Road, Covington City, VA	S3-18969749	Primary-Care	30 Indian Valley Rd, Coington, Virginia
miss:not_selected	0.03437677353733293	S1-899825596	Ryan Superior Republic	967 Bridle Bit Drive, Grand Prairie, TX	S3-243200098	Ryan Superior Republic (LP)	967 Bridle Bit Drive, Grand Prairie, Texas
miss:not_selected	0.458300986974735	S1-267657555	Anna (India) Infrastructure Ltd	207 Saraswati House27 Nehru Place, New Delhi, North Delhi, Delhi	S3-404069398	Anna (lndia) Infrastructure	
miss:not_in_candidates		S1-709277472	Shree Services Private Limited	Flat No. 109, East Godavari, A-Block, Srmt Apartments, Andhra Pradesh, Kakinada	S3-22167839	శ్రీ సర్వీసెస్ ప్రైవేట్ లిమిటెడ్	ఆంధ్రప్రదేశ్, Flat No. 109, East Godavari, Kakinada
miss:not_selected	0.2048036969319746	S1-144635595	Anandi Infradevelopers Pvt Ltd	Shop No 1, Sri Hari Ram, Ward Number 40, Adarsh Colony, Nawalgarh Road, Sikar, Sikar, Rajasthan	S3-277524254	Sri Anandi  Infradevelopers Pvt	
miss:not_in_candidates		S1-320551742	Ganesh Trust	11 Pal Street, Kolkata, Calcutta, West Bengal	S3-392337110	Ganesh Trúst	
miss:not_selected	0.15185866605763676	S1-654294365	Education Stores Private Limited	19Th Floor Cemtre -1 Worldtrade Centre Cuffe Parade, Mumbai, Maharashtra	S2-760687872	EDUCATION STORES (PRIVATE)	
miss:not_selected	0.6359478880874591	S1-206681914	Golden Vidyalaya	Villa No. 65, Hill County Nizampet Road, Bachupally, Hyderabad, Telangana	S2-600751305	Smt Golden Vitlaaya	VILLA NO. 55, HILL COUNTY NIZAMPET ROAD, BACHUPALLY, Telangana
miss:not_in_candidates		S1-538832774	Allied Industries	4225 Brookfield Drive, Kensington, MD	S3-21092900	Allied Center - 5704553601	Brookfield Dr, Kensington, Maryland
miss:not_selected	0.35040153110511735	S1-710003850	Connelly and Harrison Group	11100 River Heights Drive, Unit C304, South Jordan, UT	S3-479555486	Connelly and Harrison [lnc]	11100 River Heights Drive, PO Box 3090, S. Jordan, Utah
miss:not_in_candidates		S1-472434588	Hotel Food Private Limited	30/1, Surveyors Street, D.V.G Road, Basavanagudi, Bangalore, Karnataka	S3-673489422	Limited Hotel Private Center	630 30/1, Surveyors Street, D.v.g Road, Basavanagudi, Bangalore, ಕರ್ನಾಟಕ
miss:not_selected	0.40909865398176926	S1-504479266	Aspen Ocean Corp	3681 Highway 284, Wynne, AR	S3-584917921	Aspen Oceca Corp	
miss:not_in_candidates		S1-818026580	Certified National Chesapeake	430 Fiddlers Canyon Road, Unit 102, Cedar City, UT	S3-646945123	Certified National Chesapeake (Inc)	
miss:not_in_candidates		S1-264948003	Need Trading Company	503, Giriraj Tower, Sec 20, Plot No 5, Road Pali, Panvel, Raigarh(Mh), Maharashtra	S3-348481801	Need Company Services	503, Panvel, MH
miss:assigned_elsewhere	0.013228440561032694	S1-762955529	Red Yoga	5730 Quam Avenue, Saint Michael, MN	S3-951047160	red yoga & Co	
miss:not_in_candidates		S1-948195725	Star Investments Private Limited	312 Jyothi, 2Nd Main Road, Mysore, Karnataka	S3-723255193	Star Private Limited Center	12 Jyothi, Mysore, KA
miss:not_in_candidates		S1-123537699	Urology Center LLC	729 Christine Avenue, Anniston, AL	S3-861372500	Urology Center Industries	
miss:not_selected	0.37016400930991983	S1-392220862	Meia Corporation	44009 National Trails Highway, Newberry Springs, CA	S3-894991076	Meia Corp	4009 National Trails Highway, Newberry Springs CITY, California
miss:assigned_elsewhere	0.2409342766139459	S1-671923064	International Software Private Limited	H No. 143 Phase Iii Ida Cherlapalli, Hyderabad, Telangana	S2-927681593	LUMJAX	NO 143/4 PHASE III IDA CHERLAPALLI, HYDERABAD, తెలంగాణ
miss:not_selected	0.32498234597409814	S1-953426870	Kapil Institute LLP	317, Iscon Emporio, B/S. Star India Bazar, Nr. Jodhpur Cross Road, Satellite, Ahmedabad, Gujarat	S2-51986363	Kapil Institute	315, ISCON EMPORIO, B/S. STAR INDIA BAZAR, NR. JODHPUR CROSS ROAD, SATELLITE, AHMEDABAD, Gujarat
miss:not_in_candidates		S1-564485075	City Traders Private Limited	Bhavnagar, Bl-301 Golden Arc, Pl-2138 Aatabhai Road, Gujarat	S2-845374007	City Traders Prívate	
miss:not_in_candidates		S1-78667248	Harbor Society	Mason City, 913 13th Street, IA	S3-424046012	Harbor Service	Mason City, Iowa, 913 13th St
miss:not_in_candidates		S1-661148246	Stv Tradelink Pvt. Ltd.	Bldg 345, Type A 4, Shrusti Sec-3, Mira Rd E, 703, Thane, Maharashtra	S3-97377035	Stv Pvt. Ltd. Partners	Block G-20 703, Thane, MH
miss:not_in_candidates		S1-756952460	Jaipur Studies Private Limited	Plot No. - C-133, Gali No, Kumawat Colony, Jaipur, Rajasthan	S3-736957551	Ciratavonovi	Plot No. - C-133, Jaipur, RJ
miss:not_in_candidates		S1-614448082	Smart Developers	Flat No 6, Kanchwala Tower, Near Rangubai Junnare School, Kathe Galli, Dwarka, Nashik, Maharashtra	S3-820884471	Smart Developers	6, Nashik, MH
miss:not_in_candidates		S1-424339354	Shakti Finance LLP	A-365A Durga Vihar, New Delhi, East Delhi, Delhi	S3-825730913	Shakti LLP  Center	South, दिल्ली, East Delhi, A-365a Durga Vihar
miss:not_in_candidates		S1-241526481	Nova Group	245 Carrie Lee Circle, Oxford, AL	S2-211739256	Nah Gróup	245 CARRIE LEE CIR, OXFORD, AL
miss:not_in_candidates		S1-224056679	My Vision Technology Private Limited	Unit No. 9, Sector No. 3, Gf-1 And First, Floor 4, Akshar Industrial Park, Zydus Cadila Farm, National Highway, Chacharavadi, Sanand, Sanand, Ahmedabad, Gujarat	S3-261506804	માય વિઝન ટેક્નોલોજી પ્રાઇવેટ લિમિટેડ	ગુજરાત, Unit No. 9, Sanand, Ahmedabad
miss:not_in_candidates		S1-761885764	Green Payroll Laboratories	928 Barberry Lane, Round Lake Beach, IL	S3-808239610	GREEN PAYROLL LABORATORIES	
miss:not_in_candidates		S1-567909141	Future & Co	H.No. S 9/5, Satya Niketan Moti Bagh, Delhi, South Delhi, Delhi	S2-190522221	Fcubre & Co	H.NO. S 9/5, SATYA NIKETAN MOTI BAGH, RK PURAM, SOUTH DELHI, Delhi
miss:not_in_candidates		S1-693179307	Parth Solutions Private Limited	D-102, T\F, Anand Niketan, R.K. Puram, New Delhi, South Delhi, Delhi	S3-558324062	Parth Private Limited Services	D-102, New Delhi, South Delhi, DL
miss:assigned_elsewhere	0.0011988210692171033	S1-475558196	YLS Association Private Limited	Plot No G-49 Madhura Nagar, Hyderabad, Telangana	S2-992642963	ASSOCIATIONPRIVATE.COM	PLOT NO G-4-9 MADHURA NAGAR, HYDERABAD, Andhra Pradesh
miss:not_in_candidates		S1-491891369	Vijay Vision Energy Private Limited	405 Suyojan Toweroff C G Road Navrang Pura, Ahmedabad, Gujarat	S2-779231777	VIJAY VISION PRIVATE LIMITED SERVICES	
miss:assigned_elsewhere	0.2617410425949693	S1-780204779	Ghaziabad Parks Private Limited	Flat No. 112 Sector 16 Vasundhara, Ghaziabad, Uttar Pradesh	S3-648137419	Lumdrex	Flat No. 112 Sector 16 Vasundhara, Ghaziabad, Uttar Pradesh
miss:not_in_candidates		S1-136729834	Vgk Foundation Private Limited	Gujarat, Brahmanad Chember, 2Nd Floor, Surendra Nagar, Wadhwanicity	S2-312021141	BELOARCONYX	NO 2ND FLOOR, BRAHMANAD CHEMBER, WADHWANICITY, SURENDRA NAGAR, Gujarat
miss:assigned_elsewhere	0.0002207971715358916	S1-339455386	Sai Systems Private Limited	C/O Pratap Singh Kanda, Nela Bye Pass, Road Savina, Girwa, Udaipur, Rajasthan	S3-819573103	Sai Sgstems Sgstems Private Limited	Udaipur, C/o Pratap Singh Kanda, Anandapur, RJ, N/A
miss:not_in_candidates		S1-128085974	Cozy Book Store Associates	2149 925, Fairfield, IL	S3-673112577	Cozy Book Stoe Associates	
miss:not_in_candidates		S1-133766174	Properties Tech Storage Private Limited	Shop No.4, Opp Mahindra Colony, Shyam Dairy, Bayabhai Patel Rd, Malad-E, Mumbai, Mumbai City, Maharashtra	S3-196790315	Properties Tech Private Limited Center	Shop No.4, Mumbai (SUBURBAN), MH
miss:not_in_candidates		S1-115885048	Innovative Engineering Private Limited	3A, Sector B, Scheme 71, Indore, Madhya Pradesh	S3-465992802	Sri Innovativeengineeringprivate.Com	3A, Indore, मध्य प्रदेश
miss:not_in_candidates		S1-326374170	Historical Guild III	3206 Glenn Court, Spokane Valley, WA	S3-308994891	Historical Gold III	
miss:not_in_candidates		S1-871836614	Royal Exports Pvt Ltd	8/1, R.V Road, Near South End Circle Basavanagudi, Bangalore, Karnataka	S3-892651912	Royal Pvt Exports (Ltd)	
miss:not_selected	0.5680340898352506	S1-641571955	Internal Medicine Unified Partners LLC	3236 Sunset Drive, Greenfield, IN	S3-632155493	INTERNAL MEDICINE UNIFIED PARTNERS (LLC)	
miss:not_in_candidates		S1-287020610	Platinum Packaging Associates LLC	448 A 57 Street, New York, NY	S3-26762870	Platinum Pdakaging  Associates LLC	
miss:assigned_elsewhere	0.00004791124984003775	S1-785040945	Airport & Brothers Private Limited	Sumerpur, M/S Ashirwad Developers Jawai Bandhroad Sumerpur Dy Sp Office Ke Samne, Pali, Rajasthan	S3-729181442	Mr Novinovi	Pali, M/s Ashirwad Developers Jawai Bandhroad Sumerpur Dy Sp Office Ke Samne, Sumerpur, RJ
miss:not_in_candidates		S1-993229007	A Cure 2 IT LLC	Zionsville, IN, 1034 Sullivans Ridge	S2-189297619	A Cure 2 LLC Services	
miss:not_in_candidates		S1-398695269	MC Centre Limited	New Delhi, Delhi, 4- Central Lane Bangali Market	S3-971938058	MC Limited Partners	2- Central Lane Bangali Market, New Delhi, DL
miss:not_in_candidates		S1-121475217	Ridge Institute LLC	18 Athena Drive, Baldwinsville, NY	S3-403115035	Ridge LLC Services	18C Athena Drive, Baldwinsville, New York
miss:not_in_candidates		S1-176875172	Environmental Program LLC	Town Of La Grange, 24236 Jefferson Street, WI	S2-665246756	Environmental LLC Services Services	
miss:not_in_candidates		S1-949914319	Shree Solutions Limited	D.No.16-31-43, Flat No.501, Pratima Arcade 6Th Phase Kphb Main Road, Kukatpally, Hyderabad, Rangareddy, Telangana	S2-499029362	శ్రీ సొల్యూషన్స్ లిమిటెడ్	D.NO.A-16-31-43, FLAT NO.501, PRATIMA ARCADE 6TH PHASE KPHB MAIN ROAD, KUKATPALLY, HYDERABAD, RANGAREDDY, Andhra Pradesh
miss:not_in_candidates		S1-229074994	Vision All Physicians	16055 Diane Way, Manhattan, IL	S3-448374450	Vision Physicians Services	
miss:not_selected	0.5342793162957992	S1-843267966	GX Fresh News Inc	TN, Williamson County, 6386 Lampkins Bridge Road	S3-236583363	GX Fresh  News	6387 Lampkins Bridge Rd, College Grove CDP, Tennessee
miss:not_in_candidates		S1-543573370	Orthopedic Associates Inc.	101 Shasta Court, Apple Valley, MN	S3-487396916	Orthopedic Associates Trading	
miss:not_in_candidates		S1-870433558	Mumbai Farmer Private Limited	One Indiabulls Centre, 14Th Floor, Tower One Jupiter Mills, Elphinstone Road, Mumbai, Mumbai City, Maharashtra	S2-676480720	Mumbai Private Limited Services	ONE INDIABULLS CENTRE, 14TH FLOOR, TOWER ONE JUPITER MILLS, ELPHINSTONE ROAD, MUMBAI, Maharashtra
miss:not_in_candidates		S1-251715184	Preferred Resource Inc	Danville, WV, 363 Ventrue Drive	S2-755697427	Brixnovi	VENTRUE DR, DANVILLE, WV
miss:assigned_elsewhere	0.00009372092054233762	S1-575382816	Om Foundation Private Limited	C/O Prasanna Kumar C, Nr. East Point Hospital, Bangalore South, Bangalore, Karnataka	S2-476336615	ಓಂ ಫೌಂಡೇಶನ್ Private Limited	C/O PRASANNA KUMAR C, NR. EAST POINT HOSPITAL, BANGALORE, BANGALORE SOUTH, Karnataka
miss:not_in_candidates		S1-11451906	Delhi Infra Private Limited	Delhi, H No A 319 F F Kh No 149 Gali No 5 Gamri Extension Near Letter Box Wali Ga, North East, Delhi, Li	S3-533567731	Delhi Private Limited Service	H No A 319 F F Kh No 149 Gai No 5 Gamri Extension Near Letter Box Wali Ga, North East, North East Delhi, DL
miss:not_selected	0.004514804799773712	S1-481058803	Ivett Jean Homecare	1595 Buena Park Drive, Frisco, TX	S3-226240613	Ivett Jean Homecare Inc.	1586 Buena Park Dr, Frisco, Texas
miss:not_in_candidates		S1-294942335	Krishna Parts Private Limited	Ff-201, Leela Residency, Yendada, Sagar Nagar, Visakhapatnam (Urban), Visakhapatnam, Vishakhapatnam, Andhra Pradesh	S2-902688644	Krishna Pta Private Limited	FF-201, LEELA RESIDENCY, YENDADA, SAGAR NAGAR, VISAKHAPATNAM (URBAN), VISAKHAPATNAM, ఆంధ్రప్రదేశ్
miss:not_in_candidates		S1-98249597	Al Technology Limited	1St Floor, Bore Bank Road, Bangalore North, Bangalore, Karnataka	S2-64842	ಅಲ್ ಟೆಕ್ನಾಲಜಿ Limited	1ST FLOOR, BANGALORE, BANGALORE NORTH, Karnataka
miss:not_in_candidates		S1-613344590	Roch Reynoso Consolidated	325 Old Littleton Road, Harvard, MA	S3-641138139	Roch Reynoso-Consolidated	
miss:not_selected	0.5402602996301866	S1-152606816	Dermatology Direct Care	900 Liebman Court, Unit Apartment 5, City Of Green Bay, WI	S2-519002972	DERMATOLOGY DIRECT CARE	
miss:assigned_elsewhere	0.00046762621758795705	S1-63186685	Metropolitan Preparatory Academy	211 Phyllis Court, Gresham, OR	S2-127588510	Metropolitan Service Academy	PHYLLIS COURT, GRESHAM, OR
miss:not_in_candidates		S1-536084291	All Global Pvt Ltd	#1207/343/1, 9Th Main, Above Hdfc Bank, Sector 7, Hsr Layout, Bangalore South, Bangalore, Karnataka	S3-109325388	All Pvt Ltd Center	
miss:not_in_candidates		S1-689817294	Lakshmi Management	63G Salimpur Lane, Kolkata, Howrah, West Bengal	S2-286721369	লক্ষ্মী ম্যানেজমেন্ট	##63G SALIMPUR LANE, KOLKATA, HOWRAH, KOLKATA, West Bengal
miss:not_in_candidates		S1-74217596	Dental Signature Group LLC	600 65th Place, Tulsa, OK	S3-537702842	Dental Group LLC Center	600 65th Place, Tulsa, Oklahoma
miss:not_in_candidates		S1-325289919	Onkar Brothers Ltd	204, 2Nd Floor, Gcp Business Park, Ahmadabad City, Ahmedabad, Gujarat	S3-453274820	Onkar Ltd Service	#204, Ahmedabad, Ahmadabad City, GJ
miss:not_selected	0.4039363055646571	S1-33219971	Automated Transit Technologies	4216 Main Street, Unit 107, Palmer, MA	S3-57862273	Automated Transit Technologies	
miss:not_in_candidates		S1-669668385	Ridge Veterinary Clinic Inc	2390 Edgewood Drive, MT, Whitefish	S3-101625700	Ridge-Vetigrinahary Clinic Inc	
miss:not_in_candidates		S1-712781063	Best Borders Pvt Ltd	H 4/13-14 Second Floor, Malviya Nagar, Delhi, New Delhi	S3-30594310	Best Pvt Ltd Center	H 4/13-14 Second Floor, New Delhi, DL
miss:not_in_candidates		S1-573134827	Jones Apex Mfa Inc	4032 Drew Avenue, Minneapolis, MN	S2-623922392	JONES APEX MFA INC	
miss:not_selected	0.5472106639380871	S1-473889697	Shandeigh's Partners	245 Fourth Street, Winston-salem, NC	S2-316949193	Shandeigh's Partners  Inc.	00245 4ST ST, WINSTON-SALEM, NC
miss:not_in_candidates		S1-605498912	Chiropractic Partners LLC	121 Aviation Way, Watsonville, CA	S2-974783764	Chiropractic  Partners LLC & Co	
miss:not_in_candidates		S1-620385603	My Ventures Limited	140/141 Bavla Sanand Roadlodarial Tal Sanand, Ahmedabad, Gujarat	S3-487665100	માય વેન્ચર્સ લિમિટેડ	No 940/141 Bavla Sanand Rhadlodarial Tal Sanand, Ahmedabad, GJ
miss:not_in_candidates		S1-276257088	Debbie Sanchez Keystone Research	Maplewood, 1634 Cope Avenue, MN	S2-426248652	Debbie  Sanchez Keystone Research LP	
miss:not_selected	0.3816090114589432	S1-795930755	TKJ Platform Private Limited	91, M. G. Road Santashree Pally Ground Floor, Kolkata, Kolkata, Howrah, West Bengal	S3-771622651	Tkj-Platform Pfrive Limited	
miss:not_in_candidates		S1-431672841	New Medico LLP	No.734, Ring Road, Papareddy Palya Nagarbhavi, 11Th Block, 2Nd Stage, Bangalore, Karnataka	S3-525840452	New LLP Center	#734, Bengaluru, Bangalore, KA
miss:not_in_candidates		S1-756154305	Seven Consulting	Spf-35/Ff Shipra Sun City, Ghaziabad, Ii Shoppingpl Indirapuram, Ghaziabad, Uttar Pradesh	S3-718964583	SC	Spf-35/Ff Shipra Sun City, Ii Shoppingpl Indirapuram, Ghaziabad, Uttar Pradesh
miss:assigned_elsewhere	0.00003745313454539709	S1-267313557	NN Infratech Private Limited	136, Prem Nagar, Etah, Uttar Pradesh	S2-632707017	nninfratech.com	136, ETAH, Uttar Pradesh
miss:not_in_candidates		S1-266196235	Red Foods	185, Ishta, 2Nd Floor, 17Th Main Bsk Ii Stage, Bangalore, Karnataka	S2-359637425	red foods	
miss:not_in_candidates		S1-885418589	Zephyr	3509 Riverside Drive, Pearland, TX	S2-281307602	ZEPHYR Enterprises	
miss:assigned_elsewhere	0.00001509063729436664	S1-62663807	Alpha Products Private Limited	Room No 3, Sant Kripa Building, Opposite Lic Ofice Yamunanagar, Nigdi, Pune, Maharashtra	S3-762090455	अल्फा प्रोडक्ट्स प्राइवेट लिमिटेड	Pune, #29 Room No 3, MH, Pune
miss:not_in_candidates		S1-648232771	Gaylord Mobility (India)	Ahmedabad, Nutan Cloth Market, O/S Raipur Gate, Ahmedabad, 20, Gujarat	S3-919281334	Mhoimilty Gaylord (India)	20, null, Ahmedabad, GJ
miss:not_in_candidates		S1-719298261	W S & G Solarius P.C.	MD, Poolesville, 17109 Hoskinson Road	S2-447961901	W S & G Solarius LLC	
miss:not_in_candidates		S1-911492348	Chiropractic Physicians LLC	102 Pine Ridge Ii, Halfmoon, NY	S2-84491672	Chiropractic Physicians (LLC)	
miss:assigned_elsewhere	0.017304775702142634	S1-594916207	Little Hypnosis	111 Main Street, Rogersville, TN	S2-656744211	Little-Hypnosis	
miss:not_in_candidates		S1-240852969	Sree Software Limited	Sr. No.172/10, Mehta Warehousing Company, Near Mseb, Pune - Saswad Road, Phursungi, Pune, Maharashtra	S3-311212829	श्री सॉफ्टवेयर लिमिटेड	Sr. No.172/10, Pune, MH
miss:not_in_candidates		S1-510234700	United League Inc.	209 Fountain Avenue, Dayton, OH	S2-788282858	United League Inc. Authority	
miss:not_in_candidates		S1-275203212	Laxmi Technologies Limited	New Delhi, 205-208Anarkali Complex Jhandewalan Extension, Delhi, Central Delhi	S3-237938943	Laxmi Technologies Ltd	
miss:not_selected	0.31950869956726785	S1-891960600	Rohini Music	L-14, Ground Floor, Udyog Nagar-I Udyog Nagar, Delhi, West Delhi, Delhi	S3-456116613	Mr rohini music	
miss:not_selected	0.6341624844810557	S1-927387509	First Interactive Company	400 Wellons Street, Suffolk City, VA	S2-516074789	first interactive company company	
miss:not_in_candidates		S1-901762156	Shree Infotech Limited	A-9/34Vasant Vihar, New Delhi, South West, Delhi	S2-767655448	श्री इंफोटेक लिमिटेड	A-9/34VASAN VIHAR, NEW DELHI, SOUTH WEST, Delhi
miss:not_in_candidates		S1-221943765	Blue Center	600 Bancroft Avenue, Richmond City, VA	S2-703530255	Blue Centre	VA, 600 BANCROFT AVENUE, RICHMOND
miss:not_in_candidates		S1-50677058	Vision Prairie Physicians Inc	6907 Sparky Way, Louisville, KY	S3-706931977	Vision Prairie Physicians Enterprises	
miss:not_in_candidates		S1-179782418	Coleman Choice Oxford	4715 Webster Street, Sonora, OH	S2-825633058	COLEMAN OXFORD CENTER	
miss:not_selected	0.2537423243243293	S1-876791549	3-Brothers	1600 Sonoran Desert Drive, AZ, Phoenix, Unit AW-4-15	S2-111364066	3-Brothers Inc.	160 SONORAN DESERT DR, null, PHOENIX, AZ
miss:not_in_candidates		S1-174820844	Seven Infrastructure Limited	658, Saraswathipuram, Vishwamanava Double Road, Mysore, Karnataka	S2-593510578	DELTADREX	658, MYSORE, Karnataka
miss:not_in_candidates		S1-923309626	Sun Consultancy Pvt Ltd	17, Nila Park Society Behrampura, Ahmedabad, Gujarat	S2-824999872	સન કન્સલ્ટન્સી પ્રા. લિ.	17, AHMEDABAD, Gujarat
miss:not_in_candidates		S1-400762191	Shree Foods Private Limited	Flat No. 302, Khasra No.3, Village Basai, Noida, Gautam Buddha Nagar, Uttar Pradesh	S3-92877483	श्री फूड्स प्राइवेट लिमिटेड	Door No 302, Khasra No.3, Village Basai, Noida, Gautam Buddha Nagar, UP
miss:not_in_candidates		S1-813210745	Lakshmi Engineering Private Limited	Plot No-N4/39, Irc, Nayapalli, Bhubaneswar, Khordha, Orissa	S3-153638583	Shri Lakshmi Éngineering Prilvte Limited	
miss:not_in_candidates		S1-271279388	Devita Pharma Private Limited	73, Ramachandra Agrahara, Near T R Mills 'Chamrajpet, Bangalore., Karnataka	S3-819260741	Umbraquo	73, Bangalore., ಕರ್ನಾಟಕ
miss:not_selected	0.3742065022722051	S1-922706237	Solent Sun	3101 Ohio Boulevard, Terre Haute, IN	S2-578957537	Soslent Sun	3101- OHIO BLVD, TERRE AHUTE, IN
miss:not_in_candidates		S1-561321451	Shree Foods Private Limited	Technocity, Plot No.X-5/3, Ttc Industrial Area Opp. Millennium Business Park, Mahape, 501, Maharashtra, Thane, Navi Mumbai	S3-568584606	Orbicira	501, Technocity, Plot No.X-5/3, Ttc Industrial Area Opp. Millennium Business Park, Mahape, Navi Mumbai, Thane, Maharashtra
miss:not_in_candidates		S1-607047385	All It Pvt Ltd	Plot No-754/1, Jayadev Vihar, Ps-Nayapalli, Bhubaneswar, Khordha, Orissa	S3-229570497	All It Pvt Ltd	
miss:not_in_candidates		S1-85146998	National Futurecrest LLC	1325 Frank Clark Road, Sheridan, AR	S2-976003162	National Famturrfst  LLC	
miss:not_selected	0.31809521400652624	S1-832420599	Supreme Sizzle LLC	1087 Whispering Pines Street, Springdale, AR	S3-832632218	Supreme Sizzle	
miss:not_in_candidates		S1-618302575	Dermatology Heartland Care Associates Group	2533 W Market St, Louisville, KY	S2-190609925	Dermatology Heartland Care Associates LLC	
miss:not_in_candidates		S1-594398432	Starnes Health Center	1108 5th Street, Unit 1, Cheyenne, WY	S3-475659317	Lyrairi	1108 Fifth Street, Unit 1, Cheyenne, Wyoming
miss:assigned_elsewhere	0.0004549118720017612	S1-31811931	Shirley Pediatrics Group	1001 Continental St Viaduct Street, Dallas, TX	S3-706025212	Shirley Group Partners	
miss:not_in_candidates		S1-415788489	Vdc Trading	Villa No 27, The Trails, Pokalwada, Rangareddy, Telangana	S2-914115474	vtrading.com	31 VILLA NO 27, RANGAREDDY, తెలంగాణ
miss:not_in_candidates		S1-46244885	Mark Developers Co	Satara, Sr. No. 6476/A/2, Maharashtra, Satara, Plot No.2, Near Kishor Villa, Laxminagar, Phaltan, Dist. Satara	S2-635874567	Sri Mark Co Services	Maharashtra, SR. NO. #6476/A/2, PLOT NO.2, NEAR KISHOR VILLA, LAXMINAGAR, PHALTAN, DIST. SATARA, SATARA
miss:not_in_candidates		S1-456695968	Opg Managers Private Limited	2/471, Ward No. 8, Kanigiri, Prakasam, Andhra Pradesh	S3-817317416	Opg Private Limited Center	2/471, Ward No. 8, Prakasam, AP
miss:not_in_candidates		S1-203086153	Veterans Society	UT, St George City, 5514 Cinder Rose Lane	S3-332691028	Veterans Stroy	
miss:not_in_candidates		S1-442818256	Arv Tours Private Limited	Plot No. 165 4Th Floor, Heera Nagar, Dcm Ajmer Rd, Jaipur, Rajasthan	S3-584680699	Arv Private Limited Services | www.arvprivat.com	No 165 4Th Floor, Jaipur, RJ
miss:not_selected	0.2974511701286216	S1-289719328	Supreme Frontier Era P.C.	7911 Larrick Court, Fairfax County, VA	S3-129190683	Supreme Fróntier Era P.C.	
miss:assigned_elsewhere	0.00009237375887806514	S1-24029739	Laxmi Investments Private Limited	33, Dr. Rajendra Road, Kolkata, Howrah, West Bengal	S2-808985218	লক্ষ্মী ইনভেস্টমেন্টস প্রাইভেট লিমিটেড	HN 704 33, KOLKATA, BARANAGAR, West Bengal
miss:not_in_candidates		S1-378311463	Upper Sizzle LLC	1237 S K Ave, Nevada, IA	S2-75241547	Upper LLC Service	1237-A SOUTH K AVE, NEVADA, IA
miss:not_in_candidates		S1-174171861	123 Cohen P.C.	UT, 6001 Carnelian Parkway, St George City	S3-494163345	123 P.C. Center	
miss:not_in_candidates		S1-387624620	Silver Aberdeen Inc	971 State Hwy Kk, Galena, MO	S3-14996283	Gildumbra	State Hwy Kk, Galena, Missouri
miss:not_in_candidates		S1-814094725	Sree Producer Private Limited	No.5, 1St Floor, 1St Lane Tank Street, Nanganallur, Chennai, Tamil Nadu	S3-769794680	M/s Sree  Producer Private	No.5, Kancheepuram, Chennai, தமிழ்நாடு
miss:not_selected	0.1507312705862836	S1-472037885	Chiropractic Federal Associates Inc	419 Front Avenue, Unit Apartment 6, Saint Paul, MN	S2-828601565	Lyravera	419 FRONT AVE, ST. PAUL, MN
miss:not_selected	0.48826069601137884	S1-526227219	Federal Association	Orland Hills, IL, 17007 Westwood Court	S3-791855672	Federa1 Association Corp	Westwood Ct, Tinley Park, Illinois
miss:not_in_candidates		S1-156638402	Baba Exports Private Limited	Building No 317, Ktm Road, Kallur (Po), Thalassery, Kannur, Kerala	S3-336018186	ബാബ എക്സ്പോർട്സ് പ്രൈവറ്റ് ലിമിറ്റഡ്	Building No 317, Ktm Road, Kallur (Po), Thalassery, Kannur, Keralam
miss:not_in_candidates		S1-478465698	Scube Herbal (India) Pvt Ltd	Flat No. B1-103 Kandres, Resi. 1St 25/1/A/2/26/2/2, Pandharpur, Solapur, Maharashtra	S3-295388850	Scube (India) Pvt Ltd Services	Flta No. Bd/1-103 Kandres, Kondharki, MH
miss:assigned_elsewhere	0.46514989942556684	S1-621444246	Wilder & Mortenson Inc	25125 Highland Road, Richmond Heights, OH	S3-139617344	WILDER & MORTENSON INC	
miss:not_selected	0.31050214284703775	S1-745369523	Lotus Events Ltd	F No 402, Nakoda Court, 110/12/13/14, Shivajinagar, Pune, Maharashtra	S3-665417273	Sri Lotus Events Limited	Plot 569/2 F No 402, Pune, महाराष्ट्र
miss:not_in_candidates		S1-201785577	Verriq Trg Inc	702 9th Avenue, Langdon, ND	S2-456631165	Vhdreri Trg Inc	702 9RD AVE, ND, LNGDON
miss:not_in_candidates		S1-304132730	Shiva Media Private Limited	Flat No:944, Ideal Homes Township, 1St Main Rajarajeshwari Nagara, Bangalore, Karnataka	S3-82543565	ಶಿವ ಮೀಡಿಯಾ ಪ್ರೈವೇಟ್ ಲಿಮಿಟೆಡ್	Flat No:944, Bangalore, KA
miss:not_in_candidates		S1-830972120	Laxmi Tech Pvt Ltd	8/5/A, 10Th Mile, Wayanad Road, Kunnamangalam, Kozhikode, Kozhikode, Kerala	S2-627712242	ലക്ഷ്മി ടെക് പ്രൈവറ്റ് ലിമിറ്റഡ്	8/5/A, 10TH MILE, WAYANAD ROAD, KUNNAMANGALAM, KOZHIKODE, CALICUT, KOZHIKODE, കേരളം
miss:not_in_candidates		S1-354203630	One Agro Private Limited	Plot No. 67 G/F Block-A/1, Sewak Park Uttam Nagar Near Metro Statio, N, New Delhi, Delhi	S3-427339767	Vantageveocalo	Plot No. 67 G/F Block-A/1, Sewak Park Uttam Nagar Near Metro Statio, N, New Delhi, Delhi
miss:not_in_candidates		S1-152600811	Garcia, Jessi B., DMD	95 Baker Cemetery Road, Evening Shade, AR	S2-785998599	GARCIA, JESSI  B., DMD	
miss:not_selected	0.6025048745264082	S1-522464923	Forethought International School	522/703Heritage Apartment, Puttenahalli, 10Th Block, Bangalore North, Bangalore, Karnataka	S3-134338951	School Intfrnatiodnal Forethought	H.no 521/703Heritae Apartment, Bangalore North, Bangalore, KA
miss:not_in_candidates		S1-48527470	Walczak Schwab LLC	9938 Painted Rainbow Place, Marana, AZ	S3-508477565	Walczak  Schwab LLC	
miss:not_in_candidates		S1-32435563	Nexex Fisheries Inc	Fl 1, 4140 Arizona Avenue, Chandler, AZ	S3-426014385	Synfaye	Arizona Ave, Fl. 1, Chandler, Arizona
miss:not_selected	0.4282498901703465	S1-248541222	Murillo, Wright and Sesay	10602 Millers Road, Yates, NY	S3-646651438	Zetakor	10602 Millers Road, Yates, New York
miss:assigned_elsewhere	0.0029122955550668103	S1-235422879	Bricklayers Union Local No 276	13811 Olesen Road, Scottsdale, AZ	S3-470977306	Bricklayers Union Local Trading	
miss:not_selected	0.26252253097905154	S1-31384832	Womens Health Center	13227 Back Creek Valley Road, Hedgesville, WV	S3-975527821	Onyxorbi | www.onyxorbi.com	13227 Bck Creek Valley Road, Hedgesville, West Virginia
miss:not_in_candidates		S1-192388476	Eye Allied Health	AZ, Phoenix, 5618 31st Lane	S2-65216534	Allied Eye Services	##5618 31ND LANE, PHOENIX, AZ
miss:not_in_candidates		S1-896845744	Valley Safe Great PC	4629 Sterling Cross, Nashville, TN	S2-842792105	Valley Great PC Center	TN, 4933 STERLING CROSS, NASHVILLE
miss:not_in_candidates		S1-237316361	Sree Finance Ltd	H. No. 75-Om, Phase-4, Vijay Vihar, New Delhi, West Delhi, Delhi	S3-724268889	Sree Ltd  Partners	DL, #74-Om, West Delhi, New Delhi, Phase-4, Vijay Vihar
miss:not_in_candidates		S1-938085798	My Investment	Maharashtra, Balaji Garden Chs, Plot-17, Sector-11, Koparkhairane, F-204/4, Thane	S3-152530632	माय इन्वेस्टमेंट	F-204/4., MH, Thane, Navi Mumbai
miss:not_in_candidates		S1-820000361	Raj Estate Pvt Ltd	Khordha, Revenue Plot No-88, Sahid Nagar, Plot No-103, Bhubaneswar, Orissa	S3-58851310	Raj Pvt Ltd Service	Bhubaneswar, ଓଡ଼ିଶା, Plot No-103, Khordha, Revenue Plot No-88, Sahid Nagar
miss:not_in_candidates		S1-133273259	Family Center of Columbus LLC	191 King Avenue, Unit F, Columbus, OH	S3-279823857	Family Center of	91 King Ave, Unit F, Columbus, Ohio
miss:not_in_candidates		S1-443802692	Midynis	3616 Heater Street, Newberg, OR	S2-617590079	Midynis	
miss:not_in_candidates		S1-876250989	Shyam Solutions	H.No. 153-B Ff Blk. G-1, Dal Mill Road Uttam Nagar Nr. Sbi, New Delhi, Delhi	S2-460578854	Miralum	H.NO. 153-B FF BLK. G-1, DAL MILL ROAD UTTAM NAGAR NR. SBI, NEW DELHI, GHAZIABAD, Delhi
miss:not_in_candidates		S1-100454155	Ss Global	2/44, Anna Street, Naduppalayam, Peedampalli, Coimbatore South, Coimbatore, Tamil Nadu	S2-889087842	எஸ்எஸ் குளோபல்	COIMBATORE, 1/44, COIMBATORE SOUTH, Tamil Nadu
miss:not_in_candidates		S1-251744120	International Software Private Limited	C-Sector, H-2, Line Cheeta Camp, Trombay, Mumbai, Maharashtra, Room No.17, Mumbai	S3-502800332	International Software Limited Services	
miss:not_in_candidates		S1-329015486	Office of Aging Associates	3 Elliott Place, Hampton City, VA	S2-421191040	Office  of Aging Associates	
miss:not_selected	0.5561911735436281	S1-543543365	Smith Hotel Inc.	TX, Jacksboro, 145 Oakwood Avenue	S2-533647484	Smith Hócntel [Inc.]	
miss:not_selected	0.3078237988249372	S1-581193315	Rubio and Hernandez Farms Inc	901 Boldon Avenue, City Of Sparta, WI	S2-270518011	Rubio and  Hernandez Farms	
miss:not_in_candidates		S1-582786114	Forward Oak LLC	206 Pershing Place, Freeport, NY	S3-138899540	Forward LLC Partners	
miss:not_in_candidates		S1-769106868	All Genomic Solutions Inc	9545 Broadway Road, Persia, NY	S3-618134092	All Genomic Inc Partners	
miss:assigned_elsewhere	7.694661815536563e-6	S1-89736601	Hari Builders Private Limited	202, Vedant Enclave Kamla Nehru Cross Road No. 3, Kandivali, West, Mumbai, Mumbai City, Maharashtra	S3-893868846	Hari Builders	20, Mumbai City, MH
miss:not_selected	0.09242135262856081	S1-920161725	Colonial Assets	3631 Forest Manor Avenue, Indianapolis, IN	S3-767573062	Colonial  Assets Co	Indiana, PMB 4313, 631 Forest Manor Avenue, Indianapolis Ciity
miss:not_in_candidates		S1-289758731	Venus Hospitals Pvt Ltd	No.148 Acropolis 6Th Floor Dr. Radhakrishnan Salai, Mylapore, Chennai, Tamil Nadu	S3-408145466	Ltd Venus Pvt Service	Door No 157 Acropolis 6Th Floor Dr. Radhakrishnan Salai, Chennai, TN, Mylapore
miss:not_selected	0.438808492569433	S1-879577017	Business Developers Pvt Ltd	Plot No 35 8 2 248/A/5/35, Road No 3 Banjara Hills, Khairatabad, Hyderabad, Telangana	S2-802054647	Business  Developers Pvt Limited	
miss:not_in_candidates		S1-187129995	Seven Logistics	Shop No - 1, Plot No - 700 Saini Vihar, Mundka, New Delhi, West Delhi, Delhi	S3-641676513	सेवन लॉजिस्टिक्स	Shop No - C-1, West Delhi, New Delhi, दिल्ली
miss:not_in_candidates		S1-19898865	Oncology Health PC	5729 Odeum Lane, Phoenix, AZ	S2-393528433	Onc0logy Health PC	
miss:not_in_candidates		S1-706464142	Haywood and Kaylor Mines LLC	120 20th Avenue, Unit 729, Nashville, TN	S2-548852265	VIOXYLO	120 TWENTIETH AVE, NASHVILLE, TN
miss:not_in_candidates		S1-675429678	Jepsen Construction LLC	726 Mt Carmel Church Road, Pikeville, NC	S3-774932267	Belodovatavo	726 Mt Carmel Church Rd, Pikeville, North Carolina
miss:not_selected	0.35290587084611585	S1-67173601	Perfect Transport Associates	Office No 502 Airen Heights, 13-14 Pu-3 Scheme No 54, Vijay Nagar, Indore, Madhya Pradesh	S3-858210423	Perfect Transport Associates LLP	#4-8 Office No 502 Airn Heights, Indore, MP
miss:not_selected	0.274689190527638	S1-385199324	Smith, Glaser and Hunt	24 Westgate Park, Concord, MA	S3-673319359	Smith, Glaser And Hunt Center	
miss:not_in_candidates		S1-202718384	Surgical Group	258 Water Avenue, Elm Springs, AR	S2-726339896	Surgical (Group)	
miss:not_in_candidates		S1-238112033	Shiv Infotech Limited	D.No. 11-8-194/1, Kranthi Nagar, Kothapet, Saroornagar, Hyderabad, Rangareddy, Telangana	S3-4066047	Shiv Limited Service	NULL, D.no. 11-8-194/1, Rangareddy, తెలంగాణ
miss:not_in_candidates		S1-436101127	Children's Initiative	104 Mathews Grant, James City County, VA	S2-476288004	Children's Initiative Inc	
miss:not_in_candidates		S1-390561222	Modern Atlanta	17555 Boggess Lane, Missoula, MT	S3-802202811	Modern Atlanta	
miss:not_in_candidates		S1-668108661	1425 Lincoln Court Management LLC	749 Liberty Landing Way, Wilmington, NC	S3-122006489	1425 Lincoln Cóurt Management LLC	
miss:not_in_candidates		S1-854520965	Vanya Dodson Horizon Management Partners	255 Main Avenue, Norwalk, CT	S2-173820000	Vanya Dodson Horizon Management	
miss:assigned_elsewhere	0.0002529431589238565	S1-673449863	Jai International Private Limited	239, Mota Singh Nagar, Jalandhar, Punjab	S3-420688406	Jai Intelrnatgonal  Private Limited	239, Jalandhar, PB
miss:not_in_candidates		S1-443303483	Pioneer Energy Pvt Ltd	#327 1St Floor, Cmr Road 4Th Cross, Hrbr 3Rd Block Kalyan Nagar, Bangalore, Karnataka	S3-3797569	ಪಯೊನೀರ್ ಎನರ್ಜಿ ಪ್ರೈವೇಟ್ ಲಿಮಿಟೆಡ್	#328 1St Floor, Bangalore, KA
miss:not_in_candidates		S1-807369132	Department of Veterans Affairs Center	1012 Spot Circle, New Bern, NC	S2-82516327	Department Of Veterans Affairs Center	
miss:not_in_candidates		S1-532749773	Fresh Hypnosis Inc.	71 Avenue C, Rochester, NY	S2-302641608	Fresh Hyposgs Inc.	
miss:not_in_candidates		S1-979093095	Eastern Maternity Ltd	New Delhi, Shakti Nagar, Vardhaman City Centre, Delhi, 320	S3-367857348	Mr Eastern  Ltd Center	Plot 00349 320, Vardhaman City Centre, Shakti Nagar, New Delhi, DL
miss:not_in_candidates		S1-901536245	Baba Finance Pvt Ltd	Plot No.- 394/4181, Laxmi Nagar, Patia, Dist.- Khurda, Bhubaneswar, Khordha, Orissa	S3-660358870	Baba-Finance Pvt Ltd	
miss:not_selected	0.23776666568288202	S1-277434386	Vision Great Care	709 Myrtle Street, Baton Rouge City, LA	S3-623289230	Iricira	Baton Rouge City, 708 Myrtle Street, Louisiana
miss:not_in_candidates		S1-276876881	Little Massage LLC	5000 28th Avenue, Unit Apartment 319, Fargo, ND	S3-178158439	Vantagenyla	5000 28th Avenue, PMB 2401, Fargo, North Dakota
miss:not_in_candidates		S1-201940097	Regional United Center LLC	355 3506, Bullard, TX	S3-364644274	Regional Center LLC Services	Texas, Bullard, 355 3506
miss:not_selected	0.5275814021128368	S1-895816860	Kaycee's Analytics	133 Cranberry Road, North Attleborough, MA	S2-893332141	Kaycee's Analytics Ínc.	499-501 CRANBERRY ROAD, NORTH ATTLEBOROUGH, MA
miss:not_in_candidates		S1-963312779	Lakshmi Software	C/O G R Infraprojects Limited, Gr House, Hiran Magri, Sector - 11, Udaipur, Rajasthan	S2-672038486	लक्ष्मी सॉफ्टवेयर	C/O G R INFRAPROJECTS LIMITED, UDAIPUR, राजस्थान
miss:not_selected	0.5115625438046778	S1-331809494	Electricians Local Union 947	833 Summer Street, Stamford, CT	S2-707921947	Electricians Local Union 947 LLC	CT, 33 SUMMER STREET, STAMFORD
miss:not_selected	0.2919383043673404	S1-649448114	National Auto Corporation	7860 Canal Boulevard, Redmond, OR	S3-830712590	National Aubf Corporation	
miss:not_selected	0.27814512361653015	S1-996037875	Hindustan Brothers Limited	C/O Dr.Samad, Fida Hussain, Rd, Khushboo Market, Jehanabad, Bihar	S3-81870705	Hindustan Brothers Ltd	
miss:not_in_candidates		S1-243701066	Solar & Co	H.No.10-5-6/4 Kisan Nagar, Karimnagar, Nellore, Telangana	S2-392283964	Synveo	DFOR NO 0-5-6/4 KISAN NAGAR, KARIMNAGAR, HYDERABAD, Telangana
miss:not_in_candidates		S1-975648873	Royal Robotics LLC	826 Eagle Drive, Bensenville, IL	S2-720562679	ROYAL LLC SERVICES	489 EAGLE DR, BENSENVILLE, IL
miss:not_in_candidates		S1-267320441	Reliable Bain LLC	2901 83rd Place, Hobart, IN	S2-186108399	Reliable Bain	
miss:not_in_candidates		S1-704468620	Ghaziabad Enclave Pvt. Ltd.	Plot No 224, Second Floor, Niti Khand 2 Shipra Sun C, Indirapuram, Ghaziabad, Uttar Pradesh	S3-801802978	Ghaziabad Encvle Pvt. Ltd.	24, Ghaziabad, UP
miss:not_in_candidates		S1-810902272	Reliable Energy Pvt. Ltd.	Coimbatore, Om Ganesh Nagar, Vadavalli, Tamil Nadu, No.3	S2-98529061	Ltd. Reliable Pvt. Services	#3, COIMBATORE, Tamil Nadu
miss:not_selected	0.020146379208378164	S1-34344055	B 2 Clear Global Inc.	8370 Parori Lane, Blacklick, OH	S3-993292096	8 2 Clear Inc. Partners	8370 Praori Ln, Blacklick, Ohio
miss:not_in_candidates		S1-56543864	Super Technologies Private Limited	202, Shree Krishna Garden Bldg No:04, A-Wing, Midc, Kashimira, Opp Nagori, Mira Road:East, Thane, Maharashtra	S2-350932606	सुपर टेक्नोलॉजीज प्राइवेट लिमिटेड	202, THANE, BHAYANDER, Maharashtra
miss:not_in_candidates		S1-102278833	Creative Global Private Limited	2Nd Floor, Cd Tower Bypass Road, Calicut, Kerala	S3-837727798	M/s Creative Global Private	
miss:not_in_candidates		S1-456055507	First Church	MO, 4924 Harvard Avenue, Kansas City	S3-965258337	The First Church	
miss:not_selected	0.24570027476825898	S1-219419995	Carpenter Solid, Inc	3802 Centifolia Avenue, Fl 1, Hillsboro, OR	S2-742227956	Carpenter Sld,i Inc - 6161629239	802 CENTIFOLIA AVENUE, HILLSBORO, OR
miss:not_selected	0.4231475398574279	S1-277467076	Novelle Gesher P.C.	120 Fir Street, Portales, NM	S3-241999795	Novelle Gesher PC	
miss:not_selected	0.5840939730234792	S1-506945150	Canon (India) Spring Limited	C/O Maganbhai Budhabhai, Patel, Bhathla, Waghrech, Gandevi, Navsari, Gujarat	S2-3732456	Dr Canon (Índia) Spring	H.NO 53 C/O MAGANBHAI BUDHABHAI, PATEL, BHATHLA, WAGHRECH, GANDEVI, Gujarat
miss:not_selected	0.2191038272375712	S1-950298258	Haight & Rother Yhn LP	385 Martin Hills Drive, Murphy, NC	S3-826877912	Haight & Rothrr Yhn LP	
miss:not_in_candidates		S1-55008459	Fresh Nails!	91 Third Street, Lowell, MA	S2-81753388	FRESH NAILS! LTD	
miss:not_selected	0.5047217959592933	S1-627892494	Sara Owners Private Limited	C/O Md Aslam, Vill:Farsara, P.O-Dalkhola, Karandighi, North Dinajpur, West Bengal	S3-73389227	Sara 0wners Private-Limited	Plot 280 C/o Md Aslam, Vill:farsara, P.o-dalkhola, North Dinajpur, পশ্চিমবঙ্গ
miss:not_in_candidates		S1-854557053	Jay Energy LLP	C/O Sandeep, H.No.110, Mohalla Bhangad, Nsg Camp Manesar, Gurgaon, Haryana	S2-547393157	जय एनर्जी एलएलपी	NSG CAMP MANESAR, Haryana, C/O SANDEEP, GURGAON
miss:not_in_candidates		S1-370496376	Delhi India Pvt Ltd	Delhi, West Delhi, Delhi, C4A/46C Janakpuri	S3-429052649	Delhi India  Pvt	
miss:not_in_candidates		S1-580428537	Department of Transportation	2629 Country Haven Drive, Thompson's Station, TN	S2-485610377	Department of Transportation Trading	
miss:not_selected	0.5002072050427918	S1-771216971	Ross Fresh Montage LP	3030 53rd Place, Chicago, IL	S2-586593222	Ross Fresh-Montage LP	
miss:not_in_candidates		S1-919507771	Foot & Ankle Medicine LLP	336 James Street, Fl 0, Haysville, KS	S3-739885863	Foot & Ankle Medicine Inc Enterprises	
miss:assigned_elsewhere	0.000017883654557006725	S1-29246912	Cuboid & Co	Mumbai, Near St Teresa High School 49 St. Francis Avenue, Santacruz (W), Maharashtra, 501 5Th Floor Arsha Villa, Mumbai	S2-133744911	Cebid & Co	501 5TH FLOOR ARSHA VILLA, BOMBAY, Maharashtra
miss:not_in_candidates		S1-416450031	Foot & Ankle Center LP	2008 Racine Street, City Of Racine, WI	S2-181063334	FOOT and ANKLE CENTER  LP	
miss:not_in_candidates		S1-535568685	Ss Logistics Private Limited	Flat No.202, Plot No.145 Gyan Khand - 1, Indirapuram, Ghaziabad, Uttar Pradesh	S3-83370595	Ss Logistics Private  Limited	Ghaziabad, #202, UP, Ghaziabad
miss:not_selected	0.33137888907572216	S1-854214805	Brown Property Solutions	679 Stratford Avenue, IL, Elmhurst	S3-376176181	Brown Property Solutions [Corp]	
miss:not_in_candidates		S1-158029835	Lakshmi Care Private Limited	Plot No-5 Block Bn Sector Vsalt Lake Electronic Complex, Kolkata, North 24 Parganas, West Bengal	S2-350603808	লক্ষ্মী কেয়ার প্রাইভেট লিমিটেড	PLOT NO-5 BLOCK BN SECTOR VSALT LAKE ELECTRONIC COMPLEX, KOLKATA, NORTH 24 PARGANAS, West Bengal
miss:not_in_candidates		S1-981883506	Horizon Aria LLC	1316 Avocet Court, Wilmington, NC	S3-674209389	Horizon Aria	
miss:not_in_candidates		S1-285670241	Akss Foodz Corp	H.No.9-28, Jawaharlal Street, 9Th Ward Kothapet, Kanigiri, Prakasam, Andhra Pradesh	S3-213023702	Akss C0rp Foodz	
miss:not_in_candidates		S1-84542223	New Delhi Properties LLP	11/12, Ground Floor West Patel Nagar, New Delhi, East Delhi, Delhi	S3-381515077	New Próperties LLP Service	Central Delhi, DL, 11/12
miss:not_in_candidates		S1-162003219	Shree Laxmi Software Private Limited	D-1502, 15Th Floor, Mahindra Splendour, Lbs Marg, Bhandup West, Mumabi, Mumbai City, Maharashtra	S2-377476020	श्री लक्ष्मी सॉफ्टवेयर प्राइवेट लिमिटेड	15TH FLOOR, MAHINDRA SPLENDOUR, LBS MARG, BHANDUP WEST, MUMBAI CITY, HN 8-957 D-1502, Maharashtra, MUMABI
miss:not_selected	0.35067348268896875	S1-386337452	Al Producer Private Limited	Flat No 402, Wing - A, Fourth Floor, New Ostwal Onyx, Jesal Park, Bhayandar East, Thane, Maharashtra	S3-446725082	Vi0tavo	#G-402, Wing - A, Fourth Floor, New Ostwal Onyx, Jesal Park, Thane, Bhayandar East, MH
miss:not_selected	0.6384597685480066	S1-308847453	Schecter Viii Inc.	222 Boston Avenue, Monmouth, IL	S3-203169142	Schecter Viii (Inc.)	
miss:not_selected	0.6256700874054949	S1-728011176	Choice Resorts Inc	711 Pleasant Lane, Lagrange, IN	S3-949643807	Choice Résorts Inc Inc	
miss:not_in_candidates		S1-141044040	Surya Business Pvt Ltd	Flat No 4 Plot No 11, North Siuth Rd No 10 Jvpd, Mumbai, Maharashtra	S3-896215252	Surya Business Pvt	
miss:not_selected	0.024498249094260377	S1-361300686	UL Technologies LLP	Plot No. 26 B, Near Sagar Market, Jaipur, Rajasthan	S3-559772422	UL-Technologies [LLP]	RJ, B, Jaisinghpura
miss:not_selected	0.49539298395888753	S1-52747429	Thoreson & Varghese Futurecorp LLC	10606 Allenwood Lane, Fairfax County, VA	S3-156874156	Dovadelta	10606 1/2 Allenwood Ln, Great Falls, Virginia
miss:not_in_candidates		S1-898950778	Transcontinental Electronics Partners	223 College Avenue, Muncie, IN	S2-97476095	Transcontinental Partners-Inc. Electronics	
miss:not_in_candidates		S1-161181530	Behavioral Health Care Inc	561 Stoneleigh Road, Oneida, NY	S3-900079387	Behavioral-Care Health Inc	
miss:not_in_candidates		S1-302357653	Heritage Insurance Consultants LLC	617 Greenfern Trail, Seymour, TN	S2-907781806	Heritage Insurance	
miss:not_in_candidates		S1-341698932	Shamshabad Services Private Limited	Telangana, 4-66, Rangareddy, Shamshabad, Near Shivaji Vidya Peet Kishanguda, Tondaplly Panchayat	S3-384791360	Services	4-66, Near Shivaji Vidya Peet Kishanguda, Tondaplly Panchayat, Shamshabad, Rangareddy, Telangana
miss:assigned_elsewhere	0.30181899394701694	S1-868334245	Lafontaine & Ramirez Southern P.C.	3863 Legendary Ridge Lane, Cleves, OH	S2-821746367	Lafontaine & Ramirez Southern	
miss:not_in_candidates		S1-517140091	Jay Big Business Private Limited	B-2-529, Pearl Akankha Enclave Chitrkoot, Vaishali Nagar, Jaipur, Rajasthan	S2-612390399	जय बिग बिजनेस प्राइवेट लिमिटेड	B-2-529, JAIPUR, Rajasthan
miss:not_selected	0.6380773770199366	S1-310861115	Schaefer Silver Stellar	316 Elmsleigh Drive, Berea, KY	S3-770341252	Schaefer Sté1lar Center	
miss:not_selected	0.6475491997036462	S1-947066097	Allen Hudson Inc.	4806 Lincoln Avenue, Parma, OH	S2-712306412	Allen Htdhson Inc.	4806  LINCOLN AVENUE, PARMA, OH
miss:not_in_candidates		S1-195467119	Edythe Joya, O.D.	3415 Wildflower Road, Saint Cloud, MN	S2-670151554	ejod.com	3166 WILDFLOWER RD, MN, SAINT CLOUD
miss:not_in_candidates		S1-758418054	Economic Development Society LLC	Saint Louis, MO, 12982 Maurer Industrial Drive, Unit SUITE C	S3-245205355	Economic Déveloemnt Society LLC	
miss:not_in_candidates		S1-777088849	Continental Signature Southern LLC	710 Heather, Branson West, MO	S3-246722803	Continental Southern LLC Service	Missouri, Branson West, Heather
miss:not_in_candidates		S1-379958582	Interstate China Inc	2607 18th Street, ND, Grand Forks	S3-219671645	Interstate Chlfa Inc	2627 18rd St, Grand Forks, North Dakota
miss:not_in_candidates		S1-424332373	Gujarat Consultants	Bangalore, Marthahalli Post, Akme Ballet, Outer Ring Road, Doddenakundi, C-904, Karnataka	S2-215762163	GUJARAT CONSBUTANGTS	C-904, AKME BALLET, OUTER RING ROAD, DODDENAKUNDI, MARTHAHALLI POST, Karnataka
miss:not_in_candidates		S1-353142622	Jay Finance Limited	Survey No. 75, Devagere, Kengeri Hobli, Kumbalgodu, Bangalore South, Bangalore Rural, Karnataka	S2-966669264	ಜಯ್ ಫೈನಾನ್ಸ್ ಲಿಮಿಟೆಡ್	SURVEY NO. 75, BANGALORE RURAL, BANGALORE SOUTH, Karnataka
miss:not_in_candidates		S1-193244630	Shree Ventures Private Limited	Plot No. 1, Local Shopping Complex Mor Land, Vidya Bhawan School, New Delhi, Central Delhi, Delhi	S3-975072278	Shree Private Limited Services	###1, Central Delhi, New Delhi, DL
miss:assigned_elsewhere	0.0000915707980577681	S1-742186929	Jain Finance Private Limited	H - 103, Dream Ville Appt, Near Madhapar Circle, Rajkot, Gujarat	S3-233938485	Jain Fhinanace Private Limited	H - 0103, Rajkot, Dream Ville Appt, Near Madhapar Circle, GJ, Rajkot
miss:not_in_candidates		S1-776760584	Twisted Tavern	5153 Carriage Hill, Unit 208, Cincinnati, OH	S3-732279421	Twisted Tavern Ventures	
miss:not_selected	0.31325460282827444	S1-779153915	Bobinette Sneed Innovation	5206 15th Avenue, Fl 1, Lacey, WA	S3-694531833	Bobinette Snéed Innovation Inc	
miss:not_in_candidates		S1-782789151	Sree Infra Private Limited	311-B, 3Rd Floor, Ashiyana Galaxy, Exhibition Road, Patna, Bihar	S3-603493131	श्री इंफ्रा प्राइवेट लिमिटेड	A-311-b, 3Rd Floor, Ashiyana Galaxy, Exhibition Road, Patna, BR
miss:not_selected	0.4464543932427291	S1-163562369	Sree Global Foods Pvt Ltd	Ist Floor, Satya Parkash, Bhawan, Near Sd College, Hoshiarpur, Punjab	S2-51786690	Sree Global Foods Pvt	PLOT 146 IST FLOOR, SATYA PARKASH, BHAWAN, NEAR SD COLLEGE, HOSHIARPUR, Punjab
miss:not_in_candidates		S1-991493095	Jai It Private Limited	East Delhi, Delhi, Kh, No-934/125 Gali No-5 Back Side Kabir Nagar, Rrop No-1 S/F	S3-659731762	जय आईटी प्राइवेट लिमिटेड	Rrop No-#1 S/f, Kh, No-934/125 Gali No-5 Back Side Kabir Nagar, Delhi, East Delhi, DL
miss:not_selected	0.027656334252022685	S1-238941787	Jain Enterprises Pvt Ltd	5, Estrande Chsl, St. John Baptist Road, Bandra - West, Mumbai, Mumbai City, Maharashtra	S3-445635620	Jain  Enterprises Pvt Ltd	
miss:assigned_elsewhere	4.503995115591805e-6	S1-678693874	Sree Infrastructure Pvt Ltd	Row House No.L-4, 134/1, Urban Gram, Sanmitra, Baramati, Pune, Maharashtra	S2-618940974	श्री इंफ्रास्ट्रक्चर प्रा. लि.	ROW HOUSE NO.L-4, 134/1, URBAN GRAM, SANMITRA, BARAMATI, PUNE, Maharashtra
miss:not_in_candidates		S1-893197941	Pune Builders Pvt Ltd	Shakuntala Apts, Nrnilayam 2163/4 Sadashiv Peth, Pune, Maharashtra	S2-414658914	Pune Pvt Ltd Center	SHAKUNTALA APTS, NRNILAYAM 2164/4 SADASHIV PETH, PUNE, Maharashtra
miss:not_in_candidates		S1-428554886	Dental Specialists	MN, Prior Lake, 4275 Priorwood Street	S2-231640904	DENTAL SPECIALISTS CORP	
miss:not_in_candidates		S1-613396374	Brijdham Charitable Trust	Jaipur, Rajasthan, Hno.101, Jaipur, Barathi Ki Dhani, Harsoli Po Doongari Kalan, Renwal	S3-39158570	Bctrustcom	Hno.##101, Barathi Ki Dhani, Harsoli Po Doongari Kalan, Renwal, Jaipur, RJ
miss:not_in_candidates		S1-359471975	One Builders	Tc - 39/1833 Chalai, Manacaud, Thiruvananthapuram, Kerala, Trivandrum, Siva Bhavan	S2-347556245	One Center	<NULL>, SIVA BHAVAN, TC - 39/1833- CHALAI, MANACAUD, THIRUVANANTHAPURAM, കേരളം
miss:not_selected	0.22459072562458413	S1-636062204	Foot & Ankle Anchor Medicine	249 Woodside Drive, Jefferson, TX	S3-555454353	Foot Anchor Ankle and Medicine	
miss:not_in_candidates		S1-535806920	Pnc Center Private Limited	D No: 2-22-6 Srinagar, Kakinada, Guntur, Andhra Pradesh	S3-822143255	Pnc Center Private	
miss:assigned_elsewhere	3.974761205467426e-6	S1-292327268	Om Constructions Private Limited	804, 8Th Foor, Arunachal Building 19, Barakhamba Road, New Delhi, Central Delhi, Delhi	S3-4607332	Om Private Limited Center	H.no 14 804, New Delhi, Central Delhi, DL
miss:not_selected	0.039104508816876854	S1-599748374	Saint Zion LLC	4805 Tanager Park Drive, Unit 106, Charlotte, NC	S3-304360793	Saint-Zion LLC	
miss:not_in_candidates		S1-304304077	Collins Gaming LLC	103 Elmer Road, Ashford, AL	S2-85850814	Collins Geing-LLC	
miss:not_in_candidates		S1-309293756	Jain Marketing Private Limited	48/2, Mcleod Street, Kolkata, Howrah, West Bengal	S2-262679077	Jain Marketing Private-Limited	
miss:not_in_candidates		S1-350966944	T & O Pizza	3581 720 Road, Loyal, OK	S2-971232694	T &  O	720 ROAD, LOYAL, OK
miss:not_selected	0.2555875074014669	S1-207955733	Advanced Cloud Corporation	2600 Germann Road, Unit 232, Chandler, AZ	S3-677637450	Advanced Cloud	
miss:not_in_candidates		S1-592932326	Creative Care Limited	House No. B1/17A, U/G/F, Kh No. 6/16 Village Mirzapur, Mahavir Enclave, Delhi, South West Delhi, Delhi	S3-788763550	Creative Cler Limited	House No. Bc-1/17a, DL, South West Delhi, Delhi
miss:not_in_candidates		S1-455092573	OI Real	Cs No 261 A/2/K E Ward Ghorpade Complex Gala No 2 Tarabai Park, Kolhapur, Maharashtra	S3-941013641	OI Center	
