kind	p	s1	s1_name	s1_addr	q	q_name	q_addr
false_merge	0.9298516027588097	S1-70920536	Mesa Four Peaks Internal Medicine Secure Center Group	652 Ellsworth Road, Unit 45, Mesa Four Peaks, AZ	S3-18972756	Mesa Four Peaks Internal Medicine Secure Center Group	653 Ellsworth Road, Unit 45, Mesa Four Peaks, Arizona
false_merge	0.7986313812817714	S1-464377259	Joanie C. Large, MD	18245 66th Court, Unit UNIT 3A, Tinley Park, IL	S2-851705770	Joanie C. Lárge, HMD	IL, #18245 66TH CT, TINLEY PARK
false_merge	0.7357717301631275	S1-392478960	Seybert Biotherapeutics of Mount Vernon LLC	153 5th Avenue, Unit Apartment 3F, Mount Vernon, NY	S2-444148100	STEELE BOSTERAPEUTNCS OF MOUNT VERNON (LLC)	153 5TH AVE, MOUNT VERNON, NY
false_merge	0.9543266500671885	S1-44700540	Muire R. Balbuena, DPM	505 Eastern Avenue, Hominy, OK	S2-558025800	MUIRE R. BALBUENA, DP	505 EASTERN AVE, HOMINY, OK
false_merge	0.6556770286336782	S1-704340463	Straight Edge Diner	422 Rennie Court, Virginia Beach City, VA	S2-637975334	Straight  Edge Diner	422 KENT CT, MAUMEE, OH
false_merge	0.8847438445329654	S1-618565190	Capital Charities VI LLC	AZ, Sun City West, 12810 Flagstone Drive	S2-480035098	Capital-Charities ZI L.L.C.	1281 FLAGSTONE DRIVE, SUN CITY WEST, AZ
false_merge	0.8954849960708443	S1-163467178	66 Jefferson Way Holdings	954 6th Avenue, Issaquah, WA	S3-361392078	66 Jefferson Way Holdings Holdings	955 6th Avenue, Issaquah, Washington
false_merge	0.870421461184258	S1-913248547	Verriq Scientific	411 5th Avenue, City Of Baraboo, WI	S3-220395945	Verrriq Scientific	413 Fifth Avenue, Baraboo, Wisconsin
false_merge	0.998899217593974	S1-742084234	Lumora Columbus LLC	103 Auburn Lane, Troutdale Town, VA	S2-723388612	Lummora LLC Columbus | www.lummorall.com	VA, TROUTDALE CDP, 103 Auburn Ln
false_merge	0.9976320299702777	S1-295454345	Devam Entertainment Private Limited	Plot No 8 Ground Floor, Kh No-113/11/1, New Delhi, West Delhi, Delhi	S3-137721197	Pdtve Devvam Entertainment Limited	Plot No 8 Ground Floor, New Delhi, West Delhi, DL
false_merge	0.8204269967306544	S1-500004483	Gold Technology Private Limited	200-E, A-9 Gd-Itl Northex Tower, Netaji Subhash Place, Pitam Pura, Delhi	S3-405003041	Gold Technology Limited	Delhi, Pitam Pura, A-9 Gd-itl Northex Tower, Netaji Subhash Place, H.no 453 221-E, दिल्ली
false_merge	0.684405550480084	S1-836727413	Sm Studio Private Limited	No 49A Kamarajar Street, Kanchipuram, Kancheepuram, Tamil Nadu	S3-953870909	Sm Studio Limited	50A Kamarajar Street, Kancheepuram, Kanchipuram, TN
false_merge	0.652042400000836	S1-874837853	Clean Idaho LLC	IA, Estherville, 621 15th Street	S2-781447303	Clean Idaho-LLC	
false_merge	0.9411666549752437	S1-397477939	Pearls Credits Private Limited	2-37-2, Plot No -13, Sector -10 Mvp Colony, Visakhpatnam, Vishakhapatnam, Andhra Pradesh	S3-280099770	Pearls Credits Limited	2-37-6, Plot No -13, Sector -10 Mvp Colony, Vishakhapatnam, Visakhpatnam, ఆంధ్రప్రదేశ్
false_merge	0.8472012730600683	S1-562017924	YIX Plantations Private Limited	Door 15 North Street, Thamirapathy Colony, Palayamkottai, Tirunelveli, Tamil Nadu	S2-209215234	HYIX  Plantations Pigvate Limited	455 DOOR 15 NORTH STREET, THAMIRAPATHY COLONY, PALAYAMKOTTAI, Tamil Nadu
false_merge	0.900415062558134	S1-780663442	United Consulting Private Limited	Howrah, P.K. Guha Road, Flat -3B, Kolkata, Kolkata, West Bengal, 376/4B	S3-246774515	ইউনাইটেড কনসাল্টিং প্রাইভেট লিমিটেড	Fl-4 A, Kolkata Region, Kolkata, WB
false_merge	0.7064347180528192	S1-591624273	Pune Woods	Shroff Soleno, S. No., Near Hotel Radha, Mhalunge Road, Pune, Maharashtra	S3-393029315	Pune Woods	
false_merge	0.7117290023735886	S1-134551161	Gsb Technologies Pvt. Ltd.	171 Ward No-05, Katihar, Bihar, Near Bandhan Bank, Salmari	S3-109202421	Belosyn	Door No 171 Ward No-05, Near Bandhan Bank, Salmari, Katihar, बिहार
false_merge	0.9911785569362385	S1-972007272	Bharat Tech Private Limited	Maharashtra, Shop No. 01, Shama Complex Old Agra Road, Malegaon, City Sr. No.1516/1/2, Nashik	S2-218529325	भारत टेक प्राइवेट लिमिटेड	FLAT NO-2, NASHIK, Maharashtra
false_merge	0.8078099579097039	S1-888787035	Laborers Local Union 230	100 Trade Center, Unit G100, Woburn, MA	S3-293001716	laborers local union 230 inc	109-D Trade Center, # G100, Woburn, Massachusetts
false_merge	0.9995609221032925	S1-558840244	FFM Farms Co	19 Guru Nanak Market Lajpat Nagar 4, New Delhi, South Delhi, Delhi	S2-584353448	FM Farms Co.	19  GURU NANAK MARKET LAJPAT NAGAR 4, NEW DELHI, Delhi
false_merge	0.8761317468215124	S1-867092258	DWN Steel Private Limited	Xl/216 H13 Jewel Arcadeground Floor Layam Road Behind Woodlands Hotel, Ernakulam, Kerala	S3-545573656	DWNL 5teel Private Limited	Xl/216 H13 Jewel Arcadeground Floor Layam Road Behind Woodlands Hotel, Ernakulam, Keralam
false_merge	0.9845717153245143	S1-267536223	Boling, Olive & Mitchell Inc.	2231 14th Street, Unit Unit 116, City Of Wisconsin Rapids, WI	S2-492698541	BOLING, OLIVE & MTCEHLL INC	242 FOURTEENTH STREET, WI, WISCONSIN RAPIDS
false_merge	0.755703982157938	S1-717939360	Desert Center	Greensboro, 5020 Hilltop Road, Unit A, NC	S2-177617743	Desert Desert Inc Center	NC, GREENSBORO, ROSS AVE
false_merge	0.9929764849746757	S1-358224260	Interstate Health Enterprises Corp	13902 Durkee Avenue, Cleveland, OH	S2-22467211	Interstate Health Enterprises	
false_merge	0.9978002897384818	S1-759303537	OF Midwest Bread LLC	3097 Highway 355, Buckner, AR	S3-831171382	OIF Midwest Bread	Arkansas, Buckner Ownship, 3097 Highway 355
false_merge	0.7125327082354309	S1-424114149	Nagora Services Limited	Shop No 3 & 4Poonam Chambers Chhaoni, Nagpur, Maharashtra	S2-283712933	nagorayn services 1imited	#3 & 4POONAM CHAMBERS CHHAONI, NAGUPR, Maharashtra
false_merge	0.9954712006085273	S1-582183685	Jarlora Hamilton LP	1659 Collins Hollow Road, Lewisburg, TN	S2-773108420	JARRLORA HAMILTON	1659 COLLINS HOLLOW RD, LEWISBURG, TN
false_merge	0.738776570474167	S1-96166582	Trixy C. Green, DMD, M.D., P.C.	155 Pine Court, Pell City, AL	S3-294707886	Trixy C. Green, Hdmd,	64 Pine Ct, Pell City, Alabama
false_merge	0.8209536900459733	S1-56078951	Prairie Third PLLC	TX, 3341 Brittany Avenue, Port Arthur	S3-87106724	Prairie Third Gúlf	
false_merge	0.9252031673828264	S1-238866499	Kestic Minerals LLC	5645 4060, Kearns, UT	S3-183825715	Cestic LLC Minerals	5645 4060, Kearns, Utah
false_merge	0.7168154996267831	S1-932248985	Red Urban Foods Private Limited	H.No:2-1-48/5, Venkateshwara Colony Uppal, Hyderabad, Telangana	S2-677652727	Red Urban Private Limited Partners	
false_merge	0.8897781102739662	S1-607853223	Bliss Express Private Limited	Rajasthan, F-625 Riico Industrial Area, Alwar, Khushkhera	S3-150762288	bliss express limited #28750	F-627 Riico Industrial Area, Alwar, RJ
false_merge	0.862961976933585	S1-207847530	Ace Modern International Private Limited	House No-16B, Block, Kcph 1, Ashok Vihar, New Delhi, North Delhi, Delhi	S3-717907433	Ace Modern International Limited	House No-20b, Block, Kcph 1, Ashok Vihar, North, North Delhi, DL
false_merge	0.8758686299259025	S1-729856740	Kritam Advisory Private Limited	Flat No 8 Ground Floor Vivek Residancy Sandeshnagar, Aurangabad, Maharashtra	S2-801772430	Kritama Advisory Pirvcae Limited	NO 8 GROUND FLOOR VIVEK RESIDANCY SANDESHNAGAR, AURANGABAD, Maharashtra
false_merge	0.7878866911546802	S1-422988188	LP Creative American LLC	19 Early Spring Way, Leicester, NC	S2-956614151	Creative American	
false_merge	0.9680608822395576	S1-661962207	Noveus Premium	1959 Thomas Road, Barnum, MN	S2-148853296	Noveuz Premium	1959 THOMAS RD, BARNUM, MN
false_merge	0.7000773829356104	S1-474646331	Eastern National LLC	936 Pauline Avenue, Southport, NY	S3-135850922	Eastern National	
false_merge	0.9829818054979443	S1-398821651	Amsri Traders Private Limited	1328/29, Main Delhi Road, Opp. Power House, Model Town, Rohtak, Haryana	S3-223336715	M/s Amsri Traders Privtte Limited	
false_merge	0.985975236821046	S1-667538335	Satellite Industries Group	Karnataka, Bangalore North, Bangalore, 34/1, 1St Flr, St John Rd, Hermit Clny, Sivanchetti	S2-500060363	SATELLITE INDUSTRIES GROUP CORPORATION	34/2, 1ST FLR, ST JOHN RD, HERMIT CLNY, SIVANCHETTI, BANGALORE NORTH, Karnataka
false_merge	0.9911307651316572	S1-602641840	Kaveravi Software Corporation	Pt No 115, Brindavan Estates, Hyderabad, Telangana	S2-615096060	Kaveraeon  Corporation Software	PT NO 115, BRINDAVAN ESTATES, HYDERABAD, Telangana
false_merge	0.9448127266890458	S1-364112349	Carex Spa Private Limited	House No. 117, Pole No. 640, New Delhi, South West Delhi, Delhi	S2-357508439	Carex Spa Limited	HOUSE NO. 12, POLE NO. 640, NEW DELHI, Delhi
false_merge	0.9819797347172	S1-532620293	Novio Lifesciences LLC	PA, Pottstown Borough, 258 Maplewood Drive	S3-742876072	Novvio Lifescianecs LLC	258 Maplewood Drive, Pottstown, Pennsylvania
false_merge	0.9405574476348229	S1-751326091	Sharma Products Limited	At Post Budhagaon Taluka - Miraj, Sangli, Maharashtra	S3-135444235	Sharma Services Limited	#A-6 At Post Budhagaon Taluka - Miraj, Sangli, MH
false_merge	0.9128795355001521	S1-119696529	Ujjaraj Projects	Plot No.2, River Bank Colony 3 Navi Ullah Road, Lucknow, Uttar Pradesh	S3-407202972	Ujjjaraj Projects Córp	#11, River Bank Colony 3 Navi Ullah Road, Lucknow, Aminabad, UP
false_merge	0.7043374730465725	S1-935442935	Precision Chemical Union	6271 375, Bargersville, IN	S2-817800583	Precision Chemical Union Co	BARGERSVILLE, IN, 627 375
false_merge	0.653802220902565	S1-311770641	Sun Infrastructure Private Limited	H. No-258, Flat No A-1 G/F Lane No-4 Aquarium Apptt, Westend Marg, Saibulajab, Delhi, New Delhi, Delhi	S3-279085049	सन इंफ्रास्ट्रक्चर प्राइवेट लिमिटेड	South West Delhi, H.no 9G/F Block-a-1, DL, New Delhi
false_merge	0.9969590134943723	S1-601336077	Peacock Services Private Limited	252/K/1-A 3E Ward Suyog Bhavan Suyog Bhavan Bavada Road, Kolhapur, Maharashtra	S2-273479373	Peacock Private Limited Services	
false_merge	0.6852982897081462	S1-793883079	Greenko & Sons Private Limited	Office No 25, Third Floor, International Market, Siliguri, Darjiling, Darjeeling, West Bengal	S3-959684934	Greenko-& Sons Private Limited	
false_merge	0.9993995272056402	S1-987514522	Brightay Permian	6910 Sun River Drive, Fishers, IN	S2-489514546	Brrightay Permian	6910  SUN RIVER DRIVE, FISHERS, IN
false_merge	0.8039286855746138	S1-419330040	Vision Peak Associates	Unit Apartment 1, Glens Falls, NY, 12 Nelson Street	S2-109068602	Vision Peak Associates Co	17 NELSON ST, GLENS FALLS, NY
false_merge	0.9333544446891651	S1-743581357	Innovative Investments Private Limited	A-295/1, Okhla Industrial Area Phase-1, New Delhi, Delhi	S3-111496121	इनोवेटिव इन्वेस्टमेंट्स लिमिटेड	New Delhi, A-295/8, DL, Okhla Industrial Area Phase-1
false_merge	0.8256108020757573	S1-378962993	Ee Consultancy	J-02/4:16 Spaghetti Sector-15 Kharghar, Navi Mumbai, Raigarh, Maharashtra	S3-205235160	econsultants.com	2, Mumbai, Mumbai City, MH
false_merge	0.7043052615194572	S1-14594181	Anil Processing Private Limited	43, 1St A Cross, Rajamahal Vilas Extn Mekri Circle, Bangalore, Karnataka	S2-491286175	Sri Anil Processing Private Limited	
false_merge	0.9794535544546729	S1-49593723	Kps (India) System Co	Flat No.103, Golden Nest, Bldg D, Phase 10 Kashimira Road, Bhayandar East, Thane, Maharashtra	S2-379106944	kps kps (india) system corp	
false_merge	0.984137822903601	S1-185878197	Davis Sprott LLC	4656 Littlebury Drive, Fl 0, Saint Louis, MO	S2-810630665	DAVIS SPROTT	
false_merge	0.7724627039075826	S1-635083851	Siddh Buildcon Co	V.P.O.-Diwana, Tehsil-Panipat, Panipat, Haryana	S2-651211247	Siddh Búildcon Limited Center	
false_merge	0.9855029236648352	S1-560550784	Premier Products	Sr. No. 36/1/1 B, Olympia Phase-1 Office No.702, Mumpune City, Pune, Maharashtra	S2-849005069	Dovaonyx	SR. NO. 36/1/1 B, OLYMPIA PHASE-1 OFFICE NO.702, MUMPUNE CITY, PUNE, Maharashtra
false_merge	0.6569654536504055	S1-779639572	East Third, LLC	421 Congress Avenue, City Of Havre De Grace, MD	S2-208197692	East Third Llc Llc	
false_merge	0.7155747328803793	S1-25315825	Atlantic Association IV	5 Porter Avenue, MA, Braintree	S2-566446279	Atlantic Association KIV	6 PORTER AVENUE, BRAINTREE, MA
false_merge	0.9794187254593956	S1-700824707	Ziraraj Financial Ltd	New No.29, Old No.15A H M Centre, 3Rd Floor, Nungambakkam High, Road, Nungambakkam, Chennai, Tamil Nadu	S3-305553424	zirartis financial ltd	New No.29, Chennai, TN
false_merge	0.8040934028286063	S1-212356471	Mayank Mark Private Limited	C/O Singh Shiva Ashok, F. No.703, Bld2, Rashmi, Vasai, Thane, Maharashtra	S2-769479933	Private Mayank Dines Limited	F. NO.703, BLD2, RASHMI, DOOR NO 55- C/O SINGH SHIVA ASHOK, VASAI, THANE, Maharashtra
false_merge	0.7588417660795072	S1-378180962	Mikus and Wise Air Inc.	1012 Browns Ferry Road, Chattanooga, TN	S3-545845426	Mikus and Wise Air Llc	
false_merge	0.7259045766167014	S1-1235487	Fortune Lotus Care Private Limited	7-70/10, Ayyappa Colony Dammaiguda, Nagaram Post, Kesara Mandal, Secunderabad, Hyderabad, Telangana	S3-387513505	Fortune Lotus Private Limited Center	
false_merge	0.9994496300714607	S1-57989441	Indrora Chess	House No. 15, Scheme No. 6 Kumbha Nagar, Chittorgarh, Rajasthan	S2-902425200	Inndrora Chess	HOUSE NO. 15., SCHEME NO. 6 KUMBHA NAGAR, राजस्थान
false_merge	0.9678287668273894	S1-170774061	CM Solutionsprivate Pvt. Ltd.	Flat 103, Plot No 36, Sejal Devel Sector 18, Kharghar, Kharghar, Raigarh, Maharashtra	S3-352290066	CMK Solutionsprivate Pvt. Ltd.	Flat 103, Raigarh, महाराष्ट्र, Plot No 36, Sejal Devel Sector 18, Kharghar, Raigarh (MAHARASHTRA)
false_merge	0.9802644847568264	S1-369457975	Kritin Services Pvt. Ltd.	D-160Basement Saket, New Delhi, South Delhi, Delhi	S2-71258681	PVT. KRITTIS SERVICES LTD.	D-160BASEMENT. SAKET, SOUTH DELHI, NEW DELHI, Delhi
false_merge	0.9988690426080297	S1-464948944	Jarlio Bsp PLLC	8849 Terrace Ridge Court, Pickerington, OH	S3-837763452	Jarrlio Bsp	08849 Terrace Ridge Ct, PMB 2381, Pickerington, Ohio
false_merge	0.9570809663261104	S1-41805186	Aarvva Agro Pvt Ltd	Awfis, 01St Floor, Parinee Cresenzo, C-38-39, G Block, Bandra Kurla Complex, Bandra East Bkc Mumbai, Mumbai, Maharashtra	S2-971767284	Aarrvva Agrro Pvt (Ltd)	#51- AWFIS, 01ST FLOOR, PARINEE CRESENZO, C-38-39, G BLOCK, BANDRA KURLA COMPLEX, BANDRA EAST BKC MUMBAI, MUMBAI, Maharashtra
false_merge	0.9018235093751232	S1-407518615	Heritage Staffing Enterprises Inc.	16130 Waterbury Bend, Granger, IN	S3-7806545	Heritage Staffing Enterprises	
false_merge	0.9992483876960722	S1-685195143	Novyn Ithax LLC	Charlotte, NC, 13820 Queens Harbor Road	S3-518812662	Novvyn  Ithax L.L.C.	13820 Queens Harbor Rd, Charlotte, North Carolina
false_merge	0.8261646491989428	S1-811837545	Vantora Core	323 Forest Park Road, Unit 14, Nashville, TN	S3-291004695	Vanntora CORE	325 Forest Park Road, # 14, Nashville, Tennessee
false_merge	0.7109217596839529	S1-15391572	Ivenyx Residential	974 Colorado Avenue, Whitefish, MT	S2-997487142	Ivonyx Center	974 COLORADO AVENUE, WHITEFISH, MT
false_merge	0.7692921203154546	S1-475880699	Spectro Agencies Private Limited	Flat No.-32, Harit Niketan West Enclave, Pitampura, Delhi, North West, Delhi	S2-638190518	SPECTRO AGNMCEIS PRIVATE LIMITED	
false_merge	0.8438688344502628	S1-578507408	International Investment Private Limited	43, Functional Industrial Estate, Patparganj, North East, Delhi	S3-616756653	इंटरनेशनल इन्वेस्टमेंट प्राइवेट लिमिटेड	31, Delhi, North East Delhi, दिल्ली
false_merge	0.8318885136511235	S1-204000053	Kestium Spacsphere P.C.	7776 Sherfick Lane, Shoals, IN	S2-306569180	KESTIUMYN SPACSPHERE P.C.	7776 SHERFICK LANE, SHOALS, IN
false_merge	0.6957062360691976	S1-850124488	Swastik Services Private Limited	S-44, Greater Kailash-Ii, New Delhi, Delhi	S3-348257811	Sarasari Private Limited Center	S 44 Greater Kailash Ii, New Delhi, South Delhi, DL
false_merge	0.9150252781799223	S1-507110961	Better Chase	2234 Caldwell Avenue, Simi Valley, CA	S2-989618376	BETTER CHASE CHASE	
false_merge	0.9671874607054621	S1-549420937	Ujjain Digitals	Mumbai City, Mumbai, Maharashtra, Vasantrao Naik Marg Shramjivi Nagar, Shell Colony Road, Chem, Bur, Ambe Mata Mandir	S2-982831978	>> Ujjjain Digitals (ID: (33150))	NO G-25 AMBE MATA MANDIR, BOMBAY, MUMBAI CITY, Maharashtra
false_merge	0.9314548885708656	S1-209591569	Vantex Southwest LLC	805 Central Avenue, Locust, NC	S3-7256790	Vantexa Southwest LLC	80 Central Avenue, Locust, North Carolina
false_merge	0.8072320273620406	S1-149929467	Arihant Builders Pvt Ltd	8 Bentinck St, Kolkata, Howrah, West Bengal	S2-801772014	Tavodrex	H.NO 895 8, BENTINCK STREET, KOLKATA, HOWRAH, CALCUTTA, West Bengal
false_merge	0.6984077611202961	S1-329192070	Trilok & Associates Pvt. Ltd.	Krishti Nest, 3Rd Floor, Flat 302, Kalipark, Rajarhat, North 24 Parganas, West Bengal	S3-443402768	Trilok & Associates Pvt. Ltd. | www.triloka.com	
false_merge	0.8141666214570631	S1-693586355	Golden Group of Companies	D-204 Sr.No 285/2, Shreenidhi Porwal Road, Pune City, Pune, Maharashtra	S2-970970374	Golden Group  of	D-C-204 SR.NO 285/9, SHREENIDHI PORWAL ROAD, PUNE CTIY, महाराष्ट्र
false_merge	0.8570309950144737	S1-252159623	Prompt (India) Technology Limited	C/O Arjun Kumar, C-6/4314, Rjp, Lucknow, Uttar Pradesh	S3-424951103	Prompt (India) Limited Services	Door No 21 C/o Arjun Kmar, C-6/4314, Rjp, Lucknow, UP
false_merge	0.999609913774583	S1-921780845	Jarlova Ventures Inc.	DC, Washington, Unit 2, 1809 18th Street	S2-412569318	Jarrlova Ventures	1809 18TH STREET, WASHINGTON, DC
false_merge	0.8836158338505716	S1-470410082	Kimberly Johnson, L.C.S.W., P.C.	2475 Pecos Road, Fl 0, Chandler, AZ	S2-17493544	Avizeta	002475 PECOS ROAD, N/A, CHANDLER, AZ
false_merge	0.6564053786789572	S1-488460327	Solex Mustang	16544 119th Avenue, Renton, WA	S2-466451400	Solox Mustang	6544 119TH AVE, RENTON, WA
false_merge	0.8539138936918632	S1-717080901	Highland Networks	15243 Hastings Drive, Dolton, IL	S2-508469667	HIGHLAND NETW0RK	
false_merge	0.7911471712205362	S1-911559315	FW Hcm	2201 Roark Valley Drive, Unit Unit 3811A, MO, Branson	S2-724001078	TW HCM	2201 ROARK VALLEY DRIVE, BRANSON, MO
false_merge	0.998343178627997	S1-133766725	Housing Foundation III LLC	57 Herring Avenue, Galesburg, Fl 1, IL	S3-671064137	Housing-Foundation II  LLC	57 Herring Ave, PMB 8245, Galesburg, Illinois
false_merge	0.6591865878121985	S1-612927351	BE Engineering Pvt Ltd	B-267, Shastri Nagar, Bhilwara, Rajasthan	S3-748366693	NBE Enginseirng Pvt Ltd	B-0267, Shastri Nagar, Bhilwara, RJ
false_merge	0.6787453982626973	S1-558225286	All Software Holdings	5802 Avalon Court, Nashville, TN	S3-877788785	All [Software]	
false_merge	0.9240097308522809	S1-763009088	Surgical Partners LLC	1003 Kennedy Drive, Unit Apt A, Norton, KS	S3-420690468	Surgical Partners	# Apt A, Kansas, 101 Kennedy Drive, Norton
false_merge	0.7292960726440908	S1-925673457	Nsk India Private Limited	Gat. No. 73, Kedgaon Bhandgaon Siv Rasta Bhandgaon, Tal. Daund, Pune, Maharashtra	S2-538861869	NSK India Private Límited	
false_merge	0.8650059849958283	S1-77033429	Wray Ftai LLC	1711 Trinity Rose Drive, Prescott, AZ	S3-473088476	Sorbello Ftai-LLC	1711 Trinity Rose Drnve, Prescot, Arizona
false_merge	0.9291457516906576	S1-788936542	Ujjaraj Systems Private Limited	H.No. -1/84, First Floor Sadar Bazar, Delhi Cantt., New Delhi, West Delhi, Delhi	S3-869260463	Private Ujjjaraj Systems Limited	H.no. -1/105, New Delhi, West Delhi, DL
false_merge	0.7331701176788797	S1-782813000	Lumial Deli Co	2 Crow Hill Road, Stafford, CT	S2-180624754	Lumiel Deli Company	002 CROW HILL ROAD, STAFFORDS PRINGS, CT
false_merge	0.729999993407259	S1-852578781	Piedmont Charities VI	1284 1290, Payson, UT	S3-275978027	Piedmont Charities VSI	1284 1290, Payson, Utah
false_merge	0.8533118351206952	S1-660212046	Cascade Partners	1316 Richland Drive, West Memphis, AR	S3-42994769	Cascade Prgesr Partners	West Memphis, 337 Richland Drive, Arkansas
false_merge	0.9864350519823355	S1-537295340	Urban Ventures Private Limited	Flat No.6, Pune, S. No. 15/1B, Varad Shree Apartment, Ganesh Nagar, Opposite Tinytots School, Dhayari, Maharashtra	S3-410593958	Urban Ventures Prilate Limited	Office No 6, Pune City, Pune, महाराष्ट्र
false_merge	0.9890068051028302	S1-907215272	Housing Fund IV	750 Hawthorn Row, Vernon Hills, IL	S2-798013206	Brixfaye	750 HAWTHOEN ROW, VERNON HILLS, IL
false_merge	0.944527586751295	S1-275330963	Orbari Mae Inc	432 Country Club Court, Clarksville, TN	S2-160220870	Orbary Mae Inc	432- COUNTRY CLUB CT, CLARKSVILLE, TN
false_merge	0.8597873286821688	S1-560165273	Mumbai Bellows Private Limited	Maharashtra, Bharat Diamond Bourse, G Block, Bandra Kurla Complex, Bandra (E), Gw 4010, Mumbai, Mumbai City	S2-982202092	Mumbai Belers Private Limited	
false_merge	0.73536169557403	S1-319882162	Great It LLP	Bhiwani, 1777, Bapora, Haryana, First Floor	S2-366173703	Great It Hardware LLP	NO 75 FIRST FLOOR, 1777, BAPORA, BHIWANI, हरियाणा
false_merge	0.8315686072318175	S1-822391359	Ferrara Ridge, LLC	Caneyville, KY, 509 Morgantown Street, Unit 9	S2-310312181	FERRARAYN LLC CENTER	509 MORGANTOWN SAINT, CANEYVILLE, KY
false_merge	0.943432665207055	S1-423860957	Chandrendra Labs Private Limited	C/O.- Bidhan Chandra Hati, Banamalipur P.O Keshabpur, Hooghly, West Bengal	S3-266094764	chandrendri labs private limited	C/o.- Bidhan Chandra Hati, Banamalipur P.o Keshabpur, Hooghly, WB
false_merge	0.9958169936621505	S1-12498517	Indraya Solutions Private Limited	D.No.4-42-21A, Synic School, P&T Colony, Tadepalligudem Wg Dist, Andhra Pradesh	S2-660969004	Inndraya Solutions Private	D.NO.004-42-42A , SYNIC SCHOOL, P&T COLONY, Andhra Pradesh
false_merge	0.9998752340268966	S1-203552524	Aarvva Intercontinental Limited	F No.103 T/F Sheikh Sarai, New Delhi, South Delhi, Delhi	S3-995435305	Aarrvva Intercontinental Limited	F No.103 T/f Sheikh Sarai, New Delhi, South Delhi, DL
false_merge	0.8970163068888325	S1-501845257	Meentech Gases Pvt. Ltd.	Plot No.A-2, Sector-38A, Noida Unit No.Fb-103, Noida, Gautam Buddha Nagar, Uttar Pradesh	S3-568571928	Meentex Gases Pvt. Ltd	Plot No.a-2, Sector-38a, Noida Unit No.fb-103, Noida, Gautam Buddha Nagar, UP
false_merge	0.7090118260313444	S1-637047933	Aditan Financial Private Limited	213 To 216, Jolly Bhavan No 1, 10 New Marine Lines Vitthaldas Thackarsey Marg, Churchgate, Mumbai, Mumbai City, Maharashtra	S2-868109772	ADITELL FINANCIAL PRIVATE LIMITED	B3/215 TO 216, JOLLY BHAVAN NO 1, 10 NEW MARINE LINES VITTHALDAS THACKARSEY MARG, CHURCHGATE, MUMBAI, महाराष्ट्र
false_merge	0.9988539278340219	S1-485474243	Aditya Trading	No.1/1, Vinayaka Tower, 1St Cross, Gandhinagar, Bengaluru, Bangalore, Karnataka	S3-103891582	Aditya Trading Limited	No.1/1, Vinayaka Tower, 1St Cross, Gandhinagar, Bangalore, KA
false_merge	0.8827342804309471	S1-451917816	Ss Business Private Limited	B 164, Sector 92, Noida, Gautam Buddha Nagar, Uttar Pradesh	S2-504858221	जय बिजनेस प्राइवेट लिमिटेड	NOIDA, GAUTAM BUDDHA NAGAR, Uttar Pradesh, B-82 SEC 92
false_merge	0.9811154301615113	S1-847959573	Indo Projects Private Limited	Plot No.38, Sy.No.64, Madhapur, Shaikpet, Hyderabad, Telangana	S3-461148377	ଇଣ୍ଡୋ ପ୍ରୋଜେକ୍ଟସ୍ ପ୍ରାଇଭେଟ୍ ଲିମିଟେଡ୍	Plot No-64, Bhubaneswar, Khordha, OD
false_merge	0.9411630418668976	S1-77442893	Chandrendra Estate Private Limited	Navsari, Gujarat, Plot No 2-P & 3G I D C Antalia-25 Via-Bilimora Dist, Valsad	S3-920844228	CHANDRENDRI ESTATE PRIVATE LIMITED	GJ, Navsari, Valsad, Door No 2-P- & 3G I D C Antalia-25 Via-bilimora Dist
false_merge	0.9708958063408684	S1-939881756	Raviaksh Polymers Limited	Bangalore, Karnataka, C 1502, Sattva Gold Summit, Hennur Main Road, Kothnur Village	S2-60478070	Ravieksh Polymers-Ltd	C 1502, SATTVA GOLD SUMMIT, HENNUR MAIN ROAD, KOTHNUR VILLAGE, BANGALORE, Karnataka
false_merge	0.9644845093231681	S1-958897142	Sanand Systems Private Limited	Sanand, Ramapirtemple, Bs Gokulngr, Ahmedabad, Gujarat, 49/1 Parsottam Ngr Nr	S3-586732658	Noviwex	GJ, 49/1 Parsottam Ngr Nr, null, Ahmedabad, Sanand
false_merge	0.9495524642626212	S1-812441019	Ziraraj Software Limited	Shop, B-32 Pramukh Arcade, Near Rajdhani Society Village : Kudasan, District : Gandhinaga, R, Gandhinagar, Ahmedabad, Gujarat	S3-628851688	Limited Zirartis Software	Shop, null, ગુજરાત, Gandhinagar
false_merge	0.8866383414362581	S1-866838535	Novent Navigation LLC	3 Troy Street, Peabody, MA	S2-15368413	NOVEIQUE NAVIGATION L.L.C.	3 TROY STREET, PEABODY, MA
false_merge	0.7608933832845696	S1-456639851	Value Urban LLC	Darien, NY, Unit Site 1169, 9993 Alleghany Road	S2-494939313	Value Urban Inc	9995 1/2 ALLEGHANY RD, DARIEN, NY
false_merge	0.9031821328605434	S1-643272045	Department of Housing	3116 Breyer St SW, Cedar Rapids, IA	S2-262354517	trusthousingcedar.com	3116 BREYER ST SOUTHWEST, CEDAR RAPIDS, IA
false_merge	0.9606711166274424	S1-804287238	Ivenent Cherry	5384 Oconnell Street, Canal Winchester, OH	S3-336937148	Ivvenent Chmyer	5384 Oconnell Saint, Canal Winchester, Ohio
false_merge	0.9574367607095013	S1-450660244	Clyay Sachs	Goodyear, 17871 Nighthawk Way, AZ	S2-159092384	Klyay  Sachs	17871 NIGHTHAWK WAY, GOODYEAR, AZ
false_merge	0.8561857447005446	S1-10124869	North Advanced States	775 100, Unit 513, Salt Lake City, UT	S2-38046326	North Advanced  Center	
false_merge	0.9427476560016543	S1-831929023	Glyphus Nextera LLC	11025 Carolina Place Parkway, Unit A25, Pineville, NC	S3-728441121	Llc Glyfus Nextera	##11025 Carolina Place Pkwy, # A25, Pineville, North Carolina
false_merge	0.911855319734434	S1-533460711	Long Preparatory Academy, Inc	OH, 1242 Frederick Street, Lancaster	S3-407790837	Ko Inc Academy Preparatory	001242 Frederick Street, Lancaster, Ohio
false_merge	0.6577442560856296	S1-30950819	Amritsar Housing Private Limited	458/11 Gali Churgarh, Khoo Korian I/S Lohgarh, Amritsar, Punjab	S3-160936374	Amritsar Housing Private Ltd	
false_merge	0.9992824932131785	S1-328631030	Lumio Estate LLC	16304 Adams Street, Omaha, NE	S3-869764270	Lummio Estate	6304 Adams Street, Omaha, Nebraska
false_merge	0.730438233954032	S1-141953283	Classic Willow	MN, 1121 Mount Curve Avenue, Minneapolis	S2-867834626	Classic Willow Inc	112 MOUNT CURVE AVE, MINNEAPOLIS, MN
false_merge	0.7780188702782525	S1-779782494	Zephyr Inc	5 Hamaspik Way, Kiryas Joel, NY	S2-721582689	Zephnyla	3-C KARLIN BLVD, KIRYAS JOEL, NY
false_merge	0.9571077840212702	S1-321645157	Hart Nuveen, LLC	NC, Hickory, 1956 10th Street Boulevard	S2-285134093	Cirakelo	1956 10TH STREET BOULEVARD, NC, HICKORY
false_merge	0.9479429145218676	S1-822405569	Best Classic Adr	131 Howland Road, Westport, MA	S3-903426565	Best Classic Adr, [[Inc.]]	
false_merge	0.7588731799326165	S1-701109158	Rajlaxmi Hospital	7-9-2/02, Eeshwaraiah Enclave Dammaiguda, Hyderabad, Telangana	S3-431588281	Rajlaxmi Hospital [Limited]	G-7-9-2/15, Eeshwaraiah Enclave Dammaiguda, Hyderabad, TG
false_merge	0.6660072547122109	S1-125683878	Lundberg Systems LLC	1686 Mason Knoll Court, Fl 0, Saint Louis, MO	S2-871898422	*** HAVERLAND SYSTEMS LLC	1686  MASON KNOLL COURT, SAINT LOUIS, MO
false_merge	0.9842287409751875	S1-778203097	MLE Leather Private Limited	C/O. Titan Eye Plus, Ground Floor Po Village Ps Domjur, Foker Doken, Howrah, West Bengal	S2-580315366	DLE Leather Private Limited	C/O. TITAN EYE PLUS, GROUND FLOOR PO VILLAGE PS DOMJUR, FOKER DOKEN, HOWRAH, West Bengal
false_merge	0.9949747602613392	S1-921541903	Praniya Products Private Limited	70, Ward 2, Na, Fazilpur Badli, Farrukh Nagar, Gurgaon, Haryana	S3-350826316	Prraniya Pr0ducts Private Limited	7-9, Ward 2, Na, Fazilpur Badli, Farrukh Nagar, हरियाणा
false_merge	0.969095438522234	S1-163980733	New Delhi Placements Private Limited	F-12/1 T/F L/S, Malviya Nagar, Near Bus Tarminal, New Delhi, South Delhi, Delhi	S3-574640131	Delhi Placements	Shop No.12/1, North Delhi, Delhi, DL
false_merge	0.9772803199666428	S1-571736334	Diamond Liberty	14530 240th Street, Miesville, MN	S3-680460078	Diamond [Liberty]	
false_merge	0.7243356603908496	S1-795930755	TKJ Platform Private Limited	91, M. G. Road Santashree Pally Ground Floor, Kolkata, Kolkata, Howrah, West Bengal	S2-814425101	TKJ Platform Limited	12, M. G. ROAD SANTASHREE PALLY GROUND FLOOR, KOLKATA, KOLKATA, West Bengal
false_merge	0.9684518811626566	S1-454992034	Bharat Blue Media Private Limited	1, Floor G, Plot 3, Bapu Smruti, Babulnath Road, Near Babulnath Temple, Grant Road, Mumbai, Mumbai City, Maharashtra	S2-50087129	mhhardwarecom	FLOOR-1, PLOT -3, BAPU SMRUTI, BABULNATH ROAD, BABULNATH TEMPLE, GRANT ROAD, MUMBAI, Maharashtra
false_merge	0.9525444558377982	S1-916067959	Big Developers Private Limited	3Rd Floor, Mansani Classic, Door No. Scb-3-02-034, Plot No. 48, Asbestos Colony, Opposite Lane To Kfc, Karkhana, Secunderabad, Tirumalagiri, Hyderabad, Telangana	S3-481643703	Private Pik Developers Limited	H. No. 3-2-A, 3Rd Floor, Kamla Nagar, Delhi, North Delhi, दिल्ली
false_merge	0.7409788474205702	S1-320990993	Nagam International	Sajidbhai Patel, Mahudi, Bhagol 6 Paiki, Dabhoi (M), Dabhoi, Vadodara, Gujarat	S2-901625583	Nagari International	NO 76 SAJIDBHAI PATEL, MAHUDI, BHAGOL 6 PAIKI, DABHOI (M), DABHOI, ગુજરાત
false_merge	0.7035544350499756	S1-634323628	XK Heritage Microelectronics PLLC	501 Frank Road, Reidsville, NC	S3-635969105	XVK Heritage Microelectronics PLLC	0501 Frank Rd, Reidsville, North Carolina
false_merge	0.99364413661988	S1-539124804	Marin Highland Nova P.C.	421 Vince Street, Unit 1, Village Of Pardeeville, WI	S3-816923650	Marin Highland (Nova)	
false_merge	0.9689640526829859	S1-432389336	Shulman, Faustine, DPM	7010 Riata Drive, Redding, CA	S2-70131274	Shulman, Faustine, DPD	CA, REDDING, 7010 RIATA DRIVE
false_merge	0.7133955789285699	S1-667710272	Sweet Hair Studio	1452 Mertensia Road, Farmington, NY	S2-372957969	SWEET HÁIR STÚDIO LTD	1453 MERTENSIA RD, FARMINGTON, NY
false_merge	0.8249240810427445	S1-495187468	Real International LLP	115, Cotton Street, 2Nd Floor, Kolkata, Howrah, West Bengal	S2-574658021	রিয়েল ইন্টারন্যাশনাল	#13 ARMENIAN STREET, 2ND FLOOR, KOLKATA, HOWRAH, West Bengal
false_merge	0.9800342580231496	S1-990589478	Hunger Federation Partners	Bullhead City, AZ, 2905 Esmerelda Drive	S3-908128970	Hunger Federation  Partners	
false_merge	0.9995199391520162	S1-513064811	Yamuan Apartments Private Limited	Delhi, Sat Nagar Karol Bagh, 11803/6, New Delhi	S2-35564089	Yammuan Apartments Private	Delhi, 11803/6 , SAT NAGAR KAROL BAGH
false_merge	0.8495179033461123	S1-760140031	W/G Perimeter Partners	911 4th Street, IA, Correctionville	S2-73446441	Ariaveo	FIR STREET, IA, CORRECTIONVILLE
false_merge	0.9994556946913743	S1-318222056	Vantora Computing Ltd	1618 Woodstock Lane, Fairfax County, VA	S2-196160303	Vanntora Computing	1618 WOODSTOCK LANE, FAIRFAX COUNTY, VA
false_merge	0.6878485510668527	S1-648233936	Donegan Delta Innovations Group	10125 Commercial Avenue, Chicago, IL	S2-59230477	Donegan Delta Group lnnovations	
false_merge	0.9986344408927236	S1-888063503	Verriq Deli	8582 Nels Nelson Road, Bremerton, WA	S2-543189803	Verrriq De1i	8582 Nels Nelson Rd, BREMERTON, WA
false_merge	0.677247775017315	S1-902535862	Malappuram Commerce Private Limited	C/O:Raicemon George, Anikkal House, Malappuram, Perinthalmanna, Malappuram, Malapuram, Kerala	S2-122337730	Malappuram Commerce Limited	#22 C/O:RAICEMON GEORGE, ANIKKAL HOUSE, MALAPPURAM, PERINTHALMANNA, MALAPPURAM, കേരളം
false_merge	0.7357225088660448	S1-615697972	Children's Ministries	NC, Mocksville, 1084 Eatons Church Road	S2-583313392	JAXMIRA	NC, MOCKSVILLE, EATONS CHURCH ROAD
false_merge	0.6658403857019163	S1-490123111	Ivenon Medicines Inc	106 Vineyard Street, Weatherford, TX	S2-248682658	Ivvenon Medicines Incorporated	110 VINEYARD ST, WEATHHERFORD, TX
false_merge	0.8053857317008775	S1-437308289	West Quality, LLC	6613 Villa Madera Drive, Lakewood, WA	S2-288784581	WEST QUALITY	
false_merge	0.9287304329615795	S1-354309984	Nagaya Science Pvt. Ltd.	Upvan Society, Kansa, Visnagar, Mahesana, 60, Gujarat, Mahesana	S3-170012784	Nagayaer Scíence Pvt. (Ltd.) #50198	60, Upvan Society, Kansa, Visnagar, Mahesana, GJ
false_merge	0.7118570852470799	S1-870433558	Mumbai Farmer Private Limited	One Indiabulls Centre, 14Th Floor, Tower One Jupiter Mills, Elphinstone Road, Mumbai, Mumbai City, Maharashtra	S3-836465753	Mumbai  Farmer	One Bkc, Mumbai, MH
false_merge	0.9443217839395633	S1-370428743	Ziraya Realcon Limited	Flat No27 Vishram Griha Chssector-6 Shree Nagar Wagle Estate, Thane, Maharashtra	S2-687700147	Zirayi  Realcon Limited	27 VISHRAM GRIHA CHSSECTOR-6 SHREE NAGAR WAGLE ESTATE, THANE, Maharashtra
false_merge	0.8703636993035051	S1-844536051	Kestium Association Clinic	Montgomery, AL, 118 Nottingham Court	S2-161326289	KESTIUMYN  ASSOCIATION [CLINIC]	118 NOTTINGHAM CT, MONTGOMERY, AL
false_merge	0.6502524607654631	S1-283006585	Aspen Public School	P.N.-28, Pratap Vihar Near Kardhani-D, Jaipur, Rajasthan	S3-973315228	Aspen Public School	
false_merge	0.9991169165142932	S1-572846966	Ivenium Supply PLLC	2515 Geiger Boulevard, Unit 17, Spokane, WA	S3-14157295	Ivvenium PLLC Supply	2515 Geiger Boulevard, # 17, Spokane, Washington
false_merge	0.9456132484173321	S1-123332822	HW Hospitality Private Limited	8/1, Middleton Row 3Rd Floor, Kolkata, Kolkata, Howrah, West Bengal	S3-537636607	Novivantagezeph	8/1, Middleton Row 3Rd Floor, Kolkata, Howrah, WB
false_merge	0.9473438142360637	S1-473222688	Mahaveer Technology Private Limited	Maharashtra, Pune, Pt No. Old 1, Pune, New 10, Sant Eknath Co-Op Hsg So, S. No. 679/80, Bibvewadi	S2-196854992	Mahaveer Technology  Limited	PT NO. OLD 10, NEW 10, SANT EKNATH CO-OP HSG SO, S. NO. 679/80, BIBVEWADI, PUNE, Maharashtra
false_merge	0.9748150520082645	S1-917561655	Lopez Manufacturing LLC	316 King Richard Court, Jacksonville, NC	S3-906729071	Rilhe	00316 King Richard Ct, Jacksonville, North Carolina
false_merge	0.9216239280286712	S1-84341975	GQE Traders Pvt. Ltd.	26, Rest House, Off Brigaderoad, Bangalore, Karnataka	S2-695969637	CQE Traders | www.cqetrader.com	Karnataka, PLOT 313 26, REST HOUSE, OFF BRIGADEROAD
false_merge	0.728346564815969	S1-265715466	Apoorva Buildtech (India) Private Limited	15/79, Civil Lines, Kanpur, Kanpur Dehat, Uttar Pradesh	S3-303857349	Apoorva-Buildtech (Iida) Limited	15/82, Kanpur Dehat, UP
false_merge	0.8462458568610225	S1-46596613	Express Creative Corporation	1932 Springfield Avenue, Salem City, VA	S3-805214880	Express Creative #51723	
false_merge	0.6684852221637204	S1-911805408	Ace Fortunex	13699 Deepwater Mountain Road, WV, Robson	S2-620024875	THE  ACE FORTUNEX	
false_merge	0.979334111368945	S1-574487175	North Food Private Limited	S-264, Greater Kailash - I, New Delhi, Delhi	S3-954129039	North Limited Food	S-278, Greater Kailash - I, New Delhi, DL
false_merge	0.9691927902206737	S1-178167631	Indrendra Lab	H No 13-37, Doctors Colony Jayanagar, Gulbarga, Karnataka	S3-436916870	Inndrendra Lab-Ltd	H No 13-46, Gulbarga, KA
false_merge	0.970962106022342	S1-688505688	Lumium Fund, Inc.	Unit E, Dublin, 5699 Briardale Court, OH	S3-258598050	lumiari fund, inc.	569 Briardale Ct, Unit E, Dubln, Ohio
false_merge	0.8705363492454843	S1-391050143	Balaji Industries Private Limited	Ground Floor, Plot No.9B, Survey No.92, Sanket Park, Pune City, Pune, Maharashtra	S3-491829780	Dr Balaji Industries Limited	No 039 Ground Floor, Pune, MH, Plot No.9b, Survey No.92, Sanket Park
false_merge	0.7963433401374648	S1-753477967	Sahyog (India) Software Pvt Ltd	Yadav Park, Kammrudin Nagar Najafgarh, New Delhi, West Delhi, Delhi	S2-229965154	Sahyog (Inoia) Sterling Pvt Ltd	H.NO 41 YADAV PARK, KAMMRUDIN NAGAR NAJAFGARH, NEW DELHI, दिल्ली
false_merge	0.6921931296527228	S1-718849946	Innovative Kochav	450 Village Green Circle, Princeton, WV	S2-135182242	Innovative Kodocav	
false_merge	0.7824850688153385	S1-184317903	Peridus Iron Works	2602 Estate Drive, TX, Deer Park	S2-429026978	Peridell Iron	DEER PARK, 2602 1/2 ESTATE DRIVE, TX
false_merge	0.8403748638087704	S1-814744802	Perfect Infotech Private Limited	3-5-873/A/G/5, Mathrushree, Apartment, Hyderguda, Himayathnagar, Hyderabad, Telangana	S3-35639133	Perfect Infotech Limited	3-5-873/A/G/9, Himayathnagar, Hyderabad, TG
false_merge	0.9220083872783849	S1-959814583	Nelson Best Travel LLC	13011 Meridian, Puyallup, WA, Unit #O301	S2-636883549	Nylasyn	13011 MERIDIAN, null, PUYALLUP, WA
false_merge	0.8734436956426692	S1-625927885	Suryaendra Textiles Public Limited	C/O Rameshwar Dayal, 4479, New Patel Nagar Near Sai Temple Street, Baghaura, Orai, Jalaun, Uttar Pradesh	S2-352497999	suryaendique textiles public limited - 9687929654	NO 22 C/O RAMESHWAR DAYAL, 4479, NEW PATEL NAGAR NEAR SAI TEMPLE STREET, BAGHAURA, ORAI, Uttar Pradesh
false_merge	0.9877418633831224	S1-305527947	FUN Regional Peoples LLC	220 Hacienda Drive, Waxahachie, TX	S2-39063996	FUNI PEOPLES  REGIONAL LLC	220 HACIENDA DR, WAXAHACHIE, TX
false_merge	0.99895007889917	S1-859442884	Raviam Services LLP	Sr 264/2, Fno B/10 Shrushti Apt Nr Sagar Hot, Baner Rd, Pune, Maharashtra	S2-640129103	RAVVIAM LLP SERVICE	SR 264/2, FNO B/10 SHRUSHTI APT NR SAGAR HOT, BANER RD, PUNE, Maharashtra
false_merge	0.9216276684335648	S1-228650745	Lumos Utility PLLC	1413 Wardmier Drive, Dayton, OH	S3-459695622	PLLC Lumosa Utility	1413 Wardmier Dr, Dayton, Ohio
false_merge	0.8792367147912484	S1-874447319	Jini Products Private Limited	Sun Magnetica, 5Th Floor, Lic Service Road, Louiswadi, Thane, Maharashtra	S3-800740045	Dr Jini Products Limited	No 54 Sun Magnetica, 5Th Floor, Lic Service Road, Thane, Louiswadi, MH
false_merge	0.8450746737881367	S1-721032713	Allied Society Care	5817 -108 Coastal Pointe Drive, Virginia Beach City, VA	S2-558812435	allied society care inc	5817 -129B COASTAL POINTE DR, VIRGINIA BEACH CITY, VA
false_merge	0.6901447029423563	S1-262557544	Nebeker Pharma Inc	2687 Livingston Avenue, Unit 428, Columbus, OH	S2-662900239	Beloevofaye	2687 LIVINGSTON AVENUE, COOLUMBUS, OH
false_merge	0.6730810277844372	S1-713069979	Ridge Council Inc.	3311 Foster Avenue, Chicago, IL	S2-342745833	RIDGE COHTCL INC	3324 FOSTER AVE, CHICAGO, IL
false_merge	0.8886988369784345	S1-63834692	Metro Blue Cola LLC	541 30th Street, Lincoln, NE	S3-903848151	Metro Blue Cóla LLC	Birch St, Colonie, New York
false_merge	0.8096382933206115	S1-462545932	Quanteus First LP	11951 Providence Road, Charlotte, NC	S2-774545103	KWANTEUS FIRST	NC, CHARLOTTE, 51951 PROVIDENCE RD
false_merge	0.9948269372485007	S1-872827436	Tolichowki Crop Private Limited	9-4-86/77, Salarjung Colony, Tolichowki, Hyderabad, Telangana	S3-684433366	Tolichowki Crop Limited	B3/9-4-86/86, Hyderabad, TG
false_merge	0.9998224187567181	S1-69045771	Solelle Construction Inc	323 Palmer Road, Shenandoah County, VA	S2-123826715	Sollelle Construction Inc	323 PALMER RD, BASYE, VA
false_merge	0.8970092554001339	S1-434701858	Tri-State Committee IV	2440 Mill Avenue, Unit 121, Tempe, AZ	S3-293247545	Tri-State-Committee UIV	2440 Mill Ave, PMB 2640, Tempe, Arizona
false_merge	0.8079505520563852	S1-335767531	Ziran Security Private Limited	Gujarat, Vadodara, Sf 10 Earth Icon Complex Nr Khodiyar Nagar Char Rasta Vadodara	S3-387262976	Ziranyn  Limited Private Security	Plot 609 Sf 10 Earth Icon Complex Nr Khodiyar Nagar Char Rasta Vadodara, Vadodara, ગુજરાત
false_merge	0.915869424173963	S1-241242864	Nts Remedies LLP	Tower- A, Unit No. 309, Grandslam Ithum, Noida, Gautam Buddha Nagar, Uttar Pradesh	S2-454584966	Nts Services LLP	DOOR NO 99 TOWER- A, UNIT NO. 309, GRANDSLAM ITHUM, NOIDA, Uttar Pradesh
false_merge	0.7521593428437245	S1-277749819	Tvs Consultancy Private Limited	201, Prestige Sigma, 3, 2Nd Floor, Vittal Mallya Road, Karnataka, Bangalore North, Bangalore	S3-950317853	Tvs C0nsultancy Private Limited	
false_merge	0.977924700111781	S1-218559997	Roopya Brown Pvt Ltd	Flat No.1D 153/2B, A P C Road, Kolkata, Kolkata, Howrah, West Bengal	S3-909522542	Roopique Brown Pvt Ltd	Flat No.1d 153/2B, A P C Road, Kolkata, Kolkata, Howrah, পশ্চিমবঙ্গ
false_merge	0.8558884300377231	S1-749823232	High Software Private Limited	No. 529, No. 3/2, Second Floor, Bellandur Gate, Ambalipura Sarjapura Roa, D, Bangalore, Karnataka	S2-881782260	ಹೈ ಸಾಫ್ಟ್‌ವೇರ್ ಪ್ರೈವೇಟ್ ಲಿಮಿಟೆಡ್	NO 16/3, BANGALORE, ಕರ್ನಾಟಕ
false_merge	0.8815171890699988	S1-401007031	GN Themes Private Limited	Raigarh(Mh), Maharashtra, Fl No 1504 Eden Garden, Uran, Plot No 36 Sector 54	S2-437434492	VN Themes Private	FL NO EDEN GARDEN, PLOT NO 36 SECTOR 54, URAN, Maharashtra
false_merge	0.8681484827337066	S1-958462099	Bombay Technology Private Limited	Nagapattinam, Tharangambadi, South Madavilagam., Tamil Nadu, No.3/120	S3-184763741	Bombay Technology [Limited] #42782	No.b3/3/122, Nagapattinam, தமிழ்நாடு
false_merge	0.8045366827384266	S1-218243302	Kritin Training Limited	No. 36 / 37, 5Th Cross, Parvathi Nagara, Laggere Main Road, Bangalore, Karnataka	S3-701764474	Krittis Training  Limited	No. 36 / 37, 5Th Cross, Parvathi Nagara, Laggere Main Road, Bangalore, KA
false_merge	0.9951348668728709	S1-237229319	Meenraj Management of Delhi	House No. 350, 1St Floor, Dera Gazi Khan Tarun Enclave, Pitampura, Delhi, North West, Delhi	S3-372917484	Meenrajyn Management of Delhi	House No. ##350, 1St Floor, Dera Gazi Khan Tarun Enclave, Pitampura, Delhi, North West, DL
false_merge	0.9464246234562744	S1-611655527	Sequoia Enterprises, LLC	700 7th Avenue, Galva, IL	S2-686740177	Sequoia LLC Enterprises	
false_merge	0.9669418926656468	S1-107585328	Simba International Ltd	New Delhi, B-4/13, 2Nd Floor, Main Wali Nagar, Paschim Vihar, H.No., Delhi, West Delhi	S2-474103230	Simba International	
false_merge	0.9993758666052608	S1-808755530	Verrelle Deli LLC	675 Turkey Ridge Road, Stephenville, TX	S3-392385016	Verrrelle Deli Llc	675 Turkey Ridge Road, Stephenville, Texas
false_merge	0.8851845931202759	S1-383545629	IVA Rubbers LLP	C/O Sandip Baghel, Kharpada Khedi, Post Umaria, Amla, Betul, Madhya Pradesh	S3-129791346	IVTA Rubbers L.L.P.	740 C/o Sandip Baghel, Kharpada Khedi, Post Umaria, Betul, MP
false_merge	0.8573137541261855	S1-146644029	4429 Market Drive Apartments LLC	1502 19th Street, Parkersburg, WV	S3-51112750	Xyloorbilum	102 19th St, Parkersburg, West Virginia
false_merge	0.6700699498857757	S1-944509262	Ram Enterprises Private Limited	M-163, Basement Greater Kailash-Ii, New Delhi, South Delhi, Delhi	S3-544847138	5am Enterprises Private Limited	S-081 Ground Floor Greater Kailash-ii, New Delhi, South Delhi, DL
false_merge	0.7191406098830012	S1-970993568	Value Electronics International, LLC	5816 Westpark Drive, Charlotte, NC	S3-529140566	Value Eletcrtsnofis International LLC	
false_merge	0.968766925304284	S1-561904284	Halcium Illinois Group	3102 Stonehaven Lane, Forney, TX	S2-799506748	Halciem Group Illinois	312 STONEHAVEN LN, FORNEY, TX
false_merge	0.8387922803268257	S1-797838122	Rikki's Rapid Transport	29290 Inwood Road, North Liberty, IN	S3-641140327	Rikki'S Rapid Transport Llc	2929 Inwood Rd, North Liberty, Indiana
false_merge	0.8130643421883021	S1-873951422	Primary Care Physicians Inc.	11901 Meadowgreen Street, Houston, TX	S2-82297332	primary care physicians inc	11902 MEADOWGREEN STREET, HOUSTON, TX
false_merge	0.9075180752784408	S1-541962817	Aditin Exim Corporation	H.No. 2-3-61, Shivalayam Street Peddapally, Karimnagar, Nellore, Telangana	S2-634167642	Adityx Corporation Exim	H.NO. 2-3-61, SHIVALAYAM STREET PEDDAPALLY, KARIMNAGAR, Telangana
false_merge	0.8863574345438756	S1-324650686	Anilva Farm Pvt Ltd	11, Srinivasa Road, Pondy Bazaar, Parthasarathi Puram, T. Nagar, Chennai, Tamil Nadu	S3-468197236	Anilva Fchme Pvt Ltd	
false_merge	0.8961109507624389	S1-1822974	EF Events Private Limited	38/1 Adarsh Nagar, Narmada Road, Jabalpur, Madhya Pradesh	S3-819223134	Veoveo	14, Adarsh Nagar Narmada Road, Jabalpur, Madhya Pradesh
false_merge	0.9615185007898811	S1-904897003	Great Universal Management Private Limited	Indore, Milinda'S Manor 2, R.N.T. Marg, 116-117, Madhya Pradesh	S3-208134480	Great Universal Services Private Límited	116-126, R.n.t. Marg, Indore, MP
false_merge	0.7469708695518449	S1-920223806	Nexara Xrp LLC	8424 Boise Street, Ventura, CA	S2-810735911	Nexaique Xrp LLC	8424 BOISE STREET, VNTURA, CA
false_merge	0.8628458830528106	S1-856395243	Zaify Group	TX, Laredo, 320 Segovia Drive	S2-81298221	ZAIFY GROUP CENTER	
false_merge	0.7222498827976112	S1-685647708	WD Systems Inc.	15 Silverwood Circle, Unit 7, Annapolis, MD	S2-347229238	WD Ssysitems Ínc.	
false_merge	0.7305660635007752	S1-682047162	Supra Ventures	No 1449/3280 Ward No 35 Mahalakshmi Layout Kyathasandra, Tumkur, Karnataka	S2-637967828	M/s Supra Ventures	
false_merge	0.7534723372560905	S1-313458342	PO Alphabet Harrisonburg City	1925 Buttonwood Court, Harrisonburg City, VA	S2-376918102	HARRISONBURG CITY PARTNERS	1925 DEYERLE AVENUE, HARRISONBURG, VA
false_merge	0.7689556510245839	S1-390648977	India Third Power	Thane, Maharashtra, 2Nd Floor, Thane, Office No. 209, Thacker Tower Sec17 Vashi	S3-740265522	India Third India Ltd	H.no 3Nd Floor, Thane, MH
false_merge	0.790335484612844	S1-901806898	Nagaksh Agro Private Limited	#558, 2Nd Floor, Main Road, 11Th Block, 2Nd Stage, Terige Bhavana Road, Nagarbhavi, Bangalore, Karnataka	S3-27761095	Nagacsh Agro Private Ltd	#558, Bangalore, KA
false_merge	0.9994935220974762	S1-457864354	Lumora Innovations	4308 Kimball Avenue, Chicago, IL	S3-731704607	Lummora Center	4308 Kimball Avenue, Chicago, Illinois
false_merge	0.7865078451426136	S1-850004613	LHR Secure Emera	15 9th Avenue, Milton-freewater, OR	S2-238009661	JUAREZ 5ECURE EMERA	15-A 9TH AVE, MILTON FREEEWATER, OR
false_merge	0.731471616301191	S1-27572713	Varshesh Trading Co	Khasra No.19//14/2/2, Patti Jattan, Nh-152, New Ambala Kaithal Highway, Ambala City, Ambala, Haryana	S3-953574096	Varsheyx Trading  Co	19//14/2/13, Ambala, HR
false_merge	0.9993510095146204	S1-519427032	Division of Labor	3955 University Drive, Mesa, AZ	S2-743653611	DIVISION OF	University Drive, MESA, AZ
false_merge	0.9895746628317982	S1-130322417	ZKE Highland Specialty Ltd	500 231, Troy, AL	S3-262470203	TZKE Highland	Troy, 500 231, Alabama
false_merge	0.6775063469782902	S1-485592211	Balaji High Solutions Pvt Ltd	8-2-120/112/88 & 89/7/S1, Ii Flooraparna Crest, Road No.2, Khairatabad, Hyderabad, Telangana	S3-375251046	బాలాజీ హై సొల్యూషన్స్ లిమిటెడ్	8-8-2-120/112/89 & 89/7/S1, Ii Flooraparna Crest, Road No.2, Khairatabad, Hyderabad, TG
false_merge	0.7346188319705821	S1-336557662	Kaveresh Vegetables Pvt Ltd	211, 2Nd Floor Mercantile House 15 Kasturba Gandhi Marg, New Delhi, Central Delhi, Delhi	S3-10364176	Pvt Kaverosh Vegetables Ltd	2Nd Floor Mercantile House 15 Kasturba Gandhi Marg, दिल्ली, 224., Central Delhi, New Delhi
false_merge	0.9924432390595654	S1-129477179	Bharat Great Consultancy Private Limited	House No. 202, Ground Floor Tibetian Camp, Majnu Ka Tila, Delhi, North Delhi, Delhi	S3-381132730	Bharat Great Consultancy Limited	House No. 2-205, Ground Floor Tibetian Camp, Majnu Ka Tila, Divreportingcircle, Delhi, दिल्ली
false_merge	0.8309543846738466	S1-770062388	East Smart Homes LLC	3336 Marshall Road, Ridgeway, NY	S3-100511944	Cirazeta	3336 Marshall Rd, California, Vacaville, NULL
false_merge	0.8632071415263318	S1-538389160	Midwest Ministries	136 Broadway, New York, NY	S2-268924128	Fluxveravantage	OH, TOLEDO, 136 BROADWAY SAINT
false_merge	0.9096610545144566	S1-377758515	Montance Alliancebernstein LLC	2030 Nadenbousch Lane, Inwood, WV	S3-517510158	Montanke Alliancebernstein  LLC	203 Nadenbousch Ln, Inwood, West Virginia
false_merge	0.964683696673422	S1-292558545	Vaayuora Home Pvt. Ltd.	No 29/4, Ambrosia Appartments Pycrofts Garden Road, Nungambakkam, Chennai, Tamil Nadu	S2-468156613	PVT. VAAYUOYX HOME LTD.	NO 29/4, NUNGAMBAKKAM, Tamil Nadu
false_merge	0.9061185788901168	S1-833699550	Vantus Multimedia LLC	3726 Hog Market Road, Farmville, NC	S3-869665245	Vantes Multimedia [LLC]	Farmvile, 3726 Hog Market Rd, North Carolina
false_merge	0.8166044148486982	S1-908608268	Priyanka Custodial Limited	B-5, Anand Nagar, Sitladevi Temple, Mahim (West), Mumbai, Mumbai City, Maharashtra	S3-912695589	Orbigild	A-8/5, Anand Nagar, Sitladevi Temple Mahim, Mumbai City, Mumbai, MH
false_merge	0.86418738126231	S1-977166194	Aurex Supply Inc	7228 Brick Slope Path, Austin, TX	S2-217266424	AUROX SUPPLY INC	TX, #7228 BRICK SLOPE PATH, AUSTIN
false_merge	0.757445261018826	S1-331886390	Orbelle Krakacquisition LLC	215242 Q, Town Of Reid, WI	S2-278599614	Orbellea Krakfaqcuintion [LLC]	215242 Q, TOWN OF REID, WI
false_merge	0.9929966249991531	S1-788120605	Mckey Global Capstone LLC	1451 Virginia Street, Lenoir, NC	S2-508206794	Mckey Gloabl Capstone (Corp)	1451 VIRGINIA ST, LENOIR, NC
false_merge	0.7762523846123691	S1-728185660	Capozzi Software L.L.C.	401 Baltimore Avenue, Mt Holly Springs Borough, PA	S3-91135390	Arca L.L.C. Software	Pennsylvania, 401 1/2 Baltimore Avenue, Mt Holly Springs Borough
false_merge	0.9561615160195407	S1-565760558	Morris & Potter Newhold LLC	Unit 203, MD, 429 Bayshore Drive, Ocean City	S3-119644301	Kelosynarc	Unit 203, Maryland, Ocean City, 429 Bayshore Dr
false_merge	0.8247732497066439	S1-623500327	Dental Associates of West Hartford	127 Edgemere Avenue, West Hartford, CT	S3-931063143	Dental Associates of West Hartford Inc	Connecticut, W Hartford, 146 Edgemere Ave
false_merge	0.6840947393437949	S1-84149942	Resilient Exports LLP	Flat 107, D2, Sidco Society Gh2 Sector1 Imt, Manesar, Gurgaon, Haryana	S2-68513991	Sri Resilient  Exports LLP	
false_merge	0.7791859172364592	S1-643472457	Urology Associates LLC	47-34 45 Street, Sunnyside, NY	S3-531107584	Partners Urology Associates	047-45 45 St, Sunnyside, New York
false_merge	0.9991113443536271	S1-235984878	Shree Foundation Private Limited	C-1, Plot No.510, Charkop(1), Punyai Chs Ltd, Sector-5 Rsc 44, Charkop, Nr Jain Mandir, Kandivali, West, Mumbai, Mumbai City, Maharashtra	S2-335806207	SHREE LIMITED FOUNDATION	Maharashtra, C-5, PLOT NO.510, CHARKOP(1), PUNYAI CHS LTD, SECTOR-5 RSC 44, CHARKOP, NR JAIN MANDIR, KANDIVALI, WEST, MUMBAI
false_merge	0.8389152494892024	S1-118227795	Brightos Daedalus, LLC	85 Crest Circle, Spring Lake, NC	S3-452819842	Brightoz  Daedalus, LLC	85 Crest Cir, Sprng LAKE, North Carolina
false_merge	0.7849461740045627	S1-728691820	Star International Pvt Ltd	Flat No. 7, 137B/12 Zakir Nagar, New Delhi, Delhi	S2-163160754	स्टार इंटरनेशनल लिमिटेड	##12, 137B/12 ZAKIR NAGAR, NEW DELHI, Delhi
false_merge	0.9614128566664698	S1-155094547	Yamuin Commodeal Private Limited	Village Nipaniya Bypass Road, Near Treasure City, Indore, Madhya Pradesh	S3-255835337	Yammuin Commodeal	H.no 32 Village Nipaniya Bypass Road, Near Treasure City, Indore, MP
false_merge	0.915528097535071	S1-898292239	Monarch It Private Limited	8Th Floor, City Bay Address, Cts No. 14 (P), 17, Boat Club Road, Pune City, Pune, Maharashtra	S3-479998208	monarch it limited	Door No 9Th Floor, City Bay Address, Cts No. 14 (P), 17, Boat Club Road, Pune, Pune City, MH
false_merge	0.8536378192115872	S1-259343471	Frontier Royal Inc	8545 Tree Top Court, Unit 134, Miamisburg, OH	S3-516162238	Frontier Royal Services	
false_merge	0.805705672474582	S1-291973756	Telos Traders Private Limited	Koonamtharayil House, Thozhiyoor Post, Kunnamkulam Via, Trichur, Thrissur, Kerala	S3-636471739	M/s Telos Private Limited Center	
false_merge	0.8597831900078363	S1-228895843	Supreme Care Private Limited	Door No: 64/2654 E1&E2, 3Rd Floor Uni Square, Kk Road, Kaloor, Ernakulam, Kerala	S3-577175539	സുപ്രീം കെയർ സ്റ്റോർസ് പ്രൈവറ്റ് ലിമിറ്റഡ്	Kaloor, Ernakulam, കേരളം, 3Rd Floor Uni Square, Kk Road, Door No: 64/2654 E1&e3
false_merge	0.8613115125799676	S1-952309099	Farmer Apex Science Inc.	305 Birch Street, Jenks, OK	S3-951058487	Farmer Apex Science Inc	Oklahoma, Jenks, 306 Birch St
false_merge	0.9714151882747197	S1-528390077	Delta Antimony, Inc.	804 Marion Avenue, Springfield, MO	S3-180765962	Delta Antimony	
false_merge	0.8626568065213558	S1-763686539	Marjorie Kosel Total Carlyle, LLC	3609 P Street, Richmond, IN	S3-231660083	-- Fuentes Kosel Total Carlyle, L.L.C. (ID: 89929)	#3609 P St, Richmond, Indiana
false_merge	0.7491563752324081	S1-353586067	Varshavi Developers Private Limited	Flat No 431, Delhi, Plot No 16, Floor 3Rd, Sec-9, Lal Jyoti Apptts, Rohini, Near Madhuban, North East, Delhi	S2-601584903	Varshavu Developers Private Limited	FLAT NO #431 , PLOT NO 16, FLOOR 3RD, SEC-9, LAL JYOTI APPTTS, ROHINI, NEAR MADHUBAN, DELHI, दिल्ली
false_merge	0.9876295127332707	S1-299517465	Suryaksh Promotions Pvt. Ltd.	C/O Arvind Kumar, Nt 1/10 Maadical College Campus, Kanpur, Uttar Pradesh	S2-284852872	suryiksh promotions pvt. ltd.	NO. 75 C/O ARVIND KUMAR, NT 1/10 MAADICAL COLLEGE CAMPUS, KANPUR, Uttar Pradesh
false_merge	0.7396950026840208	S1-790345670	Kestis Calamos	9405 74th Avenue E, Tulsa, OK	S2-803918788	Kestisa Cflamso	9405 74ST AVE E, TULSA, OK
false_merge	0.9625965280201263	S1-978315434	Vedaraniam Tradex Private Limited	Nainankuthagai, Nagapattinam, Vedaraniam, Tamil Nadu, 3/98/3	S3-341076624	Vedaraniam Tradex Limited	#3/98/7, Nainankuthagai, Nagapattinam, தமிழ்நாடு
false_merge	0.9141738830505358	S1-296073142	Brightic Blockchain	15 Curtis Avenue, Bldg EWALT, Wrentham, MA	S3-974366923	Brightade 5ervice	##15 Curtis Avenue, Bldg Ewalt, Wrentham, Massachusetts
false_merge	0.8419239569473341	S1-765275965	Synapse India Private Limited	Bangalore, Karnataka, 5Th Main, P Ii Stage, Peenya Industrial Area, V22, Bangalore North	S3-857771287	Synapse (India) Ffgnvts Limited	
false_merge	0.9896262384370902	S1-642038666	Halcent Royalty	4511 Cookman Way, Evansville, IN	S2-112987638	halcont royalty	4511 COOKMAN WAY, EVANSVILLE, IN
false_merge	0.7014965628039709	S1-711343204	Iris Ventures	A-3, Dadia Chsl, Sundaram Hansoti Road, Cama Lane, Plot No.19, Opp. New Sndt School, Ghatko, Par West, Mumbai, Mumbai City, Maharashtra	S2-733448675	Iris Ventures	
false_merge	0.8516640274346513	S1-993205414	Pioneer Logistics Private Limited	Kalapurakal House, Payyavoor, Kannur, Ernakulam, Kerala	S2-144850235	പയനിയർ ലോജിസ്റ്റിക്സ് സ്റ്റീൽ പ്രൈവറ്റ് ലിമിറ്റഡ്	PAYYAVOOR, KANNUR, NO 23 KALAPURAKAL HOUSE, Keralam, ERNAKULAM
false_merge	0.747534704548111	S1-493188564	Premco Memorial Trust	New Delhi House 27 Barakhamba Road, New Delhi, Central Delhi, Delhi	S2-126079805	Haloxylozeta	10, NEW DELHI HOUSE, 27 BARAKHAMBA ROAD, CENTRAL DELHI, NEW DELHI, Delhi
false_merge	0.659577439496916	S1-556950411	Ratangarh Ideal Private Limited	Ward No. 9 Post Ratangarh, Rajasthan, Ratangarh, Near Oswal Mohalla, Churu	S3-60874128	Ratangarh Ideal Limited	Door No #80 Near Oswal Mohalla, null, Ratangarh, Churu, RJ
false_merge	0.8420716962745842	S1-461583387	Statham Electronic	Virginia Beach City, 1522 Brenland Circle, VA	S3-856303652	Statham Services	
false_merge	0.9893797862532773	S1-374388852	Jalna Chem LLP	At H. No 211, Bhamberi Tq. Ambad S/Dn Dist Jalna, Jalna, Maharashtra	S3-316647116	M/s Gildxylo	Block C-724 At H. No 211, Bhamberi Tq. Ambad S/dn Dist Jalna, Jalna, MH
false_merge	0.8720847397090418	S1-529274041	Chantal Wright Securities, Inc.	3768 Oleander Avenue, Corvallis, OR	S3-513103957	Chantal Wright Securities, Inc	Oregon, 3769 Oleander Avenue, Corvallis
false_merge	0.9666032738659357	S1-346135307	Elite Packaging	OH, 206 2nd Street, Stratton	S3-504676856	Elite Packaging	
false_merge	0.8603588727513466	S1-450252007	Verrari Owl	AZ, Buckeye, 26838 Runion Drive	S3-533015785	Verrariyn Owl	26838 Runion Drive, Buckeye, Arizona
false_merge	0.6932272303004189	S1-568725641	Touch Resorts Pvt. Ltd.	11, Radhamandir Building, 213, Sir Bhalchandra Road Behind Ruia College, Matunga (E), Mumbai, Mumbai City, Maharashtra	S2-605520932	TOUCH RESORTS PVT. LTD.	
false_merge	0.9897840982163457	S1-358783913	Noveon Hcm Care	434 Gates Hill Road, Broome, NY	S3-447799853	Novveon Hcm Care	434 Gates Hill Rd, Broome, New York
false_merge	0.782132131386159	S1-696323867	Palmer & Chase Empire Inc	7802 Heatherbrae Avenue, Fl 1, Scottsdale, AZ	S2-875982986	Zephgild	Heatherbrae Avenue, SCOTTSDALE, AZ
false_merge	0.8213611966328552	S1-917269249	QRE Fin Private Limited	C/O Kailash Gawali, Badod Road, Agar Malwa, Shajapur, Madhya Pradesh	S3-282949304	Pivate QREM Fin Limited	No 99 C/o Kailash Gawali, Badod Road, Shajapur, मध्य प्रदेश
false_merge	0.9532297578433583	S1-937071340	Family Clinic Clinic	Brooklyn, NY, 1032 68 Street	S3-216801494	Family Clinic Clinic	
false_merge	0.9307791979067592	S1-270788359	Bright Premier	415 Mcewen Drive, Belgrade, MT	S2-542016355	Bright Premier	
false_merge	0.8806458354240527	S1-258990044	Taraya Realty Private Limited	H.No. 57, New Akola Road Code 122, Sangamner, Ahmednagar, Maharashtra	S3-472955119	Taraova Realty-Private Limited	H.no. G-57, Sangamner, MH
false_merge	0.9996682631357963	S1-917191758	Indraya Biotech Pvt. Ltd.	Jaipur, Rajasthan, Above Rajendar Electronics C/O Moral Gr, Purana Delhi Road, Jaipur	S2-320573399	Inndraya Bíotech Pvt. Ltd.	PURANA DELHI ROAD, ABOVE RAJENDAR ELECTRONICS C/O MORAL GR, JAIPUR, Rajasthan
false_merge	0.8538788511401314	S1-422567920	Ss Investment Private Limited	8Th Floor, Sln Terminus Survey No. 133, Beside Botanical Gardens, Gachibowli, Hyderabad, Telangana	S3-789065237	Ss Investment Limited	10Th Floor, Sln Terminus Survey No. 133, Beside Botanical Gardens, Gachibowli, Hyderabad, TG
false_merge	0.9670556101597052	S1-446277584	Yamini Nirman Private Limited	Block A Gf 7 And 8 Safal Profitair, Nr Krishna Bungalows 100Ft Road Prahladnagar Vejalpur, Ahmadabad City, Ahmedabad, Gujarat	S2-288469941	Yamini Nirman Private	
false_merge	0.9568915725095509	S1-416340023	Robert India Pvt. Ltd.	C/O Radha Krushna Shopping Complex Shop No 2 Nr Zashi Rani Putala, Putala, Dhule, Maharashtra	S2-221638301	Robert Builders Pvt. Ltd.	C/O RADHA KRUSHNA SHOPPING COMPLEX SHOP NO 2 NR ZASHI RANI PUTALA, PUTALA, Maharashtra
false_merge	0.7076568654747751	S1-370178654	Solay Chiron, LLC	1417 Apricot Road, Gilmer, TX	S3-197239120	Soliy Chiron, LLC	1419 Apricot Road, Gilmer Ccity, Texas
false_merge	0.9038159513211089	S1-311619649	Pediatric Group of Creola L.L.C.	503 Sarah Street, Creola, AL	S2-473928911	Pediatric Group of Creola Llc	505  SARAH ST, CRREOLA, AL
false_merge	0.9995804163357798	S1-412668751	Soliq Pgim LLC	Rio Rico, AZ, 543 Ramanote	S2-222788856	Solliq Pgim LLC	543 Ramanote, RIO RIC OCITY, AZ
false_merge	0.893330745273911	S1-240499685	Southern Prairie Service LLC	908 Ashton Avenue, Strafford, MO	S2-563340809	Southern Prairie	
false_merge	0.9991145188296362	S1-154033164	Lyran Real	1906 Cadbury Avenue, Unit #212, Hillsboro, OR	S2-246404594	Lyrran Real LLC	001906 CADBURY AVE, HILLSBORO, OR
false_merge	0.6919606732146676	S1-994516982	Verrara Capstone LLC	1512 Kyle Place, West Linn, OR	S2-927906154	Verrari Capatroe LLC	1512 1/2 KYLE PL, WEST LINN, OR
false_merge	0.7306675593774266	S1-745736431	Suryaita Gorakhnath Private Limited	Door No.31/54, Butt Road, Guindy, Saidapet, Kanchipuram, Tamil Nadu	S2-569490484	SURRYAITA GORAKHNATH PRIVATE	H.NO 31/55 , BUTT ROAD, GUINDY, SAIDAPET, Tamil Nadu
false_merge	0.9014059478231684	S1-375779758	Lumyx Power LLC	2221 Centreville Avenue, Belleville, IL	S3-31500667	Lumyks Power  [Llc]	2221 Centreville Avenue, Belleville, Illinois
false_merge	0.8808900034878547	S1-772204756	Not Partners Private Limited	Off 410 Cts No 73/A/3, Village Tungwa, Opp L&T Gate No-7, Saki Vihar Road, Powai, Mumbai, Maharashtra	S2-541451406	North Private Limited (Partners)	
false_merge	0.7317610735769402	S1-866149208	Spiders Academy Private Limited	Bangalore, Salarpuria Cambridge Mall, Bangalore, Karnataka, No.9, Cambridge Road, Ulsoor	S2-386504816	Sri Spiders Academy Limited	NO #6 SALARPURIA CAMBRIDGE MALL, NO.9, CAMBRIDGE ROAD, ULSOOR, BANGALORE, ಕರ್ನಾಟಕ
false_merge	0.6524971863595181	S1-146900002	Golden Marketing Networks Center	4421 Cr, Town Of Newton, WI	S3-701948041	golden marketing networks center	
false_merge	0.7680103602030962	S1-975908943	White Finance Pvt Ltd	Buxibazar., Cuttack-1., Cuttack, Orissa	S3-691444798	ହ୍ୱାଇଟ୍ ଫାଇନାନ୍ସ୍ ଲିମିଟେଡ୍	Cuttack-1., No 81 Buxiabzar., OD, Cuttack
false_merge	0.811084686630272	S1-345457290	Ahmadabad City Food Ltd	205-Vrundavan Bunglow, Satellite, Ahmadabad City, Ahmedabad, Gujarat	S3-649521039	Ahmadabad Cíty 5kills Limited	205, Ahmadabad City, Ahmedabad, ગુજરાત
false_merge	0.9734586961859273	S1-738023559	Cobalt Cleaning PLLC	Windham, ME, 765 Roosevelt Trail, Unit UNIT 413	S2-638678649	Palfbsi  PLLC	ME, 765 ROOSEVELT TRL, WINDHAM
false_merge	0.7276511532343557	S1-876979622	Chandriya Leather Pvt Ltd	T / F, Dda Lig Flats, Ph 2, Sec 14, Pkt 3, Dwarka, Near Ckowki, New Delhi, F No 465, Delhi, South West Delhi	S3-652647585	chandriyi leather pvt ltd	South West Delhi, F No 477, New Delhi, DL
false_merge	0.6519823369447698	S1-253993275	Beckham Summit Mines LLC	149 14 Derrington Avenue, Henry, TN	S2-372182236	Beckham Summit Mines Inc	149 17-151 DERRINGTON AVENUE, HENRY, TN
false_merge	0.9815601948410403	S1-61861658	ND Developer Company	Telangana, 10-3-44East Maredpalli Secunderabad, Hyderabad, Andhra Pradesh	S3-253294138	M/s Zephsolwex	Door No 10-3-44East Maredpalli Secunderabad, Hyderabad, Andhra Pradesh, TG
false_merge	0.9170259336403329	S1-579103746	Dermatology Physicians Inc	2540 Hermosa, Lake Havasu City, AZ	S3-695030651	Dermatology Pyhhiiassn Inc	Jones Drive, Lake Havasu City, Arizona
false_merge	0.6878244136385389	S1-949056471	Peridis Oxley L.L.C.	402 Bowlsville Road, Mount Holly, VT	S3-138334983	Peridus  Oxley-L.L.C.	404 Bowlsville Road, Mount Holly, Vermont
miss:not_in_candidates		S1-276948215	De Realty Ltd	2/27, Ganesh Nagar, Firozabad, Uttar Pradesh	S2-372362570	Smt De Ltd Service	##2/27, GANESH NAGAR, FIROZABAD, Uttar Pradesh
miss:not_in_candidates		S1-112416859	Yi Therapeutics LLC	8505 Topping Road, Pikesville, MD	S3-859283639	Onyxumbra	8520 Topping Rd, Pikesville CITY, Maryland
miss:not_in_candidates		S1-271284123	Manik Vincom Pvt. Ltd.	No.10, Pipeline Road, Mallasandra, Bangalore, Karnataka	S3-153697794	Manik Pvt. Ltd. Center	KA, No.10, Bangalore
miss:not_in_candidates		S1-703207524	United Group	147/70, Marapettai, Pollachi, Coimbatore, Tamil Nadu	S3-638961715	Sri #united	147/70, Marapettai, Pollachi, Coimbatore, TN
miss:not_selected	0.5169994702006846	S1-965192464	Mona International Corporation	333, 3Rd Floor, Gundecha Industrial Complex, Akruli Road, Kandivali (East), Mumbai, Maharashtra	S2-352377642	Mona Corporation International	
miss:not_in_candidates		S1-198250213	Sree Consultants Limited	X-135/1, Ground Floor, X-Block, Street No. 11, Brahampuri, North East, Delhi	S2-520842130	Sree Limited Services	Delhi, X-135/1, GROUND FLOOR, X-BLOCK, STREET NO. 11, BRAHAMPURI
miss:not_in_candidates		S1-725740056	Maa Projects Private Limited	S. No. 268, Ngm, Karnal, Haryana	S2-481029022	मां प्रोजेक्ट्स प्राइवेट लिमिटेड	हरियाणा, S. NO. 8-268, KARNAL, NGM, KARNAL
miss:assigned_elsewhere	0.000013334864525780537	S1-934571744	East Sree Products Pvt Ltd	Telangana, Flat No 501, Dsr Avenue, Plot No 232, Sy No 11/8, 1/9 And 11/10 Road No 13, Hyderabad, Shaikpet	S2-323954842	ఈస్ట్ శ్రీ ప్రొడక్ట్స్ ప్రైవేట్ లిమిటెడ్	HYDERABAD CITY REGION, DSR AVENUE, PLOT NO 232, SY NO 11/8, 1/9 AND 11/10 ROAD NO 13, HYDERABAD, NO 501, Telangana
miss:not_selected	0.1127564438833949	S1-768667056	Br India Private Limited	5214 F, Aadheswar Villa, 11Th Street Ram Nagar North Extn, Madipakkam, Chennai, Tamil Nadu	S3-682564017	Dr Br India Private	214 F, Chennai, தமிழ்நாடு
miss:not_in_candidates		S1-798199528	Rapid Sui	577 Orange Street, Chillicothe, OH	S2-936239135	Rapid Center	
miss:not_selected	0.30915539596369274	S1-309458540	Regency Holdings	406, Corporate Avenue Wing - A Sonawala Road, Nr Udyog Bhuvan, Goregaon, East, Mumbai, Mumbai City, Maharashtra	S3-935681115	Regency [Holdings]	MH, 40, Mumbai City, Bombay
miss:not_in_candidates		S1-193493813	Sree Solutions	52/70/01, Zonasha Estate Projects, Harlur, Varthur, Bangalore South, Bangalore, Karnataka	S2-695570607	ಶ್ರೀ ಸೊಲ್ಯೂಷನ್ಸ್	52/70/01, BANGALORE, AGARA, ಕರ್ನಾಟಕ
miss:not_in_candidates		S1-966040380	All International	Ganesh Layout, Nallampalayam, Coimbatore, Tamil Nadu, 40, Coimbatore North	S3-775788640	All Center	40, Ganesh Layout, Nallampalayam, Coimbatore, TN
miss:not_in_candidates		S1-769160298	Boon Bancorporation	7326 Latcha Road, Perrysburg, OH	S2-179965953	Boon Báncorporation	
miss:not_in_candidates		S1-749842192	One Management Private Limited	Sr No. 05, Plot No. 2, Vijay Alankar Socy Dhankawadi, Pune, Maharashtra	S3-479617156	Kelokelo	Sr No. 05, Plot No. 2, Vijay Alankar Socy Dhankawadi, Pune, Maharashtra
miss:not_in_candidates		S1-74637790	Slate, LLC	11000 University Boulevard, Unit UNIT 422, Prince William County, VA	S3-453492646	Sate LLC	11000 Univlrsity Blvd, Prince William County, Virginia
miss:not_in_candidates		S1-521980324	Niketan Chemicals Corp	13/193A, Ground Floor, Kp Mall Manjeri Road, Mankada, Malappuram, Malappuram, Malapuram, Kerala	S3-363418249	Niketan Chemicals Corporation	
miss:not_in_candidates		S1-231158042	Paul & Co	# 53, Ground Floor, 1St Main Road Ngef Layout, Sanjay Nagar, Bangalore, Karnataka	S2-964600820	Co + Pmael	# 053, BANGALORE, BAGALUR, Karnataka
miss:not_in_candidates		S1-412969699	Star Projects Private Limited	Neem Chowk, Sanwaliyaji, Near Sri Sanwariya Temple, Bhadesar, Chittorgarh, Rajasthan	S3-284875125	Star Prójects Private Limited Limited	
miss:not_in_candidates		S1-154439658	Sree Academy	3Rd Cross, Beml Layout 5Th Stage, Karnataka, No.1043, Raja Rajeswari Nagar, Bengaluru	S3-835297143	SA	Karnataka, Bengaluru, Raja Rajeswari Nagar, 3Rd Cross, Beml Layout 5Th Stage, No.1043
miss:not_selected	0.44013720644419685	S1-83746365	Paramount Traders	Flat No. 302, 3Rd Floor, Minerva Complex, Sd Road, Secunderabad, Hyderabad, Telangana	S3-15713079	Paramount [Tracmers]	
miss:not_in_candidates		S1-691108337	VS Solutions Private Limited	Andhra Pradesh, Survey No.18, Chittoor, Renigunta, Industrial Development Area (Ida)	S2-90865230	VS Private Limited Center	DOOR NO 19 , INDUSTRIAL DEVELOPMENT AREA (IDA), RENIGUNTA, Andhra Pradesh
miss:not_in_candidates		S1-873783728	Alloys & Co Pvt. Ltd.	Madhya Pradesh, 47-B, Indore, Ranibagh, Khandwa Road	S3-434744416	Anlys and Co Pvt. (Ltd.)	Hn 674 47-B, Ranibagh, Khandwa Road, Indore, मध्य प्रदेश
miss:not_in_candidates		S1-76197302	Unified Chemical Union LLC	4229 Richardson Street, Fort Worth, TX	S2-144825070	Unified Chemical Enterprises	
miss:not_in_candidates		S1-523187510	City Automation Private Limited	35/2, Block - 35 Third Floor, Ashok Nagar, Delhi, New Delhi	S2-276866530	City Private Limited Center	#35/2, BLOCK - 35 THIRD FLOOR, ASHOK NAGAR, NEW DSLHI, दिल्ली
miss:not_selected	0.6286494093878605	S1-128957802	Snow Modern Cea LLC	2318 Barnes Avenue, Bronx, NY	S2-159190972	Snow Modern Cea  LLC	
miss:not_selected	0.6482798334645784	S1-665493662	PT Highland Wheeler	351 11th Street, Kansas City, KS	S3-375877424	PT Highland  Wheeler Ltd	335 11th St, Kansas, Kansas City
miss:not_selected	0.6088689714918049	S1-82177122	National Retail Enterprises Inc	5322 Clark Avenue, Cleveland, OH	S3-115549603	National-Retail Enterprises Inc	
miss:not_in_candidates		S1-733453196	Future Investments Private Limited	Shop No.14/1, Zam Zam Shopping Centre Mohammedpura, Bharuch, Gujarat	S3-868227409	Future Investments Private	
miss:not_in_candidates		S1-59578094	Creative Marketing Limited	Adayar Gate Hotel Ltd, Mowbrays Road Mambalam, Chennai, Tamil Nadu	S2-868625335	Center Creative Limited	ADAYAR GATE HOTEL LTD, MOWBRAYS ROAD MAMBALAM, CHENNAI, ALWARPET, Tamil Nadu
miss:assigned_elsewhere	0.00028670429940999087	S1-65356888	Anand Trading Pvt Ltd	H. No. A-47 East Krishna Nagar, Delhi, East Delhi, Delhi	S3-359653238	आनंद ट्रेडिंग प्रा. लि.	H. No. A-047 East Krishna Nagar, NULL, Delhi, East Delhi, दिल्ली
miss:not_in_candidates		S1-929056073	Lakshmi Developers Private Limited	D-1002, Sy.No.12/13, Aparna Sarover, Kanchagachibowli Gopanpally Post, Hcu, Serilingampally, Hyderabad, Rangareddy, Telangana	S2-307565623	లక్ష్మీ డెవలపర్స్ ప్రైవేట్ లిమిటెడ్	RANGAREDDY, Andhra Pradesh, D-1002, HYDERABAD, SY.NO.12/13, APARNA SAROVER, KANCHAGACHIBOWLI GOPANPALLY POST, HCU, SERILINGAMPALLY
miss:not_in_candidates		S1-726494011	Dravidian Digital LLP	Maharashtra, Mumbai, Andheri (E), F-403 Prabhat Kiran Hsg Society Manish Park Pump House	S3-145136829	ddigital.com	F-03 Prabhat Kiran Hsg Society Manish Park Pump House, Mumbai, Andheri (E), महाराष्ट्र
miss:assigned_elsewhere	0.6342455485350645	S1-314149080	Molina All	3 Fessenden Hill Road, Townsend, MA	S2-929566713	Molina All	
miss:not_selected	0.6371441157797008	S1-799456746	Cypress Acres	1819 101st Avenue, Unit #201, Hillsboro, OR	S2-257677375	Cypress Acres (Co)	1819 101TH AVE, PO BOX 6776, HILLSBORO, OR
miss:not_selected	0.5811245342042841	S1-482547823	Sam Agro Limited	Bvm 43, Bougainvilla Marg Dlf Phase - Ii, Gurgaon, Haryana	S2-280290097	Sri SAM  AGRO	
miss:not_in_candidates		S1-380974261	Mountain Society	Sheldon, VT, 615 Crowe Hill Road	S3-606039099	Mountain Services	615 Crowe Hill Rd, Sheldon, Vermont
miss:not_in_candidates		S1-233909912	Laxmi Solutions Limited	1-1-4/2, Plot No.2, Road No 1, Near Life Line Hospitals, Daba Gardens, Kapra, Hyderabad, Telangana	S3-219449710	లక్ష్మి సొల్యూషన్స్ లిమిటెడ్	Hyderabad, TG, 1-1-4
miss:not_in_candidates		S1-945964905	Keystone Chase LLC	1243 Wilkes Circle, Unit 113, Atlanta, GA	S2-774709525	Keystone LLC  Services	1243 WILKES CIR, PMB 4038, ATLANTA, GA
miss:not_selected	0.5635116084317667	S1-45234270	Global Natural Technologies Corp	Gokak Mill Compound, Opposite Roshni Hotel Jetalpur Road, Vadodara, Gujarat	S2-878378517	Global Natural Technologies	
miss:not_in_candidates		S1-988437099	Smart Systems Pvt Ltd	Flat No. A1-1406, A1 Block, Sy.No.78/A, 79/A, Ameerpet, Hyderabad, Telangana	S3-592955499	Smart Pvt Ltd Center	Hn 7-909 Flat No. A1-1406, A1 Block, Sy.no.78/a, 79/A, Hyderabad, Ameerpet, Andhra Pradesh
miss:not_selected	0.5353884733063005	S1-200402126	Surat Realtors Pvt Ltd	Surat, Apex Commercial Centre, Near Yash Plaza, Gitanjali, Varachha Road, Gujarat, B 206	S3-895003007	Surat Ltd Pvt Realtors	
miss:not_selected	0.6042136504036165	S1-297645019	Hart, Shelagh H., L.C.S.W.	WA, 808 13th Street, Unit #Q, Puyallup	S2-1702951	shh.com	808 THIRTEENTH ST, PUYALLUP, WA
miss:not_selected	0.11752024996895788	S1-656296914	Lohia Consultancy Co	Flat No.2, Anugriha Apartment, Old No.15, New No. 20, Balaraman Road, Adyar, Chennai, Tamil Nadu	S3-77636290	Lohia Cosultancy Co	Madras, Chennai, TN, H.no 5
miss:not_in_candidates		S1-380159404	High My Infotech Pvt Ltd	6 Kohinoor Apts 1St Floorplot No 479 24Th Rd Khar (W), Mumbai, Mumbai City, Maharashtra	S2-653971326	हाई माय इंफोटेक प्रा. लि.	DOOR NO 6 KOHINOOR APTS 1ST FLOORPLOT NO 479 24TH RD KHAR (W), RAIGAD, MUMBAI CITY, Maharashtra
miss:not_selected	0.5976964052636465	S1-264681277	QL Agrotech Public Limited	Rajasthan, Opp. State Bank Of India, Krishi Mandi Road, C/O Ishwar Singh S/O Jai Singh, Bhinmal, Jalor	S2-112310617	QL AGOMEH PUBLIC LIMITED	752 C/O ISHWAR SINGH S/O JAI SINGH, OPP. STATE BANK OF INDIA, KRISHI MANDI ROAD, JALOR, राजस्थान
miss:not_in_candidates		S1-233490081	Capital Highland Gold Inc.	Logan City, Unit B110, UT, 480 1400	S3-160057538	Capital Highland Inc.  Center	
miss:not_in_candidates		S1-319290832	Bright Deli Partners	224 Mountain Lane, Alpine, TN	S2-156283542	Bright Deli Service	
miss:not_in_candidates		S1-800612841	Innovative Lifestyle LLC	1071 High Grove Lane, Bedford County, VA	S3-285884800	Innovative LLC Services	High Grove Lane, Forest, Virginia
miss:not_in_candidates		S1-265203231	Dev Trust	Tmk Complex Near Ica School, Vattampadam, Kallur Pos, Room No452/12, Thrissur, Kerala, T	S3-443106787	Dev Tfrslt	
miss:not_in_candidates		S1-239268818	Reify Santander	21830 Byron Circle, Greenwood, MN	S3-587819803	Reify Services	21830- Byron Cir, NULL, Excelsior, Minnesota
miss:not_in_candidates		S1-786385378	City Energy Private Limited	C/O Ramrao M.Dhawangale, Asoli Tah-Mouda, Kamptee, Nagpur, Maharashtra	S3-176903905	City Energy Private-Limited Private-Limited	
miss:not_in_candidates		S1-152929419	Innovative Stonebridge, LLC	5519 Alexandria Drive, Lake In The Hills, IL	S3-18034853	Innovative Stonebridge,	
miss:not_in_candidates		S1-544986084	Delhi Glass LLP	3293/6, F/F Peepal Mahadev Hauz Qazi, Delhi, Central Delhi, Delhi	S3-855450116	Delhi LLP Services & Co	
miss:not_in_candidates		S1-799238105	Rev It Up Diner PLLC	536 Roundhouse Street, Shakopee, MN	S2-261069526	riup.com	536 Roundhouse Street, SHAKOPEE, MN
miss:not_in_candidates		S1-702756095	Dental Associates	3700 Eagle Nest Drive, Unit 301, Crete, IL	S3-998841045	Dental Associates Industries	
miss:not_in_candidates		S1-308807062	Cardiology Direct Clinic, Inc	TX, 3816 Alta Vista Lane, Dallas	S3-670420438	Cardiology Clinic, Inc Service	Alta Vista Ln, Dallas, Texas
miss:not_in_candidates		S1-745527034	Perfect Products Private Limited	Shop 4, New Karnavatinagar, Jogeshwari Rd, Hatkeshwar, Ahmadabad City, Ahmedabad, Gujarat	S2-165466886	પરફેક્ટ પ્રોડક્ટ્સ પ્રાઇવેટ લિમિટેડ	SHOP 9, AHMEDABAD, AHMADABAD CITY, Gujarat
miss:not_in_candidates		S1-758346529	Lakshmi Services Private Limited	Sr No.2, Plot No. 190, Near Samata Nagar Pati, Buldana, Buldhana, Maharashtra	S2-235625145	लक्ष्मी सर्विसेज प्राइवेट लिमिटेड	SR NO.2, BULDHANA, BULDANA, Maharashtra
miss:not_in_candidates		S1-581426900	Tera Advisors Co	K Rahejamindspace, Surveyno.64, Building No.9, Telangana, Wework, Shaikpet, Hyderabad	S2-989486898	TERA ADVISORS	
miss:not_in_candidates		S1-769251169	Urgent Care Associates Inc	117 Central Avenue, Carmen, OK	S3-611376762	Urgent Care Ássociates Inc	
miss:not_selected	0.038296762247455096	S1-661538279	Polaris	8738 Cottage Road, Dayton, NY	S2-743517773	P0laris Ltd	873 COTTAGE RD, S DAYTON, NY
miss:not_in_candidates		S1-735927732	Real Media Pvt Ltd	Sf.No. 66/9C2B1A, Saradha College Main Road, Alagapuram, Salem, Tamil Nadu	S2-168632897	Real Pvt Ltd Center	SF.NO. 66/9C2B1A, SARADHA COLLEGE MAIN ROAD, ALAGAPURAM, SALEM, Tamil Nadu
miss:not_in_candidates		S1-123777624	Surgical Physicians LLC	Durham, 715 Jonquil Street, NC	S2-224717974	Surgical LLC Center	715 1/2 JONQUIL ST, DURHAM, NC
miss:not_in_candidates		S1-717054219	Natraj Enterprises Private Limited	H.No.3-6-35/B Plot No.447, Vivekananda Nagar Colony, Balanagar, Hyderabad, Telangana	S2-246390320	Mr Belosol	#3-6-35/B PLOT NO.447, HYDERABAD, BALANAGAR, Telangana
miss:not_in_candidates		S1-773032521	Gh Textile Co	Plot No-43 Satya Nagar, Bhubaneswar, Orissa, Khordha	S3-858503108	Gh Gh Textile	
miss:not_in_candidates		S1-765004833	Urgent Care Health LLC	1833 16th Street, Clarksburg, WV	S2-37624692	Urgent Health Care LLC	
miss:not_in_candidates		S1-140278062	Shiv Logistics LLP	Shop No. S-120, First Floor, Building No. S, Kud Business Avenue, Parasnath Complex, Bhiwandi, Thane, Maharashtra	S3-646718131	Smt Fayemirapyra	Shop No. S-9-120, Thane, महाराष्ट्र
miss:not_selected	0.2804707999475518	S1-390389418	Clean Staffing Union LLC	447 Heritage Village, Unit Unit B, Southbury, CT	S3-627054189	Clean Staffing Union LLC	
miss:not_selected	0.49832834189148256	S1-631559583	Desert Heartland Ford LLC	8653 Bent Arrow Court, Fairfax County, VA	S3-984240096	Desert Heart1and Heartland Ford LLC	
miss:assigned_elsewhere	0.0010563383039773515	S1-151354400	Cascade Ventures	1512 Gould Avenue, Fort Worth, TX	S3-125585649	Cascade Center	#1512 Gould Ave, Ft Worth, Texas
miss:not_in_candidates		S1-391665542	Tri-State Learning Center, Inc	166 Capps Bridge Road, Goldsboro, NC	S3-657507586	Tri-State Center, Learning Inc	
miss:assigned_elsewhere	0.0025272795110589555	S1-739125046	Pediatric Partners Inc	8134 1911, Alto, TX	S2-281816432	Pediatric-Inc Center	8134. 1911, ALTO, TX
miss:not_in_candidates		S1-769772896	Katerina Mabe Photonics	306 Western Ave, Fergus Falls, MN	S3-952634392	Katerina Mabe  Photonics	
miss:not_in_candidates		S1-80085899	Ho Estate LLP	270, Dda Sfs Flats, Pocket-1, Sector-22, Dwarka, New Delhi, South West Delhi, Delhi	S3-360156455	M/s H0 LLP Estate	270, South West Delhi, New Delhi, DL
miss:not_in_candidates		S1-651312009	Commission on Motor Vehicles	121 Prairiesmoke Circle, Whitefish, MT	S2-234674434	Commission on Motor Vehicles [LLC] Enterprises	
miss:not_in_candidates		S1-765142236	My Construction Private Limited	J-22, Midc, Hingna Road, Nagpur (Urban), Nagpur, Maharashtra	S2-708918589	माय कंस्ट्रक्शन प्राइवेट लिमिटेड	J-22, NAGPUR (URBAN), NAGPUR, Maharashtra
miss:assigned_elsewhere	0.034762243436179396	S1-711478092	Sky Brothers Private Limited	Rajasthan, 9, Alwar, Manu Marg	S3-327985347	Private Sky Bortbrs Limited	9, Manu Marg, Alwar, RJ
miss:not_selected	0.5842417497935715	S1-755554111	Zephyr Redwood	141 Port-au-prince Court, Montgomery, TX	S2-742007171	Zephyr Redwood Corp	
miss:not_in_candidates		S1-974429357	My Healthcare Limited	Sf-232, 2Nd Floor, Gaur City Center, Sector-4, Greater Noida West, Bishrakh, Gautam Buddha Nagar, Uttar Pradesh	S3-78466527	माय हेल्थकेयर लिमिटेड	Sf-232, 2Nd Floor, Gaur City Center, Sector-4, Greater Noida West, Bishrakh, Gautam Buddha Nagar, उत्तर प्रदेश
miss:not_selected	0.6220412409168903	S1-154262913	Mccarthy Mid Inc	2184 Highway 68, Niota, TN	S3-864476682	Mccarthy Mid-Inc	
miss:not_in_candidates		S1-702699212	Universal Products Pvt Ltd	Flat No. 204, Building No. 4C, Nirvana Residency, Gut No. 31/1 & 94/1, Vichumbe, Panvel, Raigarh, Maharashtra	S3-148103225	Uproducts.Com	Flat No. 204, Panvel, Raigarh, MH
miss:not_in_candidates		S1-586536792	Downtown Pub	39 D Wythe Creek Road, Hampton City, VA	S3-706796980	Downtown Pub Enterprises	
miss:not_in_candidates		S1-557979602	First Foods Private Limited	B - 5, Popyular Estat, Vill: Aslali, Tal: Daskro, Daskroi, Ahmedabad, Gujarat	S2-549114213	privatefoodsfirst.com	B - 5, DASKROI, AHMEDABAD, Gujarat
miss:not_in_candidates		S1-997681259	Southern Partners LLC	3450 Olde Oak Lane, Gastonia, NC	S3-279513991	Southern Partners Enterprises	
miss:not_in_candidates		S1-811735172	Nagpur Infrabuild Private Limited	68, Dattatraya Nagar, Nagpur, Maharashtra	S3-638422090	Nagpur Private Limited Services	68, Nagpur, MH
miss:not_in_candidates		S1-194876316	Riix Inc	9826 Baluchi Drive, TX, Spring	S2-128035750	Riix  Inc	
miss:not_in_candidates		S1-319868525	Sm Residency	C/O Wave Industries Pvt. Ltd. Amroha Road Malasiatehsil Dhanaura, Dhanaura, Jyotiba Phule Nagar, Uttar Pradesh	S3-69480984	Sm (Services)	C/o Wae Industries Pvt. Ltd. Amroha Road Malasiatehsil Dhanaura, Jyotiba Phoole Nagar, Dhanaura, UP
miss:assigned_elsewhere	0.6812012131006437	S1-799336158	Urja (India) Multiprojects Private Limited	'Mount Casablanca', 3Rd Floor, New No.260 Old No.701&702, Anna Salai, Chennai-600 006, Chennai, Tamil Nadu	S2-662924359	Urja Multiprojects Private Limited Services	
miss:not_in_candidates		S1-734326418	Star Trading Limited	C-19, Second Floor, Office No. 2, Sector-13 Vasundhara Hatt Complex, Vasundhara, Ghaziabad, Uttar Pradesh	S3-765960278	Star Trading Ltd	
miss:not_in_candidates		S1-140733698	Star Industrial Solutions Inc	613 Terrace Drive, Winamac, IN	S2-905748735	STAR INDUSTRIAL  SOLUTIONS INC	
miss:not_selected	0.1063649191388731	S1-323144686	Family Quality Care Associates Inc	Cincinnati, 5550 Little Flower Avenue, OH	S3-63044791	Family Quality Care Care Associates Inc Board	
miss:not_in_candidates		S1-243431579	Smith Development Corp	3030 Wolf Pond Road, Talladega, AL	S2-727479566	Smith Corp Service	3030 WOLF POND RD, TALLADEGA, AL
miss:not_in_candidates		S1-624504409	My Investment Private Limited	Office No. 501, 5Th Floor, Shrikant Chamber, V. N. Purav Marg, Chembur, Mumbai, Mumbai City, Maharashtra	S3-202490831	माय इन्वेस्टमेंट प्राइवेट लिमिटेड	Office No. G-501, 5Th Floor, Shrikant Chamber, V. N. Purav Marg, Chembur, Mumbai, Mumbai City, MH
miss:not_in_candidates		S1-757332135	Bay Committee LLC	335 Vista Villa Court, Waseca, MN	S2-301263002	Bay Committee Llc (ID: 16341)	
miss:not_in_candidates		S1-844273808	Digital Tech Private Limited	701, 7Th Floor, Regent Chambers Above Status Restaurant, Nariman Point, Mumbai, Maharashtra	S3-864064790	डिजिटल टेक प्राइवेट लिमिटेड	Greater Mumbai, MH, 70
miss:not_in_candidates		S1-19491884	Aditya Business Ltd	Maharashtra, Flat No D/1001, Sai Raj Bldg-3, Sector: Ii, Chikhal, Dongare, Virar:West, Palghar, Thane	S2-252977802	ADITYA BUSINESS	
miss:not_in_candidates		S1-364697289	Life Solutions Private Limited	Flat No-A/202, Rashmi Vihar Apartments, Bhubaneswar, Khordha, Orissa	S3-852146707	Life Solutions Private	Flat No-a/c-202, Bhubaneswar, Khordha, Orissa
miss:not_in_candidates		S1-899250106	Skk Educational Society	Dindigul, Tamil Nadu, No. 1A, Sri Ram Building, R.F.Road, Palani	S3-393659654	Skk	No. 1A, Sri Ram Building, R.F.Road, Palani, Dindigul, Tamil Nadu
miss:not_in_candidates		S1-837121579	Gujarat Tech Private Limited	Survey No. 79P3, Gujarat, Plot No. 3, Maliya Road, Chanchavadarda, Morvi, Rajkot	S2-414602344	techprivate.com	79P3, MORVI, RAJKOT, ગુજરાત
miss:not_selected	0.1037719337433324	S1-450111973	Z Z Mathew Nexpoint Corporation	1533 Missouri Avenue, Unit 15, Phoenix, AZ	S2-119418753	Z Z Mathew Nexpoint Corp	533 MISSOURI AVE, PHOENIX, AZ
miss:not_selected	0.4853391654798581	S1-140626407	Perez Capital Third LLC	NY, Yorktown, 2265 Edward Lane	S2-298886446	PEREZ CAPITAL THIRD LLC	
miss:assigned_elsewhere	0.007279189071202787	S1-556349237	Imr Sadashiv Clinic	3226/31, Office No.-303, Third Floor Beadonpura, Saraswati Marg, Karol Bagh, New Delhi, Central Delhi, Delhi	S3-501914699	Imr Clinic Service	
miss:not_selected	0.2427870598896606	S1-707804629	Active Holdings LLP	Salarpuria Windsor, 4Th Floor, No. 3, Ulsoor Road, Bangalore, Karnataka	S3-940075446	M/s Active Hóldings Llp	
miss:not_in_candidates		S1-618261011	Samraat & Partners	Flat-1001, Tower-7, Elm, Orchard, Residency, 146-Lbs Marg, Ghatkopar (W), Mumbai, Mumbai City, Maharashtra	S2-400511275	Samraat &  Partners	
miss:not_in_candidates		S1-224300508	Commission on Veterans Affairs	89 Pinewood Drive, Brookhaven, NY	S2-438830785	Commission on Veterans Affairs Corporation	
miss:not_in_candidates		S1-976703773	Engineering Priya Agri LLP	Bangalore, 'A' 4Th Phase, Peenya Industrial Area, Karnataka, Bangalore, Plot No.477	S2-643781701	Engineering Pisry Agri  LLP	
miss:not_selected	0.5563819266228299	S1-548670886	Seaton Federal Two LLC	221 Heather Lane, Tuttle, OK	S2-13981321	Seaton Foederal Two LLC	
miss:assigned_elsewhere	0.1737686299003684	S1-578283522	Baker Health Center Inc	461 Wisconsin Dells Parkway, Fl 4th, Village Of Lake Delton, WI	S2-439806421	Baker Health Center Incorporated	
miss:not_in_candidates		S1-848435437	Bangalore Con Private Limited	113, Radiant Lotus Apartment, 2Nd Main Road, Kodichikanahalli, Bangalore, Karnataka	S3-726030582	Bangalore Private  Limited Center	Radiant Lotus Apartment, 2Nd Main Road, Kodichikanahalli, 113, Bangalore, KA, Bengaluru
miss:not_in_candidates		S1-217019618	Green Investments Limited	A403, Yamuna, Vasant Sagar, Thakur Village, Kandivali, Kandivali East, Mumbai, Maharashtra	S3-841773499	Green Límited Partners	A403, Kandivali East, MH
miss:not_selected	0.5783097409319247	S1-47114047	V/I Churchill LLC	2029 Aquarius Drive, Shakopee, MN	S2-181446240	V/I V/I LLC Churchill	MN, 2035 AQARIUS DRIVE, SHAKOPEE
miss:not_in_candidates		S1-335595936	Seven Investments Limited	587, 10Th Cross, 5Th Main J P Nagar Iii Phase, Bangalore, Karnataka	S2-645424851	Services Seven Limited	HN 500- 587, 10TH CROSS, BENGALURU HQ REGION, BANGALORE, Karnataka
miss:assigned_elsewhere	0.4846845337410175	S1-25787486	Best Leapfrog	17241 68th Court, Tinley Park, IL	S3-216099777	Best Leapafog	
miss:not_in_candidates		S1-215894517	Red Ice Cream	10629 Strawberry Hill, Midwest City, OK	S3-840269553	Red  Ice Ventures	
miss:not_in_candidates		S1-801192612	South Consulting LLP	A- 43, Ug Floor, Meera Bagh, Paschim Vihar, New Delhi, West Delhi, Delhi	S3-569928352	South  Consu1ting LLP	
miss:not_selected	0.1870934907818339	S1-512830384	Krishna Institute of Technology Private Limited	F/10, Sugam Apts, Sarkhej Road Nr Vasna Terminus, Vasana, Ahmedabad, Gujarat	S3-140267894	Krishna  Institute of Technology Private	
miss:not_in_candidates		S1-880015641	My Construction Private Limited	Thane, Maharashtra, Kudus, Wada, Po. Dinkarpada Post- Kondivle	S2-106871675	माय कंस्ट्रक्शन प्राइवेट लिमिटेड	PO. DINKARPADA POST- KONDIVLE, WADA, THANE, Maharashtra
miss:not_selected	0.4830456931855749	S1-589770654	Goldi Flicker, D.O.	1381 Oakwood Trail, Painesville City, OH	S2-141364536	GOLDI F, D.O.	381 OAKWOOD TRAIL, PAINESVILLE, OH
miss:not_in_candidates		S1-796277501	Anant (India) Association Pvt Ltd	83/2/1 Topsia Road (S) Ground Floor, Kolkata, Howrah, West Bengal	S3-924746242	Anant (India) Pvt Ltd Partners	
miss:not_in_candidates		S1-959880733	Ram Infrastructure Private Limited	Office No 67, Ground Floor, Sai Chamber Plot No 44, Sector 11, Cbd Belapur, Navi Mumbai, Thane, Maharashtra	S3-536536982	Ram Private Limited Center	Office No C-67, Ground Floor, Sai Chamber Plot No 44, Sector 11, Cbd Belapur, Navi Mumbai, Thane, MH
miss:not_in_candidates		S1-348006145	Tierra Realtors LLP	Shop No.130, Raj Talkiescomplex, 1St Floor, Sanyogitaganj, E, Indore, Madhya Pradesh	S3-645912049	TR	Shop No.130, Raj Talkiescomplex, 1St Floor, Sanyogitaganj, E, Indore, Madhya Pradesh
miss:not_in_candidates		S1-358185898	Wildlife Fund	848 Main Street, Unit Ste 18, Billings, MT	S3-86225789	Wildlife Fund Ltd	
miss:not_in_candidates		S1-963091418	Timber Inc	9083 900, Losantville, IN	S3-567445933	Timber Inc Services	
miss:not_in_candidates		S1-579947688	Anand Developers Private Limited	Hadapsar, Shop No.1, Pune, Maharashtra, Heart Beats Building S.No.160, H.No.11A11B11C	S2-450594044	आनंद डेवलपर्स प्राइवेट लिमिटेड	SHOP NO.1, HEART BEATS BUILDING S.NO.160, H.NO.11A11B11C, HADAPSAR, SASANE NAGAR, Maharashtra
miss:not_selected	0.3411275793140306	S1-932046068	Yashwant Guest Private Limited	Village And Post Tejgaon, Raebareli, Rae Bareli, Raibareilly, Uttar Pradesh	S2-56548897	Yashwant 6uest Prívate Limited	NO. 282 VILLAGE AND POST TEJGAON, RAEBARELI, RAE BARELI, उत्तर प्रदेश
miss:not_in_candidates		S1-100802524	Sun Investment Pvt Ltd	No44/2 14Th Bcrs Sarakki, J P Nagar 1St Phase Nr Jp Nagar Metro Station, Bangalore, Karnataka	S3-479643663	Sun Pvt Ltd Center	H.no 44/2 14Th Bcrs Sarakki, Bangalore, ಕರ್ನಾಟಕ
miss:not_in_candidates		S1-680703154	Dental Group	50 Merrick Avenue, Unit Unit 122, Hempstead, NY	S2-647011207	DENTALGROUP.COM	50 MERRICK AVE, HEMPSTEAD, NY
miss:not_in_candidates		S1-368986855	BHC Polymers Ltd	Shop.3, Pooja Residency, B/H Bopal Nagarpalika, Daskroi, Ahmedabad, Gujarat	S3-473418312	BP	Shop.3, Pooja Residency, B/H Bopal Nagarpalika, Daskroi, Ahmedabad, Gujarat
miss:not_in_candidates		S1-133273259	Family Center of Columbus LLC	191 King Avenue, Unit F, Columbus, OH	S3-279823857	Family Center of	91 King Ave, Unit F, Columbus, Ohio
miss:not_in_candidates		S1-152649702	Innovative Media Limited	Humpipe Factory Compound, Lakhibag Post Buniyadganj, Gaya, Bihar	S3-237097205	Innovative Limited Center	Humpipe Factory Compound, Lakhibag Post Buniyadganj, Rampur, Gaya, बिहार
miss:not_selected	0.4565702861069969	S1-635721825	Dulcine Berry, L.C.S.W., PC	4114 Petter Rainosek Loop, La Grange, TX	S3-777191590	Dulcine Berry, L.C.S.W., Inc	4114-4116 Petter Rainosek Loop, PMB 1562, LA Garnge CITY, Texas
miss:not_in_candidates		S1-20308810	Empire Realty LLC	160 Crafts Ford Court, Franklin County, VA	S2-211095452	EMPIRE REALTY LLC	
miss:assigned_elsewhere	0.000013376747566515581	S1-21441171	Pediatric Clinic PC	2929 Solano Drive, Phoenix, AZ	S2-441830764	pediatricclinic.com	2929-B SOLANO DR, PHOENIX, AZ
miss:not_in_candidates		S1-864527000	Ss Power Pvt Ltd	C/O Rajesh Vikram Singh Madhaipur, Mankapur, Gonda, Uttar Pradesh	S3-326333442	Nylalum	C/O Rajesh Vikram Singh Madhaipur, Mankapur, Gonda, Uttar Pradesh
miss:not_in_candidates		S1-710017575	Unique Management Private Limited	Plot No-4960, Jawahar Colony Nit, Faridabad, Haryana	S2-819838271	Unique-Management Private	
miss:not_in_candidates		S1-817898491	Real Energy Pvt Ltd	First Floor, Sco No 123, Sector-5, M.D.C, Panchkula, Panchkula, Haryana	S2-28664297	REAL ÉNERGY PVT LTD.	
miss:not_in_candidates		S1-754074669	Sunrise Infotech Limited	378/6, Bharati Mangal, Karyalaya Dhamangaon Tal, Patoda, Beed, Maharashtra	S2-495558205	Sunrise  Infotech Ltd	
miss:assigned_elsewhere	8.974358392924215e-6	S1-173935421	Apex Wholesale LLC	2209 Cruft Street, Terre Haute, IN	S2-217796563	Apex LLC Services	2209 Cruft Street, TERRE HAUTE, IN
miss:not_in_candidates		S1-467968445	Caster Barclays PLLC	5745 70, Unit A, NC, Princeton	S2-497063146	Caster Babclatls PLLC	70, PRINCETON, NC
miss:not_selected	0.3608988591660796	S1-590041123	Sg Homes Partners	1, Hospital Street, 2Nd Floor, Satyam Market, Opposite Hanuman Mandir, Po Princep Street, Ps - Bo, Wbazar, Kolkata, Kolkata, Howrah, West Bengal	S3-231180113	M/s Sg Homes Services	126 1, Kolkata, WB
miss:not_in_candidates		S1-242225871	India Animated Marketing Private Limited	C-8/5, Govind Puram, Ghaziabad, Uttar Pradesh	S3-84084958	Ariabelo	UP, Ghaziabad, C-8, Ghaziabad
miss:not_in_candidates		S1-278399777	Hotel Anand Projects Pvt Ltd	Mumbai, No C/449 St Leo Road Band, Maharashtra, 102 Cornelia Residency Ct	S2-193535984	होटल आनंद प्रोजेक्ट्स प्रा. लि.	102 CORNELIA RESIDENCY CT, NO C/449 ST LEO ROAD BAND, MUMBAI, Maharashtra
miss:not_in_candidates		S1-680148977	East Exports Private Limited	B - 1503, Riviera, Siddheshwar Gardens, Kolshet Road, Thane (West), Thane, Maharashtra	S2-158231189	ईस्ट एक्सपोर्ट्स प्राइवेट लिमिटेड	B - 503, THANE, महाराष्ट्र
miss:assigned_elsewhere	0.00006083909752101033	S1-473813816	Suryam International Group	10, 11, 11A, J C Industrial Layout Bangalore, Bangalore, Karnataka	S3-928929522	Suryam Group  International	10, Bangalore, J C Industrial Layout Bangalore, KA
miss:not_in_candidates		S1-974732011	Shiva Ss Constructions Private Limited	18/18A, T. N. Chatterjee Street Near Ananya Cinema Hall, Kolkata, Howrah, West Bengal	S2-259241238	শিব এসএস কনস্ট্রাকশনস প্রাইভেট লিমিটেড	18/18A, T. N. CHATTERJEE STREET NEAR ANANYA CINEMA HALL, KOLKATA, HOWRAH, West Bengal
miss:not_in_candidates		S1-793691167	Unique Hospitality LLP	Shp-A/04/1 Khatri House, Cr Foundry Behrambaug Rd, Jogeshwari Bhd Ja Meghani, Mumbai, Mumbai City, Maharashtra	S3-758744427	Unique Hosiptality LLP	
miss:not_selected	0.4870548149822782	S1-331579987	Global Apparel Labs LLC	1310 Western Avenue, Hamilton, OH	S3-155957273	Global Apparel Lnhas LLC	
miss:not_selected	0.5771136706242175	S1-898040367	Anchor Housing LLC	1814 Colony Creek Drive, Austin, TX	S2-529730930	Anchor Hóusing LLC	
miss:not_in_candidates		S1-713580869	Classic Services Private Limited	2363, 2Nd Floor, 24Th Main, 1St Sector, Bangalore South, Bangalore, Karnataka	S2-101532519	ಕ್ಲಾಸಿಕ್ ಸರ್ವಿಸಸ್ ಪ್ರೈವೇಟ್ ಲಿಮಿಟೆಡ್	BANGALORE, 363, BANGALORE SOUTH, Karnataka
miss:not_in_candidates		S1-134866387	Milzie's Motors	359 Snake Root Branch Road, Welch, WV	S2-631946053	Milzie's Motors	
miss:not_in_candidates		S1-188408318	Rosa Prairie Braemar LLC	429 Cumberland Lane, Bolingbrook, IL	S2-416429019	The Rosa Prairie Bráemar Bráemar LLC	
miss:not_in_candidates		S1-489980287	Sterling Cargo Labs	311 31, Macedon, NY	S2-621013047	Sterling Cargo Partners	MACEDDON, 31 31, NY
miss:not_in_candidates		S1-737824446	Gems Seva Samiti Jabalpur	Nutrition Hub Shop No 12, Akhilalay Aparment 241, Jabalpur, Madhya Pradesh	S2-815068202	sevasamiti.com	JABALPUR, #226 NUTRITION HUB SHOP NO 12, मध्य प्रदेश
miss:not_in_candidates		S1-5556983	Kasliwal & Co	Sur. No. 220/2/4, F.P.304/3, T.P. 50 Shilp House, Opp Rajpath Clubrajpath Rangoli Raod, Bo, Dakdev, Ahmedabad, Gujarat	S3-44906279	Kbaiemal & Co	Sur. No. 220/2/4, Ahmedabad, GJ
miss:not_in_candidates		S1-875657988	Tech It Pvt Ltd	ÂShubh-Aishwaryâ, Sector 75/1, Chintamani Chowk, Chintamani Colony B4, Walhekarwadi, Chin, Chwad, Pune, Maharashtra	S3-283939599	Tech ít Pvt Ltd	
miss:assigned_elsewhere	0.00001062738471269474	S1-871006942	Global Advertising LLC	3061 Misty Hill Lane, Morristown, TN	S2-250874736	GLOBAL LLC SERVICES	3061 MISTY HILL LN, MORRISTOWN, TN
miss:not_in_candidates		S1-125733567	Deviya Benefit Private Limited	Orai, Shop No.2, Uttar Pradesh, Jalaun, 72/A New Patel Nagar, Near Sai Palace, By Pass	S2-170820036	Deviya Private Limited [Center]	
miss:not_in_candidates		S1-120070321	Bavadyne Inc	1371 704a, Unit 4, Cleburne, TX	S3-69776889	Bbaadye Inc	1603d 704a, # 4, Cleburne, Texas
miss:assigned_elsewhere	0.00011285399284021207	S1-324167072	Kritita Contractors Private Limited	Plot No.201, Kathwada Gidc, Kathwada, Dascroi, Ahmedabad, Gujarat	S3-107161499	Kritita Private Limited Center	
miss:not_in_candidates		S1-686053669	Modern Investments Private Limited	Rnb Heights 2 Floor Opp Dominos, Idpl X Roads, Chintal Hyderab, Ad, Hyderabad, Telangana	S3-326998679	Sri Modern Private Limited Center	Rnb Heights 2 Floor Opp Dominos, Hyderabad, TG
miss:not_selected	0.4742197784306601	S1-776662807	Industrial Financial Digital LLC	1557 9 Avenue, Saint Cloud, MN	S3-276318533	Industrial  Financial Digital LLC	
miss:not_in_candidates		S1-636855149	Shakti Technologies	Jaipur, Rajasthan, First Floor, 65/17 Rhb Pratap Nagar	S3-855065102	M/s Shakti Services	65/17 Rhb Pratap Nagar, Jaipur, First Floor, RJ, Jaipur
miss:not_in_candidates		S1-471898844	Heritage Society	120 Elton Street, Brooklyn, NY	S2-893815070	Heritage Center	ELTON STREET, BROOKLYN, NY
miss:not_selected	0.08578020241821414	S1-654453214	Bangalore Engineering Private Limited	Virginia Mall, 2Nd Floor, No.10, 11, 12, Ramagondanahalli Village, Varthur Hobli, Bangalore, Karnataka	S2-477552791	Bangalore Engineering Limited Services	
miss:assigned_elsewhere	0.0017073680809983369	S1-900724011	Pediatric Specialists L.L.C.	1515 Howell Street, Fayetteville, NC	S3-299553608	Pediatric L.L.C. Cénter	1515 Howell Street, Fayetteeville, North Carolina
miss:not_selected	0.22600559685774535	S1-15557565	Anchor Infrastructure International	14703 Echo Pines Court, Conroe, TX	S3-685812380	Anchor Infrastructure International Inc.	
miss:assigned_elsewhere	0.1703179092997025	S1-743814531	Precision Anchor Seneca, Inc	840 400, Unit 27, St George City, UT	S3-872454533	Precision Anchor Seneca,	
miss:not_selected	0.46075291017342124	S1-931819246	Johnson and Thorpe Ashford L.L.C.	2700 Appalachian Highway, Pineville, WV	S2-809813441	Lyracirariza	PINEVILLE, WV, 2700. APPALACHIAN HIGHWAY
miss:not_in_candidates		S1-119822203	Grow & Co	3Rd Floor, Workshaala Neo, Building No. 17/R, 18Th Cross Rd. Sector 3, Hsr Layout, Bangalore South, Bangalore, Karnataka	S2-961769097	*** Grow Co  Partners	Karnataka, DOOR NO 3RD FLOOR, BANGALORE, BANGALORE SOUTH
miss:not_in_candidates		S1-734172299	Gulf Program	OH, Andover, 376 Yellowstone Road	S2-629123473	Gulf Center	376 YELLOWSTONE RD, ANDOVER TWP, OH
miss:not_in_candidates		S1-352548737	M & O Pharma	628 Piper Stream Circle, Cary, NC	S2-683480482	M-& O SERVICES	##628 PIPER STREAM CIRCLE, CARY, NC
miss:not_in_candidates		S1-637960681	Perfect Enterprises Pvt Ltd	Sy.No. 1880, Nandigam Village Nandigam Mandal, Rangareddy, Hyderabad, Rangareddy, Telangana	S3-323147475	Perfect Enterprises ప్రైవేట్ లిమిటెడ్	
miss:not_in_candidates		S1-983942964	Sun Agro Private Limited	1, Bharath Nagar Neelikonampalayam, Coimbatore, Tamil Nadu	S2-576685093	சன் அக்ரோ பிரைவேட் லிமிடெட்	1, COIMBATORE, Tamil Nadu
miss:not_in_candidates		S1-353668219	Blue (India) Agronomy Limited	Office 1D S No. 365/1/16, J M Road, Shivaji Nagar, Pune City, Pune, Maharashtra	S3-545838696	Blue (India)	Office 1D S No. 365/1/16, Pune City, Pune, महाराष्ट्र
miss:not_selected	0.3816485614450034	S1-668457299	Teamsters Local 109	8 Merchants Row, Unit 24, Plymouth, MA	S3-203236185	Teamsters Local 109 Inc.	8C Merchants Row, PO Box 4368, Plymouth, Massachusetts
miss:not_selected	0.344159056648568	S1-874072892	Sun Consultants Private Limited	Flat 402, Bldg 110, Aries Chsg Evershine Last, Vasai East, Thane, Maharashtra	S3-430531871	Sun  Consultants Private	MH, Fiat 02, Thane, Vasai East
miss:assigned_elsewhere	2.7260682546277644e-6	S1-369814215	Ssk Buildhome Private Limited	Shri Bhaban, Mangala Sahi Po-Sarbodayanagar, Near Muni Baba Matha, Plot No-183/541, Puri, Sidhamahavir Patna, Orissa	S3-416094385	Ssk Private Limited Center	Plot No-00183/541, Shri Bhaban, Mangala Sahi Po-sarbodayanagar, Near Muni Baba Matha, Sidhamahavir Patna, Puri, OD
miss:not_in_candidates		S1-497825837	Green Pioneer Royal LLC	1519 Perkiomenville Road, Upper Frederick Township, PA	S2-209999974	Green Royal LLC Services	1519. PERKIOMENVILLE RD, PERKIOMENVILLE, PA
miss:not_in_candidates		S1-1288873	Commission on Sanitation	319 Park Street, Gaston, OR	S2-714094249	Commission Commission on	319-323 PARK ST, GATSON CITY, OR
miss:not_in_candidates		S1-852449375	Ad Seva Samiti	B-03 Samridhi Apartment Gh-09 Sector-21D, Faridabad, Haryana	S2-195944610	Ad Seva Samiti Corporation	
miss:not_in_candidates		S1-596486741	Bright Construction Pvt Ltd	Sukhdham Apartment 2Nd Floor, Flat No E-3, 7/17/9- 10, Nawabganj, Kanpur Nagar, Uttar Pradesh	S3-809774179	Lumfaye+	Sukhdham Apartment 2Nd Floor, Flat No E-3, 7/17/9- 10, Nawabganj, Kanpur Nagar, Uttar Pradesh
miss:not_in_candidates		S1-122154668	Prairie Fund	270 Davis Road, Bedford, MA	S2-415315543	Prairie [Services]	
miss:not_in_candidates		S1-175022701	Ky Trading Private Limited	108, Second Floor, Sector-31, Dlf Qe, Gurgaon, Haryana	S2-991421380	Trading Ky Ky Private	108, DLF QE, हरियाणा
miss:not_in_candidates		S1-581077378	Pediatric Dental Signature Physicians Inc	121-17 238 Street, Rosedale, NY	S3-424536725	Pediatric Dental Siagnture Physicians Inc	
miss:assigned_elsewhere	0.018281519839843607	S1-410366512	Maid Barbershop!	55 Trent Road, Carroll County, VA	S2-701644360	Maid  Barbershop!	
miss:not_in_candidates		S1-574347798	Care Public School Private Limited	H No 1376 Sambhaji Chowk Kagal Kagal, Kolhapur, Maharashtra	S3-988202128	Care Public School	
miss:not_in_candidates		S1-722836577	Dynamic Investment Private Limited	S/O-Lt Brij Nandan Pd Singh, S.K Vihar Colony Road No 4/A Khagaul Patna, Patna, Bihar	S3-814314166	M/s Dynamic Investment	
miss:not_in_candidates		S1-696404212	Sarasaksh Trading Limited	P No 532/8 Imt Manes, G31- Manesar, Gurugram, Gurugram, Gurgaon, Haryana	S2-190945470	VANTAGEVANTAGEPYRA	P NO 532/ IMT MAES, GURUGRAM, MANESAR, Haryana
miss:not_in_candidates		S1-63457908	Allied Institute	4031 Cinnabar Avenue, Merced, CA	S3-233535241	Iallied.Com	4031-A Cinnabar Avenue, NULL, Merced, California
miss:not_in_candidates		S1-236695385	P/A Trinity LLC	2955 Lavell Avenue, Wichita Falls, TX	S3-307386457	P/A LLC Services	Wichita Falls, 2955 Lavell Avenue, Texas
miss:not_in_candidates		S1-416269875	Blue Book Store	2905 Red River Street, Victoria, Unit 21, TX	S3-64826956	Blue	2905 Red River Street, Unit 21, Victoria, TX
miss:not_in_candidates		S1-106767871	Shakti International LLP	Plot Number 50, Moti Nagar Alamgirpur, Karanjalad, Washim, Maharashtra	S3-770656448	shaktiinternationalcom	Plot Number 50, Moti Nagar Alamgirpur, Washim, Karanjalad, महाराष्ट्र
miss:not_in_candidates		S1-592448155	Oh Merger Inc	244 Lower Smithfield Road, Tellico Plains, TN	S2-118775970	OH INC-SERVICES	244 LOWER SMITHFIELD ROAD, TELLICO PLAINS, TN
miss:assigned_elsewhere	0.5006335705974855	S1-668295820	Ritual Servicesprivate Private Limited	2 Bishu Babau Lane, Kolkata, Calcutta, West Bengal	S3-587368201	Dr Ritual Servicesprivate Limited Center	
miss:not_in_candidates		S1-45065933	Upper Soren	Phoenix, 3013 27th Street, AZ	S2-436008421	Veradeltaev0	3013B 27TH ST, PHOENIX, AZ
miss:not_in_candidates		S1-622327230	United Producer Private Limited	H.No. 10, G.F., Kh.No. 10/23 Main Shani Bazar Road, Johri Pur, Delhi, East Delhi, Delhi	S3-239526815	Private United Producer Ltd	H.no. 10, Delhi, East Delhi, DL
miss:not_in_candidates		S1-465855942	Anand Solutions Private Limited	H. No.97/10, Gaothan, Pargaon, Junnar, Khed, Pune, Maharashtra	S2-411223650	आनंद सॉल्यूशंस प्राइवेट लिमिटेड	KHED, Maharashtra, PUNE, 97/10/3
miss:not_in_candidates		S1-371419271	Vijay Producer Private Limited	Plot No-41, S/F(L-Type), Sec-A, Block-V Bhagwati Vihar, Near Bindapur Matiyala Rd, Uttam Nagar, South Delhi, Delhi	S3-633927559	Vijay Producer Private Limited Enterprises	
miss:not_in_candidates		S1-155118338	Advanced Data Holdings Inc.	2696 18th Avenue, Albany, OR	S3-69337421	... Advanced Hóldings Inc. Center	2696 18rd Avenue, Albany, Oregon
miss:not_in_candidates		S1-633352272	Golden Pizza	5813 Schafer Road, Fulton, IL	S2-127310319	Golden  Pizza	
miss:not_in_candidates		S1-910254792	Laxmi Ventures Private Limited	T-635/D Punjabi Basti, Baljit Nagar, New Delhi, Central Delhi, Delhi	S2-996010631	LAXMI PRIVATE LIMITED-PARTNERS	Delhi, T-635/D PUNJABI BASTI, BALJIT NAGAR, NEW DELHI
miss:not_selected	0.31519606746346457	S1-278957071	Vanguard Entertainment Inc	Ofallon, 8 Jaime Lane, IL	S3-156946656	Vanguard Entertainment	
miss:not_in_candidates		S1-125418845	Krishna Constructions Pvt Ltd	401, 4Th Floor, Glenmorgan Above Icici Bank, Veer Savarkar Marg, Th, Ane (West), Thane, Maharashtra	S2-159061695	कृष्ण कंस्ट्रक्शंस प्रा. लि.	DOOR NO 901 401, THANE, Maharashtra
miss:not_selected	0.32171467889906946	S1-615414732	Cooke Rockwool PC	130 Metoxit Road, Falmouth, MA	S2-896989230	COOKE ROCKWOOL	139 METOXIT RD, FALMOUTH, MA
miss:not_in_candidates		S1-161819882	Shiv Agro Private Limited	Plot No-10, Ground Floor, Block-Ef, Inderpuri, New Delhi, Central Delhi, Delhi	S3-980307360	Dr Shiv Agro Private Private	Plot No-10, Central Delhi, New Delhi, DL
miss:assigned_elsewhere	0.6762253864555935	S1-176529010	Lantern Orion LLC	6620 Carl Moren Road, Hensley, AR	S2-459225336	Lantern Órion LLC	
miss:not_in_candidates		S1-268446095	Cardiology Platinum Center	6867 New Hampshire Avenue, Takoma Park, MD	S3-739394833	Cardiology Platinum	
miss:assigned_elsewhere	0.000011421166463092796	S1-624280710	Super Global Private Limited	Nisarg Colony, Jawalkar Nagar, Pim-Gurav, Pune, Maharashtra, S.No.86/1/1, Haveli	S3-518631503	Super Private Limited Services	Nisarg Colony, Jawalkar Nagar, Pim-gurav, Haveli, Pune, MH, S.no.86/1/1
miss:not_selected	0.21600775572057854	S1-757108594	Soque Family Office Inc	2228 Main Street, Fl 1, Ashland, OR	S3-835444345	Soque Famiily Office Inc	
miss:not_in_candidates		S1-308287304	Meiners National Plum Inc.	13255 Exchange Avenue, Chicago, IL	S2-846000016	Meiners Inc. Plum National	
miss:not_in_candidates		S1-867721174	Sree Foundation	Moonline Solution Pvt Ltd, Office No 312, 3Rd Floor, Rajpura, Mohali, Punjab	S2-484709684	Sree  Foundation Enterprises	
miss:not_in_candidates		S1-870620634	Mumbai Technologies Private Limited	17Th Floor-2 Plot-154, Farkhuddinmanzil Alibhai Premji Marge, Apsara Cinema, Grant Road, Mumbai, Mumbai City, Maharashtra	S3-348286519	Mumbai Technologies Private Enterprises	
miss:not_in_candidates		S1-837610139	Sree Infra Pvt Ltd	E-227A Ugf Rs Bs, E Block, Mansa Ram Park, New Delhi, West Delhi, Delhi	S2-860210200	श्री इंफ्रा प्रा. लि.	WEST DELHI, NEW DELHI, दिल्ली, E-227A UGF RS BS, E BLOCK, MANSA RAM PARK
miss:not_in_candidates		S1-886838331	Meum Hotels L.L.C.	28 Allegheny Avenue, Unit SUITE 1702, Towson, MD	S2-985927649	Partners Meum L.L.C.	28C ALLEGHENY AVENUE, TOWSON, MD
miss:not_selected	0.6314715530239686	S1-289022743	Lara Floating LLC	Battle Ground, WA, 16713 Lucia Falls Road	S3-273280333	Lara  Floating LLC	
miss:not_selected	0.2833430102060036	S1-461724784	Oralee Horn National Hennessy Inc	1357 Edgehill Road, Unit 152, Columbus, OH	S3-507646368	Oralee Horn National Hennessy Inc.	1354 Edgehill Road, Unit 152, Columus, Ohio
miss:not_selected	0.3514869290216551	S1-206291629	Integrated Supreme Green LLC	2761 Stockton Boulevard, Unit APT 134, Sacramento, CA	S2-916602403	Novivera	02761 STOCKTON BLVD, SACRAMENTO, CA
miss:not_in_candidates		S1-435083422	Universal Aditya Food Private Limited	F.F. 104, Owais Avenue, Gulzar Park, Sarkhej Road, Ahmadabad City, Ahmedabad, Gujarat	S3-628493024	uafood.com	F.f. 104, Owais Avenue, Gulzar Park, Sarkhej Road, Ahmadabad City, Ahmedabad, GJ
miss:not_in_candidates		S1-536978586	North Classic Algonquin Group	484 Court House Lane, Pascoag, RI	S3-256965517	North	484 Court House Lane, Pascoag, RI
miss:not_in_candidates		S1-241313056	Galaxy Healthcare Limited	R-10 A&B, Sector-2 Vidhyadhar Nagar, Jaipur, Rajasthan	S2-575561680	Dr Galaxy Healthcare Ltd	
miss:not_in_candidates		S1-105526003	Sai Foundation	Plot No. 304. Badli Road, Vil- Kheri Jat, Jhajjar, Jhajjar, Haryana	S3-204932965	Sai Foundation Corporation	
miss:not_in_candidates		S1-158831865	Royal Services Pvt Ltd	Ambattur, Tamil Nadu, 12 Saraswathi Pandurangan St Cholapuram, Chennai	S3-294521705	Kelohalo	12 Saraswathi Pandurangan St Cholapuram, Ambattur, Chennai, Tamil Nadu
miss:not_selected	0.17583527696694604	S1-774055048	Unified Transit Services Inc	1605 Bush Street, Harlingen, TX	S2-907618496	Unified Transit Services	
miss:not_in_candidates		S1-934537418	Silver One Services Limited	P17, Bs2, Vignarajapuram, 3Rd Extn, Vengaivasal, Chennai, Kancheepuram, Tamil Nadu	S2-488282690	சில்வர் ஒன் சர்வீசஸ் லிமிடெட்	P17, BS2, VIGNARAJAPURAM, 3RD EXTN, VENGAIVASAL, KANCHEEPURAM, CHENNAI, Tamil Nadu
miss:not_selected	0.0031317100838052013	S1-840965837	Hari Investments Limited	#5, Dattasri, 4Th Cross Near Yeshwanthpur Rly Stn, Bangalore, Karnataka	S2-567335648	ಹರಿ ಇನ್ವೆಸ್ಟ್‌ಮೆಂಟ್ಸ್ ಲಿಮಿಟೆಡ್	H.NO G-5, BENGALURU, Karnataka
miss:not_in_candidates		S1-402047638	Simmons, Luci, Ph.D.	5424 Hartford Avenue, Tulsa, OK	S2-607794370	SIMMONS, LUCI, PH.D.	
miss:not_in_candidates		S1-733486747	Joycelin Kroger Signature Thunder LLC	3145 Stewart Road, Unit Unit 75, Vestal, NY	S2-974273128	Deltaonyxlum	3145 STEWART RD, VESTAL, NY
miss:not_in_candidates		S1-889185791	Premier Cyber Inc	Millis, MA, 7 Southwoods Circle	S3-926274532	Premier Inc Center	#7 Southwoods Cir, Milils, Massachusetts
miss:not_in_candidates		S1-919857315	My Technologies Private Limited	Shop No. B-708, Swati Trinity, Applewood Township, Sanathal, Sanand, Ahmadabad City, Ahmedabad, Gujarat	S2-179220856	માય ટેક્નોલોજીસ પ્રાઇવેટ લિમિટેડ	SHOP NO. B-708, SWATI TRINITY, APPLEWOOD TOWNSHIP, SANATHAL, SANAND, AHMEDABAD, AHMADABAD CITY, Gujarat
miss:not_in_candidates		S1-756332112	Red Massage	IL, Springfield, 2100 5 Bradley Street	S3-638856060	Red Maslae	
miss:not_in_candidates		S1-532738496	IAT Technologies Limited	West Bengal, 3 Princep Lane 301 Bhagwati Chambers, Kolkata, Calcutta	S2-684647196	itechnologies.com	NO 3 PRINCEP LANE 301 BHAGWATI CHAMBERS, KOLKATA, CALCUTTA, West Bengal
miss:not_in_candidates		S1-406421569	Patna Plastic	H/O Debu Yadav, Chakaram Near Archana Medical Hall, Gpo, Patna, Bihar	S3-963193911	Patna Services	409. H/o Debu Yadav, Patna, बिहार
miss:not_in_candidates		S1-703885816	Basil & Sons Limited	1St A Cross, 3Rd Stage, 4, Basaveshwaranaga, Bangalore North, Bangalore, Karnataka	S3-720181423	Basil &	Bangalore, KA, Bangalore North, 1St A Cross
miss:not_selected	0.3801008497777634	S1-733539812	Brewer, Amie, L.C.S.W.	NC, Cary, 100 Glade Park Road	S3-290400083	Brewer, Amie, Center	
miss:not_in_candidates		S1-502429731	Ks Gifts Pvt. Ltd.	14 Chauhan Apartmentsion Trombay Road Chembur, W E Dt 30-9-99 Mumbai, Mumbai, Maharashtra	S3-12839674	Ks  Gifts Pvt. Ltd.	
miss:assigned_elsewhere	6.779135296112004e-6	S1-924649179	Advanced Transit Corporation	426 87th Street, Kansas City, MO	S2-98237072	Zephnovi	426 87ST SAINT, KANSAS CITY, MO
miss:not_in_candidates		S1-468249034	Al Investments LLP	Delhi, South West Delhi, New Delhi, Kh No.25/18, Ff, Block-B, Dabri Extn., East Near Gopal Mandir, H.No-25	S2-714509582	AL LLP CÉNTER	H.NO 195  H.NO-25, KH NO.25/18, FF, BLOCK-B, DABRI EXTN., EAST NEAR GOPAL MANDIR, NEW DELHI, Delhi
miss:not_in_candidates		S1-959387448	Bhardwaj Tech Limited	936 Synagague Street, Opposite To Divine Terace, Pune City, Pune, Maharashtra	S2-114629718	Bhardwaj Limited Services	
miss:not_in_candidates		S1-271712322	Jai Consultancy Pvt Ltd	Jmk House, A-278 Okhla Industrial Area, Phase-I, New Delhi, Delhi	S2-830309205	जय कंसल्टेंसी प्रा. लि.	JMK HOUSE, PHASE-I, NEW DELHI, दिल्ली
miss:not_in_candidates		S1-807394704	Super Enterprises Pvt Ltd	Ayush Regecy Flat-205, Kamoth Panvel Raigad, Raigad, Maharashtra	S3-462597750	Super Enterprises Pvt Limited	
miss:not_in_candidates		S1-636787858	KX Renewable Pvt Ltd	Flat No.403 Varsha Grand, Serenity Layout, Bangalore South, Bangalore, Karnataka	S3-331021113	KX Renewable	
miss:not_in_candidates		S1-385938102	Community Trust	17373 Jessie Lane, Surprise, AZ	S3-94955229	COMMUNITY TRUST Enterprises	
miss:not_in_candidates		S1-317434029	Modern Estate Pvt Ltd	No Vp 1/387 Pazhavila Veedukovalam Beach Kovalam P O, Trivandrum, Palakkad, Kerala	S2-746609575	മോഡേൺ എസ്റ്റേറ്റ് പ്രൈവറ്റ് ലിമിറ്റഡ്	DOOR NO 489 NO VP 1/387 PAZHAVILA VEEDUKOVALAM BEACH KOVALAM P O, PALAKKAD, TRIVANDRUM, കേരളം
miss:not_selected	0.31368179435183907	S1-347237544	Mahon, Dietz & Ramirez Tge	TX, 803 Crockett Street, Fl 0, Beeville	S2-441287039	Mahon, Dietz & Ramirez Tge Corp	03 CROCKETT STREET, BEEVILLE, TX
miss:not_in_candidates		S1-857188415	Indo Tech Private Limited	Gujarat, Ahmedabad, Anilkunj Centre, Besides Shefali Centre Paldi Char Rasta, Paldi, 215	S3-381123132	Indo Tech Limited Center	
miss:not_in_candidates		S1-787214785	Valley Preparatory Academy	TX, Fort Worth, 3540 Baylor Street	S3-988149500	Valley Academy (Services)	3540-3544 Baylor St, Fort Worth, Texas
miss:not_in_candidates		S1-458352103	Valley Holding Company Inc	140 700, Unit D3, Smithfield, UT	S3-736126800	Valley	140 700, Unit D3, Smithfield, UT
miss:not_in_candidates		S1-999718700	Summit Federation	801 Belaire Drive, Granite Shoals, TX	S3-925800531	Summit Services	801B Belaire Drive, Granite Shoals, Texas
miss:not_selected	0.5871747496708142	S1-942320109	Sonal Brothers Corp	B/15, Shubham Chs Ltd Plot No : 151, Gorai-2, Borivali (West), Mumbai, Mumbai City, Maharashtra	S3-269381527	Sonal Bróthers CORP	
miss:assigned_elsewhere	0.4444905599363776	S1-202953242	Certified Defense Solutions LLC	Franklin, TN, 650 Edgewood Boulevard, Unit 35	S2-161010504	Certified Defense Solutions	
miss:not_in_candidates		S1-18816760	Ceon Inc.	W3295 Badger Drive, Town Of Leon, WI	S3-822586971	Con Inc.	Wisconsin, Town Of Leon, W3295 Badger Drive
miss:not_in_candidates		S1-969232035	Shree Anand Enterprises Private Limited	Plot No- 1669/254, Nilakantheswar Colony, Bhubaneswar, Khordha, Orissa	S3-52113858	ଶ୍ରୀ ଆନନ୍ଦ ଏଣ୍ଟରପ୍ରାଇଜେସ୍ ପ୍ରାଇଭେଟ୍ ଲିମିଟେଡ୍	Khordha, Plot No- 1669/254, Bhubaneswar, Nilakantheswar Colony, Orissa
miss:not_in_candidates		S1-894403142	Jai Infra Private Limited	No 98, Gandhiji 5Th Street Kakkanji Nagar Vysarpadi, Chennai, Tamil Nadu	S3-941613427	Jai Private Limited  Services	
miss:not_in_candidates		S1-610104162	Shivam Consulting Pvt Ltd	Prem Nath Motors Private Limited Sarraf M I Road, Jaipur, Rajasthan	S3-285550427	Shivam Consulting Pvt  Ltd Enterprises	
miss:not_in_candidates		S1-932832887	Ram Estate Private Limited	Gujarat, Ahmedabad, Shripal Nagar Society Opp. Petrolpump Usmanpura, 3	S3-396269466	રામ એસ્ટેટ પ્રાઇવેટ લિમિટેડ	No 84 3, Ahmedabad, ગુજરાત
miss:not_selected	0.6171433968135698	S1-745324924	Children's Committee III	4132 Windfall Dr NW, Cedar Rapids, IA	S3-50660702	Children's Committee III LLC	132 Windfall Dr Northwest, Cedar Rapids, Iowa
miss:not_in_candidates		S1-697544932	Feia	257 Chesapeake Road, Cameron, NC	S2-734796277	Feia	
miss:not_in_candidates		S1-438215088	Brisk Nidhi Pvt. Ltd.	New Delhi, Kh No-104/2/1, G/F, Block A Gali No-1, Rajapuri Uttam Nagar, Near A, Block, New Delhi, Delhi, Plot No- A7	S3-69602635	Brisk Pvt. Ltd. Service	Plot No- A7, New Delhi, दिल्ली
miss:not_in_candidates		S1-988095453	Nkb & Brothers Pvt. Ltd.	Plot No.98, Sector - 8 Imt Manesar, Gurgaon, Haryana	S3-178985549	Orbijaxlum	No 98, Gurgaon, हरियाणा
miss:not_in_candidates		S1-20057280	Nexify Inc	OH, Columbus Grove, 20261 Rd 18-S	S2-229703587	NGEXIYF  INC	20261. RD 18-S, COLUMBUS GROVE, OH
miss:not_selected	0.6214305378894351	S1-887991412	Nelson Vornado	4820 Legacy Drive, High Point, NC	S3-705994647	Nelson  Vornado	
miss:not_in_candidates		S1-67326655	Lakshmi Power Private Limited	#1-7-1/194, Near Sree Bakery, Srinivas Nagar Colony, Temple Alwal, Medchal Malkajgiri, Tirumalagiri, Hyderabad, Telangana	S2-479621615	లక్ష్మి పవర్ ప్రైవేట్ లిమిటెడ్	#1-7-1/194, RANGAREDDY, HYDERABAD, తెలంగాణ
miss:not_in_candidates		S1-311474808	Sree Infrastructure Pvt Ltd	Ii Floor, Sainik Nagar, Ward No. 40, Gangapurcity, Sawai Madhopur, Rajasthan	S2-660685508	श्री इंफ्रास्ट्रक्चर प्रा. लि.	II FLOOR, SAINIK NAGAR, WARD NO. 40, GANGAPURCITY, SAWAI MADHOPUR, राजस्थान
miss:not_in_candidates		S1-549204505	Southern Workshop	10389 6900, Highland, UT	S3-491003086	Southern Services	10389 6900, <NULL>, American Fork, Utah
miss:not_selected	0.5004907015219107	S1-581815796	New Delhi Distributions Pvt Ltd	B - 40/1, Iind Floor, Mayapuri Industrial Area, Phase - I, New Delhi, West Delhi, Delhi	S3-614615792	New Dci Distributions Pvt Ltd	
miss:not_selected	0.6446341834596735	S1-82488044	Dedie Mangum Galaxy, Inc	7030 950, Elizabethtown, IN	S2-532318267	Dedie-Mangum	
miss:not_in_candidates		S1-551204094	Madurai Chemico Limited	Tamil Nadu, Madurai, No.9/1 ( New No.18) Chetty Gurunathan Kovil Street, Madurai	S2-718100172	Madurai  Cemco Limited	
miss:not_selected	0.4400535558091676	S1-486356832	Jordan Montessori School	112 Olde Ash Lane, Charleston, WV	S3-993639400	Rizaveoiri	Olde Ash Lane, Charleston, West Virginia
miss:not_in_candidates		S1-24773972	Best Estate Private Limited	Bangalore, No. 142, Enzyme Tech Park, 4Th & 5Th Floor, Hosur Rd, Koramangala Industrial Layout, Karnataka	S3-409015901	BE	No. 142, Enzyme Tech Park, 4Th & 5Th Floor, Hosur Rd, Koramangala Industrial Layout, Bangalore, Karnataka
miss:assigned_elsewhere	0.0002123094838361638	S1-400039450	Shiv Ventures Private Limited	Indore, Scheme No. 54, Madhya Pradesh, 121 A B, Indore	S3-544434172	Zephjax	#1-21 A B, Scheme No. 54, Indore, MP
miss:not_in_candidates		S1-682594847	National League LLC	VA, Virginia Beach City, 1932 Grey Friars Chase	S3-237093382	National League (LLC)	
miss:not_in_candidates		S1-231001117	YYA Smart Dental	5373 Rocks Road, Pylesville, MD	S3-602454084	YYA Dental Services	Maryland, Pylesville, 5373 Rocks Road
miss:not_in_candidates		S1-739226759	Engineering & Sons Private Limited	Kheya Apartment, 1St Floor, Fl-1 130 Santoshpur Avenue, Kolkata, Kolkata, Howrah, West Bengal	S3-141398997	Engineering & Sons Private Ltd	
miss:not_in_candidates		S1-973172857	Akshaya Sangh	512, Elegance Tower Jasola, New Delhi, South Delhi, Delhi	S3-642216591	AS	512, Elegance Tower Jasola, New Delhi, South Delhi, Delhi
miss:assigned_elsewhere	0.00043678013348978525	S1-312787310	TK Management Pvt. Ltd.	Plot No . 20, Sy. No 125 & 126 I.D.A. Mallapur, Uppal Mandal, Kapra Mun, Icipality, Hyderabad, Telangana	S2-627796127	Ectosol	36. PLOT NO . 20, HYDERABAD, ICIPALITY, Telangana
miss:not_selected	0.31313592650753413	S1-118779250	Kayley Hernandez, M.D., PC	17118 Longwood, Cypress, TX	S2-604303144	Kayley Hernandez, M.D.,	
miss:not_in_candidates		S1-675609313	Forge Western	4436 Windsor Road, Village Of Windsor, WI	S2-215882625	FORGE SERVICES	4436 WINDSOR RD, PMB 102, WINDSOR, WI
miss:not_in_candidates		S1-305726388	Dataix	14527 Mackinaw Valley Park, Green Valley, IL	S2-904142224	Dataix Corp	
miss:not_in_candidates		S1-817024234	Vision Care Associates Inc	Port Orchard, 3889 Donato Lane, WA	S2-264039030	Vision Cce Associates Inc	DONATO LN, PORT ORCHARD, WA
miss:assigned_elsewhere	0.0000750739759774434	S1-767983860	Jai First Healthcare Private Limited	Ews Plot No 61/62, Deo Prayagam Ada Jhalwa Near Poonam Hospital, Allahabad, Uttar Pradesh	S2-661353099	jfhealthcare.com	PRAYAGRAJ, Uttar Pradesh, RAJROOPPUR, DEO PRAYAGAM ADA JHALWA NEAR POONAM HOSPITAL, EWS PLOT NO 61/62
miss:not_selected	0.4280341885704693	S1-229745009	Kasper Nadar Ltd	30/F/F, Chandralok Society Nera Cadila Laboratory, Ghodasar, Ahmedabad, Gujarat	S3-918763204	Smt Kasper Ltd Services	
miss:not_selected	0.3294222146063375	S1-813810909	Climate & Brothers Limited	Nps Anbu Nagar, Chinnaiyampalayam, Tamil Nadu, 157/2A, Erode	S2-349936462	Climate & Brothers	
miss:assigned_elsewhere	0.18744117204757144	S1-33792474	Tri-State Enterprises LLC	2718 Dupont Street, Pasadena, TX	S2-479602815	TRI-STATE [ENTERPRISES]	
miss:not_selected	0.4829976180639994	S1-660944026	Barillas Platforms LLC	402 12th Street, Newton, KS	S2-74693514	Barillas LLC Service	
miss:not_in_candidates		S1-393647438	United Industries Private Limited	Flat-203, Biswanath Plaza Tankapani Road, Bhubaneswar, Khordha, Orissa	S2-706012945	ୟୁନାଇଟେଡ୍ ଇଣ୍ଡଷ୍ଟ୍ରିଜ୍ ପ୍ରାଇଭେଟ୍ ଲିମିଟେଡ୍	FLAT-2-03, BHUBANESWAR, Orissa, KHORDHA
miss:not_in_candidates		S1-623194269	Pediatric Specialists of Wilmington	285 Carlow Drive, Wilmington, DE	S2-677419274	Pediatric Specia1ists of	285 1/2 CARLOW DRIVE, WILMINGTON CITY, DE
miss:not_in_candidates		S1-60710979	Indian Producer Pvt Ltd	Plot No. 6, Behind Gurunanak Petrol Pump, Surana Nagar, Jalna Road, Aurangabad, Maharashtra	S2-896936840	Ltd Indian Pvt Services	AURANGABAD, Maharashtra, AURANGABAD, DOOR NO 6, BEHIND GURUNANAK PETROL PUMP, SURANA NAGAR, JALNA ROAD
miss:not_in_candidates		S1-633568190	Cardiology Care	4405 Mustang Drive, Killeen, TX	S2-84188269	Cardiology Care Co	
miss:not_selected	0.39960281000334724	S1-327442226	Opperman's Anchor Communications	UT, 10277 1280, White City	S2-875215632	Opperman's  Anchor	
miss:not_in_candidates		S1-543277114	Shree Energy Private Limited	24/2, Saisamarth Park, Flat No 4, National Park, Near Siddharth Hall, Manikbag, Sinhagad, Road, Pune, Maharashtra	S2-330159864	श्री एनर्जी प्राइवेट लिमिटेड	24/2, PUNE, महाराष्ट्र
miss:not_in_candidates		S1-593296936	Trusted Elm Inc	Tulsa, OK, 7783 Skelly Drive	S3-436671089	Trusted Inc Center	Skelly Drive, Tulsa, Oklahoma
miss:not_in_candidates		S1-428230423	Mann Tri-State Source	44191 Airport Road, Unit B, California, MD	S3-333576702	Mann TrgiiState (Source)	
miss:assigned_elsewhere	0.10806708342081385	S1-817390374	Buor	811 Lyon Street, Laramie, WY	S3-25315100	Buor Ltd	
miss:not_selected	0.09422654627836047	S1-661843479	Sidonia Wright Parts PC	44779 King Way, Unit K, California, MD	S3-664335372	Wright, Sidonia Parts LLC	4779 King Way, # K, California, Maryland
miss:not_in_candidates		S1-539707736	Southern Infrastructure Private Limited	Mumbai, Jai Murli Govind Society, Plot No.755 5Th Road, Khar West, Maharashtra, 11, Mumbai City	S3-730737831	southerninfrastructure.com	Mumbai, 11, MH
miss:not_in_candidates		S1-60492752	Jay Healthcare Private Limited	76 Khangra Patty Pandit Purusottam Roy Street 3Rd Floor, Kolkata, Howrah, West Bengal	S2-699100168	জয় হেলথকেয়ার প্রাইভেট লিমিটেড	NO 76 KHANGRA PATTY PANDIT PURUSOTTAM ROY STREET 3RD FLOOR, KOLKATA, পশ্চিমবঙ্গ
miss:not_in_candidates		S1-449353781	Raj Exports Private Limited	11/6, Gobindapur Road, Kolkata, Kolkata, Howrah, West Bengal	S3-815136570	Raj Private  Limited Services	11/6, Gobindapur Road, Kolkata, Howrah, Kolkata, WB
miss:not_in_candidates		S1-64961608	Fresh Internet Inc	VA, Bristol City, Unit APT 104, 126 Waverly Lane	S2-144210344	Fresh Inc-Services	
miss:not_in_candidates		S1-157789372	WS Hydro PC	4010 Saint Andrews Lane, Big Lake, MN	S2-322575170	WS HYDCRO PC PC	
