kind	p	s1	s1_name	s1_addr	q	q_name	q_addr
false_merge	0.9962163708621925	S1-393249966	Devita Nidhi Private Limited	Kozhikode, Paappachan Building, Near To Private Bus Stand, Quilandi, Kerala, 18/667 B, Kozhikode	S3-318006372	Devvita Nidhi-Private	H.no C-18/667 B, Paappachan Building, Near To Private Bus Stand, Quilandi, Kozhikode, KL
false_merge	0.9409429724949196	S1-446392177	Cultural Program VI	466 146, Guilderland, NY	S3-27366609	Prógram Cultural BVI	466 146, Guilderland, New York
false_merge	0.6987499505004304	S1-425423714	Atlas Clinic	4630 Eskelson Road, Town Of Superior, WI	S3-575891612	Atlas Clinic Inc	
false_merge	0.7961589025712824	S1-112797957	Salem Holdings Group LLC	Farmington, UT, 309 Buffalo Ranch Road	S2-156717312	Inc Salem Holdings Group	31 BUFFALO RANCH RD, FARMINGTON, UT
false_merge	0.9734717926736758	S1-548881509	Platinum & Partners Private Limited	C/O Shri Prakash Gangadhar Malekar R1220 Talvani Distnashik Vani, Nashik, Maharashtra	S3-196691051	Limited Platinum + Partners Exports [Services]	C/o Shri Prakash Gangadhar Malekar R1220 Talvani Distnashik Vani, Nashik, महाराष्ट्र
false_merge	0.954834971774747	S1-120814906	Physical Therapy Associates Inc	Hempstead, NY, 100-119 Baker Court	S2-416525377	Physical Therapy Associates Holdings	100-126 BAKER CT, BARNUM ISLAND, NY
false_merge	0.7674941218075403	S1-873950371	Bangalore & Sons Private Limited	C/O Ranvir Singh Village & Post Kanasi, Kaimganj, Farrukhabad, Uttar Pradesh	S2-734694598	Smt Bangalore & Sons Corporation	
false_merge	0.579397270585369	S1-863101970	Elana Phillip Nova PC	205 Richard Arrington Jr Boulevard, Birmingham, AL	S3-340331773	Elana Phhlalp Nova Corp	
false_merge	0.6394775128964382	S1-368189430	Mishra Creations Private Limited	Phase - Iii, Industrial Area P.S.Fathua, Patna, Bihar	S3-530922558	>> Mishra Creations Infratech Private Limited	BR, Patna, 38 Phase - Iii, Patna, Industrial Area P.s.fathua
false_merge	0.918643181024981	S1-169209155	XWW Tie LLP	North Delhi, Narela, Kh, No 53/27, Left Portion, 4 Th Floor, Village Pana, Paposian, Delhi, Flat No 13 &14 Plao No 1058A	S3-131723313	XWW Tie Pvt Ltd	#15 &14 Plao No 1058A, Narela, North Delhi, DL
false_merge	0.9555269437860406	S1-385431885	Ghaziabad Prints Private Limited	S/F, 1/260, Sector-1, Ghaziabad, Uttar Pradesh	S2-702363856	PRIVATE GHAZIABAD PRINTS HOLDINGS LIMITED	CROSSING REPUBLIC, Uttar Pradesh, H.NO 72 S/F, GHAZIABAD, 1/260, SECTOR-1
false_merge	0.7698152436452927	S1-160182495	Nexeus Century	14503 210th Avenue, Town Of Bloomer, Unit 57, WI	S2-867916453	Nexeas Century	14503 210TH AVE, TOWN OF BLOOMER, WI
false_merge	0.826177793946117	S1-196997252	Taraendra Pharmaceuticals Private Limited	'A'Laxmi Niwas, Survey No.49, Opp Kalyani Steels, Mundhawa, Pune, Maharashtra	S2-627399313	TARAENDEON PHARMACEUTICALS PRIVATE [LTD]	H.NO 47 'A'LAXMI NIWAS, SURVEY NO.49, OPP KALYANI STEELS, MUNDHAWA, Maharashtra
false_merge	0.8332530756654039	S1-187245895	Orissa It Limited	Flat No.2, Ground Floor, Clover Co-Op. Housing Society, Naushir Barucha Marg, Grant Roa, D, Mumbai, Mumbai City, Maharashtra	S2-548598169	Orissa Ít	
false_merge	0.9582007804147646	S1-16007871	Mmr Consultancy Corporation	Flat G704 Pimple Saudagar, Kunal Icon Road, Pune City, Pune, Maharashtra	S3-855220347	जय कंसल्टेंट्स प्राइवेट लिमिटेड	Flat G#704 Pimple Saudagar, Kunal Icon Road, Pune City, Pune, MH
false_merge	0.9154996072078093	S1-463489363	Monteon Kkr	397 Crescent Road, PA, Hatboro Borough	S3-967805471	Montean Kkr	397. Crescent Rd, Habtoro, Pennsylvania
false_merge	0.6333053915323332	S1-66718669	Desert Securities Inc	1005 Leyland Terrace, Archdale, NC	S2-34163158	Desert Security LLC Service	
false_merge	0.8948883964850656	S1-205682547	American Atlantic Federal of Murdock	MN, 609 Grace Street, Murdock	S2-673718938	American Atlantic Fteterlal of Murdock LLC	918 GRACE STREET, MURDOCK, MN
false_merge	0.9928781024683117	S1-395892882	Ferrium Chenghe Inc	1105 M, Birmingham, AL	S2-974664274	Ferritis Chenghe Inc	##1105 M, NULL, BIRMINGHAM, AL
false_merge	0.9904220064559687	S1-466389787	Ear Nose & Throat Health	4336 26th Street, Arlington County, VA	S2-89831033	earnose.com	26TH STREET, NORFOLK, VA
false_merge	0.7694747136839254	S1-352245302	Surgical Prime Partners LLC	3201 Camino Del Sol, Oxnard, CA	S2-826654388	Surgical Prime Partners - 1933929330	
false_merge	0.9646624469193368	S1-219838219	Thane Services Pvt. Ltd.	Flt No.L/011, Rna Courtyard, Mira Road E Dr.B A. Road, Shanti Nagar, Sec-8, Thane, Maharashtra	S3-62353836	Thane Service Limited Services	Plot 462 Office No. T-08, Thane, MH
false_merge	0.8514030667395648	S1-137837850	Krishna Technology Private Limited	C 62 4Th Floor, & Basement Rdc Rajnagar, Ghaziabad, Uttar Pradesh	S3-770031181	Avibelo	C-##62 4Th Floor & Basement, Ghaziabad, UP
false_merge	0.9471262776772877	S1-349419648	Energy Rich Hotels Pvt. Ltd.	Bangalore North, 2Nd Stage Indiranagar Hoyasala Nagar, Karnataka, No 235 2Nd And 3Rd Floor 13Th Cross Road, Bangalore	S3-719799058	Energy Rich  Hotels Holdings Pvt. Ltd.	256 2Nd And 3Rd Floor 13Th Cross Road, Bangalore North, Bangalore, KA
false_merge	0.9462969888800885	S1-493700460	Planet Coast Center	Sukhdham, Flat No. E2, 7/17(9-10) Tilak Nagar, Kanpur, Uttar Pradesh	S2-678336757	Planet Coast Center Overseas	70 SUKHDHAM, FLAT NO. E2, 7/17(9-10) TILAK NAGAR, KANPUR, Uttar Pradesh
false_merge	0.9978778148683165	S1-442593656	Urban Healthcare Pvt Ltd	Ground Floor, A-92, L/S, Nambardar Estate, Taimoor Nagar, New Delhi, South Delhi, Delhi	S3-627810264	Urban Healthcare Furniture Pvt  Ltd.	92 Ground Floor, New Delhi, South Delhi, DL
false_merge	0.8697199475822093	S1-22462619	Alfaro Return	4213 Oglethorpe Street, Unit 101, Hyattsville, MD	S3-224764448	LLC Alfaro Return	421 Oglethorpe St, Unit 101, Hyattsville, Maryland
false_merge	0.9155510288922823	S1-689067210	Aditaya Finance Pvt Ltd	Wz-106/81, 2Nd Floor, Rajouri Garden Extension, New Delhi, West Delhi, Delhi	S2-720486616	Aditayi Finance Pvt Ltd	WZ-106/81, 2ND FLOOR, RAJOUDI GARDEN EXTENSION, NEW DELHI, Delhi
false_merge	0.9669593489451779	S1-920410494	Dhankamal Metallurgical LLP	Tulsi Landmark Housing Society, J Wing F/ No701, Sector No11 Pl No153, Spine Road, Pune, Maharashtra	S2-19681669	Dhankamal Metallurgical Infratech	DOOR NO 76 TULSI LANDMARK HOUSING SOCIETY, J WING F/ NO701, SECTOR NO11 PL NO153, SPINE ROAD, PUNE, Maharashtra
false_merge	0.8303512233182297	S1-141509141	Devendra Infra Pvt. Ltd.	Door No. 34/660, Kerala, Malapuram, 661, Main Road Chemmad, Tirurangadi, Malappuram	S2-885038784	Devendix Infra Pvt Ltd	DOOR NO. 34/660, 661, MAIN ROAD CHEMMAD, TIRURANGADI, MALAPPURAM, Kerala
false_merge	0.8983942628966692	S1-327821832	Foundation Ar Technologies Pvt Ltd	Hyderabad, Telangana, Plot 185, Surya Nagar, Old Alwal, Secunderabad, Hno 1-5-460/1	S3-948370613	Limited Foundation Ar Technologies	Hno 1-5-460/3, Plot 185, Surya Nagar, Old Alwal, Secunderabad, Hyderabad, TG
false_merge	0.8101674452344634	S1-452161426	Vbs Vincom Private Limited	Thane, Samarpan Building, Unique Garden Kanakia Layout, Mira Road (E), Maharashtra, A/902, Thane	S2-5825131	Vbs Vincom  Co	
false_merge	0.8446976245733728	S1-420380069	Il Trading Limited	No.4/1, Eeshavasya, 1St D Main Road Shivanagar, Rajajinagar, Bangalore, Karnataka	S3-309199047	Il-Trading Group Ltd	Shivanagar, No.4/4, ಕರ್ನಾಟಕ, Bengaluru
false_merge	0.8184297636429823	S1-87720044	Guru Consultancy Private Limited	23, Rustomjee Street, Ground Floor, Kolkata, Kolkata, Howrah, West Bengal	S2-815626645	Vision Infratech Pvt.	23, RUSTOMJEE STREET, KOLKATA, West Bengal
false_merge	0.9211051898787552	S1-887593545	Danna Stout Classic Realty	3822 Durness Way, TX, Houston	S3-722845584	Danna Stout Classic Realty Lakeside	382 Durness Way, Houston, N/A, Texas
false_merge	0.8220840367790047	S1-286916957	Webstar Law Chambers	5/2C, Third Main Road Gandhinagar, Adyar, Chennai, Tamil Nadu	S3-934066874	Webstar Law  Chamber Holdings	Chennai, TN, #5/5C, Third Main Road Gandhinagar, Adyar
false_merge	0.7657058770507597	S1-56661614	Set Telecom	C/O. Tukaram Pralhadrao Puyed, H No 557/3 Sindhi Ta Umri Dist Nanded, Umari, Nanded, Maharashtra	S3-293221410	Set Telecom Ventures	MH, Nanded, Umari, No 46 C/o. Tukaram Pralhadrao Puyed, H No 557/3 Sindhi Ta Umri Dist Nanded
false_merge	0.6579500927520121	S1-250861270	North Medicines Inc	1 Moselle Court, Ofallon, MO	S2-725352424	North Medicines Holdings	4 1/2 MOSELLE CT, OFALLON, MO
false_merge	0.9960042685563812	S1-745629955	Gangraj Sales Ltd	C/O Surendra Ojha, Vill &, Tola Khabra Urf Kiratpur, Mushahari, Muzaffarpur, Bihar	S3-763431307	Ganngraj Ssai Ltd	C/o Surendra Ojha, Muzaffarpur, Mushahari, BR
false_merge	0.9219273585553914	S1-267576176	Harker's Bay Eye Care	21660 Weather Edge Circle, Village Of Lannon, WI	S2-493037201	Caloorbi	2166 WEATHER EDGE CIR, VILLAGE OF LANNON, WI
false_merge	0.7959304592024566	S1-615137991	Golden Pub	Sparta, 133 Scarlett Drive, MO	S3-793047803	Golden  Pub Downtown	13 Scarlett Drive, Sparta, Missouri
false_merge	0.4997399025047607	S1-370413857	Behavioral Health Group	10903 Greywall Lane, Huntley, IL	S3-296914582	Behavioral Health Group Co	Illinois, Huntley, 1090 Greywall Lane
false_merge	0.8537186755920421	S1-414132960	Sweet Bistro	2200 22nd Avenue, Unit Unit A, Paragould, AR	S2-784923297	sweet bistro llc	9211 22ST AVENUE, PARAGOULD, AR
false_merge	0.9003333627795794	S1-153874306	Zhang & Lopez LLC	8628 Village Way, Unit STE 8628, Fairfax County, VA	S3-513596666	Inc Zhang & Loomz	Fairfax County, Virginia, 8633 Village Way, Unit STE 8628
false_merge	0.7594774619808461	S1-132778671	Govind Commodities (India) Pvt. Ltd.	Thiruvanmiyur, Chennai, 53, Tamil Nadu, Third East Street Kamarajar Nagar	S2-963203278	Sri Govind Commdiitolies (India) (India) Corporation	
false_merge	0.6255282246217321	S1-268224959	Summit Cms Corp	308 2nd Place, Antlers, OK	S3-286009600	Summit Cms	
false_merge	0.9346516673281648	S1-296624570	Hinson Colonial Starling, LLC	1521 Oakton Street, Des Plaines, IL	S2-261460778	Veomira	1521 OAKTON ST, N/A, DES PLAINES, IL
false_merge	0.9978904465664614	S1-253410261	Orbit Clinic	5-1, N C S Road, Revenue Ward No. 5, Vizianagaram, Andhra Pradesh	S3-160910406	Orbit Clinic Overseas	5-5, Vizianagaram, AP
false_merge	0.9103114214921317	S1-323194797	Southern Media Private Limited	No.1, 2 (O), 1 (N), Muruganathapuram South, Karur, Tamil Nadu	S3-21584994	Southern  Media Bakery	No.8, 2 (O), 1 (N), Muruganathapuram South, Karur, தமிழ்நாடு
false_merge	0.8594499306304745	S1-488858089	Hari Digital Management Private Limited	C/O- Ritu Kumari W/O Prak, Bagha, Wd- 24, Begusarai, Bihar	S2-660843523	हरि डिजिटल मैनेजमेंट लिमिटेड	BAGHA, WD- 24, BEGUSARAI, NO 48 C/O- RITU KUMARI W/O PRAK, BEGUSARAI, Bihar
false_merge	0.7994369569633158	S1-634422470	Jai Ship	V.I.P Road, Shantiniketan Apartment, Kaikhali Main Road, Flat No. - 5A, 5Th F, Loor, Kolkata, Kolkata, Howrah, West Bengal	S3-741458946	LLP Jai Ship	WB, Kolkata, Howrah, No 13 V.i.p Road, Shantiniketan Apartment, Kaikhali Main Road, Flat No. - 5A, 5Th F, Loor, Kolkata
false_merge	0.8841843802528582	S1-574486971	Cypress Industrials LLC	3560 Minnehaha Avenue, Minneapolis, MN	S3-912154969	Cypress Llc Industries	
false_merge	0.809060334769951	S1-815371396	First Synagogue	58 300, Unit D, Tremonton, UT	S2-920344638	Sixth Synagogue	58 300, TREMONTON, UT
false_merge	0.793468023032739	S1-226527743	Stouffer Clean Service	10800 Clifton Road, Savannah, TN	S3-236176084	Horne Clean Sserivce	Savannah, Tennessee, 10800 Clifton Rd
false_merge	0.9419545417095123	S1-126042336	Terry Builders Pvt. Ltd.	A-7/157 Pocket 7, Sector 17, Rohini, Delhi	S2-317836427	M/s TERRY TERRY BUILDERS HOLDINGS PVT. LTD.	A-7/157 POCKET 11, SECTOR 17, ROHINI, Delhi
false_merge	0.8845720322454433	S1-797841386	Roberts Xrp Inc	600 Breeze View Lane, Unit 280, Weldon Spring, MO	S3-188363668	Roberts Xrp Lakeside Inc.	02 Breeze View Lane, # 280, Weldon Spring, Missouri
false_merge	0.9037076513984753	S1-76144937	Josie Betancourt Barclays LLC	360 San Diego Avenue, Ventura, CA	S3-579832295	Josie Bétancourt-Barclays LLC	
false_merge	0.9618088416961612	S1-546700432	Thiruvananthapuram Enterprises Private Limited	Oman Turky Complex, Room No. 985, Market Road, Kilimanoor, Chirayinkeezhu, Thiruvananthapuram, Trivandrum, Kerala	S3-557946310	Thiruvananthapuram LLP Center	Door No C-58 Oman Turky Complex, Thiruvananthapuram, Trivandrum, Keralam
false_merge	0.9364216148425991	S1-381514723	Kritesh Realty Corporation	414 Somdutt, Chamber No. 2 Bhikaji Cama Place, New Delhi, Delhi	S2-748166532	CRITESH  REALTY	#2-414 SOMDUTT, CHAMBER NO. 2 BHIKAJI CAMA PLACE, Delhi
false_merge	0.470526829384062	S1-682047162	Supra Ventures	No 1449/3280 Ward No 35 Mahalakshmi Layout Kyathasandra, Tumkur, Karnataka	S2-637967828	M/s Supra Ventures	
false_merge	0.7911869712237625	S1-653138826	Bernal, Mabry & Kite Co	IL, Aurora, 203 Ingleside Avenue	S2-322838266	Bernal, Mabry & Kite Holdings	04 INGLESIDE AVE, AUROA, IL
false_merge	0.995609065971223	S1-782615910	Gangin Global Center	278, Rabindra Sarani, 1St Floor, Kolkata, Kolkata, Howrah, West Bengal	S2-893258524	Ganngin Gcmgnolbal Center	278, RABINDRA SARANI, 1ST FLOOR, KOLKATA, KOLKATA, West Bengal
false_merge	0.9565098116567492	S1-11645169	Big Media Pvt Ltd	Flat/A/7 Pl/3 Sector 1 Geetanjali Chs New Panvel, Navi Mumbai, Raigarh, Maharashtra	S2-956480929	बिग मीडिया हार्डवेयर प्रा. लि.	FLAT/A/7 PL/3 SECTOR 3 GEETANJALI CHS NEW PANVEL, NAVI MUMBAI, LODHIVALI, Maharashtra
false_merge	0.958029170412244	S1-473927235	One High Food Pvt Ltd	C/O Ajay Awasthi, K/518, Hanuman Nagar, Kankarbagh, Patna, Bihar	S3-631509742	One High Food Limited	H.no #21 C/o Ajay Awasthi, K/518, Hanuman Nagar, Kankarbagh, Patna, बिहार
false_merge	0.983335554854195	S1-932123910	PS Legacy Infrastructure LLC	2833 Dove Drive, Sierra Vista, AZ	S3-558069852	PYS Legacy Ínfrastructure [LLC]	2833 Dove Dr, PMB 484, Sierra Vista, Arizona
false_merge	0.7890421475387707	S1-799153605	Summit Sterling Starry	11689 Crossroads Place, Concord, NC	S3-24728300	Summit Sterling Starry LP	
false_merge	0.8922083474003671	S1-476386559	Sai Finance	404 Shrinath Avenue, Kibe Compound, Indore, Madhya Pradesh	S2-623782917	Ind0re Pvt Ltd  Center	H.NO 404 SHRINATH AVENUE, KIBE COMPOUND, INDORE, Madhya Pradesh
false_merge	0.7750678492377687	S1-360864421	Kristan Tomczak, DMD	338 Plantation Court, Vacaville, CA	S2-248898666	Kristan Tomczak, DMD Co	344 PLANTATION COURT, VACAVILLE, CA
false_merge	0.8673057580750254	S1-740508966	Gas Producer Limited	Kerala, Aramana Veedu, Karimpaloor Cherry, Puthenkulam (Po), Kollam, Shop No Xvii/954	S3-728227425	Gas Limited Holdings Producer	Shop No Xvii/65, Kollam, Keralam
false_merge	0.5115972381562641	S1-917170893	Osprey LLC	3374 Bethany Road, 0, TX	S3-884716501	0lhsiy Corp	Texas, 337 Bethany Rd, 0
false_merge	0.83093174493444	S1-832403862	Pillai Traders Private Limited	Delhi, Ramgarh, Delhi, A89 1St Floor Middle Side, North West Delhi	S2-3308996	PILLAI TRADERS HOLDINGS PRIVATE	AC-89 22ST FLOOR MIDDLE SIDE, RAMGARH, DELHI, Delhi
false_merge	0.9967334911984509	S1-31893569	Purnea Systems Limited	Krishna Mandir Chowk, Tatma Toli Sudin Chowk, Purnea, Purnia, Bihar	S2-736355499	Purnea-LLP Center	KRISHNA MANDIR CHOWK, TATMA TOLI SUDIN CHOWK, PURNEA, बिहार
false_merge	0.9411865209519493	S1-836089544	Ingunna Bun American Bond Clinic	13156 Leeshore Drive, Willis, TX	S2-456390703	Ingunna Bun American Bond Csic Central	1316 LEESHORE DRIVE, WILLIS, TX
false_merge	0.8021654567822075	S1-639845683	Seven Prime Consultancy Private Limited	3Rd-Floor, West Bengal, Howrah, Fl-03, 53/253/3 Naskar Para Lane Botanical Garden	S3-644673885	Seven Prime Consultancy Limited	Howrah, Fl-03, 53/253/3 Naskar Para Lane Botanical Garden, WB, Howrah, 8Rd-Floor
false_merge	0.9468285719084194	S1-790408829	Calday Hotels LLC	1336 Dogwood Road, Lake Ozark, MO	S3-627891856	Kalday Hotels	1336-1340 Dogwood Rd, PO Box 136, Lake Ozark, Missouri
false_merge	0.949264079953124	S1-551536024	Uma & Brothers Pvt. Ltd.	Nilkamal House, 77/78, Road No.13/14, Midc, Andheri (East), Mumbai, Maharashtra	S3-719836475	UMA & Brothers Holdings PVT. LTD.	No 18 Nilkamal House, 77/78, Road No.13/14, Midc, Andheri (East), Mumbai, MH
false_merge	0.9907060774957898	S1-700824707	Ziraraj Financial Ltd	New No.29, Old No.15A H M Centre, 3Rd Floor, Nungambakkam High, Road, Nungambakkam, Chennai, Tamil Nadu	S3-305553424	zirartis financial ltd	New No.29, Chennai, TN
false_merge	0.9585604556628837	S1-78550714	Pranesh Garments Private Limited	685/117, Godown: 117 To 122, 1St Flr, Bldg:A/4, Harihar Complex, Dapo, De Village, Bhiwandi, Thane, Maharashtra	S2-315286450	Praneova Garments Private	685/122, GODOWN: 117 TO 122, 1ST FLR, BLDG:A/4, HARIHAR COMPLEX, DAPO, DE VILLAGE, BHIWANDI, Maharashtra
false_merge	0.6814717440989007	S1-683837031	Quinones Lightwave LP	17870 Irons Court, Lakeville, MN	S2-900528161	Quinones Lightwave [Corporation]	
false_merge	0.9397716446357548	S1-733091046	Aguilera Strategic Chiron	300 Merriman Street, Sinton, TX	S2-336455302	Zephdelta	300 Merriman Street, SINTON, TX
false_merge	0.7904878573438192	S1-685281720	Saint Albans Education Project	194-17 111 Road, Saint Albans, NY	S3-378219712	Saint Albans Education Project Co	194-26 111 Roda, Sain Talbans, New York
false_merge	0.9681754672198152	S1-483858661	Foot & Ankle Center	386 Hickory Hollow Road, Purlear, NC	S3-760109011	Foot & LLC Center Ankle	North Carolina, 39 Hickory Hollow Rd, Purear Township
false_merge	0.9778045736431132	S1-694937460	Aneka & Brothers Company	267 Udyog Bhavan Premises Chs Ltd Sonawala Lane, Maharashtra, Mumbai City, Mumbai, Goregaon East	S3-675440047	Mr Aneka Brothers	
false_merge	0.8515687169951363	S1-249706268	Roopam Developmentindia Private Limited	37/1, Shibtalla Street 1St Floor, Kolkata, Howrah, West Bengal	S2-604679540	Roopant Developmentindia [Private]	37/8, SHIBTALLA STREET 1ST FLORO, KOLKATA, West Bengal
false_merge	0.8775047026328437	S1-25086051	Bharat Tech Pvt Ltd	Ghutiry Sharif, Bansra, Jibantola, Canning, South 24 Parganas, West Bengal	S3-716156818	ভারত টেক মোটরস প্রাইভেট লিমিটেড	WB, No 67 Ghutiry Sharif, Canning, Bansra, Jibantola, South 24 Parganas
false_merge	0.9249166136555954	S1-958044664	Urology Health	Central City, 11050 Ronson Drive, LA	S2-310484463	CORP UROLOGY HRTLH	TX, CITY OF EL PASO, 11050  MORNING DEW CT
false_merge	0.928848404774006	S1-657108595	Monteus Partners Corp	TX, Houston, 5816 Heiser Street	S2-993981365	Monteas Pártners Corp	5816 1/2 HEISER STREET, HOUSTON, TX
false_merge	0.9031657499062424	S1-841399125	Geisler Highland Properties	4709 12th Street, Canton, OH	S3-314803042	Geisler Highland Properties Ltd	730 Twelfth St, Perry Twp, Ohio
false_merge	0.8328066119408742	S1-291915684	Verros Joint	25743 142nd Avenue, Surprise, AZ	S2-900879421	Verras Jóint	25743 142ST AVE, AZ, SURPRISE
false_merge	0.9726346124705469	S1-790314104	Crystal Corporate Private Limited	Mainpuri, Bhagwan Gambhir, Bhogano Road, Uttar Pradesh, C/O R G Auto Sales, Mainpuri	S2-265129589	CRYSTAL CORPORATE CORPORATION	
false_merge	0.8297826314965845	S1-617091511	Ironworkers Union Local No 112	2171 Glen Meadow Drive, IN, Rising Sun	S2-840579236	Ironworkers Unnn Local  No 112 LP	
false_merge	0.8566457494328191	S1-938706995	Gold Vision Software Private Limited	Medley House, D-2, Midc Area, 16Th Road, Andheri (E), Mumbai, Maharashtra	S2-683160740	गोल्ड विजन सॉफ्टवेयर ज्वेलर्स प्राइवेट लिमिटेड	H.NO 25 MEDLEY HOUSE, D-2, MIDC AREA, 16TH ROAD, MUMBAI, Maharashtra
false_merge	0.6888914671993847	S1-46807822	Allied Bnb Corp	305 Callaway Court, Town Of Campbell, WI	S3-93773830	allied bnb corp	
false_merge	0.7337789749337118	S1-677648894	South Developers Private Limited	C/O Surender Kumar, Vill-Khandsa, Gurgaon, Haryana	S2-597255871	South Developers Provision Private Limited	DOOR NO 45/3 C/O SURENDER KUMAR, VILL-KHANDSA, GURGAON, Haryana
false_merge	0.9704064822379652	S1-954542425	Indrva Recycling Ltd	Delhi, Village & Post Office, Delhi, Mahipal Pur	S2-264857849	Indryx Recycling	VILLAGE & POST OFFICE, MAHIPAL PUR, Delhi
false_merge	0.7690450942135649	S1-842315034	Mf & Brothers Ltd	Plot No.1 Huda Market, Sector 37 Faridabad, Faridabad, Haryana	S3-771719786	Onyxlumvio	###1 Huda Market, Sector 37 Faridabad, Bangalore Rural, Faridabad, हरियाणा
false_merge	0.7950187100216369	S1-555046568	Interfaith Council	3N 54 Campton Woods Drive, Campton Hills, IL	S3-362061456	Interfaith Cóuncil Co	3N 67 Campton Wnods Dr, Illinois, Elburn
false_merge	0.8862076426427005	S1-206761090	Su Brothers	A-317-R G Complex Motia Khan Pahar Ganj, Delhi, Central Delhi, Delhi	S2-5140125	Su  & Brothers Private Limited	
false_merge	0.9574285921479598	S1-735361041	Schenk and Moton	44 Robert Road, Manchester, CT	S3-76550681	Schenk & Moton	
false_merge	0.9683527513939959	S1-728343612	Ryland's Clean Environmental Services	16W 605 Crest Avenue, Bensenville, IL	S3-164187134	Services Cléan Ryland's	16W 614 Crest Ave, PMB 9807, Bnsenville, Illinois
false_merge	0.8708711709028917	S1-8640064	Quintina Chavez Pacific Mustang PLLC	10091 219, Ashford, NY	S2-380787468	Quintina Chavez Mustang Pacific	
false_merge	0.9118457255336608	S1-318853083	TXV Summit Metlife L.L.C.	WI, City Of Oshkosh, 1300 Maricopa Drive	S3-12513711	TXV Súmmit Metlife	
false_merge	0.9526882248376272	S1-288928793	RV Heritage Resilience	331 300, Provo, UT	S2-922160679	BARR HERITAGE RESILIENCE	331 300, PROVO, UT
false_merge	0.985012928098007	S1-615990119	East American Merchants LLC	663 663 Champ Road, Kelso, TN	S3-836937693	East American Merchants Ltd	663 665 Champ Road, Kelso, Tennessee
false_merge	0.9720622120896671	S1-887552952	Bangalore (india) Co	Bangalore, 1St Floor, 3Rd Cross Ashoknagar, Bsk 1St Stage, 706/52, Bangalore, Karnataka	S3-727790190	8angalore (india) Private Limited	#52, Bangalore, KA
false_merge	0.8264556661665654	S1-450980493	Barrett's Fresh Financial Center	2170 Cottondale Road, Fl 0, Springtown, TX	S2-132025478	Barrett's Fresh Financial Center Holdings	173 COTTONDALE RD, SPRINGTOWN, TX
false_merge	0.9872713528996723	S1-221285306	Glyphiq Pmv Inc	5319 College Avenue, Fl 0, Saint Louis, MO	S2-284594466	Glyfiq Pmv Incorporated	5319 COLLEGE AVENUE, SAINT LOUIS, MO
false_merge	0.8428182560943775	S1-559427492	Supreme Impex Private Limited	Nath House Paithan Road, Aurangabad Post Box No 318, Aurangabad, Maharashtra	S3-321757512	Supreme Impex General Private Limited	No 9 Nath House Paithan Road, Aurangabad, महाराष्ट्र
false_merge	0.928323722091602	S1-242596402	Silvia Robertson Bankshares Inc	7640 Tokay Avenue, Fontana, CA	S2-147015945	Robertson, Hutchinson Bankshares Inc	7640 TOKAY AVENUE, FONTANA, CA
false_merge	0.8759823658248141	S1-504450359	Davangere Care	1201 Ekta Oculus, 15 Flr, Motibaug, N B Patil Marg, S T Rd, Maitri Park, Chembur, Mumbai, Mumbai City, Maharashtra	S2-327292931	Davangere Care	
false_merge	0.8271156586940456	S1-677888750	Joan Carter Obic, Inc	W234N6601 Laurel Court, Village Of Sussex, WI	S2-85244388	Joan Carter Obic, Corp	W234N660 LAUREL CT, SUSSEX, WI
false_merge	0.7687665713011551	S1-988232514	Caldari Development, Inc	W796 Hh, Town Of Calumet, WI	S3-991419769	Caldaru Inc-Development,	W79 Hh, Town Of Calumet, Wisconsin
false_merge	0.9474590840549931	S1-295791833	Kaverendra Benefit Private Limited	Plot No-13, Sector 17-18 Dividing Road Opposite Pasco Body Shop, Gurgaon, Haryana	S2-615262081	Kaverendrayn Benefit Private	HN 936 PLOT NO-13, SECTOR 17-18 DIVIDING ROAD OPPOSITE PASCO BODY SHOP, GURGAON, Haryana
false_merge	0.8548121659229182	S1-210693590	Taram Commotrade Private Limited	Office-4B New Town Square, Spencers Mall Building, Rajarhat, North 24 Parganas, West Bengal	S3-11936376	Tarram Cotmotrade Private Limited	Office-4b New Town Stuare, Rajarhat, North 24 Parganas, WB
false_merge	0.9024916159618143	S1-155882150	Suryaora Energy	4, Industrial Area Shivaji Marg Najafgarh Road, Delhi, North West, Delhi	S2-995021714	Suryaoex Energy	4, INDUSTRIAL AREA SHIVAJI MARG NAJAFGARH ROAD, DELHI, Delhi
false_merge	0.8690280231554194	S1-221494834	Hindusthan Developers	C/O Sahebrao Jadhav, G No. 932, At Pishor Tq Kannad, Aurangabad, Maharashtra	S2-520106974	Hindusthan Ltd Developers	
false_merge	0.8033224655999185	S1-299497945	Kolkata Guards	West Bengal, Kolkata, Howrah, Banawari Saran Khandelwal, 17/A, Gfl, Gopal Nagar Road, Kolkata	S2-2303668	Kolkata Guards Overseas Limited	#C-55 BANAWARI SARAN KHANDELWAL, 17/A, GFL, GOPAL NAGAR ROAD, KOLKATA, KOLKATA, West Bengal
false_merge	0.3213589894429486	S1-171138134	Animal Welfare Coalition	606 Sugarbush Access Road, Warren, VT	S2-607426519	Animal Welfare Coalition LLC	
false_merge	0.9370077338649336	S1-899399634	Elite Direct Cadenza Inc	660 Bluebird Lane, Coben, IL	S3-7694147	Elite Direct Cadenza Holdings	66 Bluebird Lane, N/A, Coben, Illinois
false_merge	0.8896054565477155	S1-660425738	Kestium Spacsphere Inc.	525 Sowers Road, Irving, TX	S3-522632503	Kestiumyn Spacsphere Incorporated	525 Sowers Rd, Irving, Texas
false_merge	0.730690809564504	S1-891855918	Digital Software Pvt Ltd	Shop No. 6, Fortune Empire, 1St Floor, Panchvati, Vill. & Tal. - Kalol, Gandhinagar, Gandhinagar, Gandhi Nagar, Gujarat	S3-683758346	Digital Software Private	C, Ahmadabad City, Gandhinagar, ગુજરાત
false_merge	0.9848409277067658	S1-604593389	Blue Estate Private Limited	C/O. Narayanji Rugaji Shinde, No. 348, Lic Colony, Murali Road, Bhopal Naka, Sehore, Madhya Pradesh	S3-256262902	ब्लू एस्टेट Limited	H.no D/24 C/o. Narayanji Rugaji Shinde, No. 348, Lic Colony, Murali Road, Bhopal Naka, Sehore, मध्य प्रदेश
false_merge	0.9552851387820024	S1-742971394	Hitech East Ventures Pvt Ltd	Ground Floor, Cloud 9 Apartment, Sahdeo Mahto Marg, Sk Puri, Phulwari, Patna, Bihar	S3-33704071	*** Hitech éast Ventures LLP	#7. Ground Floor, Cloud 9 Apartment, Sahdeo Mahto Marg, Sk Puri, Phulwari, Patna, BR
false_merge	0.8639809526688322	S1-693822708	Hind (India) Entrepreneurs Corporation	Vajrakarur, Andhra Pradesh, 5-52 Poliki, Ananthapur	S2-136520349	Hind (India) Corporation Infratech Entrepreneurs	H.NO G-5-65 POLIKI, VAJRAKARUR, ఆంధ్రప్రదేశ్
false_merge	0.7846340813933879	S1-626512359	Miller Express Safe	412 Springfield Drive, Ankeny, IA	S3-397026569	Miller  Express Safe	
false_merge	0.6740604928184649	S1-902300777	Beaty Suma	109 Plus Park Boulevard, Nashville, TN	S2-761982346	Beaty  Suma LP	
false_merge	0.8075186984680855	S1-299901816	Baba Construction	2Nd Floor, No.46, 14Th Cross, Peenya 2Nd Stage Peenya Industrial Estate, Bangalore, Karnataka	S2-118643893	ಬಾಬಾ ಕನ್‌ಸ್ಟ್ರಕ್ಷನ್ ಜನರಲ್	NO.46, 14TH CROSS, PEENYA 2ND STAGE PEENYA INDUSTRIAL ESTATE, #4ND FLOOR, BANGALORE, Karnataka, BENGALURU
false_merge	0.8134211651626685	S1-516022208	Ear Nose & Throat Golden Specialists, LLC	711 Dover Road, Sugarcreek, OH	S3-261954515	Ear Nose & Trht Golden Specialists  Inc	
false_merge	0.9958143179317004	S1-62525853	Sfc & Brothers Private Limited	Cst No. 8/23/B/2, Nr. Tarang Petrol Pump, Ratan Park, Borsad, Anand, Gujarat	S3-506215422	Sfc & Brothers L.L.P.	Cst No. 8/23/B/23, <NULL>, GJ
false_merge	0.6531765227222676	S1-357453858	Cleek and Kamp	1937 Waugh Switch Road, Bedford County, VA	S3-511166530	Cleek And Kamp Holdings	938 Waugh Switch Road, Big Island, Virginia
false_merge	0.8924119676219155	S1-238642163	Oncology Vanguard Specialists LLC	14901 Woods Lane, Florence, AZ	S2-222237091	Oncology Vanguard Specialists Corp	1490 WOODS LN, FLORENCE ITY, AZ
false_merge	0.8197752302545599	S1-42642650	Jspl Resorts Private Limited	C/O Sahib Singh, Hno.470, Ramamandi, Nangal Shaman, Dhillion Niwas, Sainik Vihar, G.No6, Dakoha, Jalandhar, Punjab	S2-689182570	Jspl Industries Private	NO 84 C/O SAHIB SINGH, HNO.470, RAMAMANDI, NANGAL SHAMAN, DHILLION NIWAS, SAINIK VIHA, G.NO6, DAKOHA, Punjab
false_merge	0.7913530350491429	S1-772024551	CRM Contact Private Limited	2D Sherba Noo 2Nd Floor 111 M.K.Road, Mumbai, Maharashtra	S3-472268121	CRM Contact [[Llp]]	#6D Sherba Noo 2Nd Flsor 111 M.k.road, Mumbai, महाराष्ट्र
false_merge	0.9051039329367414	S1-405883515	Lark Medicare (India) Private Limited	T-Hub Foundation, Sy No. 83/1 Raidurg, Hyderabad, Rangareddy, Telangana	S2-721162486	Lark  Medicare (India) Limited	H.NO #2 T-HUB FOUNDATION, SY NO. 83/1 RAIDURG, HYDERABAD, Telangana
false_merge	0.9057697190482875	S1-790481887	Womens Health Cornerstone Partners LP	3875 Jennies Creek Road, Kermit, WV	S2-992129385	Womens Health Cornerstone Partners District	
false_merge	0.8207149162240994	S1-714970155	Kestic Photonics	115 Lauten Loop, Madison, NC	S3-131771260	The Cestic Photonics	115 Lauten Loop, Madison, North Carolina
false_merge	0.9640126767077397	S1-985955331	Regional Xcel LLC	15 Freedom Way, Unit Unit 58, East Lyme, CT	S3-299421207	Regional Xcel	
false_merge	0.8702394938440036	S1-121646950	Perfect Investments Private Limited	Steamtech Engineers, Alap 2, Office No 611 Limda Chowk, Rajkot, Gujarat	S2-387103560	પરફેક્ટ ઇન્વેસ્ટમેન્ટ્સ એલએલપી	NO 25 STEAMETCH ENGINEERS, ALAP 2, OFFICE NO 611 LIMDA CHOWK, RAJKOT, ગુજરાત
false_merge	0.8780803802628268	S1-246044351	Brightio Produce Inc	5206 Ridgefield Road, Bethesda, MD	S3-87689990	brightioyn produce [inc]	5206 Ridgefield Rd, Bethesda, Maryland
false_merge	0.9464945207964384	S1-672561404	KW Classic Auto Glass	2212 Yorkhills Drive, Unit 6, Charlotte, NC	S2-860900334	KW Classic Auto Glass Holdings	221 YORKHILLS DR, CHARLOTTE CDP, NC
false_merge	0.9420127049491043	S1-200649491	Taraya Systems LLP	F 74A West Jyoti Nagar Loni Road, East Delhi, New Delhi, Delhi	S3-60183169	Taraova Systems L.L.P.	F D/74a West Jyoti Nagar Loin Road, New Delhi, East Delhi, DL
false_merge	0.903949872932785	S1-605097371	Saidapet Sports LLP	F1, New No.12, Old No.16, Sabari Tulasi, Sip Colony, Nanganallur, Kanchipuram, Saidapet, Saidapet, Kanchipuram, Tamil Nadu	S2-598719670	Saidapet Sports Pvt.	
false_merge	0.767318761473269	S1-220770572	Guerrero Blackrock LP	110 Henry Hill Road, Buxton, ME	S2-746384622	guerrero blackrock	
false_merge	0.911278064985402	S1-732445076	Life Investments Private Limited	C/O Sachidanand Sharma, 7 Hf 6/4, B H Colony Near Agamkuan Ps, Kankarbagh, Patna, Bihar	S3-736489988	Life Investments Limited	No 49/4 C/o Sachidanand Sharma, Divreportingcircle, Patna, बिहार
false_merge	0.9561236174363374	S1-242232989	Kissie T. Wesley, DDS, P.C.	AZ, 9736 Strobe Avenue, Mesa	S2-229941016	Kissie-T. Weosie, DDU, P.C.	9736 STROBE AVE, MESA, AZ
false_merge	0.9868481073400767	S1-208345942	Blue Exports Private Limited	Kolkata, Howrah, West Bengal, 14/1 Moulana Md Ali Road, Kolkata	S3-860183998	Blue Exports Pharmacy Private [Limited]	No 14/ Moulana Md Ali Road, Kolkata, Howrah, WB
false_merge	0.7877306410751689	S1-933603058	Divisha Labs Pvt Ltd	No 1 3Rd Cross Street, Kodambakkam, Chennai, Tamil Nadu	S2-931441414	Divisha Labs Ventures Pvt Ltd	H.NO 1-22 3RD CROSS STREET, KODAMBAKKAM, CHENNAI, Tamil Nadu
false_merge	0.7734542191757515	S1-461459571	Infrastructure Pair Projects Private Limited	No 252, 14Th A Cross Road, Bangalore North, Bangalore, Karnataka	S2-677853221	Mr Global &	NO B3/252 , 14TH A CROSS ROAD, BANGALORE NORTH, Karnataka
false_merge	0.9255642991644598	S1-766915248	Premier Realty Networks, LLC	1114 Calor Road, Rio Rancho, NM	S2-661903364	Premier  Realty Networks Lakeside,	111 CALOR ROAD, RIO RANCHO, NM
false_merge	0.7696781963061083	S1-830723309	Revive Welfare Society Corp	C/O Dilip Ramchandra Taral, New Siddharth Ngr, Ganesh Chl, Ghatkopar, West Bhatwadi, Mumbai, Mumbai City, Maharashtra	S3-300358858	Sri Revive  Welfare Society Infratech Corp	Door No 26 C/o Dilip Ramchandra Taral, Bombay, Mumbai City, महाराष्ट्र
false_merge	0.8723372625864578	S1-928652323	Family Coalition	Unit 8, 53 Neil Street, OH, Delaware	S3-61991527	Family Coalition Co	58 Neil St, # 8, Delaware, Ohio
false_merge	0.8653243759006035	S1-386946251	Sims Metropolitan Safeguard LP	369 Hawthorne Street, Rialto, CA	S3-263698804	Sims Metropolitan Safeguard Incorporated	
false_merge	0.9993034147832817	S1-78380821	Synmoex Intelligent	110 Dubellette Street, Fl 0, Weatherford, TX	S2-431579830	Synmoex  Intelligent Corp	TX, 110 DUBELLETTE STREET, WEATHERFORD
false_merge	0.7932881259442255	S1-587855546	Bk & Brothers Private Limited	Powayan, Colony Banda, S/O Santram Ramnagar, Uttar Pradesh, Shahjahanpur	S3-390818362	Dr bk brothers limited	
false_merge	0.7829367845917545	S1-827068868	Rk & Associates	Uttar Pradesh, Cf-0925 Fusion, Gautam Buddha Nagar, Ufairia Mall Sector-16B, Gautam Buddha Nagar	S3-665040828	RK & ASSOCIATES LLP	Cf-00926 Fusion, Ufairia Mall Sector-16b, Gautam Buddha Nagar, UP
false_merge	0.929745800417192	S1-500196982	Liberty & Partners	E-09 9Th Floor, Bangalore, Bangalore South, Karnataka, 1St Cross, J C Road	S2-701159144	Mr Liberty & Partners Pvt Ltd	E-09 18TH FLOOR, 1ST CROSS, J C ROAD, BANGALORE SOUTH, Karnataka
false_merge	0.719376000808682	S1-543351815	Lyron British, LLC	622 5th Avenue, Unit Unit 9, City Of Oshkosh, WI	S3-111449366	Lyran British,	622 Fifth Ave, City Of Oshkosh, Wisconsin, Unit Unit 9
false_merge	0.721592849107314	S1-186436793	Arihant Public School	Vill. Deeva Hamidpur Post Deeva, Tehsil Khair, Aligarh, Uttar Pradesh	S3-952874272	Arihant Public Shool LLP	No 54 Vill. Deeva Hamidbur Post Deeva, Aligarh, UP
false_merge	0.935805910695927	S1-619463998	Kindel Choice Property Care	14 Dunn Lane, Chester, MD	S3-730268365	Kindel P.C. Property Chóice	
false_merge	0.954891085948934	S1-421942850	Drayeus Zhejiang L.L.C.	2603 Pierce Street, Omaha, NE	S3-660167654	Drayeas [Zhejiang]	2603-C Pierce Street, OMHA CDP, Nebraska
false_merge	0.8217623816850381	S1-39152269	New Exports Pvt Ltd	Yamuna Bhawan, Basement 55, Ezra Street, Kolkata, Kolkata, Howrah, West Bengal	S3-872529162	New Exports Limited	No 17 Yamuna Bhawan, Basement 55, Ezra Street, Kolkata, Kolkata West, Kolkata, WB
false_merge	0.9075624874095788	S1-116915192	QS Gen LLC	514 Walnut Street, Unit 1/2, Ashland, OH	S2-255392989	Clegg Gen LLC	OH, ASHLAND, 514 WALNUT ST
false_merge	0.9573128910790573	S1-396651451	Clyeon Dome LLC	Raleigh, 2409 Scouting Trail, NC	S3-369931541	Clyeona LLC (Dome)	North Carolina, 2409- Scouting Trl, Raleigh
false_merge	0.8330338539381789	S1-383897789	Supreme Agro Limited	Howrah, 7, Kolkata, Kripanath Lane, Kolkata, West Bengal	S3-709483863	Supreme Agro Private	##25, Kolkata, WB
false_merge	0.7492509917955756	S1-163240421	Om Biotech Private Limited	Andhra Pradesh, East Godavari, 2-496/2, Iswarya Nagar Ramanayyapeta, First Floor, Kakinada	S2-321627692	OM BIOTECH HOLDINGS PRIVATE	46 FIRST FLOOR, 2-496/2, ISWARYA NAGAR RAMANAYYAPETA, KAKINADA, ఆంధ్రప్రదేశ్
false_merge	0.7756826628374457	S1-540764374	Foot & Ankle Pioneer Health	108 West Street, Odell, IL	S2-221114425	Foot & Ankle Pioneer Health L.L.C.	
false_merge	0.9131435954750791	S1-828971762	Pranan Services Ltd	401/402/403, Eco House, Vishweswar Nagar Off Aarey Road, Goregaon East, Mumbai, Mumbai City, Maharashtra	S2-672848972	Pranana Sérvices Ltd.	401/402/403 , ECO HOUSE, VISHWESWAR NAGAR OFF AAREY ROAD, GOREGAON EAST, MUMBAI, Maharashtra
false_merge	0.9044532925334421	S1-668488986	Painters Local 712	Unit 7103, Leland, NC, 127 Dresser Lane	S3-580279725	Painters Inc 712  Local	North Carolina, Leland, # 7103, 130 Dresser Ln
false_merge	0.8865473764490938	S1-583721553	Aarvesh Films Limited	Sa 1/2 Kk Pandeypur, Varanasi, Uttar Pradesh	S3-226723471	Aarvezh Films Ltd	Sa 1/2 Kk Pandeypbr, Varanasi, उत्तर प्रदेश
false_merge	0.9550257739129806	S1-387991821	Mumbai Homes Private Limited	Panchvati Gardens, D-402, Upper Govind Nagar, Malad-East, Mumbai, Mumbai City, Maharashtra	S2-171275681	Mumbai Homes Infratech Private Limited	#99 PANCHVATI GARDENS, D-402, UPPER GOVIND NAGAR, MALAD-EAST, MUMBAI, Maharashtra
false_merge	0.7368606254536192	S1-283477437	BX International Private Limited	685-A, Moonelil House, Kuttippadam, Thandakkad, Kunnathunad, Ernakulam, Kerala	S2-868201937	BX International  Private Limited	
false_merge	0.8603810529649424	S1-797231708	Solora Computing	OH, 2396 Fieldstone Circle, Fairborn	S2-586911931	Soloro Computing Inc	FAIRBORN, OH, 2396 FIELDSTONE CIR
false_merge	0.9739760456095706	S1-526262271	Continental Network VI Inc	112 Coal Street, Marietta, IL	S3-253431026	Continental Network VK Ínc	112 Coal Street, Marietta, Illinois
false_merge	0.8478921671069611	S1-511118482	Premier Technology Private Limited	Sai Sadan, 252-K, Second Floor, Raja Dhirsain Marg, Sant Nagar, New Delhi, South Delhi, Delhi	S3-242199191	Premier Technology Agencies Private Ltd	No 23 Sai Sadan, 252-K, Second Floor, Raja Dhirsain Marg, Sant Nagar, New Delhi, South Delhi, दिल्ली
false_merge	0.46531562817125116	S1-213245391	Ramtek Infotech Private Limited	S/O Chaitu Thakur At Post, Bhondewada Tq.Ramtek, Ramtek, Nagpur, Maharashtra	S2-552339872	Ramtek Infotech Limited	NO 7-2 S/O CHAITU THAKUR AT POST, BHONDEWADA TQ.RAMTEK, RAMTEK, Maharashtra
false_merge	0.8617077109668692	S1-103360071	Main Street Seafood LP	1713 Walnut Branch Way, Shively, KY	S2-660514664	Main Street Seafood [Co]	172 WALNUT BRANCH WAY, LOUISVILLE, KY
false_merge	0.8743301962658172	S1-286858249	Silver Enterprises Limited	Karnataka, Bms Apartments, 5Th Cross, 11Th Main Srinivasa Layout, Hongassandra, Bangalore, A303, Bangalore	S3-23799250	ಸಿಲ್ವರ್ ಎಂಟರ್‌ಪ್ರೈಸಸ್ ಸ್ವೀಟ್ಸ್ ಲಿಮಿಟೆಡ್	A304, Bms Apartments, 5Th Cross, 11Th Main Srinivasa Layout, Hongassandra, Bangalore, KA
false_merge	0.9844127344677117	S1-976324700	Teak Charitable Trust	H/O-Smt Pushpa Kumari, Wo-Dhirendra Kumar 987, Rupaspur, Near Idea Tower, Patna, Bihar	S2-495261959	TEAK CHARITABLE TRUST INFRATECH	Bihar, N/A, DOOR NO ##98 H/O-SMT PUSHPA KUMARI, WO-DHIRENDRA KUMAR 987, RUPASPUR, NEAR IDEA TOWER, PATNA
false_merge	0.8720952352639687	S1-620168143	Solic Supply Inc.	12013 New Hampshire Avenue, Silver Spring, MD	S3-83416436	Solik  Supply Inc.	12013 New Hampshire Avenue, Silver Spring, Maryland
false_merge	0.8534917193244128	S1-324371821	Sanjeevini (India) Stone Public Limited	M-156 Greater Kailash-2, Delhi, South Delhi, Delhi	S2-211109514	Sanjeevini (India)  Stone Holdings Public Limited	M-56 GREATER KAILASH-9, DELHI, Delhi
false_merge	0.9177832880146722	S1-97911702	Platinum Better Ready	3964 Hudson Place, Fl 1, Chandler, AZ	S2-807048861	Platinum Better Ready Ltd	965 HUDSON PLACE, CHANDLER, AZ
false_merge	0.9313508523371249	S1-613918096	Isahella Cortez Athena LLC	NM, Alamogordo, 602 E6 Florida Avenue	S3-205546767	Isahella Cortez Inc Center	602 E Florida Ave, Alamogoordo, New Mexico
false_merge	0.7327669407802103	S1-616577040	Midwest Preferred Massage LLC	Unit 1, 131 Beale Street, Quincy, MA	S3-964517625	Midwest Massage Holdings Services	136. Beale St, Quincy, Massachusetts
false_merge	0.7898611126395032	S1-786720700	Magnet & Sons Private Limited	Labour Colony Hirakud, Sambalpur, Orissa	S3-913016857	Magnet & Sons Overseas Private Limited	Door No 37 Labour Colony Hirakud, Sambalpur, ଓଡ଼ିଶା
false_merge	0.9727714795046062	S1-31686662	Ivenova Telefonica Inc	126 Smalley Road, Cincinnati, OH	S3-855480115	Inc. Ivenovi Telefonica	126 Smalley Rd, Cincinnati, Ohio
false_merge	0.7486822872463983	S1-353838952	Mofloa LLC	1727 Gorman Street, Unit D, Raleigh, NC	S3-586510387	Downtown	NC, Raleigh, 1727 Gorman Street, Unit D
false_merge	0.9616845831736871	S1-202506468	Johnson Holdings	1277 Marls Court, IL, Naperville	S3-752201822	Malatesta Holdings	1277. Marls Ct, Naperville, Illinois
false_merge	0.9727888824068978	S1-148573829	Glyphus Mobile LLC	125 Limoges Court, Maumelle, AR	S3-460133118	Glyfus Mobile [LLC]	Arkansas, Maumelle, 125 Limoles Ct
false_merge	0.9879057536803272	S1-239641445	Drayance Regency Inc	1115 Kouba Drive, OK, Yukon	S3-919586654	Incorporated Drayanke Regency	1115 Kouba Drive, Yukon, Oklahoma
false_merge	0.8937370957981324	S1-130533383	Montify Barings, LLC	TN, Unit 811, Nashville, 4100 Central Pike	S2-421351981	Montieon Barings,	4100 CENTRAL PIKE, HRMITAGE, TN
false_merge	0.7265694930961442	S1-995849092	High Technologies LLP	Poornima, Iii Floor25 State Bank Road, Bangalore, Karnataka	S3-592478919	High Tech	#25 Poornima, Iii Floor25 State Bank Road, Bangalore, ಕರ್ನಾಟಕ
false_merge	0.6071142457154155	S1-466419655	Rise Law Chambers Private Limited	145-A, Dr Veigas Street Kalbadevi Road, Mumbai, Maharashtra	S2-83353096	Shri rise láw chambers ltd	
false_merge	0.9084765218311249	S1-849403359	Anita Madsen Esports of Houston	2010 Twinbrooke Drive, Houston, TX	S2-457532588	Haloviogild	2010-B Twinbrooke Dr, HOUSTON, TX
false_merge	0.8735221963795359	S1-721902606	Cardiology Center LLC	51 Royal Avenue, Buffalo, NY	S2-929982321	Cardiology Center	HENEL AVE, BUFFALO, NY
false_merge	0.9930379044230602	S1-424236122	Tejaya Institute Private Limited	Oliva Building Foundation, 1/229, Stalin Street, Sachithanandapuram Thazhampur, Kancheepuram, Tamil Nadu	S3-640309966	Tejaell Institute Limited Center	#986 Oliva Building Foundation, 1/229, Stalin Street, Sachithanandapuram Thazhampur, Kancheepuram, TN
false_merge	0.9545524935173461	S1-842697974	Big Seafood Center	236 Park Road, West Hartford, CT	S3-583810647	Bxd LLC	236 Park Rd, W Hartford, Connecticut
false_merge	0.9996422639777327	S1-702626854	Rankin & Hartline Inc	426 1/2 2nd Street, City Of Baraboo, WI	S3-846478625	Rankin & Hártline Corp	426 1/1 2nd St, Baraboo, Wisconsin
false_merge	0.8337859964275988	S1-678094709	Lucky Book Store	925 5 Street, Unit 1, Marysville, OH	S2-910636284	Drexkelo	925  5 STREET, MARYSVILLE, OH
false_merge	0.9851783930612892	S1-761917879	Vantyx Therapy	244 Lorenz Avenue, Dayton, OH	S3-392582292	VANTYKS THERAPY	244 Lorenz Ave, Ohio, Dyton
false_merge	0.9256245019673592	S1-593355021	Lnm Energy Pvt Ltd	2 Anita Apartments Tyfour Bungalows Andheri (W), Mumbai, Maharashtra	S3-781124363	Jaxectoavi	2 Anita Apartments Tyfour Bungalows Andheri (W), Mumbai, Maharashtra
false_merge	0.7948464426973663	S1-567173434	Hornby Partnership LLC	14784 Keavy Ridge Court, VA, Prince William County	S2-606731967	Hornby Partnership Midtown	1480 KEAVY RIDGE CT, HAYMARKET, VA
false_merge	0.999856133857854	S1-628373149	Atlantic Fashion Inc	5243 Oddville Sunrise Road, Cynthiana, KY	S2-631559432	>> Atlantic Fáshion Ltd	5243 Oddville Sunrise Rd, CYNTHIANA, KY
false_merge	0.8094460155569217	S1-272560258	Corner Deli	2795 Georgia Street, Vallejo, CA	S3-947425598	Corner Di Inc	279 Georgia St, Vallejo, California
false_merge	0.895829820548989	S1-237374967	Jabalpur Management Pvt. Ltd.	Flat No 207 Second Flr, M-R-4 Road, Pl-K-21, Jabalpur, Madhya Pradesh	S2-944306415	JABALPUR-LABS	FLAT NO.207, SECOND FLOOR, EKTA NAGAR VIJAY SHREE TOWER, MR-4 ROAD, P.L.K 21, JABALPUR, मध्य प्रदेश
false_merge	0.7152079169405943	S1-615566073	Nirmal & Associates Ltd	Kanekal Road, Chittoor, Andhra Pradesh, D.No.15-1-1/8, Rayadurg	S3-944805969	M/s Nirmal & Associates Private Limited	Door No 15-1-1/12, Anantapur, Chittoor, AP
false_merge	0.991672106715952	S1-528129101	Double Vidyalaya	Gzb, C-348, Brij Vihar, Ghaziabad, Uttar Pradesh	S3-922544856	Double Vidyalaya Holdings	#79 Gzb, C-348, Brij Vihar, Ghaziabad, उत्तर प्रदेश
false_merge	0.9129145161840538	S1-774372294	Drayium Research LLC	229 Dead Ends Drive, Aransas County, TX	S3-435218753	Drrayium Research L.L.C.	23 Dead Ends Drive, Rockport, Texas
false_merge	0.9485468967300956	S1-38584749	Urgent Care Safe Center LLC	114 Graves Avenue, Norton, KS	S2-352927031	Urgent Care Safe Center Uptown LLC	11 GRAVES AVENUE, NORTON, KS
false_merge	0.8701899387399975	S1-336920441	Mgc Aromas Pvt Ltd	Wework Salarpuria Magnificia, Office Number 11B112, 13Th Floor, No.78, Next To Kr Puram Tin F, Actory, Bangalore, Karnataka	S2-6152786	MGC AROMAS (LLP)	Karnataka, H.NO 7- WEWORK SALARPURIA MAGNIFICIA, OFFICE NUMBER 11B112, 13TH FLOOR, NO.78, NEXT TO KR PURAM TIN F, ACTORY, BANGALORE
false_merge	0.9559067625248582	S1-43869926	Sarasan Chemicals Pvt. Ltd.	Mohali, Punjab, 1020 Sector 71	S3-578367954	Sarasanyn Chemicals Pvt. Limited	#1020 Sector 71, Mohali, Sas Nagar,mohali, ਪੰਜਾਬ
false_merge	0.9187996953191133	S1-646159293	South Allstate Inc	TX, Grand Prairie, 1502 Jelmak Avenue	S2-81714367	South Allstate LLC	150 JELMAK AVENUE, GRAND PRAIRIE, TX
false_merge	0.8216315153972615	S1-497217732	Vaishali Education Private Limited	Flat No Kabab Mandra, No 1023, 51, Kaikondrahalli, Sarjapur Road, Bangalore, Karnataka	S2-727745928	Vaishali Education Overseas Pnbete (Limited)	H.NO 0095 FLAT NO KABAB MANDRA, NO 1023, 51, KAIKONDRAHALLI, SARJAPUR ROAD, BANGALORE, ಕರ್ನಾಟಕ
false_merge	0.8830290367188289	S1-202973968	Ferriq Sizzle	783 Monte Hermosa Drive, Taylorsville City, UT	S3-295189121	Ferruq  Sizzle	783 Monte Hermosa Drive, Taylorsville City, Utah
false_merge	0.9627170986679289	S1-386224447	Select Medical Technologies LP	6797 Bexhill Drive, Middletown, OH	S3-661673850	Haloumbrax	OH, Middletown, 6797 Bexhill Drive
false_merge	0.9514250866250799	S1-484617865	B 4 G Construction LLC	903 Granville Conner Road, Powell, TN	S3-775675706	Yumayuma	903 Granville Conner Road, Powell, Tennessee
false_merge	0.8004388319120458	S1-664838443	Gold Construction Pvt Ltd	1Oth Flr C Wing, Nesco It Building No.4, Goregaon East, Mumbai, Maharashtra	S3-547559506	गोल्ड कंस्ट्रक्शन ऑटोमोबाइल्स प्रा. लि.	MH, 14Oth Flr C Wing, Mumbai, Goregaon East, Nesco It Building No.4
false_merge	0.9357650468676775	S1-601605238	Charles Services Private Limited	460 A/5/2 M.S. Road, Gandhi Nager Parvathipuram, Vetturnimadam Post, Nagercoil, Kanyakumari, Tamil Nadu	S3-929027768	Charles Ltd Services	
false_merge	0.9348698369589519	S1-680829685	Lyros Boral	3721 Galbraith Road, Unit 0, Cincinnati, OH	S3-473140718	Lyroz Boral	##3721 Galbraith Rd, Cincinnati, Ohio
false_merge	0.9835369132834592	S1-951484347	Clyan Semiconductor, Inc.	195 Elm Street, Valley Stream, NY	S2-599793121	Klyan Semiconductor, Inc	195 1/2 ELM STREET, <NULL>, VALLEY STREAM, NY
false_merge	0.9699353402552527	S1-490865023	Big Power	720 Shivam, Rishi Nagar, Baghpat Road, Meerut, Uttar Pradesh	S3-434877429	Nylakelovera	Rishi Nagar, Baghpat Road, Meerut, 720 Shivam, उत्तर प्रदेश
false_merge	0.955252308237521	S1-23307100	Quantelle Launch	214 Chaney Avenue, Brinkley, AR	S2-632088054	QUANTELLO LAUNCH	214- CHANEY AVE, BIRNKLEY, AR
false_merge	0.8167795263941633	S1-836739789	Peridari Daedalus	33 Eylandt Street, Staten Island, NY	S2-115392497	Peridaru Daedalus  Corp	STATEN ISLAND, NY, 033 EYLANDT STREET
false_merge	0.9475993652815304	S1-424672874	Lower Mountain Consulting, Inc.	Chicago, IL, 2644 Western Avenue	S3-982176205	Lower Mountain Consulting, Ltd	Chicago, 264 Western Avenue, Illinois
false_merge	0.8318059686311257	S1-826636874	Graviton Educational Society	Sr. No. 39/2A, Plot No. 11, Office No. C-1, J K K Squa Nagar, Ahmednagar, Maharashtra	S3-691554929	Graviton Educational Society Public Limited	Sr. No. 39/11A, Ahilyanagar, Ahmednagar, महाराष्ट्र
false_merge	0.8965631827889509	S1-27480447	Columbus, City Of	Columbus, 7098 Bennell Drive, OH	S3-965713434	Columbus,  City	
false_merge	0.765209136987194	S1-77530075	Lennon Learning Center	334 Brooks Road, Memphis, TN	S2-518433754	Lennon Learning Center Inc	33 BROOKS ROAD, MEMPHS, TN
false_merge	0.9378772973431501	S1-315995636	Apple & Sons	17 Sri Ramsai Nivastilakmandir Road Vileparle(E), Mumbai, Maharashtra	S3-490194711	Ebprivate.Com	17 Sri Ramsai Nivastilakmandir Road Vileparle(e), Mumbai, MH
false_merge	0.704640991334884	S1-840426297	Vision Enterprises Private Limited	4/4 Juhi Hari Colony, Kanpur, Uttar Pradesh, Kanpur	S2-134105753	Shri Vision Enterprises Public Limited	NO 004/17 JUHI HARI COLONY, KANPUR, Uttar Pradesh
false_merge	0.670070139260408	S1-300047387	Shree Software Private Limited	Gr. Floor - 2, Josephine Villa, 44, St. Andrews Rd Next To Bandra Gymkhana, Bandra (W), Mumbai, Maharashtra	S3-705822123	Shree Software	#02Nd Floor, Mumbai, महाराष्ट्र
false_merge	0.7666299647740529	S1-703745853	Solon Navigation	WA, Unit 2215, Everett, 1304 Bruskrud Road	S3-621675785	Solona Návigation	1304c Bruskrud Road, # 2215, Everrett, Washington
false_merge	0.8368858285205798	S1-167751465	Family Center	1506 Turner Mountain Road, Mount Airy, NC	S2-150278608	FAMILY CENTER	873 FOWLER RD, <NULL>, MOUNT AIRY, NC
false_merge	0.7670340471711578	S1-781711180	Dynamic Granite	126 Farley Branch Drive, Lynchburg City, VA	S2-182353892	Dynamic Gmantie Holdings	833 FARLEY BRANCH DR, LYNCHBURG, VA
false_merge	0.9995596607148202	S1-202679749	Randall Capital Nevada LLC	189 Wallace Road, Unit 45, Nashville, TN	S2-591782053	Randall Capital Nevada Corp	NASHVILLE, TN, 189 Wallace Road
false_merge	0.9968417684962495	S1-351519538	Maa & Brothers Ltd	23A N S Road P S Burra Bazar, Kolkata, Calcutta, West Bengal	S3-28168893	Overseas Maa & Brothers Ltd	No 23A N S Road P S Burra Bazar, Calcutta, Kolkata, WB
false_merge	0.8671767906664769	S1-277518185	Great Alliance	312 Roundabout Street, Saratoga Springs, UT	S3-357416199	Inc Great Alliance	32 Roundabout Street, Saratoga Springs, Utah
false_merge	0.9300072663360218	S1-241871130	South Infrastructure Private Limited	Construction House, 24Th Rd., Khar, Mumbai, Maharashtra	S2-485631431	साउथ इंफ्रास्ट्रक्चर लिमिटेड	#0084 CONSTRUCTION HOUSE, 24TH RD., KHAR, MUMBAI, महाराष्ट्र
false_merge	0.8135402761725901	S1-210019697	Betti Garrison Fresh Coca Inc	256 56th Avenue, Anchorage, AK	S3-7777753	Betti Garrison Fresh Coca	
false_merge	0.8415034313592014	S1-929709866	Goregaon Infratech Private Limited	C/O Prakash Lahuji, Hirapur Road, Goregaon, Gondia, Maharashtra	S3-89032458	Goregaon Holdings Company Center	
false_merge	0.7729440687162982	S1-600628664	Ember Inc	4344 Roaring Timber Drive, Conroe, TX	S2-626056618	Golden Srhe LLC	4344 ROARING TIMBER DR, CONROE, TX
false_merge	0.8124856868779121	S1-864647037	Muhammed, Daniel & Valenzuela Purpose LLC	1814 Melrose Avenue, Roanoke City, VA	S3-702622482	Muhammed, Daniel & Valenzuela Purp0se Riverside	181 Melrose Avenue, Roanoke City, Virginia
false_merge	0.8023891866305154	S1-95645367	Twisted Seafood	4942 Donavan Drive, Unit B, Olympia, WA	S3-71869405	Twisted Séafood LLC	495 Donavan Dr, Olympia, Washington
false_merge	0.9260066949610081	S1-782602596	Classic Desert Realty PC	312 Sundale Court, Eureka, MO	S3-143915966	Heritage	312 Sundale Court, Eureka, MO
false_merge	0.8308856672278172	S1-914117834	Scott Rapid Fund LLC	1012 Vassault Street, Unit #8, Tacoma, WA	S2-80088856	Scott Rapid Fund Corp	101 VASSAULT ST, TACOMA, WA
false_merge	0.7818494613365113	S1-725392037	Halcify Pacific LLC	Wilmington, NC, 8656 Plantation Landing Drive	S3-940898648	Halkify Pacific [LLC]	656 Plantation Landing Dr, Wilmington, North Carolina
false_merge	0.5896015990072502	S1-171638107	Hari & Partners	Bhagalpur, Chmelichak, Bihar	S2-574516231	Hari & Partners Holdings	H.NO 39 CHMELICHAK, BHAGALPUR, बिहार
false_merge	0.9975896277033335	S1-209456776	Jarlio Fast	604 24th Avenue, Battle Ground, WA	S2-435218433	Jarrlio Fást	04 24TH AVENUE, BATTLE GROUND, WA
false_merge	0.630824476057608	S1-698757255	Meda Management LLP	Laxmi Ngr, Mumbai City, Shankar Nagar, Mahul Road, Shankar Mandir, Chembur, Maharashtra, Mumbai	S2-955380921	Sri Meda Management Overseas LLP	#81 LAXMI NGR, SHANKAR NAGAR, MAHUL ROAD, SHANKAR MANDIR, CHEMBUR, MUMBAI, Maharashtra
false_merge	0.9201265897086581	S1-609281477	Genesis Development Clinic	West Bengal, 14 Princep Street, Calcutta, Kolkata	S3-615696629	Smt Zetapyra	14 Princep St, Calcutta, Kolkata, WB
false_merge	0.776873353641237	S1-717482792	Dev Earthmovers Private Limited	C/O S K Jakaraddy Near Jambagi Hospital, Sadanakere Road, Dharwad, Dharwad, Dharwar, Karnataka	S3-999428194	Mr Dev-Earthmovers L.L.P.	Door No 0015 C/o S K Jakaraddy Near Jambagi Hospital, Dharwar, KA
false_merge	0.7289356091655738	S1-843884583	DUU Data Company	A-1101, Elite Homz Sector-77, Noida, Gautam Buddha Nagar, Uttar Pradesh	S2-544974505	LUU Data [Company]	A-##1101, ELITE HOMZ SECTOR-77, NOIDA, Uttar Pradesh
false_merge	0.7846250373763362	S1-14918665	Shree Trading Private Limited	C/O Serajuddin Ahmed, Khagaul, Patna Sadar, Patna, Bihar	S3-200974510	Shree Trading Infratech Private Limited	Door No 93 C/o Serajuddin Ahmed, Khagaul, Patna Sadar, Patna, BR
false_merge	0.9915314419025356	S1-470306136	YSL Consultancy Pvt Ltd	Dhuandol Dhuandol, Majauli, Sidhi, Madhya Pradesh	S2-558572466	YYSL CENOLSRAULTANCY PVT-LTD	DHUANDOL DHUANDOL, MAJAULI, Madhya Pradesh
false_merge	0.9247741057533255	S1-14493251	International Consultants Private Limited	Amit Ambadas Mete Flat No 724, Freedom Tower, Juna Bazar, Aurangabad (M Corp.), Aurangabad, Maharashtra	S2-711193170	इंटरनेशनल कंसल्टेंट्स ऑटोमोबाइल्स प्राइवेट लिमिटेड	AMIT AMBADAS METE FLAT NO 73, AURANGABAD, Maharashtra
false_merge	0.7736748511717559	S1-413822814	Iveniq Rothschild LLC	2102 66 Expressway, Unit SUITE A, Claremore, OK	S3-251380639	Iveniqa Rothschild - 7940408280	2102 1/2 66 Expressway, # Suite A, Claremore, Oklahoma
false_merge	0.7735137384731684	S1-590434816	Nevue Blue Tungsten	406 W 5th St, Boone, IA	S2-650068784	Nevue Blue Tungsten LLC	40 W 5TH ST, BOONE, IA
false_merge	0.938243181730494	S1-371683689	CE Bleichroeder LLC	734 Main Avenue, Sidney, OH	S2-526547118	DCE Bleichroeder LLC	734  MAIN AVE, SIIDNEY, OH
false_merge	0.5470836777458972	S1-438657525	Anvil Hospitality Inc.	5456 Cedonia Avenue, Baltimore, MD	S3-543832199	anvil hospitality inc.	
false_merge	0.9340342723746109	S1-750317094	Digital It Private Limited	223, Main Bazar South, Padrauna, Kushinagar, Uttar Pradesh	S3-919077281	डिजिटल आईटी प्राइवेट लिमिटेड	No 3 Subash Chokw, Padrauna, Kushinagar, UP
false_merge	0.7726961238394522	S1-898498532	Jain Food Private Limited	1St Floor, 8-2-674/2/B, Apidc Road No. 13, Banjara Hills, Hyderabad, Telangana	S3-503197376	Jain Food Limited	No 8St Floor, 8-2-674/2/B, Apidc Road No. 13, Banjara Hills, Hyderabad, TG
false_merge	0.8732421222540986	S1-595693615	Aditansh Technology	Shriram Housai, 1672 / E Rajarampuri 10Th Lane, Kolhapur, Maharashtra	S2-371101338	Aditanzh Technology	SHRIRAM HOUSAI, 1672 / E RAJARAMPURI 10TH LANE, KOLHAPUR, Maharashtra
false_merge	0.7749873505627415	S1-627771126	Hitech Tech Logistics Pvt Ltd	S/O Vijay Bindu, Plot No 15, Niyer Tathastu Provhijan, Trimurti Nagar, Parbhani, Maharashtra	S2-335863689	Hitech Tech Logistics Limited	महाराष्ट्र, #44 S/O VIJAY BINDU, PLOT NO 15, NIYER TATHASTU PROVHIJAN, TRIMURTI NAGAR, PARBHANI
false_merge	0.8648358578014138	S1-659798190	Cook Pioneer L.L.C.	42W 630 Arrowhead Drive, Campton Hills, IL	S3-137950548	Cook Pioneer Corp	42W 639 1/2 Arrowhead Dr, Saint Charles, Illinois
false_merge	0.9155204974116199	S1-433566295	Internal Medicine Physicians LLC	312 Park Avenue, Unit Apartment 1, Buffalo, NY	S2-637691289	Internal Medicine Inc [Physicians]	13 PARK AVENUE, BUFFALO, NY
false_merge	0.8006454545984364	S1-286531790	Parker, Hamilton & Rocha LLC	1672 Caples Court, La Center, WA	S3-501709214	Parker, Hamilton & Rocha Ltd.	167 Caples Court, La Center, Washington
false_merge	0.7919303386596985	S1-455185058	NO India Private Limited	G2 Ground Floor Parbati Appartment 1 No Colony Ganganaga, R, Kolkata, Parganas North, West Bengal	S3-425227931	IO India Private	G2 Ground Floor Parbati Appartment 1 No Colony Ganganaga, Parganas North, WB
false_merge	0.5605803149338334	S1-599485965	Anchor Smart Jersey, Inc	47 Broad Street, Rockland, ME	S3-327907304	Anchor Smart LLC Services	#49 Broad St, <NULL>, Rockland, Maine
false_merge	0.8094794158885938	S1-466905296	Wings Agrotech Co	12, Bhosale Nagar, Near Godavari Apartment, Pune, Maharashtra	S2-878265936	Wings LLP Agrotech	
false_merge	0.914338875380698	S1-284191650	A Legacy Painting LLC	1420 Cedar Avenue, OK, Woodward	S3-176567970	Center A Legacy Ltd	1420 Cedar Ave, Oklahoma, Woowdard
false_merge	0.868745647163846	S1-365757414	Bombay Builders Private Limited	3 Chittaranjan Avenue3Rd Floor, Kolkata, Calcutta, West Bengal	S2-286981831	Noviriza	NO 949 CHITTARANJAN AVENUE3RD FLOOR, KOLKATA, HOWRAH, KOLKATA, West Bengal
false_merge	0.6510699639308162	S1-536715271	Sullivan Sterling Guggenheim LLC	141 Beacon Hill Drive, Dobbs Ferry, NY	S3-655230344	Sullivan Slterling Guggenheim LLC	
false_merge	0.8742404393320613	S1-126364789	Arun Cloud	H.No. 6-85/18, P. No. 18, Road No. 51 Lakshmi Nilayam, Jubilee Hills, Hyderabad, Telangana	S3-277393878	Arun Cloud Pvt Ltd	Hyderabad, P. No. 18, Road No. 51 Lakshmi Nilayam, Jubilee Hills, Hyderabad, TG, #6-85/19
false_merge	0.7206071342482366	S1-157963144	Supreme Marketing Private Limited	Plot No 13, Karvir, Suryawanshi Colony, Maharashtra, Kolhapur	S3-558292935	सुप्रीम आनंद मार्केटिंग एलएलपी	Plot No ##13, Sector 19A, Vashi, Thane, MH
false_merge	0.8569129873810548	S1-503640787	Secunderabad Homes Co	H.No.12-8-426, Hyderabad, Secunderabad, Telangana, Shanthi Enclave, Mettuguda	S3-709182599	secunderabadhomes.com	002-3-18, తెలంగాణ, Hyderabad
false_merge	0.658020518029816	S1-38283753	Mahavir Vintrade Private Limited	C/O Ramsevak Sah, Vill-Chailaha, Tola-Pakariya, Panch-Chailanha, Banjaria, East Champaran, Bihar	S2-181246390	Mahavir Vintrade Infratech Private Limited	DOOR NO 65 C/O RAMSEVAK SAH, VILL-CHAILAHA, TOLA-PAKARIYA, PANCH-CHAILANHA, BANJARIA, Bihar
false_merge	0.7822366223793842	S1-470104986	Arrant & Co	C/O Bijoy Kumar Chhowcharia, P. N. Malia Road, Raniganj, Barddhman, Bardhaman, West Bengal	S2-499214625	Pvt Arrant & Co Ltd	H.NO 50/6 C/O BIJOY KUMAR CHHOWCHARIA, BARDHAMAN, BARDDHMAN, West Bengal
false_merge	0.8205145996317854	S1-146200924	ZBS Specialists PLLC	234 Archie Road, Gastonia, NC	S3-824790036	ZBS [Specialists]	
false_merge	0.9322278166700664	S1-979674301	Children's Network LLC	8045 200, Plain, MT	S2-696679643	The Children's Network Inc	804 200, PLAIN, MT
false_merge	0.9688469065528267	S1-432075284	Gretex Foundation Pvt. Ltd.	7A Plot No 64 Sector 7, Siddharth Vihar, Ghaziabad, Uttar Pradesh	S3-324538253	Gretex Foundation Overseas Pvt. Limited	#9A Plot No 64 Sector 7, Ghaziabad, उत्तर प्रदेश
false_merge	0.9651488879640922	S1-26131954	Melinsoft Holdings Corp	5505 Rogue Court, White Marsh, MD	S3-187582667	... #Veraonyx	5505 Rogue Cuort, White Marsh, Maryland
false_merge	0.9990764522038829	S1-108333552	Aurangabad Law Private Limited	Nillod Nillod, Aurangabad, Maharashtra	S3-931199736	aurangabad law limited	Nillod Nillod, Chhatrapati Sambhaji Nagar, Aurangabad, MH
false_merge	0.6784095833514155	S1-951485777	Certified Metlife LLC	187 Hidden Hills Lane, Giles County, VA	S3-923718107	Certified Metlife Corp	92 Hidden Hills Ln, Newport, Virginia
false_merge	0.9115773137097161	S1-787010882	Integrated Digital Private Limited	Sr No. 76 Hn-10/54/661 Bharatmata Nagar Ganesh Col No. 4 Dighi, Pune, Maharashtra	S2-625854222	INTEGRATED PRIVATE DIGITAL LIMITED	
false_merge	0.8226801850932852	S1-75833003	Dental Group	Waynesboro City, 216 Adventure Trail, VA	S3-512822330	Dental Group Uptown	21 Adventure Trl, Waynesboro City, Virginia
false_merge	0.9934006858754099	S1-657679728	KQ Healthcare Private Limited	Delhi, North West, Delhi, Wp 437-A Gf Village Wajir Pur New Delhi	S2-940837701	KQ HEALTLHSCAE OVERSEAS PRIVATE LIMITED	WP #437-A GF VILLAGE WAJIR PUR NEW DELHI, DELHI, Delhi
false_merge	0.8974146256226343	S1-642131996	Fnb & Sons Pvt. Ltd.	Maharashtra, Mumbai, 1002, Mayfair Silver Beach Chs, Cts 195 Gulmohar Cross Road 12, Jvpd Scheme Vile, Parle (W), Mumbai City	S3-459759972	Fnb & Sóns Overseas Pvt.	Mayfair Silver Beach Chs, Cts 195 Gulmohar Cross Road 12, Jvpd Scheme Vile, Parle (W), MH, 100, Mumbai, Mumbai City
false_merge	0.8478474694098959	S1-658363785	Jones & Velasquez	N66W27935 Maple Street, Village Of Merton, WI	S3-86670314	Jones & Velasquez Greater	N66w27939 Maple Street, PMB 889, Village Of Merton, Wisconsin
false_merge	0.9880605768628176	S1-893948396	Nexos Atlantic LLC	283 Plains Road, Milford, CT	S3-255345756	Nexoex Atlantic L.L.C.	283 Plains Road, Milford, Connecticut
false_merge	0.7863463141986256	S1-830198531	Indore Solutions Private Limited	Wb 57 Scheme No 94, Bomaby Hospital Service Road, Indore, Madhya Pradesh	S3-496364870	Indore Therapies Private (Limited) - 7266831022	E 57, Scheme No 94 Ring Road, Indore, Lasudia Nori, MP
false_merge	0.7590686817485033	S1-335780777	Scada Chemicals LLP	H/O Md. Badaruddin Ahmad, Plot No 375, Khata No 12 Bhagera Ashram Gali, West Of Kurji More, Mainpura, Patna, Bihar	S3-752498486	Dr SCADA CHEMICALS CORPORATION	
false_merge	0.7876048810539131	S1-199625162	Mansu Exim Co	Karimi Campus, Qurban Road Chandwara, Muzaffarpur, Bihar	S2-325212459	Mansu Exim Private Limited	Bihar, H.NO 39 KARIMI CAMPUS, QURBAN ROAD CHANDWARA, MUZAFFARPUR
false_merge	0.9704453086227351	S1-606120792	Chandranth Enclave Pvt Ltd	C/O Dukha Sah Village Chanaur Tola Samda Block Saur Bazar, Saharsa, Bihar	S2-651005699	Khandranth  Enclave Pvt	C/O DUKHA SAH VILLAGE CHANAUR TOLA SAMDA BLOCK SAUR BAZAR, SAHARSA, Bihar
false_merge	0.7829918879730634	S1-554985640	Black Technology Pvt Ltd	Karan Singh Farm, Kh. No-683, Near Farm No.36 & 37 Shivji Marg, Westend Greens, Rangpuri, New Delhi, South West Delhi, Delhi	S2-423171654	ब्लैक टेक्नोलॉजी एजेंसीज प्रा. लि.	##57 KARAN SINGH FARM, NEW DELHI, Delhi
false_merge	0.9030933085102353	S1-323448188	Varad (agency) Pvt. Ltd.	91/91, 1St Floor, Jatav Basti Chilla Village, Chilla, East Delhi, Delhi	S3-537197563	Dr Varad (Agency) Overseas	91/100, 1St Floor, Jatav Basti Chilla Village, Chilla, East Delhi, दिल्ली
false_merge	0.9602687213968063	S1-348066826	Hoops, Farrell & Clifford Ocean	379 Caprice Court, Gleneagle, CO	S3-786935402	Veravio	379 Caprice Court, Gleneagle, Colorado
false_merge	0.978475164129887	S1-468652046	Ferrora Studios LLC	124 County Road 2100, Detroit, TX	S3-411678362	Ferrrora LLC Center	124-C County Road 2100, Detroit, Texas
false_merge	0.98679864156204	S1-270259166	Producer Vrindavan Mill Limited	Secunderabad, Hyderabad, 12-8-422/3, Savithri Mallaiah Arcade, Mettuguda, Telangana	S3-803949105	Producer Vrindavan Mill (LLP)	12-8-422/8, Secunderabad, TG
false_merge	0.48855481531010525	S1-823471592	Trading Fp Services LLP	H-79, L. G. F. Kalakaji, New Delhi, Delhi	S3-312951901	Trading Fp Snaiccs Ltd	
false_merge	0.588082536286763	S1-818319466	Physical Therapy Care	6750 Perry Creek Road, Raleigh, NC	S3-325350562	Physicaltherapycare.Com	2601 Noblewood Circle, Raleigh, North Carolina
false_merge	0.9348705771772834	S1-497407536	American Asia	2651 Hunt Place, Unit 202, Waldorf, MD	S2-408033666	AMERICAN ASIA LLC	658 HUNT PLACE, WALDORF, MD
false_merge	0.9797004030081417	S1-726695385	Nexora Western Associates	WA, Port Orchard, 1122 Portland Avenue	S3-828474029	Nexori Wéstern Associates	1122 Portland Ave, Port Orchard, Washington
miss:not_in_candidates		S1-381381259	Education Legacy Guild LLC	223 Zieglerville Road, Lower Frederick Township, PA	S3-575065085	Education Guild LLC Partners	223 Zieglerville Rd, Schwenksville, Pennsylvania
miss:not_selected	0.5094264611501259	S1-471273543	Reeve Zhejiang LLC	516 16th Street, Lumberton, NC	S3-659678545	Reeve LLC Services	517 16th Street, Lumberton, North Carolina
miss:not_in_candidates		S1-983959266	Varun Law Chambers	Door No 47-10-22, 2Nd Floor, Flat No 301 Pakkis Complex, Dwarakanagar, 2Nd Lane, Visakhapatnam, Vishakhapatnam, Andhra Pradesh	S3-929814872	Varun Chaersh Law	AP, Door No 4-7-10-22, Vishakhapatnam
miss:not_in_candidates		S1-735045951	Lakshmi Business Limited	60/64 A3-1 Third Floor, Indira Nivaas Mysore Road, Bangalore South, Bangalore, Karnataka	S3-764251884	Dr Lakshmi Limited [Partners]	
miss:not_in_candidates		S1-793090963	North Charles LLC	4324 Unser Boulevard, Rio Rancho, NM	S3-297943838	North	4324 Unser Boulevard, Rio Rancho, NM
miss:not_in_candidates		S1-610187953	Sterling Farms LLC	2626 Fairways Place Street E, Wilson, WY	S2-810925560	Center Sterling LLC	2626 FAIRWAYS PLACE STREET EAST, MOOSE WILSON ROAD, WY
miss:not_in_candidates		S1-930107462	Back Alley Tattoo Inc	2045 Highway 41, Unit B7, Greenbrier, TN	S2-888099252	Back Alley Tattoo Inc Partners	
miss:assigned_elsewhere	0.00048746684785034265	S1-889949709	North Jay Builders	396, Dda Flats, Sector 22, Dwarka, New Delhi, South West Delhi, Delhi	S2-28689203	नॉर्थ जय बिल्डर्स	396, DDA FLATS, SECTOR 22, DWARKA, NEW DELHI, SOUTH WEST DELHI, Delhi
miss:not_selected	0.017208912162687086	S1-568391809	Grand Flexible LLC	7161 Abbott Road, Boston, NY	S3-772021786	L.L.C. Grand Flexible	7174 Abbott Rd, Orchard Park, New York
miss:not_in_candidates		S1-798199528	Rapid Sui	577 Orange Street, Chillicothe, OH	S2-936239135	Rapid Center	
miss:not_in_candidates		S1-358760413	Marketing Panam India Co	Gurgaon, Haryana, Business Bay-1, Sadar Bazar, 6Th Floor Good Earth	S3-934406298	MPI	6Th Floor Good Earth, Business Bay-1, Sadar Bazar, Gurgaon, Haryana
miss:not_in_candidates		S1-761384739	Children's Project	15802 119th Avenue, Bothell, WA	S2-517645262	Children's Próject	5802 119ST AVENUE, BOTEHLL, WA
miss:not_in_candidates		S1-671465483	Unified Concord-Lumberton	215 4th Street, Lumberton, NC	S2-495180124	Unified Services	214 FOURTH STREET, LUMBERTON TOWNSHIP, NC
miss:not_selected	0.45526415658371217	S1-891143984	Johnson First Mortgage Inc.	10166 4422, Locust Grove, OK	S3-88343040	Johnson First Moltggage Inc.	1016 4422, Locust Grove, Oklahoma
miss:assigned_elsewhere	0.031037230578793058	S1-616031220	Bangalore Solution Private Limited	No.3, Kumarakrupa Road, Madhavanagara, Bangalore, Karnataka	S3-440961036	Bangalore Solution Private  Limited	#3, Bangalore, KA
miss:not_selected	0.6381323946850882	S1-715834399	Tridhara Singapore Ltd	Gh 16 Mdc Sector-5, Haryana, Panchkula, Flat No. 5 B, Panchkula	S3-952205990	Veraveo	Flat No. 5 B, Gh 16 Mdc Sector-5, Panchkula, HR
miss:not_in_candidates		S1-112014693	Colonial Resources Inc	2874 Lee Seminary Road, Cookeville, TN	S2-937764122	Colonial Inc Service	2874C LEE SEMINARY RD, COOKEVILLE, TN
miss:not_selected	0.29089522004375623	S1-205870267	IVC Liability LLP	Flat No. D 405, 4/F Sector 12, Dwarka, Friends Circle, C.G.H.S, New Delhi, South West Delhi, Delhi	S2-490315440	IVC LOHBILITY (LLP)	FLAT NO. D 40, 4/F SECTOR 12, DWARKA, FRIENDS CIRCLE, C.G.H.S, NEW DELHI, Delhi
miss:not_selected	0.4219128129839838	S1-241757482	Kern Supreme Enterprise	23219 Marys Chapel Road, Washington County, VA	S3-633205409	Kern  Superme Enterprise	23217 Marys Chapel Rd, Washington County, Virginia
miss:not_in_candidates		S1-398695269	MC Centre Limited	New Delhi, Delhi, 4- Central Lane Bangali Market	S2-745013060	Limited MC Cntre	#4- CENTRAL LANE BANGALI MARKET, NEW DELHI, Delhi
miss:not_in_candidates		S1-754538857	Sree Enterprises Private Limited	Flat No.- 301, Majestic Vishnu Apartment North S.K.Puri, Boring Road, Patna, Bihar	S3-60748730	श्री एंटरप्राइजेज प्राइवेट लिमिटेड	Flat No.- 301, Majestic Vishnu Apartment North S.k.puri, Boring Road, Patna, BR
miss:not_in_candidates		S1-575253634	Maa Infrastructure Private Limited	Maharashtra, Aurangabad, Harsul Sawangi, Aurangabad, Gut No-35	S2-628640200	माँ इंफ्रास्ट्रक्चर प्राइवेट लिमिटेड	GUT NO-B3/35, AURANGABAD, Maharashtra
miss:not_selected	0.1529066957454543	S1-823138280	O/R Rocky Inc	1324 Helmsman Way, Sacramento, CA	S3-845401960	O/R Rocky	1322 Helmsman Way, Sacramento, California
miss:not_in_candidates		S1-797333804	Sai Sree Investments Private Limited	Shop No- 9A, Near Bagherwal Market, New Dhan Mandi, Kota, Rajasthan	S2-287012823	साईं श्री इन्वेस्टमेंट्स प्राइवेट लिमिटेड	PLOT 680 SHOP NO- 9A, KOTA, Rajasthan
miss:not_selected	0.6298204126243073	S1-108187285	Mumbai Services Pvt. Ltd.	E-72, Vasant Villa, Amrut Nagar, Ghatkopar (West), Mumbai, Maharashtra	S2-333468042	Mumbai Servicgs Pvt. Ltd. | www.mumbaiser.com	DOOR NO 385 E-72, VASANT VILLA, AMRUT NAGAR, GHATKOPAR (WEST), MUMBAI, महाराष्ट्र
miss:not_selected	0.7547831565403684	S1-16497646	Margaretta L. Casillas, O.D., DDS PC	859 Mesquite Tree Drive, Prescott Valley, AZ	S2-481076421	Margaretta L. Casillas, O.D., DDS	59 Mesquite Tree Dr, DEWEY, AZ
miss:not_in_candidates		S1-273574623	Maid Tavern	306 3rd Street, 02, IA	S3-26439300	Maid Tavern Inc	Third Street, Breda, Iowa
miss:not_in_candidates		S1-746419556	Solutions Rrr Coopers Pvt. Ltd.	4Th Floor, Electra Wing A, Prestige Tech Park, Exora Businesspark, Marathahalli, Sarjapur Outer, Ring Road, Bangalore, Karnataka	S2-80354991	Solutions Rrr Rrr Pvt. Ltd. Center	
miss:not_in_candidates		S1-245998308	Children's Fund	TX, 19125 Forest Rd 219, Richards	S3-42023601	Children's Fund Trading	
miss:not_in_candidates		S1-803960488	Bharat Food LLP	Mumbai City, 302, Majestic Shopping Centre 144, J.S.S Road, Girgaum, Maharashtra, Mumbai	S3-69770698	भारत फूड एलएलपी	30, Mumbai, Mumbai City, MH
miss:not_selected	0.7103024302894136	S1-925013539	Winter Marshall of City Of Wilson Ltd	2000 Ruann Drive, City Of Wilson, NC	S2-910962820	>> Winter Marshall of City Of Wilson	WILSON, 200 RUANN DR, NC
miss:not_selected	0.14507335902058732	S1-375132979	Surya Impex Private Limited	B-Block, Ashaya Park, Gokul Road, Hubli, Udyamnagr, Dharwad, Dharwar, Dharwad, 3/F-0023/F-002, Karnataka	S2-896129061	ಸೂರ್ಯ ಇಂಪೆಕ್ಸ್ ಪ್ರೈವೇಟ್ ಲಿಮಿಟೆಡ್	3/F-0023/F-00, B-BLOCK, ASHAYA PARK, GOKUL ROAD, HUBLI, UDYAMNAGR, DHARWAD, DHARWAD, DHARWAR, Karnataka
miss:assigned_elsewhere	3.455250562415465e-6	S1-342754370	Shree Care Private Limited	1A - 201 Shilpitha Splendour, Bangalore North, Bangalore, Karnataka	S2-547395060	ಶ್ರೀ ಕೇರ್ ಪ್ರೈವೇಟ್ ಲಿಮಿಟೆಡ್	1-1A - 201 SHILPITHA SPLENDOUR, Karnataka, BANGALORE, BANGALORE NORTH
miss:assigned_elsewhere	0.013222024723204448	S1-341187154	Highland Project	Sandwich, 419 Center Street, IL	S3-265824035	Highland Project Trading	
miss:not_in_candidates		S1-911179256	Chirantan Infra LLP	New Shivangi Chs Ltd, Shetal Ngr, Om Nrmda Towr Behind, Rasz Mira Rd(E), Mumbai, Thane, Maharashtra, F.N-A-002	S3-254092322	Chirantan LLP Services	
miss:not_in_candidates		S1-801679283	Tejtech Crane	506, Mauryansh Elanza, Nr Parekh Hospital, Ahmadabad City, Ahmedabad, Gujarat	S3-685157573	Tejtech Services (ID: 71581)	Ahmedabad, Ahmadabad City, 506, GJ
miss:assigned_elsewhere	0.0068561770998454554	S1-522516626	Guru Sree Investment Pvt Ltd	430 Sector 3 Vasundhra, Ghaziabad, Uttar Pradesh	S2-418077579	गुरु श्री इन्वेस्टमेंट प्रा. लि.	430 SECTOR 3 VASUNDHRA, GHAZIABAD, Uttar Pradesh
miss:not_in_candidates		S1-872149684	Sree Infrastructure Private Limited	34, Swapnashilp Nagri, Rajeshwar Park Beltarodi Road, Besa, Nagpur, Maharashtra	S2-734443485	श्री इंफ्रास्ट्रक्चर प्राइवेट लिमिटेड	34, NAGPUR, Maharashtra
miss:not_selected	0.02735818580984702	S1-857703928	Technology Phoenix Energy Pvt. Ltd.	Hig-1/25, Bda Colony, Kapilaprasad, Oldtown, Bhubaneswar, Khordha, Orissa	S3-127669410	Technology Ltd. Énergy Pvt. Phoenix	Hig-b3/12/5, Bda Colony, Kapilaprasad, Oldtown, Puri, OD
miss:not_selected	0.7002546312109096	S1-626520383	Technology Work Ayurvedic Private Limited	C-2/16, P No.-16, Ff, Mangal Cghs Ltd. Vasundhra Enclave, Near Samarvilla Publi, C School, Delhi	S2-96750530	Technology Work  Ayurvedic	H.NO 31 C-2/16, P NO.-16, FF, MANGAL CGHS LTD. VASUNDHRA ENCLAVE, NEAR SAMARVILLA PUBLI, C SCHOOL, Delhi
miss:not_selected	0.5518980258091577	S1-326996775	Hendry Desert Property Solutions	126 Crystal Avenue, Hueytown, AL	S2-40358569	The Hendry Desert Property Solutions	12 CRYSTLA AVE, HUEYTOWN, AL
miss:not_in_candidates		S1-853304030	Marthena Mang Parts PC	52 Reasor Drive, Fl 0, Saint Louis, MO	S3-87095589	Marthena Mg Parts PC	
miss:not_in_candidates		S1-140297377	Blue Power Private Limited	Gujarat, C/O Ms/ R S Procon, Ahmedabad, The Retail Park Opp. Bhavya Park, Brts Bus Stand, Bopal, Ahmedabad	S3-667960070	Blue Power-Private Limited	
miss:not_in_candidates		S1-545584654	Star Marketing Pvt Ltd	B-Xxix-1011/1-A/1/3, Industrial Area-C, Dhandari Kalan, Ludhiana., Ludhiana, Punjab	S2-776348979	star marketing pvt ltd	
miss:not_in_candidates		S1-384792199	Sr Trading Limited	Gurgaon, Palam Road, Plot-42, Haryana, Annpurna Market, Sarhaul Mode Opp. Vimal Vatika, Sector-18	S3-446693017	Sr Limited Service	Plot-42, Gurgaon, Palam Road, HR
miss:not_in_candidates		S1-811739099	Delhi Retail	Delhi, Central Delhi, 5583, Second Floor, Naya Bazar, Delhi, Delhi	S3-501047205	DELHI RETAIL	DL, Central Delhi, Delhi
miss:not_selected	0.3958875679953839	S1-561716264	Trowbridge Dental Associates	48 Craighead 452 Road, Jonesboro, AR	S2-975099660	TROWBRIDGE DENTAL	
miss:not_in_candidates		S1-945451130	Physical Therapy Center	2696 Yorktown Road, Yorktown, NY	S3-617909062	Physical  Center Center	Yorktown Road, Yorktown, New York
miss:not_selected	0.5873258248641945	S1-71520960	Guru (India) Media Pvt Ltd	H.No.513 Vikas Chauk, Seloo, Wardha, Maharashtra	S2-812672033	Guru (India) Media Ltd Pvt	#51 VIKAS CHAUK, SELOO, Maharashtra
miss:not_in_candidates		S1-652038875	News Solutions Limited	No. 1/470, Trunk Road Iyyappanthangal, Chennai, Tamil Nadu	S3-141893895	News Limited Services Services	
miss:not_selected	0.5862339682281805	S1-790433562	Neo Global Private Limited	F. No. 003. Ashwamedh Appt., Plot No. 39 Khare Town, Nagpur, Maharashtra	S3-61380472	Neo Global  Private Ltd	
miss:not_in_candidates		S1-121357321	Bbg Tradelinks Pvt Ltd	3Rd Floor 11Th Cross, Mcechs Layout, Dr.Shivaramka, Ranthnagar, Bangalore, Site No.593, Bangalore, Karnataka	S2-592159270	LTD BBG PVT PARTNERS	SITE NO.93, BENGALURU, BANGALORE, Karnataka
miss:not_selected	0.4756831138527113	S1-312012897	MSW (india) Public Limited	Near Sunil Puttawar Home, Mul Road Sonalika Tractor, Chamorshi, Gadchiroli, Maharashtra	S2-669350267	MSW (INDIA) PUBLIC	H.NO 6 NEAR SUNIL PUTTAWAR HOME, MUL ROAD SONALIKA TRACTOR, CHAMORSHI, Maharashtra
miss:assigned_elsewhere	0.07984534125027297	S1-654294365	Education Stores Private Limited	19Th Floor Cemtre -1 Worldtrade Centre Cuffe Parade, Mumbai, Maharashtra	S2-760687872	EDUCATION STORES (PRIVATE)	
miss:not_in_candidates		S1-257847521	C+ Apparel Inc	4400 Ocean Beach Highway, Unit 36, Longview, WA	S2-683677416	C+ Inc Center	4400 OCEAN BEACH HIGHWAY, LONGVIEW, WA
miss:assigned_elsewhere	0.000024847378908581256	S1-796932350	Jai Services Private Limited	Cenora Medical Center, Pattathavenue, Oravampuram, Ernad, Malappuram, Malapuram, Kerala	S2-649688874	ജയ് സർവീസസ് പ്രൈവറ്റ് ലിമിറ്റഡ്	HN 528 CENORA MEDICAL CENTER, PATTATHAVENUE, ORAVAMPURAM, ERNAD, MALAPURAM, MALAPPURAM, Keralam
miss:not_in_candidates		S1-919572484	Chamberlain & Williams Kimco LLC	Unit #6, Fife, WA, 6637 20th Street	S2-56575555	cwilliams.com	FIFE, 663 20TH STREET, WA
miss:assigned_elsewhere	0.0446096329011174	S1-739278594	Pediatric Dental Clinic Center	2069 Watson Avenue, Unit Apartment 33, Saint Paul, MN	S2-100081684	Pediatric Dental Clinic	WATSON AVE, ST PAUL, MN
miss:not_in_candidates		S1-724987000	Sapphire Inc	1913 7th Street, Oskaloosa, IA	S3-262496588	Sapphire (Inc)	
miss:not_selected	0.26537787634995413	S1-290888972	Aone Foundation Private Limited	Visesarpur Sadar, Jaunpur, Uttar Pradesh	S2-743102799	Aone Foundation Pdaivade Limited	HN 499 VISESARPUR SADAR, JAUNPUR, JAUNPUR, Uttar Pradesh
miss:not_selected	0.7422961127723073	S1-215176704	Colours Traders Private Limited	118 Cantt Road, Sunshine Apartment, Lucknow, Uttar Pradesh	S2-971937726	Colour Traders Private  Limited	NO 118 CANTT ROAD, SUNSHINE APARTMENT, LUCKNOW, उत्तर प्रदेश
miss:not_selected	0.6460428038496467	S1-26403062	ANM Products Ltd	355/2 Shahid Khudiram Boseshahid Khudiram Bose Sarani, Kolkata, Calcutta, West Bengal	S2-685696147	ANM Pdrmoducts Ltd	NO 355/2 SHAHID KHUDIRAM BOSESHAHID KHUDIRAM BOSE SARANI, KOLKATA, West Bengal
miss:not_selected	0.2669960278794948	S1-788039936	Ace Developers Private Limited	No.90, Osborne Road, Bangalore., Karnataka	S3-216831884	Ace Developers-Private Limited	Osborne Road, KA, Bangalore., No.9-0
miss:not_in_candidates		S1-815251668	Krsna Agritech LLP	H No 1106 Hingane Khurdanand Nagar, Pune, Maharashtra	S2-497977445	Krsna LLP Center	1106 HINGANE KHURDANAND NAGAR, PUNE, Maharashtra
miss:not_in_candidates		S1-819072507	Acadia	IL, 846 Bowditch Avenue, Aurora	S2-508506266	ACADIA-LP	
miss:assigned_elsewhere	0.0007341078556118343	S1-348909373	SC Clean Pvt. Ltd.	H.N. 151 Manjha, Po -Rampur Manjha, Saidpur, Ghazipur, Uttar Pradesh	S3-341654864	Ltd. SC Pvt. Services	H.n. 151 Manjha, Ghazipur, Saidpur, उत्तर प्रदेश
miss:not_in_candidates		S1-729370907	Jay Consulting Private Limited	233A, Jodhpur Park, Kolkata, Kolkata, Howrah, West Bengal	S2-39584925	জয় কনসাল্টিং প্রাইভেট লিমিটেড	233A, JODHPUR PARK, KOLKATA, KOLKATA, HOWRAH, West Bengal
miss:not_in_candidates		S1-48055304	One Consultants Limited	Ernakulam, 66/2238, Kerala, A-1, 2Nd Floor, Pulleppady Road	S3-340504118	വൺ കൺസൾട്ടന്റ്സ് ലിമിറ്റഡ്	66/2238, Ernakulam, Keralam
miss:not_selected	0.6685356011520984	S1-620973049	Vision Superior Physicians	336 Harrison Street, Girard, IL	S2-106077609	Vision Superior	335 HARRISON STREET, GIRARD, IL
miss:not_in_candidates		S1-978268344	Big Energy Pvt Ltd	E-12/2: Sector 15 Airoli, Thane, Maharashtra	S3-329235589	Big Energy Pvt [Ltd.]	
miss:not_in_candidates		S1-677794831	Rev It Up Deli	Houston, 6607 Beldart Street, TX	S2-857585821	rev it up deli	
miss:assigned_elsewhere	0.0014259460382207447	S1-44776545	Shipp Grade Inc	107 Holly Lane, Bristol City, VA	S3-659784403	Shipp Inc Service	Holly Lane, Virginia, Bristol City
miss:not_in_candidates		S1-481473821	Jaya Business Limited	2/B, Nidhi Appt., Vakil Wadi, Opp. L.G. Hospital, Maninagar, Ahmedabad, Gujarat	S3-711807882	Jaya Limited Services	H.no 320 2/B, Ahmedabad, GJ
miss:not_selected	0.5224107630319104	S1-469460566	Clear Perfect	Henry County, VA, 410 Pine View Lane	S2-665488764	Clear Perfect	41 PINE VIEW LANE, PMB 4256, HENRY COUNTY, VA
miss:assigned_elsewhere	0.0006771111868224807	S1-242127378	Aqs Traders Pvt Ltd	165, 2Nd Main Road, Sundaram Pillai Nagar 1St Floor Tondiarpet, Chennai, Tamil Nadu	S3-826727880	Aqs Pvt-Ltd Partners	தமிழ்நாடு, 165, Madras
miss:not_selected	0.11624594590894682	S1-9074502	Chiropractic Preferred Care Associates	Indianapolis, 3018 Villa Avenue, IN	S2-764538956	CHIROPRACTIC PREFERRED CARE ASSOCIATES	
miss:not_in_candidates		S1-469728997	Heart Foundation Inc.	2211 Candlewood Drive, Joliet, IL	S2-482614505	Heart Foundation Enterprises	
miss:not_in_candidates		S1-706440459	Cypress	409 Harriet Street, Dayton, OH	S2-948730751	Cyrpems	409 HARRIET ST, DAYTON, OH
miss:not_in_candidates		S1-519336880	Lower Ready Inc.	AZ, Douglas, 536 6th Street	S3-117115562	Lower Ready	
miss:not_selected	0.7406174342007371	S1-592000359	Halcara Ngl	2300 Brightleaf Boulevard, Unit B1, Smithfield, NC	S3-529608572	Hlncahra Ngl	2300 1/2 Brightleaf Blvd, Smithfield, North Carolina
miss:not_selected	0.487448804539204	S1-27412881	Smith and Saxton LLC	6001 Oak Hill Drive, West Farmington, OH	S3-972394778	Smith & Saxton (L.L.C.)	
miss:not_selected	0.3653678319306971	S1-702363839	Ross Better Range	600 Comfort Road, Richlands, NC	S2-297897747	Ross Better-Range (ID: 5240)	NC, 617 COMFORT RD, RICHLANDS
miss:not_selected	0.3359731545916789	S1-614373222	Wave Seeds Limited	2Nd Floor, Room No. 5, Readymoney Terrace, 167 Dr. Annie Besant Road, Worli, Mumbai, Mumbai, Maharashtra	S3-981886885	Limited Wave Seed	H.no 4Nd Floor, Room No. 5, Readymoney Terrace, 167 Dr. Annie Besant Road, Worli, Mumbai, Mumbai, महाराष्ट्र
miss:not_in_candidates		S1-645185864	Chiropractic Unified Associates	555 Benforest Drive, Fl 0, Severna Park, MD	S2-384077660	Chiropractic  Associates Service	555 BENFOREST DRIVE, SEVERNA PARK, MD
miss:assigned_elsewhere	0.01053063751553333	S1-176103374	Blakeley's Express Pilates Inc	156 Latham Boulevard, AZ, Miami	S2-451073542	Solnylacalo	156 LATAHM BLVD, MIAMI, AZ
miss:not_in_candidates		S1-711491730	Life Consultancy Pvt Ltd	D No 2-457/7 2-452/8, Bismillah Manzil, Mangalore, Dakshina Kannada, Karnataka	S3-145869214	Life Pvt Ltd Center	
miss:not_selected	0.4542010477207488	S1-961191112	Pediatric Dental Gulf Clinic Inc	518 Sheridan Avenue, Baltimore, MD	S3-564567107	Pediatric Dental Gulf Clinic Inc Foundation	498 Sheridan Avenue, Baltimore, Maryland
miss:not_selected	0.39554507754307283	S1-304064692	Glorious Memorial Trust Delhi	First Floor, 39 East Guru Angad Nagar Gali No. 2, Laxmi Nagar, Delhi, East Delhi, Delhi	S3-541220682	Glorious Trust Delhi [Services]	
miss:not_selected	0.2456912869547061	S1-794656557	Urology Precision Care Associates	702 I, Marathon, TX	S3-652754349	urology precision care associates | www.urologypr.com	02 I, Maarathon, Texas
miss:assigned_elsewhere	0.2952689816769848	S1-747334461	Jacques Group	10413 Legolas Lane, Charlotte, NC	S2-44593959	Jacques  LLC	
miss:not_selected	0.6319402105858487	S1-440367479	Mink Consulting Care	Farm No., Gf Kh No. 258, 260/2 257/2&275, Sultanpur, Gadaipur, New Delhi, New Delhi, South West Delhi, Delhi	S3-739464278	Mink Consulting Care Ltd	No. 934 Farm No., New Delhi, South West Delhi, दिल्ली
miss:not_in_candidates		S1-817133602	Restrepo All Five LLC	2502 3rd Avenue, Altoona, PA	S3-927406185	Fluxwex	250 3rd Avenue, Altoona, Pennsylvania
miss:not_in_candidates		S1-167890658	Lopez Global	1030 Victorian Lane, Village Of Plover, WI	S2-776460921	Lopez  Partners	1030 VICTORIAN LN, PLOVER, WI
miss:not_in_candidates		S1-212214763	Genesis Brothers Private Limited	1 Nakoda Court 110Shivajinagar, Pune, Maharashtra	S2-906379642	GENESIS GENESIS BROTHERS PRIVATE LIMITED	
miss:not_in_candidates		S1-505271519	Cascade Capital	4236 120th Street, Mitchellville, IA	S3-666413775	Cascade Cmtal	120nd Street, Mitcheellville CDP, Iowa
miss:assigned_elsewhere	0.005520332492483932	S1-893837994	Temple Community Church	AL, 175 Stadium Drive, Unit 427, Mobile	S3-909750798	Flúxlyra	##175 Stadium Drive, Mobile, # 427, Alabama
miss:not_in_candidates		S1-31281335	Blue Finance Private Limited	C/O Hardeep Singh, At-Jhartarang, Sundargarh, Raghunathapali, Orissa	S3-351671867	BF	C/O Hardeep Singh, At-Jhartarang, Raghunathapali, Sundargarh, Orissa
miss:not_in_candidates		S1-646054165	Value Pinnacle Israel LLC	MN, Coon Rapids, 3733 122nd Circle	S3-75752352	Value  Pinnacle	
miss:not_in_candidates		S1-757610131	Universal Enterprises Private Limited	Sunrise Park Society, Sunrise Park Road, Vastrapur, 18, Ahmedabad, Gujarat, Ahmedabad	S2-927107239	યુનિવર્સલ એન્ટરપ્રાઇઝિસ પ્રાઇવેટ લિમિટેડ	AHMEDABAD, 18, Gujarat
miss:not_selected	0.1091744249326321	S1-582411310	Tirupati Tech Private Limited	Karnataka, Bengaluru, Bangalore, No.3/4, 2Nd Floor, 8Th Main, Chbs Layout, Vijay Nagar	S2-467453916	ತಿರುಪತಿ ಟೆಕ್ ಪ್ರೈವೇಟ್ ಲಿಮಿಟೆಡ್	BANGALURU, Karnataka, NO./4, BENGALURU
miss:not_in_candidates		S1-922942463	Feex Inc	16720 Porter Road, Unit F306, Maricopa, AZ	S2-668155579	Fnhe Inc	16720 PORTER RD, MARICOPA, AZ
miss:not_selected	0.3126271350360709	S1-133313567	Royal Producer	H No 80 Chaitnaya Lok, Colony Mouja Pali Kheda, Mathura, Uttar Pradesh	S3-377024458	Royal Prbeoducer	H.no #80 Caitnaya Lok, Colony Mouja Pali Kheda, Mathura, UP
miss:not_in_candidates		S1-234151625	Anand Services Private Limited	No. S-3, Prabhu Kunj, 2Nd Main Road, Eshwara Layout Opposite Citynest Club, Indiranagar 2Nd, Stage, Bangalore, Karnataka	S2-567310061	ಆನಂದ್ ಸರ್ವಿಸಸ್ ಪ್ರೈವೇಟ್ ಲಿಮಿಟೆಡ್	PRABHU KUNJ, 2ND MAIN ROAD, ESHWARA LAYOUT OPPOSITE CITYNEST CLUB, INDIRANAGAR 2ND, STAGE, NO. S-3, BANGALORE, ಕರ್ನಾಟಕ, BANGALORE
miss:not_selected	0.49764288720780414	S1-711702364	Andheri (W) Crop Private Limited	B-103/104, Andheri (W), Mumbai, Brookhill Tower Lokhandwala Complex, Maharashtra	S2-590497552	Andheri (W) Crop Private Ltd	#683/9 B-103/104, BROOKHILL TOWER LOKHANDWALA COMPLEX, ANDHERI (W), Maharashtra
miss:not_selected	0.4822702057979663	S1-337982639	KR Legacy Copley	4785 Indian Head Highway, Indian Head, MD	S3-257411522	KR Legacy	478 Indian Head Highway, Indian Ehad, Maryland
miss:not_selected	0.01958052380716092	S1-499826714	Allianora Paiva Empire Future	1112 Sheldon Drive, Anna, TX	S2-862199809	Allianora-Paiva Empire Future (ID: 20516)	111 SHELDON DR, PO BOX 7982, ANNA TOWNSHIP, TX
miss:not_in_candidates		S1-991635104	American Flaherty Inc	2944 Siskiyou Street, Portland, OR	S3-906437517	The American Fláherty Inc	
miss:not_selected	0.18161433046836029	S1-995217014	Bonet Partners LLC	101 Anthony Drive, Normal, IL	S2-30049629	BONET PARTNERS  LLC	
miss:assigned_elsewhere	0.02195071471717693	S1-316351978	Cozy Grill Corp	1911 Marine Terrace Drive, Unit UNIT I, Saint Louis, MO	S3-923880495	COZY 6RILL (CORP)	
miss:not_in_candidates		S1-478404246	A Beacon Crumrine Center	AL, 2806 Union Chapel Road, Northport	S2-64517971	A Beacon Crumrine Centre	
miss:not_selected	0.38900108464181693	S1-455261293	Longshoremen Local 922	51 Main Street, Southampton, NY	S3-448269434	Longshoremen Lochnl Lochnl 922	
miss:not_in_candidates		S1-27763965	Innovative Supply Corporation	1121 St Michael Drive, Cahokia, IL	S3-487120113	Innovative Corporation Center	1121 St Michael Dr, Eaast ST. Louis, Illinois
miss:not_in_candidates		S1-155929039	Summit LLC	3718 Ketch Run, Fl 1, Columbus, OH	S2-174471882	5ummit LLC Center	COLUMBUS, OH, KETCH RUN
miss:not_selected	0.454120737906257	S1-748437873	Khanna (india)private (India) Pvt Ltd	Madaplathuruth Moothakunnamp O, Kerala, Vadakkekara Panchayath, Xii/261A, Ernakulam	S2-176475168	Khanna (india)private (India) Pvt Ltd.	#301 XII/261A, MADAPLATHURUTH MOOTHAKUNNAMP O, VADAKKEKARA PANCHAYATH, Kerala
miss:not_in_candidates		S1-324249264	Community Association	2500 Morning Glory Drive, Kernersville, NC	S2-604948039	Community Ássociation	
miss:not_selected	0.670862465617568	S1-489009323	Shahdara Publications Private Limited	1/4740, Second Floor, Gali No. 7, Balbir Nagar, Shahdara, Delhi	S2-744443688	Prsairle Shahdara Publicati0ns Limited	SHAHDARA, Delhi, 1/4740, SHAHDARA
miss:not_in_candidates		S1-152207932	Shiva Solutions Private Limited	4Th Floor, Shop-406, R.J.D. Business Hub, Wing-B, Nagina Wadi, Kasha Nagar Rd, Kat, Argam, Surat, Gujarat	S3-422785377	Shiva	4Th Floor, Shop-406, R.J.D. Business Hub, Wing-B, Nagina Wadi, Kasha Nagar Rd, Kat, Argam, Surat, Gujarat
miss:not_in_candidates		S1-256451720	Laxmi Construction Pvt Ltd	S-5, Ground Floor, Seacrest 1, Opp Nana Nani, Park, 7 Bungalows, Andheri West, Mumbai, Maharashtra	S2-951271615	लक्ष्मी कंस्ट्रक्शन प्रा. लि.	S-5, ANDHERI WEST, MUMBAI, Maharashtra
miss:not_in_candidates		S1-289468833	Visakhapatnam Royal Pvt Ltd	D No: 1-82-7, Ground Floor, Flat No. 65/3 Sec - 3, M V P Colony, Visakhapatnam, Vishakhapatnam, Andhra Pradesh	S2-960576795	Orbifaye	D NO: C-1-82-7, VISAKHAPATNAM, Andhra Pradesh
miss:not_in_candidates		S1-367356266	Custom Athena PLLC	680 Mohawk Avenue, Pleasant Grove, UT	S3-866488117	Custom Athena	
miss:not_in_candidates		S1-698572295	Sai Institute Pvt Ltd	Bhitariya Ramsanehighat, Bhitariya, Ram Sanehi Ghat, Barabanki, Uttar Pradesh	S3-898431923	Sai Pvt Ltd Services	Bhitariya Ramsanehighat, Bhitariya, Lucknow Hq Region, Barabanki, UP
miss:not_in_candidates		S1-497373780	Great College Inc	106 Bess Circle, Cherryville, NC	S3-407844173	Great  Inc Services	106 Bess Cir, Cherryville, North Carolina
miss:not_in_candidates		S1-553403079	Shankara Seva Samiti	H- 3270, 3Rd Floor, City Centre Shopping Mall, 279 Belasis Road, Mumbai Central, Mumbai, Mumbai City, Maharashtra	S3-704536584	SSS	H- 3270, 3Rd Floor, City Centre Shopping Mall, 279 Belasis Road, Mumbai Central, Mumbai, Mumbai City, Maharashtra
miss:not_selected	0.6279983356206184	S1-18392906	Hugo Navigation LLC	1810 Hampshire Drive, Grand Prairie, TX	S3-435322476	Hugo LLC  Center	181 Hampshire Dr, Grand Prairie, Texas
miss:not_in_candidates		S1-442940186	Oncology Associates	805 Dorset Drive, TN, Knoxville	S3-497865737	Oncology [Associates]	
miss:not_selected	0.6645383877902462	S1-259630611	Colonial Contracting	429 Third Street, Unit Apartment 1, Newburgh, NY	S2-453074325	Colonial Contracting Co	3RD ST, NEWBURGH, NY
miss:not_in_candidates		S1-305736125	Anchor Chimera	2357 Aztec Avenue, Ventura, CA	S3-999404107	Jaxdova	2357 Aztec Avenue, Ventura, California
miss:not_in_candidates		S1-20298633	Beacon Pacific Providence LLC	135 York Street, Kennebunk, ME	S2-74574148	Beacon Providence Pacific LLC	
miss:not_selected	0.026294469882848597	S1-378781719	Osborne Beacon Produce	59-34 70 Avenue, Ridgewood, NY	S2-809781546	Osborne Beacon Produce Co	59-3 70 AVENUE, RIDGEWOOOD, NY
miss:not_in_candidates		S1-22843507	Platinum Automation Collective P.C.	6602 English Saddle Court, Fairfax County, VA	S3-602120979	platinum automation collective p.c.	
miss:not_selected	0.6431015779887777	S1-880024710	Arrowood Cardiology LLC	172 Forest Lane, Alexandria, AL	S3-436702308	Arrowood  Cardiology	22 Forest Lane, Alexandria, Alabama
miss:not_selected	0.4632894122963465	S1-876736662	SY Exports Private Limited	229, 3Rd Floor, 17B Main, 11Th Cross, 4Th Sector, Bangalore South, Bangalore, Karnataka	S2-843190983	SY Exports Private Limited	ಕರ್ನಾಟಕ, 228, 3RD FLOOR, 17B MAIN, 11TH CROSS, 4TH SECTOR, BANGALORE SOUTH
miss:not_in_candidates		S1-930308279	Shree Engineering	106, D B Road No.90, Big Bell Complex, R S Puram, Coimbatore, Tamil Nadu	S3-692867792	ஸ்ரீ Engineering	106, D B Road No.90, Big Bell Complex, R S Puram, Narsipuram, TN
miss:not_selected	0.4203557955621499	S1-262935620	Bright United Dime	3235 Carol Court, High Ridge, MO	S3-937811733	bright united dime	
miss:assigned_elsewhere	0.8819393539536275	S1-838855913	Wolfe, Wheatley and Hausmann LLC	828 Zapata Lane, Fayetteville, NC	S3-142804305	Wolfe, Wheatley and Hausmann L.L.C.	
miss:not_in_candidates		S1-673801593	Surya Developers Private Limited	Second Floor, A-6 Mayapuri Ph-1, Industrial Area, New Delhi, Central Delhi, Delhi	S3-656825744	सूर्य डेवलपर्स प्राइवेट लिमिटेड	Central Delhi, Second Floor, DL
miss:not_in_candidates		S1-467742353	Pioneer Tech	9817 Grandview Street, Mesa, AZ	S3-742447015	Pioneer Services	9817 Grandview St, Mesa Desert, Arizona
miss:not_in_candidates		S1-146145272	Pinnacle Virtus	NY, Vestal, 87 Plough Road	S3-241540451	Pinnacle  Center	87 Plough Rd, Vestal, New York
miss:not_selected	0.18024008681233575	S1-686694988	Opti Sangh	Plot No. 192/1537, Motilal Ngr No. 1, Off. Link Road, Opp. Sejal Tower, Goregaon West, Mumbai, Maharashtra	S2-984022709	Opti Sgn	Maharashtra, 192/153 , MOTILAL NGR NO. 1, OFF. LINK ROAD, OPP. SEJAL TOWER, GOREGAON WEST
miss:not_in_candidates		S1-944330506	RF Maritime LLC	1045 Yellow Brick Road, Unit Apartment 201, Chaska, MN	S2-362192146	RF LLC  CENTER	1045 YELOLW BRICK RD, CHASKA, MN
miss:not_selected	0.6907472005948371	S1-879859869	VI Alussa Inc	109 Maloy Drive, Frederick County, VA	S3-588679179	Deltalum	Maloy Dr, Frederick County, Virginia
miss:not_selected	0.19510587326911233	S1-120701576	4098 Madison Boulevard Holdings	2002 Grace Johns Circle, Unit C20, Murfreesboro, TN	S3-839181031	4098 Boulevard Holdings Center	2002 Grace Johns Circle, PO Box 8111, Murfeesboro CITY, Tennessee
miss:assigned_elsewhere	0.000044737648641332895	S1-309899180	Ridgeline Nexera Inc	400 Main Street, Green Lane Borough, PA	S3-919993644	Ridgeline Inc Center	399 Main Street, Green Lane, Pennsylvania
miss:not_selected	0.38395982749474605	S1-434642015	Modern Chemical Global	47 Oak Street, Hornell, NY	S3-983894303	Global Chemical Modern	45 Oak St, Hornell, New York
miss:not_selected	0.3942730298731856	S1-541647852	Hyderabad Park Limited	1-98/21/M, P No 22 Madhapur, Hyderabad, Telangana	S3-423710254	Hyderabad Park	Hyderabad, #4-889 1-98/21/M, Andhra Pradesh, P No 22 Madhapur
miss:not_selected	0.5306974602823339	S1-174417110	Fiex Clinic	Memphis, 1908 Cedarhurst Avenue, TN	S3-530887299	Fiex Cinic	
miss:not_selected	0.657977813040894	S1-549719856	Indore Infra Private Limited	714-716 Princess Business Skypark Block 22-23, Pu-3-Scheme No. 54, A.B. Ro, Ad, Indore, Madhya Pradesh	S3-24482198	Indore  Infra Private	14-716 Princess Business Skypark Beock 22-23, Indore, MP
miss:not_selected	0.23095482913597087	S1-62269307	Straight Edge Deli	Cardington, OH, 105 Williams Street	S3-129600834	Straight Edge Deli  Services	103 Williams St, Cardington, Ohio
miss:assigned_elsewhere	8.169263600367362e-6	S1-735842522	GR Investment Limited	No.106, Honnathi Building, Rhcs Layout, 2Nd Main Road, Annapurneshwarinagar, Near Nagarab, Havi Bda C, Bangalore, Karnataka	S3-200710992	GR Limited Center	Bangalore, KA, No.106, Bangalore
miss:not_in_candidates		S1-704167529	Sree Finance Private Limited	7, Grant Lane, Kolkata, Kolkata, Howrah, West Bengal	S3-394201082	শ্রী ফাইন্যান্স প্রাইভেট লিমিটেড	WB, 7, Howrah, Kolkata, Grant Lane, Kolkata
miss:not_in_candidates		S1-985423906	Metro Applied	1015 University City Boulevard, Unit UNIT 444, Blacksburg Town, VA	S3-845741936	Metro Services	1015 University City Boulevard, # UNIT 444, Blacksburg Town, Virginia
miss:not_in_candidates		S1-760593533	Colonial Star Flaherty	808 Carolyn Court, Hempstead, NY	S3-868528935	Colonial (Star)	Carolyn Court, Seford, New York
miss:not_in_candidates		S1-291633961	Southern Marketing Private Limited	215, Second Floor, Gorwa, Shivanta High Street, Vadodara, Gujarat	S3-357057171	Southern Private Limited Center	Block F-367 215, Second Floor, Gorwa, Shivanta High Street, Vadodara, GJ
miss:not_selected	0.20592835896050604	S1-966068352	Toby Williams Clear Rate	73 Warner Avenue, Middletown, CT	S2-356872557	TOBY WOLLIAMS CLEAR RATE	CT, MIDDLETTOWN, 75 WARNER AVENUE
miss:not_in_candidates		S1-279729138	Interfaith Trust	797 Oak Trail Drive, Lockhart, TX	S3-763021246	Haloumbra	779 Oak Tradl Dr, Lockkhart, Texas
miss:not_selected	0.39691630106869275	S1-167521900	Select Industrial Advisors Inc.	1208 Oregon Hill Road, Reidsville, NC	S2-426193918	SELECT INDUSTRIAL-INC. ADVISORS	PO BOX 5168, NC, 120 OREGON HILL ROAD, REIDSVILLE
miss:not_in_candidates		S1-922386752	Durso Classic Therapy Inc	8009 Tacoma Way, Lakewood, WA	S2-20220739	DURSO INC THERAPY CLASSIC	
miss:not_in_candidates		S1-871905708	Elite Logistics Alliance, LLC	5096 95th Avenue, Ross, ND	S3-881727622	Elite Alliance, LLC Services	5096 95th Ave, Rooss, North Dakota
miss:not_in_candidates		S1-156629814	Pyramid Andresearch Private Limited	H.No.1-6-3/B, Brundavanam Colony Opp: Govt. Ladies Polytechnic College, Guntur, Krishna, Andhra Pradesh	S3-903852304	paprivate.com	H.no 1-6-3/B., Brundavanam Colony Opp: Govt. Ladies Polytechnic College, Guntur, Krishna, AP
miss:not_selected	0.6417624575988565	S1-53461756	Diego Arcelormittal Clinic	2111 Bordeaux Drive, Carrollton, TX	S2-409055346	DIEGO  ARCELORMITTAL CLINIC	2197 BRDEAUX DR, CARROLLTON, TX
miss:not_in_candidates		S1-686053669	Modern Investments Private Limited	Rnb Heights 2 Floor Opp Dominos, Idpl X Roads, Chintal Hyderab, Ad, Hyderabad, Telangana	S3-326998679	Sri Modern Private Limited Center	Rnb Heights 2 Floor Opp Dominos, Hyderabad, TG
miss:not_in_candidates		S1-448619922	Citadel LLC	413 Main Street, Village Of Thiensville, WI	S3-586253184	Crtdabll  LLC	413 Main St, Mequoncity, Wisconsin
miss:not_selected	0.24333304893997426	S1-686390554	Rollin's Capital	MT, 307 3rd Street, Froid	S3-309577782	The  Rollin's Capital	306 Third St, Froid, Montana
miss:assigned_elsewhere	0.3456703268558107	S1-432501777	Eka Towers LLP	J-3/86, Khirki Extention, Malviya Nagar, New Delhi, Delhi	S3-976211704	Eka Tdworirs LLP	
miss:not_selected	0.33892819615529757	S1-806704941	Kaveravi Engineering Private Limited	1470, 2Nd Cross, Jain Street, Ashik Nagar, Mandya, Karnataka	S3-66642116	Kaveravi Engineering Private Ltd	
miss:not_selected	0.05744854253284533	S1-588598940	Jay Properties Private Limited	B-1 F/F Right Portion Prop No 147/9 Kishan Garh Vasant Kunj, New Delhi, Delhi	S2-937577146	Jay Properties Limited Services	Delhi, null, B-2 F/F RIGHT PORTION PROP NO 147/9 KISHAN GARH VASANT KUNJ, NEW DELHI
miss:not_in_candidates		S1-65589185	Advanced Design Works LLC	707 A Prospect Street, Crawfordsville, IN	S2-49680130	Advanced Design Works	
miss:not_selected	0.4082320279876548	S1-226587164	Preferred Obic L.L.C.	1308 Oakhurst Drive, Nashville, TN	S3-710258182	Center Preferred L.L.C.	01308 Oakhurst Drive, Tennessee, Nashville
miss:not_in_candidates		S1-347559252	Sree Engineering Private Limited	Flat No:301, Vindhya Aditya Enclave K.P.H.B.Colony Hyderabad., Hyderabad., Telangana	S2-694471866	శ్రీ ఇంజనీరింగ్ ప్రైవేట్ లిమిటెడ్	HN 281 FLAT NO:301, VINDHYA ADITYA ENCLAVE K.P.H.B.COLONY HYDERABAD., NULL, Telangana
miss:not_selected	0.5018847677344516	S1-549407646	Mahasu & Co	House No. 237, Mcd Colony, Vivekanand Puri Sarai Rohilla, Delhi, North Delhi, Delhi	S2-119834192	Sri MAHASU & CÓ | www.mahasuc.com	HN 862 HOUSE NO. 237, MCD COLONY, VIVEKANAND PURI SARAI ROHILLA, DELHI, Delhi
miss:not_in_candidates		S1-826227376	Metropolitan Cardiology Inc	725 Terra Avenue, Ashland, Unit 4, OR	S2-832540693	Metropolitan Ínc Services	72 TERRA AVENUE, ASHLAND, OR
miss:not_selected	0.6371083758946015	S1-667936067	Southern Asa LLC	IN, 1648 Park Terrace Court, Indianapolis	S2-490436678	Southern Asa	
miss:not_in_candidates		S1-850860036	Y/O Auto Repair LP	655 County Road 4321, London, AR	S3-783876477	Y/O  Auto Repair LP	
miss:not_in_candidates		S1-983942964	Sun Agro Private Limited	1, Bharath Nagar Neelikonampalayam, Coimbatore, Tamil Nadu	S2-576685093	சன் அக்ரோ பிரைவேட் லிமிடெட்	1, COIMBATORE, Tamil Nadu
miss:not_in_candidates		S1-885997428	Agro Emgee Realtors Private Limited	Block-H, Prem Gardens, Mrg Nagar, Prem Gardens, Mrg Nagar, Tamil Nadu, Plot No 4, Kanchipuram	S3-458413360	Agro	Plot No 4, Block-H, Prem Gardens, Mrg Nagar, Prem Gardens, Mrg Nagar, Kanchipuram, Tamil Nadu
miss:not_selected	0.18436853570973508	S1-582927139	Morano Classic Infrastructure LLC	670 Laurel Creek Road, Todd, NC	S3-131874695	MORANO CLASSIC INFRASTRUCTURE LLC	671 Laurel Creek Rd, Todd, North Carolina
miss:not_in_candidates		S1-646840446	Pediatric American Care	503 Saratoga Avenue, Fl 0, Glen Burnie, MD	S3-900936533	Pediatric Services Care	503 Saratoga Ave, Floor 0, Glen Burnie, Maryland
miss:not_selected	0.4702429681423221	S1-676745381	Straight Edge Cleaning Service	3416 Ox Yoke Road, Hackensack, MN	S2-6560432	Onyxverakelo	3416 OX YOKE ROAD, <NULL>, HACKENSAKC, MN
miss:not_selected	0.030213664258383073	S1-935476070	Black Producer Pvt Ltd	Imperial Tower, Unit No. 817, 8Th Floor, Cp 67, Plot No. 252, Sector 67, Mohali, S.A.S.Nagar (Mohali), Rupnagar, Punjab	S3-743378335	ਬਲੈਕ ਪ੍ਰੋਡਿਊਸਰ ਪ੍ਰਾ. ਲਿ.	#796 Imperial Tower, Mohali, Rupnagar, ਪੰਜਾਬ
miss:not_selected	0.6430100585576092	S1-356480743	Ooty Commercial Limited	Balacola Village Mudugula Post, Ooty, Nilgiris, Tamil Nadu	S3-908168627	Ooty Limited Commercial	
miss:not_in_candidates		S1-495841428	Jai Developers Private Limited	G-51/3A, Abul Fazal Enclave-Ii Shaheen Bagh, New Delhi, Delhi	S3-359504036	जय डेवलपर्स प्राइवेट लिमिटेड	G-51/3a, Abul Fazal Enclave-ii Shaheen Bagh, Budaun, DL
miss:not_selected	0.7350199315439817	S1-191304020	Stanton's Holdings	Duluth, MN, 4646 Datka Road	S2-211248592	Stanton's-Holdings	
miss:not_in_candidates		S1-165280674	Vision Liberty Clinic	166 120th Street, Monticello, MN	S3-914570354	Vision Clinic (Liberty)	166 120th St, Monticllo CITY, Minnesota
miss:not_in_candidates		S1-96741711	Bharat Services Private Limited	201, Rashmi Growth Hub, S P Ring Road Circle, Ahmadabad City, Ahmedabad, Gujarat	S3-975555364	bharat services private limited	
miss:not_in_candidates		S1-229644678	HH Central Holdings	1422 Chapel Street, Unit 12, Louisville, OH	S3-142938545	Hh Central Holdings	
miss:not_selected	0.7211204163990834	S1-764766355	Rajsan Manufacturer-Indiranagar 2Nd Stage	Bangalore, Karnataka, Indiranagar 2Nd Stage, No. 329, Ground Floor, 10Th Main Road, 17Th C Cross	S3-789421843	Rajsan 2Nd Stage Center	No. 29, Ground Floor, 10Th Main Road, 17Th C Cross, Indiranagar 2Nd Stage, Bangalore, KA
miss:not_in_candidates		S1-652352329	Lucky Yoga, LLC	7490 Mar Del Drive, Cincinnati, OH	S2-517981098	LUCKY YOGA, LLC	
miss:not_selected	0.28809105437644017	S1-83109256	Shree World Private Limited	21, Aamarpali Appartments, 56, I.P Extension Patparganj, Delhi	S2-679202545	Shree Wor1d Pvgiate (Limited)	21/9, AAMAGPALI APPARTMENTS, 56, I.P EXTENSION PATPARGANJ, दिल्ली
miss:not_in_candidates		S1-315675154	Gold Impex Private Limited	94 The Retreat Tharabanahalli, Bengaluru, Bangalore, Karnataka	S3-808010139	Gold Private Limited Center	94 The Retreat Tharabanahalli, Bangalore, ಕರ್ನಾಟಕ
miss:not_in_candidates		S1-734505774	Anand Services Private Limited	Bangalore, 11Th Main Road, Pipe Line, Kalappa Block Srinagar, Banashankari 1St Stage, Karnataka, Bangalore, #13/1	S3-1670922	#anandservices	Door No 13/1, Bengaluru, Bengaluru Urban, ಕರ್ನಾಟಕ
miss:assigned_elsewhere	0.8964108844892886	S1-565924905	Olanos Floating LLC	20801 Front Street, Cottonwood, CA	S3-802269318	Olanos LLC [Floating]	
miss:not_in_candidates		S1-555672556	East Energy Pvt Ltd	No.3500/A, Wp, 4Th H Block, Bsk 6Th Stage, Bangalore, Karnataka	S3-917368535	East Pvt Ltd Center	No.3500/a, Bangalore, KA
miss:not_in_candidates		S1-922550658	Pediatric Dental Group	Phoenix, 5419 Phelps Road, AZ	S3-566914900	Pediatric Group Dental	5419-B Phelps Road, Scottsdale Airpark, Arizona
miss:not_in_candidates		S1-494169468	Satyajeet Space Ltd	C-278/3, F/F, Shaheen Bagh, Abul Fazal Encl -2, Near Old Masjid, Delhi, New Delhi, Delhi	S3-463899571	Satyajeet Space	
miss:not_in_candidates		S1-954329688	Global Coalition	7648 R, Town Of Black Wolf, WI	S2-254741752	Gl0bal Partners	7648 R, OSHKOSHTOWNSHIP, WI
miss:not_in_candidates		S1-32292777	Ava Vanijya Private Limited	Pl No 1 Sno 719, B/H H.D.F.C Office, Sharanpur Road, Nashik, Maharashtra	S3-649940868	Sri Ava Private Limited Partners	Pl No 1 Sno 719, Nashik, <NULL>, MH
miss:assigned_elsewhere	1.675048143769377e-6	S1-966100308	Trinity Presbyterian Church	321 7th Street, Kansas City, MO	S2-256389252	Trinity Church  Center	321-325 7ST SAINT, null, KANSAS CITY, MO
miss:not_in_candidates		S1-648311162	Bangalore South Textiles Care	No.33, Suraksha Fair, Fiew L/Obelathur (Tc-123), Bangalore South, Bangalore, Karnataka	S3-660290472	#bangaloresouth	No.33, Suraksha Fair, Fiew L/obelathur (Tc-123), Bengaluru Rural, Bangalore South, KA
miss:not_in_candidates		S1-561474258	Vision Constructions Private Limited	No 34/4, 1St Floor Channasandara, Kengeri, Uttarahalli Mai, N Road, Bangalore, Karnataka	S2-575182001	Vision Constructions Private	
miss:not_in_candidates		S1-953634573	Davis Capital Partners LLC	20 Natoma Street, Rye, NY	S3-204282583	Deltahalo	20 Ntoma St, Rye, New York
miss:not_selected	0.15737031632247206	S1-287413810	Regional Bay Vii LLC	4205 9th Street, Des Moines, IA	S2-130149483	LLC Rchinl Bay Vii	4204 9ST ST, DES MOINES, IA
miss:not_selected	0.31903309680641867	S1-229833917	Lius Crystal Dime	1601 Rhododendron Drive, Unit Space 687, Florence, OR	S3-287455941	Lius Crystal  Dime Inc.	1603 Rhododendron Dr, # Space 687, Florence, Oregon
miss:not_selected	0.49918896490905734	S1-54009859	Perfect Clinic	C-9/26 Sector-7, Rohini, Delhi	S2-674755051	Perfect Clinic	
miss:not_in_candidates		S1-820033757	A Choice Highland Clinic	3104 Bradfield Drive, Nolensville, TN	S2-130318897	A Clinic Highland Choice	3104 1/2 BRADFIELD DRIVE, NLENSVILLE CITY, TN
miss:not_selected	0.6082197581571459	S1-622241778	Divine Chick Pvt Ltd	28 Near High Court Colony, Plotno.5484Mouza-Phulwari, Patna Sadar, Patna, Bihar	S2-956152401	Dr DIVINE  CHICK PVT	DOOR NO 1 NEAR HIGH COURT COLONY, PLOTNO.5484MOUZA-PHULWARI, PATNA SADAR, Bihar
miss:not_selected	0.3226785297078486	S1-920065699	D F & L Manufacturing LLC	59 West Street, Unit RIGHT, Chicopee, MA	S2-770538190	D F & L Mánufacturing LLC	CHICOPEE, 60 WEST STREET, MA
miss:not_in_candidates		S1-686197329	Kaverya Estates Pvt Ltd	126/F/1 Vidyasagar, Kolkata, West Bengal, Sarani, Lp 94/26/0/4/1, Kolkata, Howrah	S2-803601238	Kaverya Pvt Ltd Services	
miss:assigned_elsewhere	0.29143248826521956	S1-535397198	Hallmark Solutions Pvt Ltd	Plot No.A-146, At Tantthaiya, Jolwa, Palsana, Surat, Gujarat	S2-438654951	Hallmark Solutions [Pvt]	
miss:not_in_candidates		S1-2903646	Cornerstone LLC	32 200, Columbia City, IN	S2-757886812	CORNERSTONE LLC CENTER	32 1/2 200, COLUMBIA CITY, IN
miss:not_in_candidates		S1-104357616	Madras & Sons Private Limited	D-71, Sector-63, Noida, Gautam Buddha Nagar, Uttar Pradesh	S3-553501100	Madras and Private Limited Partners	D-71, Gautam Buddha Nagar, UP
miss:not_selected	0.6109727132584113	S1-967934840	Lynn Market of Ona	Ona, 208 Iroquois Trail, WV	S3-307160972	Lynn Of Partners Ona	08 Iroquois Trl, ONA Ciity, West Virginia
miss:not_selected	0.7296367365432513	S1-691571680	RP Complete Sony Corp	809 Sand Hills Drive, Newport, NC	S3-159322055	RP Complete Srtoy Corp Corp	817 Sand Hills Drive, Newport, North Carolina
miss:not_in_candidates		S1-351365427	Chawla Infra Ltd	B-607 Signature Global Roselia, Sector 95A Gurugram, Garhi Harsaru, Gurgaon, Haryana	S2-201364558	Mr Chawla Infra	
miss:not_selected	0.5075213989811338	S1-339062395	Patriot Direct Hospital Inc	Brookfield, CT, 793 Federal Road, Unit Unit 15	S2-520313829	PATRIOT  DIRECT HOSPITAL INC	BROOKFIELD, CT, 793-795 FEDERAL RD
miss:not_selected	0.44691835695223975	S1-518355526	Management Consistent (india) Limited	502, Manikonda, Mana Elite Appartment, Rangareddy, Telangana	S2-655166847	Management Consistent	501, MANIKONDA, MANA ELITE APPARTMENT, RANGAREDDY, Telangana
miss:not_in_candidates		S1-515004381	Regional Complete Union LLC	129 Barton Drive, Gallatin, TN	S2-904161316	Regi0nal Union LLC Center	12 BARTON DRIVE, GALLATIN, TN
miss:not_selected	0.6723610585657138	S1-832305755	Blue Grill LLC	2819 Carney Avenue, City Of Marinette, WI	S3-230172417	Blue Grill [LLC]	819 Carney Avenue, Marinette CITY, Wisconsin
miss:not_selected	0.46967227180599075	S1-393706348	Perfect Foundation Private Limited	2604, A Wing, Alpine, Mohan Altezza, Khadakpada, Kalyan, Thane, Maharashtra	S2-934375294	Sri Perfect Foundation Private	3604, A WING, ALPINE, MOHAN ALTEZZA, KHADAKPADA, KALYAN, Maharashtra
miss:not_in_candidates		S1-233361913	Central Environmental Partners Corp	1000 Bel Aire Drive, Roswell, NM	S2-88077602	Nylaverayuma	1000 BEL AIRE DR, ROSEWLL, NM
miss:not_selected	0.43579679797325377	S1-400710395	Future Foundation Private Limited	D.No 6-32, Mutluru Vatticherukuru Mandal, Guntur, Andhra Pradesh	S3-319650479	Limited Future Foundation Services	D.no 6-32/5, Guntur, AP
miss:not_selected	0.4990999225473132	S1-857506522	A&a Chits Private Limited	Po - Purkhas, Village Purkhas, Tehsil - Chail, Kaushambi, Uttar Pradesh	S3-328304394	Shri A&a  Chits Private Limited	#544 Po - Purkhas, Kaushambi, UP
miss:not_in_candidates		S1-592448155	Oh Merger Inc	244 Lower Smithfield Road, Tellico Plains, TN	S2-118775970	OH INC-SERVICES	244 LOWER SMITHFIELD ROAD, TELLICO PLAINS, TN
miss:not_in_candidates		S1-982933364	Pediatric Dentistry Medicine Inc	272 Hempstead Avenue, Buffalo, NY	S2-42603349	Pediatric Médicine Inc Service	272 HEMPSTEAD AVE, BUFFALO, NY
miss:not_in_candidates		S1-295888549	Rapid Data Group	10456 Baltimore Avenue, Beltsville, MD	S3-292038963	Jaxkor	Baltimore Ave, Beltsville, Maryland
miss:not_in_candidates		S1-711197202	BUD Advisory, LLC	88 Longmeadow Road, Norwood, MA	S3-566049678	Fluxtavohalo	88 Longmeafow Rd, Nowood, Massachusetts
miss:not_selected	0.0634711368408793	S1-381515247	Division of Veterans Affairs P.C.	12316 Kelly Canyon Road, Bozeman, MT	S2-621020249	Division of Veterans	BOZEMAN, MT, ##12325 KELLY CANYON RD
miss:not_in_candidates		S1-995549552	ILI Medicare Care	Orissa, Bhubaneswar, Khordha, Flat D-1, Royal Tower Damana	S3-517776292	ILI [[Medicare]]	
miss:not_selected	0.12950984654213993	S1-67812263	Associates & Brothers Private Limited	10, Ankur Complex, B/H Town Hall Ashram Road, Ellisbridge, Ahmedabad, Gujarat	S2-166444073	Associates + Brothers  Private Ltd	
miss:not_selected	0.44930077722953987	S1-927220391	Sunshine Apartment Paschim Vihar Resorts Ltd	37, Sunshine Apartment Paschim Vihar, New Delhi, Delhi	S2-603999721	YUMAAVIVIO	SUNSHINE APARTMENT PASCHIM VIHAR, NEW DELHI, Delhi, #37
miss:not_in_candidates		S1-271635909	Heartland Home Care Inc	9164 150, Linwood, NC	S3-445297870	Heartland Home Care Ínc	
miss:not_selected	0.31356913554459803	S1-542399441	Ram Apex Investments Pvt Ltd	#5346/1, 1St Floor, Grain Market, Near B D Higher Secondary School, Ambala Cantt, Ambala, Haryana	S2-787207179	राम एपेक्स इन्वेस्टमेंट्स प्रा. लि.	AMBALA, AMBALA CANTT, 1ST FLOOR, GRAIN MARKET, NEAR B D HIGHER SECONDARY SCHOOL, BLOCK G-#285 53458, Haryana
miss:assigned_elsewhere	0.4391879357255083	S1-64889412	Flexi Brothers	126 2Nd Floor, Bapu Bazar Bank Tiraha, Opposite Raj Cycle, Udaipur, Rajasthan	S2-684725023	Flexi Brothers Corp	
miss:assigned_elsewhere	0.2619587069749506	S1-398741679	Classic Regional Research	5049 Rd 250, Galion, OH	S3-472825079	Nylabelo	05049 Rd 250, Galion, Ohio
miss:not_selected	0.47910026754655	S1-561469038	Access Services LLP	P.O.-Supaul Ps- Supaul, Saharsa, Bihar	S2-282135285	Access [Services]	BLOCK E-833 P.O.-SUPAUL PS- SUPAUL, SAHARSA, Bihar
miss:not_in_candidates		S1-805001902	Bhiwandi Foundation Public Limited	House No. 1528, Tulsi Nagar, Khoni Village, Khadipar, Bhiwandi, Thane, Maharashtra	S3-93320985	Foundation	House No. 1528, Tulsi Nagar, Khoni Village, Khadipar, Bhiwandi, Thane, Maharashtra
miss:not_selected	0.32258439466786953	S1-711156576	Jones Retail Inc	CA, 5072 Castle Court, Rancho Cucamonga	S3-763291981	jones retail inc	California, Rancho Cucamonga, <NULL>, 5070 Castle Court
miss:not_in_candidates		S1-842161774	Smart Hospitality Private Limited	G-11, Ganpati Paradise, Central Spine Vidhyadhar Nagar, Jaipur, Rajasthan	S3-498925267	Smart Private Limited Limited Center	Karauli, Jaipur, G-11, Ganpati Paradise, Central Spine Vidhyadhar Nagar, RJ
miss:not_selected	0.5186850726343712	S1-348229916	Ai Care Ltd	507, Sharp Bhawan, Commercial Complex, Azadpur, Delhi	S2-276316796	Ai Care Ltd.	
miss:not_selected	0.6742639110256432	S1-903637319	Wahlberg Commodity Inc	156 Monroe Street, Unit 4, Capon Bridge, WV	S3-646135361	5ynvantage	56 Monroe Street, # 4, Capon Bridge, West Virginia
miss:not_in_candidates		S1-695012557	Apex Engineering	C/O. Pradeep Kumar, Shankar Singh, Dullahpur, Zamania, Ghazipur, Uttar Pradesh	S3-882032787	Apex Engineering LLP	
miss:not_selected	0.264063111940378	S1-495074919	Better Educational Society	Office No - A84, 1St Floor, Office No F5, Block A, Sector 4 Noida, Gautam Buddha Nagar, Gautam Buddha Nagar, Uttar Pradesh, Noida	S3-616487920	Better Educational Society Limited	Gautam Buddha Nagar, Block C-500 Office No - A84, उत्तर प्रदेश, Gautam Bodda Nagar
miss:not_in_candidates		S1-696786825	White Media Private Limited	Room No. D-46, Plot No.449, Sector-4, Vishwashanti Co-Op. Housing Society, Kan, Diwali (W), Mumbai, Mumbai City, Maharashtra	S3-790319149	White Média Private Limited	
miss:not_in_candidates		S1-321362923	Secure Markets LLC	3265 Warren Burton Road, Southington, OH	S3-709300455	Secure Markets Llc	
miss:not_in_candidates		S1-802173264	Laxmi Healthcare Private Limited	Rohtak, H No. 1846/16 Pd-446, Rohtak, Haryana	S3-73063761	लक्ष्मी हेल्थकेयर प्राइवेट लिमिटेड	H No. 1846/16 Pd-446, Rohtak, HR
miss:not_in_candidates		S1-54870987	Lotus Management Private Limited	Jodhpur, Plot No. 227, Rajasthan, Shree Ram, Nagar, Behind Rto Office	S3-75520183	Brixxylo	Plot No. 227, Jodhpur, RJ
miss:not_selected	0.05353007288389026	S1-924796856	Trusted Staffing Advisors	2192 St Francis 241 Road, Colt, AR	S3-787492842	Trusted Staffing Advisors Inc. | www.trustedst.com	161 St Francis 241 Road, Colt, Arkansas
miss:not_selected	0.7359402081495563	S1-602708202	Anand Life Pvt. Ltd.	Shivaji Nagar, Ilfatganj Road Near Railway Crossing, Akbarpur, Ambedkar Nagar, Uttar Pradesh	S3-291909574	Anand Life Pvt.Ltd.	Ambedkar Nagar, उत्तर प्रदेश, Block G-852 Shivaji Nagar, Ilfatganj Road Near Railway Crossing, Akbarpur, Ambedkar Nagar
miss:not_in_candidates		S1-610027145	Vishnu Services Limited	Kathera Road, Uttar Pradesh, Maharajganj Sadar, Maharajganj, 45 Bagapar	S2-261082583	Vishnu Limited Service	
miss:not_in_candidates		S1-47664976	Ram Services	19 Canning St, Kolkata, Calcutta, West Bengal	S3-619482496	রাম সার্ভিসেস	Calcutta, পশ্চিমবঙ্গ, Calcutta, #19 Caning St
miss:not_selected	0.532843366614297	S1-332029305	Kartik Advisories Private Limited	Avadh Complex, Paththar Kothi, Gorakhpur Sadar, Gorakhpur, Uttar Pradesh	S3-723248470	Kartik Advisories Private	365 Avadh Complex, Paththar Kothi, Gorakhpur Sadar, Azamgarh, UP
miss:not_selected	0.10944811856357736	S1-717108992	FW Bay Sony Inc.	175 Zahn Street, Waverly, OH	S3-520414976	FW Bay Inc.-Center	176 Zahn Street, Seal Twp, Ohio
miss:assigned_elsewhere	0.00015816389636986227	S1-313735552	Supreme My Impex	D-266, 2Nd Floor, Ganesh Nagar, Pandav Nagar Complex, Shakar Pur Baramad, Shakarpur, East Delhi, Delhi	S2-932409055	सुप्रीम माय इम्पेक्स	D-266, EAST DELHI, NEW DELHI, Delhi
miss:not_in_candidates		S1-370260587	Desert Council	7056 Cromwell Avenue, Salisbury, MD	S2-615925645	desert council Trading	
miss:not_in_candidates		S1-689471893	E+ Biopharma L.L.C.	25104 Cooper Lane, Accomack County, VA	S2-465676790	Service E+ L.L.C.	0025104 COOPER LANE, ACCOMACK COUNTY, VA
miss:not_in_candidates		S1-953625036	Jay Food Limited	Oak 1101 Shipra Shriti Indrapuram Ahinsa Khand, 1 Indrapuram Ghaziabad, Ghaziabad, Uttar Pradesh	S2-584845300	जय फूड लिमिटेड	BLOCK C-809 OAK 1101 SHIPRA SHRITI INDRAPURAM AHINSA KHAND, 1 INDRAPURAM GHAZIABAD, GHAZIABAD, उत्तर प्रदेश
miss:not_selected	0.4778577448795318	S1-910165051	Wineland & Kennedy	400 Fulton Avenue, Unit Apartment 912, Hempstead, NY	S3-622418099	Wineland &  Kelnoedy	400 Fulton Ave, Unit Apartment 912, Hempstead, New York
miss:not_in_candidates		S1-29767075	TT Links Pvt. Ltd.	No.275/4, Iii Main, Bhuvaneshwari Nagar, Hesaraghatta Road, T.Dasarahalli, Bengaluru, Bangalore, Karnataka	S3-566135316	TT Lnbks Pvt. Ltd.	No 275/4, Bengaluru, KA
miss:not_in_candidates		S1-405495153	Indo Industries Limited	76(53), Venkatachala (Naiken) Street, Royapuram, Royapuram, Chennai, Tamil Nadu	S3-548108409	Ind0 Industries Limited	76(53), Venkatachala (Naiken) Street, Royapuram, Royapuram, Chennai, TN
miss:not_selected	0.5010869386718411	S1-989795438	Kaveri Retails	Shop No. 49, Shiv Chamber, Plot No.21, Sector 11, Cbd Belapur, Thane, Maharashtra	S3-714682393	Kaveri-Center	57, Shiv Chamber, Plot No.21, Sector 11, Cbd Belapur, Thane, MH
miss:not_in_candidates		S1-758172530	Delta Merchants	25 D Sea Breeze Lane, Nahant, MA	S2-903449301	Delta  Center	25 D SEA BREEZE LN, NAHANT, MA
miss:not_in_candidates		S1-793895855	Heritage Unicorp Private Limited	House No.162, Ward No.8 Kosli Road, Kila Coloney, Jhajjar, Hissar, Haryana	S3-531695534	Nylamiracira	House No.162, Hissar, Jhajjar, HR
miss:not_in_candidates		S1-45747424	Ram Technologies Private Limited	Plot-385, Near Kiit Campus Pa, Tia, Ps- Infocity, Khurda, Odisha, Khordha, Orissa	S3-77129643	Ram Private Limited Center	Door No 65 Plot-385, Near Kiit Campus Pa, Tia, Ps- Infocity, Khurda, Odisha, N/A, ଓଡ଼ିଶା
miss:not_in_candidates		S1-358769483	Cascade Farms LLC	12459 Kimberley Lane, Houston, TX	S3-964923812	Cascade LLC Service Enterprises	
miss:not_in_candidates		S1-526936762	Loa LLC	732 Megan Court, Westmont, IL	S3-669153727	Loa LLC Enterprises	
miss:not_in_candidates		S1-954862556	My Infrastructure Private Limited	Wework Seawoods Grand Central, 10Th Floor, Tower 1, Sector 40, Seawoods Railway Station, Thane, Maharashtra	S2-143338393	माय इंफ्रास्ट्रक्चर प्राइवेट लिमिटेड	WEWORK SEAWOODS GRAND CENTRAL, THANE, Maharashtra
miss:not_selected	0.14831054783490177	S1-53091670	Bhavnagar Estate Co	Plot No. 20/B, Tilaknagar, Saibaba Society, Bhavnagar, Gujarat	S3-815842183	Co Bhavnagar Estate	Plot No. 2-0/B, Bhavnagar, ગુજરાત
miss:not_in_candidates		S1-410034578	Pioneer Intelligence Company	12168 Mt Vernon Avenue, Unit UNIT 83, Grand Terrace, CA	S3-532522107	Pioneer Company Services	Grand Terrace, California, 12168 Mt Vernon Ave, # UNIT 83
miss:not_selected	0.21672910286447664	S1-496219998	Behavioral Health Bright Care Associates	2305 Watkins School Road, Sebree, KY	S2-112993630	BEHAVIORAL HEALTH BRIGHT CARE ASSOCIATES INC.	2306 WATKINS SCHOOL RD, SEBREE, KY
miss:assigned_elsewhere	0.004788586064056009	S1-296088305	Sunrise Shivam Technologies	C-4, 601 Valley Towers Chs, Agarwal Estate Gladys Alwares Road, Near Edenwoods, Thane, Maharashtra	S3-455040386	Sunrise Shívam Services	C-4., Thane, MH
miss:not_selected	0.6992139116370724	S1-357671367	South Anchor Machine Works LLC	793 350, Roosevelt, UT	S2-433617328	The South Anchor Machine Works [LLC]	
miss:not_selected	0.34091668987215673	S1-416270574	Everest LLC	MD, 523 Valley View Road, Loch Raven	S3-150083086	everest.com	601 Vlaley View Rd, Towson, Maryland
miss:not_selected	0.37123342507968726	S1-846468643	B Q & N Diana	116 Simon Court, Houma, LA	S3-225640896	b q & n diana	Houma, Louisiana, 117 Simon Court
miss:assigned_elsewhere	0.5983231141604701	S1-1591162	Delhi City Pvt Ltd	Unit No-306 Plot No-8 Sachdeva Tower Sector-8 Rohini, Delhi, North West, Delhi	S2-206651910	Delhi City Ltd Pvt	
miss:not_selected	0.7266258178422451	S1-279068588	Anshika Trading Private Limited	Bangalore, Karnataka, Bangalore South, No. 156, Top Floor, 17Th Main, 11Th Cross, Sector - Iv	S2-557112973	LIMITED ANSHlKA PRIVATE SERVICES	NO. 156, TOP FLOOR, 17TH MAIN, 11TH CROSS, SECTOR - IV, BANGALORE SOUTH, BANGALORE, ಕರ್ನಾಟಕ
miss:not_in_candidates		S1-895537843	Green International LLP	109C, Block 28, Lig, Sector- 99, G.B Nagar, Noida, Gautam Buddha Nagar, Uttar Pradesh	S3-143634531	Green LLP  Services	109C, Noida, Gautam Buddha Nagar, UP
miss:not_in_candidates		S1-806421689	Lee Companies Group	300 Michigan Street, Evansville, IN	S3-857119438	Lee Services Group	300 Michigan St, Evansville, Indiana
miss:not_in_candidates		S1-864203046	RV Projects Limited	Uttar Pradesh, Nai Basti, Ganpat Khaki M.L.P.H, 343, Jhansi	S2-603640240	RV Limited  Service	34, NAI BASTI, GANPAT KHAKI M.L.P.H, JHANSI, Uttar Pradesh
miss:not_in_candidates		S1-682318761	Shakti Software Private Limited	C/O- Kalanand Yadav, House No. 568 Uchahi Nagar, Ward No. 05, Bangoan Road, Saharsa, Bihar	S3-630013676	Mr Shakti Private Limited Services	C/o- Kalanand Yadav, Saharsa, BR
miss:not_selected	0.5334903112435467	S1-495377011	Gonzalez Braves L.L.C.	24446 Schivener House Lane, Katy, TX	S3-378245937	Gonzalez 8raves L.L.C.	
miss:not_in_candidates		S1-312630985	Creative It Private Limited	95, Park Street, Kolkata, Howrah, West Bengal	S3-284977943	Creative Private Limited Services	Howrah, Door No 952 95, WB, Park Street, Kolkata
miss:not_in_candidates		S1-626045204	Aum Foundation	House No-48, Shanti Nagar, Nasriganj, Digha, Dinapur-Cum-Khagaul, Patna, Bihar	S3-59408045	Aum  Foundation	
miss:not_selected	0.2520365953730318	S1-134154531	CWJ Homes LLC	AL, 5044 Coley Creek Road, Alexander City	S3-401242545	[LLC] CWJ H0mes	5043 Coley Creek Road, Alexander City, Alabama
miss:not_in_candidates		S1-239923630	Dermatology Medicine LLC	507 Penwood Rd, Louisville, KY	S3-490312788	Dermatology Medicine L.L.C. Enterprises	
miss:not_in_candidates		S1-56569343	Strategic Sunrise Corp	1115 Gitano, AZ, Sierra Vista	S3-747846941	Strategic Corp-Services	Sierra Vista, 1115. Gitano, Arizona
miss:not_selected	0.3691535434944362	S1-823325586	Kim, Sanchez & Kirkbride Yhn	8021 Stoneham Court, Charlotte, NC	S3-109666010	Kim, 5anchez &-Kirkbride Yhn	8023 Stoneham Court, Charlotte, North Carolina
miss:not_selected	0.11941048094815847	S1-401530630	Bivens's Productions Inc	3408 Indian Lake Dr, Louisville, KY	S3-774139697	Bivens's Inc Center	3406 Indian Lake Dr, Louisville, Kentucky
miss:not_in_candidates		S1-244740419	Hays, Hernandez and Hayford Parts	12 Melrose Terrace, Unit 14, Wakefield, MA	S2-573000837	Hays, Hernandez and Hayford Parts LP	
miss:not_in_candidates		S1-460757079	Devcon Designs Private Limited	No 1780, 4Th Floor, 4Th Main, Bda 2Nd Block J P Nagar 8Th Phase Bangalore, Bangalore South, Bangalore Rural, Karnataka	S3-228224149	DD	No 1780, 4Th Floor, 4Th Main, Bda 2Nd Block J P Nagar 8Th Phase Bangalore, Bangalore South, Bangalore Rural, Karnataka
miss:not_selected	0.016418925620335072	S1-209093159	Internal Medicine Physicians of Catonsville Corp	1518 Rawlings Well Road, Catonsville, MD	S3-580090468	Internal Medicine Physicians Of Catonsville Corp	Maryland, Catonsville, 1511 Rawlings Well Road
miss:not_in_candidates		S1-705641342	Maa Power LLP	Gaur World Smart Street, Afof87 4Th Floor Sec 16B, Gautam Buddha Nagar, Uttar Pradesh, Gautam Buddha Nagar	S2-475606812	Maa LLP Partners	AFOF87 4TH FLOOR SEC 16B, GAUR WORLD SMART STREET, GAUTAM BUDDHA NAGAR, उत्तर प्रदेश
miss:not_selected	0.5343267764472898	S1-856480098	Woods Development LLC	2113 Colfax Avenue, Minneapolis, MN	S2-473814974	Woods Development LLC	
miss:not_selected	0.7269395599474123	S1-875022175	Therm Couriers Limited	45B, Orphangunge Market Kidderpore, Kolkata, Kolkata, Howrah, West Bengal	S2-897071389	Therm Coulierhs Limited	4-45B, ORPHANGUNGE MARKET KIDDERPORE, KOLKATA, KOLKATA, পশ্চিমবঙ্গ
miss:not_in_candidates		S1-400890531	Sree Consultants Limited	Shop No 4, Puspak Bus Stand Fl-12/3, Burhanpur, Burhanpur, East Nimar, Madhya Pradesh	S2-768143644	श्री कंसल्टेंट्स लिमिटेड	NO 4, PUSPAK BUS STAND FL-12/3, BURHANPUR, BURHANPUR, EAST NIMAR, मध्य प्रदेश
miss:not_in_candidates		S1-889398227	Red Tech Industries Limited	1331/330-A, W-2, Basant Vihar, Naubasta, Kasigaon, Kanpur Nagar, Uttar Pradesh	S2-209629521	ritech.com	1331/330-A, KANPUR NAGAR, KASIGAON, Uttar Pradesh
miss:not_in_candidates		S1-141283748	Lakshmi Systems Private Limited	E-42 Masjid Mothgreater Kailash Iii, New Delhi, South Delhi, Delhi	S2-79766187	लक्ष्मी सिस्टम्स प्राइवेट लिमिटेड	BLOCK E-34 E-42 MASJID MOTHGREATER KAILASH III, SOUTH DELHI, दिल्ली
miss:not_selected	0.6272254394662728	S1-122010229	Kruger Traders Limited	Subhas Nagar, Kotwali P.O.- Midnapur, Midnapur, Midnapore, West Bengal	S3-371142904	Kruger Traders	Door No 525 Subhas Nagar, Kotwali P.o.- Midnapur, Midnapore, WB
miss:not_selected	0.7652476012953514	S1-664571582	Finance Sona Trademart Limited	Sr Educational Trust, Bhaisa Mau Bkt, Bakshi Ka Talab, Lucknow, Uttar Pradesh	S2-628083447	FINANCE SONA-TRADEMART LTD	BLOCK G-686 SR EDUCATIONAL TRUST, BHAISA MAU BKT, BAKSHI KA TALAB, Uttar Pradesh
miss:not_in_candidates		S1-879124305	Garcia, Keller & Cerino	134 Hambrick Road, Houston, TX	S2-404816899	Garcia, Keller	
miss:not_in_candidates		S1-618186940	Premier Engineering Private Limited	101, 1St Flr, Dol Bin Shir, Janmabhoomi Marg, Fort, Mumbai, Maharashtra	S2-539272328	प्रीमियर इंजीनियरिंग प्राइवेट लिमिटेड	101, MUMBAI, Maharashtra
miss:not_in_candidates		S1-634100728	White Muniholdings LLC	2836 Bridge Road, Village Of Suamico, WI	S2-689115733	White LLC Service	VILLAGE OF SUAMICO, 2836 BRIDGE ROAD, WI
