kind	p	s1	s1_name	s1_addr	q	q_name	q_addr
false_merge	0.8324062010632972	S1-861112224	Alleen Johnson Token LLC	191 Knox Gallupville Road, Knox, NY	S2-SYN2599892	Alleen Johnson Token LLC	349 KNOX GALLUPVILLE ROAD, BERNE, NY
false_merge	0.6691865556908865	S1-598885072	Ledbetter Strategic Btc LLC	102 Horizon Drive, Lansing, NY	S3-SYN1476461	Ledbetter Btc Strategic LLC	106 Horizon Drive, Ithacca, New York
false_merge	0.7358455593626333	S1-809972116	DT Dev Private Limited	L-5, Jawahar Nagar A-Iii, Kota, Rajasthan	S3-737091627	DNT Dev Private Límited	L-5, Kota, null, राजस्थान
false_merge	0.8337431688256431	S1-256457019	Otto Software Inc	Duxbury, 28 Josselyn Avenue, MA	S3-356479219	Rich Software Inc (ID: 38627)	028 Josselyn Ave, Duxbury, Massachusetts
false_merge	0.8381745409710227	S1-965640637	Tana Goings, MD	2190 Dawn Drive, Hermiston, OR	S3-SYN1584550	Tana Gngs, MD	PO Box 8690, Hermiston, 2190 Dawn Dr, Oregon
false_merge	0.956342403655442	S1-375702646	Gupta Mobility Private Limited	No.551/1, Angel Complex, Annamalai Nagar, Dharga, Sipcot Post, Hosur, Krishnagiri, Dharmapuri, Tamil Nadu	S3-SYN2393567	Gupta Mobility	No.b1/551/1, Angel Complex, Annamalai Nagar, Dharga, Sipcot Post, Hosur, Krishnagiri, TN
false_merge	0.7054870974010233	S1-620169906	Prime Industries Private Limited	Delhi, North Delhi, 391/B-8Paryatan Vihar Vasundhara Enclave	S3-SYN2301274	प्राइम इंडस्ट्रीज प्राइवेट लिमिटेड	H.no 29-391/B-8Paryatan Vihar Vasundhara Enclave, Delhi, North Delhi, DL
false_merge	0.7613695483995552	S1-650990351	Rossman, Rosetta, CPA	500 Chris Kelley Boulevard, Unit 5307, Hutto, TX	S2-380200574	Rossman, Rosetta, CGPA Corporation	500  CHRIS KELLEY BOULEVARD, N/A, HTTO, TX
false_merge	0.912954331406175	S1-18353490	Golden Star Energy Pvt Ltd	Oxford, Argori More, Andul Road, Village Mirzapur P.O.Mashila, Behind Suzuki Showroom, Howrah, West Bengal	S3-SYN2140387	golden star energy pvt ltd	পশ্চিমবঙ্গ, Howrah, Hn 782 Oxford, Howrah
false_merge	0.9320636246376235	S1-340099220	Star Shivam Food Private Limited	New P No 75, Apple Avenue Colony, Injapur, Telangana, Rangareddy, Hyderabad, Old P No 70	S3-SYN2371871	స్టార్ శివం ఫుడ్ ప్రైవేట్ లిమిటెడ్	Door No 916 Old P No 70, New P No 75, Apple Avenue Colony, Injapur, Rangareddy, <NULL>, TG
false_merge	0.9834996200479731	S1-620005999	Mamta Constructions	1St Floor, No-63, South Purbachal Road Haltu Ramlal Bazar, P.O.Haltu, P.S.Garfa, Kolkata, Kolkata, Howrah, West Bengal	S3-SYN1491144	Mamta Constructions Corporation	Kolkata, 1St Floor, WB, Howrah
false_merge	0.6671243105839457	S1-380436931	Bnm Management Limited	Plot No. C-2 Kssidc Industrial Estate, Behind Plake Maremma Temple, Near Apmc, Bangalo, Re Road, Ballari, Bellary, Karnataka	S2-SYN1407155	Bnm Management-Limited	BLOCK A-911 PLOT NO. C-2 KSSIDC INDUSTRIAL ESTATE, BEHIND PLAKE MAREMMA TEMPLE, NEAR APMC, BANGALO, RE ROAD, BALLARI, ಕರ್ನಾಟಕ
false_merge	0.7871592217240295	S1-756448137	Zephyx Skin Care LLC	1184 Colt Creek Court, Alvin, TX	S2-321429498	Zophyx Skin LLC Partners	1184 CLOT CREEK CT, ALVIN, TX
false_merge	0.9731870127534549	S1-534865098	Mohini Biopharma Ltd	1St Floor Mangel Wadi Juhu Tara Road Santacruz West, Mumbai, Mumbai City, Maharashtra	S3-SYN2117147	Solquo DBA Mohini Biopharma Ltd	1St Floor Mangel Wadi Juhu Tara Road Santacruz West, Mumbai, Mumbai City, Maharashtra
false_merge	0.939959020932359	S1-106832820	Cathyleen's Iron Works Inc.	16 Moody Way, Turner, ME	S3-699011584	Cathyleen's  Works Inc Services	18 Moody Way, Turner CITY, Maine
false_merge	0.854774446411668	S1-62471940	Cedar LLC	7366 Redwood Road, Bldg CLUBHOUSE, West Jordan City, UT	S3-408421621	Synpyra	7366 Redwood Rd, WEST Joordan, Utah
false_merge	0.7713401325225316	S1-53365099	Digital Builders Private Limited	11-13-36/3, Road No - 5 Alkapuri, Hyderabad, Telangana	S2-SYN2139884	డిజిటల్ బిల్డర్స్ ప్రైవేట్ లిమిటెడ్	Telangana, NO 444 11-13-36/3, HYDERABAD, ROAD NO - 5 ALKAPURI
false_merge	0.9680274418938417	S1-953684734	Banthia & Co	Shop No. 1, Kalpesh Darji, Galiyakot Road, Chitri, Dungarpur, Rajasthan	S2-SYN469458	Banthia & Co L.L.P.	SHOP NO. G-1 , KALPESH DARJI, GALIYAKOT ROAD, CHITRI, DUNGARPUR, Rajasthan
false_merge	0.6956356537246913	S1-785608916	Rover Group	223, Reliable Lake Residency Harlur Main Road, Bellandur, Bangalore, Karnataka	S2-422787328	Rover [Group]	
false_merge	0.9994247087595924	S1-356593186	Meeniya Construction Private Limited	C/O Deshraj, Daryapur, Band, Darapur Sambhal, Sambhal, Moradabad, Uttar Pradesh	S3-386923536	Meenniya Construction Private Límited	C/o Deshraj, Moradabad, Sambhal, UP
false_merge	0.8970745837185354	S1-147623828	Blue Technologies Pvt. Ltd.	B3A/15Ajanak Puri, New Delhi, West Delhi, Delhi	S2-SYN1745084	blue technologies pvt. ltd.	B15A/15AJANAK PURI, NEW DELHI, Delhi
false_merge	0.755398866487067	S1-63437305	Internal Medicine Premier Clinic LLC	9022 Casals Street, Unit APT X, Sacramento, CA	S3-SYN1377098	Internal Medicine Premier Clinic-LLC	13 Casals Street, # APT X, Rosemont, California
false_merge	0.9884593566443141	S1-861749814	Shree International Private Limited	Karnataka, Bangalore - 8., Bangalore, 169/B, I Floor, 13Th Main, Hal Ii Stage, Indiranagar	S3-776574603	Shree Limited International	No.8, Bangalore North, Bangalore, ಕರ್ನಾಟಕ
false_merge	0.9830323409974285	S1-37354524	Cimino Holdings	210 Trey Lane, Ripley, TN	S2-SYN228164	Cimino Holdings Co	##210 TREY LANE, <NULL>, RIPLEY, TN
false_merge	0.9132827671742451	S1-106835946	Kestus Merchants LLC	6 Los Altos, Los Lunas, NM	S2-175225334	(LLC) Cestus Merchants	6-8 LOS ALTOS, <NULL>, LOS LUNAS, NM
false_merge	0.8790844680593921	S1-673281872	Om Consulting Pvt Ltd	Deccan Gymkhana Shivaji Nagar Pune, Maharashtra, Shop No. 4B, Plot No A Cts No. 885/1 F. P. No. 241/1, Bhandarkar Instit, Ute Road, Millennium Towers, Pune	S3-65321903	Iriavi Sys	Maharashtra, Deccan Gymkhana Shivaji Nagar Pune, Pune, Shop No. 4B, Plot No A Cts No. 885/1 F. P. No. 241/1, Bhandarkar Instit, Ute Road, Millennium Towers
false_merge	0.9804490605960923	S1-982638513	Brace Vision Center	Vpo Kherka, Gujjar, Dulhera, Jhajjar, Haryana	S3-SYN2107381	Brace Vision Cegnter	B1/664 Vpo Kherka, Gujjar, Dulhera, Jhajjar, HR
false_merge	0.6728990448874337	S1-303915074	Real Infotech Private Limited	Shop No 243, Second Floor, Silver Business Hub, Choryasi, Surat, Gujarat	S3-SYN1427763	રિયલ ઇન્ફોટેક પ્રાઇવેટ લિમિટેડ	Shop No 255, Second Floor, Silver Business Hub, Choryasi, Kumbharia, GJ
false_merge	0.9373909623077441	S1-795387701	Jain Developers	1210 And 1211, Binori B Square 2, Opposite Hathising Ni Vadi, Ambli Iscon Road, Ahmedabad, Daskroi, Ahmedabad, Gujarat	S3-244809614	LLP Jain Developers	H.no And 1211, Ahmedabad, GJ
false_merge	0.8038754319271408	S1-65412029	Taravi Infracon Private Limited	1043, Indiranagaree At & Post. Padamla, Vadodara, Gujarat	S3-577817653	Taravy Infrac0n	1043, Vadodara, GJ
false_merge	0.8734456207436827	S1-26737818	Hesse Copper Partners	8144 Unity Church Road, NC, Denver	S3-SYN1925645	Hesse Copper	133 Unity Church Rd, Denver, North Carolina
false_merge	0.9652680740115387	S1-944452713	Crawford Vanguard Cable LP	254 Haymond Highway, Unit APT 2, Clarksburg, WV	S2-SYN411982	Crawford Vánguard Cable LLC	254 HAYMOND HWY, CLARKSBURG, WV
false_merge	0.9801809147568032	S1-875943906	Next Developers Private Limited	H. No.121, A B Scheme No.54, Vijay Nagar, Indore, Madhya Pradesh	S3-849112211	Evonex	121 A B, Scheme No. 54, Indore, Madhya Pradesh
false_merge	0.6852671975412041	S1-127398387	Hawkins Minerals LLC	4806 Marietta Lane, Houston, TX	S2-762481615	HAWKINS MÍNERALS LLC	
false_merge	0.9130442082449042	S1-578791223	NYG Stories Private Limited	3-1-5, Laxmiram Residency Apartments, Flat- 503 Sri Laxminagar Colony, Attapur, Hyderabad, Telangana	S2-SYN1420519	NYG Stories Private	1-5, LAXMIRAM RESIDENCY APARTMENTS, FLAT- 503 SRI LACMINAGAR COLONY, ATTAPUR, HYDERABAD, Andhra Pradesh
false_merge	0.9654510939463673	S1-379746763	Suryaendra Steel Private Limited	First Floor, Raj Mahal, 33, Altamount Road, Mumbai, Maharashtra	S3-996799947	Suryaendique Steel Private Limited	Raj Mahal, 33, Altamount Road, MH, No 93 First Floor, Mumbai
false_merge	0.6904854117517215	S1-35232433	Pioneer It Limited	No 506, Mkn Road, Alandur, Chennai, Tamil Nadu	S3-SYN1691192	Dr Pioneer It It Límited	No 1-06, Mkn Road, Alandur, Madras, Chennai, தமிழ்நாடு
false_merge	0.9447812438758026	S1-610505202	International Impex Limited	708, 709, 710, B Wing, 7Th Floor, Bsel Tech Park, 30A, Vashi, Thane, Maharashtra	S3-SYN1671241	INTERNATIONAL IMPEX LIMITED LIMITED	Door No 62 708, 709, 710, B Wing, 7Th Floor, Bsel Tech Park, 30A, Vashi, Thane, MH
false_merge	0.8645140599936856	S1-779446481	Mclaurin, Lacee, D.D.S.	1354 Price Drive, Morristown, TN	S2-SYN2091473	Mclaurin,Lacee, D.D.S.	1315 PRICE DRIVE, MORRISTOWN, TN
false_merge	0.846953423910816	S1-880253994	Sterling Newbury P.C.	72-19 Rockaway Beach Boulevard, Arverne, NY	S2-SYN1761883	Sterling Nebury P.C.	1-19 ROCKAWAY BEACH BOULEVARD, ARVERNE, NY
false_merge	0.6999125433268178	S1-675051241	Padmini & Sons Private Limited	F-14/4, Model Town -Ii, Delhi	S2-78340653	Padmini &  5ons Limited	F-14/7, MODEL TOWN -II, Delhi
false_merge	0.6886366340778789	S1-654182589	Bette Amison Summit Copley Inc	111 Main Street, Minerva, OH	S2-815876614	Zetariza	MAIN ST, MINERVA, OH
false_merge	0.9936143422424643	S1-773145550	Interfaith Federation	117 Belleville Road, Unit 1, New Bedford, MA	S3-SYN2279215	INTERFAITH FEDERATION	Unit 1, 117 Belleville Road, Massachusetts, NEWB Edford CITY
false_merge	0.8566491172576988	S1-130182352	Village Of	360 Millward Street, Unit #26, Jackson, WY	S2-SYN1462210	village of	41 MILLWARD ST, JACKSON, WY
false_merge	0.7528344674505552	S1-295992144	Kolkata Sahib Private Limited	40Strand Road, Kolkata, Calcutta, West Bengal	S3-SYN1822706	Kolkata Sahib Private Limited	Door No 1Strand Road, NULL, Kolkata, পশ্চিমবঙ্গ
false_merge	0.7207594248615192	S1-160214775	Gurgaon Atlas Private Limited	66/9 Bhim Nagar, Gurgaon, Haryana	S2-SYN1442687	PVE GURGAON ATLAS LIMITED	19-66/9 BHIM NAGAR, Haryana, GURGAON, GURGOAN
false_merge	0.997442571760341	S1-525235138	Digital Business Private Limited	402, Shree Apartment 51 E/C Saket Nagar, Indore, Madhya Pradesh	S2-SYN1394115	Digital Business Private	B13/402, SHREE APARTMENT 51 E/C SAKET NAGAR, INDORE, मध्य प्रदेश
false_merge	0.8716500121857513	S1-948038588	Fabulous Wealth Private Limited	Noorajahanbee W/O Afzalsa, Qureshi H. No 19-6 Murad, Humnabad, Bidar, Karnataka	S2-SYN841252	Fabulous Wealth Limited	NO 17 NOORAJAHANBEE W/O AFZALSA, QURESHI H. NO 19-6 MURAD, HUMNABAD, Karnataka
false_merge	0.698835666302072	S1-769635275	Innovative Dynamic Consultants Private Limited	803, Jayantariksh, Off Andheri Kurla Road, Marol Station, Andheri (East), Mumbai, Mumbai City, Maharashtra	S2-6654259	इनोवेटिव डायनामिक कंसल्टेंट्स लिमिटेड	805, JAYANTARIKSH, OFF ANDHERI KURLA ROAD, MAROL STATION, ANDHERI (EAST), MUMBAI, MUMBAI CITY, Maharashtra
false_merge	0.9767938518800664	S1-778800863	Cedar Doubleline	6258 Sawback Lane, Salisbury, MD	S3-SYN488135	Cedar Doubleline L.L.C.	6258 Sawback Lane, Salisbury CITY, Maryland
false_merge	0.7765195317885472	S1-905745075	Utkarsha Brothers Private Limited	Pranil Society, Plot No.1 Waghapur Road, Yavatmal, Maharashtra	S3-SYN1816493	Utkarsha Brothers	Plot 905 Pranil Society, Plot No.1 Waghapur Road, Yavatmal, MH
false_merge	0.9936113931210367	S1-562562086	Kestic Realty Group	5312 White River Street, Greenwood, IN	S2-360354831	Realty Cestic Group	5312 WHITE RIVER STREET, GREENWOOD, IN
false_merge	0.7421961499735101	S1-126174495	General Products Private Limited	C/O Zameel Ahmed, Ganesh, Ganj, Puranpur, Pooranpur, Pilibhit, Uttar Pradesh	S3-838243113	General Products Limited	No 77 C/o Zameel Ahmed, Ganesh, Ganj, Puranpur, Pooranpur, Pilibhit, उत्तर प्रदेश
false_merge	0.7079673769118293	S1-574254608	Anand It LLP	Chowbhaga, Majhipara, Dhapa, South 24 Parganas, West Bengal	S3-286101346	Anand It  Limited	#60 Chowbhaag, Majhipara, South 24 Parganas, Kolkata, পশ্চিমবঙ্গ
false_merge	0.869572075055713	S1-454992034	Bharat Blue Media Private Limited	1, Floor G, Plot 3, Bapu Smruti, Babulnath Road, Near Babulnath Temple, Grant Road, Mumbai, Mumbai City, Maharashtra	S2-SYN2543637	भारत ब्लू मीडिया प्राइवेट लिमिटेड	BOMBAY, FLOOR G, PLOT 1, BAPU SMRUTI, BABULNATH ROAD, NEAR BABULNATH TEMPLE, GRANT ROAD, MUMBAI CITY, Maharashtra, 5-1
false_merge	0.7159400423744882	S1-153700306	Bhagirathi Polytechnic	No.5, Kmr Street, Venakaesa Colony, Pollachi, Coimbatore, Tamil Nadu	S3-967126365	Bhagirathi Polyechnic	
false_merge	0.9664415208354435	S1-38625985	New Ashok Nagar Impex Pvt Ltd	A 101, New Ashok Nagar, New Delhi, Delhi	S3-386050791	Nexnex	A-101 New Ashok Nagar, Delhi, North Delhi, Delhi
false_merge	0.9433527669562808	S1-995861912	Swastik Construction Limited	S No 224 Plot 109, Dighi Road Gangotri Park, Pune City, Pune, Maharashtra	S3-SYN2370035	Swastik Construction Limited	Block B-674 S No 224 Plot 109, Pune City, Pune, MH
false_merge	0.6693898420524683	S1-812652308	My Builders	West Bengal, Lower Rowdon Street, Mani Mansions, Kolkata, 9/1, Howrah, Kolkata	S3-SYN1893000	মাই বিল্ডার্স	#1/1, Howrah, Kolkata, পশ্চিমবঙ্গ
false_merge	0.9871336582837508	S1-285626212	Vanguard Infrastructure Enterprises LLC	6620 Patterson Halpin Road, Sidney, OH	S3-573857185	Vanguard Infrastructure LLC Enterprises	
false_merge	0.7650691964958942	S1-686938310	Pediatric Dentistry Heritage Physicians LLC	1921 36 Street, Brooklyn, NY	S3-SYN2033117	Pediatric Dentistry Physicians Heritage LLC	935 36 St, Brooklyn, New York
false_merge	0.7001649812940441	S1-826795379	Brightos Security LLC	Unit G3, 150 800, Salt Lake City, UT	S2-197225272	Brightoz Security LLC	150 800, SALT LAKE CITY, UT
false_merge	0.7298664839319077	S1-164356905	Dm & Associates	Vijayawada (Urban), Andhra Pradesh, Krishna, Geetha Apartments, Flat No. 5C, Auto Nagar, D.No 59A-21/6-7/1	S2-456081760	Shri Dm & Associates Limited	D.NO 59A-21/6-7/3, GEETHA APARTMENTS, FLAT NO. 5C, AUTO NAGAR, VIJAYAWADA (URBAN), Andhra Pradesh
false_merge	0.8992999856711308	S1-287657105	Ivenyx Electric	Albuquerque, 2004 Maywood Drive, NM	S3-693293511	Ivonyx Ectifgc	02004 Maywood Dr, Albuquerque, New Mexico
false_merge	0.957900738681272	S1-930792781	Kaverraj Foods Limited	4-B-33 First Floor, Tilak Nagar, New Delhi, West Delhi, Delhi	S2-511352904	Limited Caverraj Foods	4-B-4 FIRST FLOOR, NEW DELHI, WEST DELHI, Delhi
false_merge	0.9589002769839582	S1-942767518	Rubin Adr	9617 Roosevelt Way, Seattle, WA	S2-SYN330003	RUBIN ADR LTD	SEATTLE, WA, 9617 ROOSEVELT WAY
false_merge	0.9987353786593969	S1-383735055	Harvey, Madelon, P.A.	642 Park Drive, Edinburgh, IN	S2-26379648	Harvey, Madelon, P.A. Corp	642 PARK DR, EDINBURGH, IN
false_merge	0.9725728943591248	S1-945522124	Seguro Producer Center	3 A, Loudon Street, Kolkata, Howrah, West Bengal	S2-SYN1664003	Seguro Producer Cénter Corp	West Bengal, NO 1 A, LOUDON STREET, KOLKATA
false_merge	0.6885236713791291	S1-68328101	FJ Sports Pvt Ltd	P.No.C3-15, Block-C, Park, Land, Bptp Greater, Sec-85, Faridabad, Haryana	S2-SYN1810865	FJ Sports Pvt Ltd	Haryana, P.NO.C5-15, BLOCK-C, PARK, LAND, BPTP GREATER, SEC-85, FARIDABAD
false_merge	0.9551279639013263	S1-217677584	Route Law Chambers Private Limited	J-1/79, Dda Flats, Block-J Kalkaji, New Delhi, South Delhi, Delhi	S2-SYN1924471	Shri Route Law-Chambers Private [Limited]	J-1/79, DDA FLATS, BLOCK-J KALKAJI, NEW DELHI, Delhi
false_merge	0.7299101113053925	S1-968846021	Galaxy Institute	Plot No.48, Sy 310, Jivika At Rajeshwara, Hyderabad, Hyd, Telangana, Villa No.48	S3-SYN1734384	Galaxy Institute	Villa No.1-48, Hyderabad, TG
false_merge	0.688552642938166	S1-779595294	Lee Prime Ventures Corp	Wrentham, Unit 2, 897 East Street, MA	S3-SYN2171212	LEE Prime Ventures CORP	905 East Street, Wrentham, Massachusetts
false_merge	0.6606020113779474	S1-833615073	WE Commodities Limited	121, Acharya Commercial & Shopping Centre, Nr Basant Cinema, Dr C G Road, Chembur, Mumbai, Mumbai City, Maharashtra	S2-11637733	WWE Commodities Limited	122, ACHARYA COMMERCIAL & SHOPPING CENTRE, NR BASANT CINEMA, DR C G ROAD, CHEMBUR, MUMBAI, महाराष्ट्र
false_merge	0.9485246919892557	S1-264239270	Vision Clinic of Halethorpe Associates	928 Imperial Court, Halethorpe, MD	S2-230073962	Vision Clinic of Halethorpe Associates Inc	929 IMPERIAL CT, HALLETHORPE CITY, MD
false_merge	0.673485136049749	S1-339878557	Amantran Geosolutions Ltd	Andhra Pradesh, Kadapa Kadapa, 41/1148-2, Cuddapah, Sankarapuram	S2-SYN2027954	AMANTRAN GEOSOLUTIONS LTD	DOOR NO D/363 41/1148-2, SANKARAPURAM, KADAPA KADAPA, Andhra Pradesh
false_merge	0.9635995400960741	S1-515466493	Jarlify Copper Inc	1726 Fogelson Drive, Indianapolis, IN	S2-66348239	Jarlifyyn  Copper Inc	1726 FOGELSON DR, INDIANAPOLIS, IN
false_merge	0.8341235277988015	S1-417319909	Solic Capital	2199 160th Street, Fort Dodge, IA	S3-40596988	The Solik  Capital	2199 160nd Street, Fort Dodge, Iowa
false_merge	0.6551565898601538	S1-646974807	VNJ Interprivate Inc	414 Third Street, Fl 0, Annapolis, MD	S3-12152022	VNF Interprivate  Inc	818 Third St, Fl. 0, Annapolis, Maryland
false_merge	0.7556974235892511	S1-254571584	Pune Mill Private Limited	C, Asawari, H.No 1607, Nanded City Sinhagad Road, Nanded Village, Pune, Maharashtra	S2-SYN181313	Pune Mill Limited	56 C, ASAWARI, H.NO 1607, NANDED CITY SINHAGAD ROAD, NANDED VILLAGE, PUNE, Maharashtra
false_merge	0.99695306770677	S1-601336077	Peacock Services Private Limited	252/K/1-A 3E Ward Suyog Bhavan Suyog Bhavan Bavada Road, Kolhapur, Maharashtra	S2-273479373	Peacock Private Limited Services	
false_merge	0.996591443789362	S1-724507257	Mumbai Marketing Private Limited	Floor-2, Mody Chambers, S M Haldankar Road, French Bridge Girgaon, 201, Mumbai, Mumbai City, Maharashtra	S3-915805660	Mumbai Marketing	201, Mumbai, Mumbai City, महाराष्ट्र
false_merge	0.9471852682510963	S1-112634781	Pune Dealtrade	C/O Dilip Chowgule Off-405 Amar Neptune Baner Sn-6/1/1 Bh-Food Baza, Pune, Maharashtra	S3-SYN2527889	Pune Dealtrade	No #1 C/o Dilip Chowgule Off-405 Amar Neptune Baner Sn-6/1/1 Bh-food Baza, Pune, महाराष्ट्र
false_merge	0.9635793659097045	S1-796704131	Animal Welfare Guild VI LLC	243 Wilbur Road, Unit 224, Thousand Oaks, CA	S3-152831762	Animal Welfare Guild WVI LLC	243 Wilbur Rd, # 224, City Of Thousand Oaks, California
false_merge	0.6712995273871618	S1-182177266	Square (India) Apparel Private Limited	108, Anant Vihar Colony Iim Road, Near Mubarakpur, Lucknow, Uttar Pradesh	S3-149068350	square (india) apparel private limited	
false_merge	0.9985265713287663	S1-849773415	Dawna Harvin Great Muniyield Inc.	25 Coffee Street, Medway, MA	S3-SYN1321443	Dovadelta Eastgate aka Dawna Harvin Great Muniyield Inc.	25 Coffee Street, Medway, MA
false_merge	0.9928027716495827	S1-995861912	Swastik Construction Limited	S No 224 Plot 109, Dighi Road Gangotri Park, Pune City, Pune, Maharashtra	S2-SYN1799357	स्वस्तिक कंस्ट्रक्शन लिमिटेड	H.NO B11/447 S NO 224 PLOT 109, DIGHI ROAD GANGOTRI PARK, PUNE CITY, PUNE, Maharashtra
false_merge	0.7597293968353647	S1-366740250	Shas Solutions (India) Pvt Ltd	A 219 Rajiv Gali Gali O-2 Mandawali Fazalpur, Delhi, East Delhi, Delhi	S3-SYN1865127	Shas Solutions (Ifdde) Pvt Ltd	A B1/219 Rajiv Gali Gali O-2 Mandawali Fazalpur, Delhi, Mandawali Fazalpur, DL
false_merge	0.9006469737239794	S1-641298785	Waters Network PC	6400 Old Oak Ridge Road, Unit D5, Greensboro, NC	S2-324815546	LLC Waters Network	405 Old Oak Ridge Rd, GREENSBORO, NC
false_merge	0.7161439814592175	S1-604792531	United Foundation	2793 Bridgestone Circle, Kokomo, IN	S2-SYN490632	United  F0undation Partners	IN, KOKOMO, 2793 Bridgestone Circle
false_merge	0.6920711641848385	S1-833554532	Kanpur Institute of Technology Pvt Ltd	C-704, Falcon Castle Chs, Senapati Bapat Marg, Tulsi Pipe Road, Lower Parel (West), Mumbai, Maharashtra	S3-175901001	Kanpur-Institute of Technology Pvt Ltd	
false_merge	0.8218820655550414	S1-201339204	Services Vinayaga India Pvt. Ltd.	Maharashtra, Room No. D-3, First Floor, Prasanna Jyoti Co, Op. Plot No. 56, R S C-9, Gorai 1, Borivali, Nr Nirankari Bhavan, West Mumbai, Mumbai, Borivali West	S2-SYN2475170	Services Vinebaiga India Pvt. Ltd.	ROOM NO. D-1, FIRST FLOOR, PRASANNA JYOTI CO, OP. PLOT NO. 56, R S C-9, GORAI 1, BORIVALI, NR NIRANKARI BHAVAN, WEST MUMBAI, BORIVALI WEST, Maharashtra
false_merge	0.8863206554901201	S1-375755664	Nagan Techno Private Limited	Maharashtra, C/O. Shri. Kiran Sudhakar Karandikar, Ganpur, 414/49, Ganpur, Tal.Chopda, Dist.Jalgaon, Jalgaon	S3-SYN2226710	Nagan Techno Private Limited Limited	Door No 503 C/o. Shri. Kiran Sudhakar Karandikar, 414/49, Ganpur, Tal.chopda, Dist.jalgaon, Jalgaon, MH
false_merge	0.9990483638353052	S1-858665402	Delta Society III	195 Pleasant Drive, East Palestine, OH	S2-20268260	Delta Society II Corporation	195 PLEASANT DR, UNITY TWP, OH
false_merge	0.9997026726497232	S1-467681888	Ujjain Manpower	23-9-47/1, Sivalayam Ward, Rajappanaidu Street, 1Town, Visakhapatnam (Urban), Visakhapatnam, Vishakhapatnam, Andhra Pradesh	S2-457724431	UJJJAIN CENTER	23-9-47/1, SIVALAYAM WARD, RAJAPPANAIDU STREET, 1TOWN, VISAKHAPATNAM (URBAN), VISAKHAPATNAM, Andhra Pradesh
false_merge	0.749679428360742	S1-316515801	Interfaith Network Partners	287 Ann Street, Newburgh, NY	S2-176092112	Interfaith Network Partners Ltd	
false_merge	0.9986498874951434	S1-57104471	ZA Consolidated LLC	126 Beechmont Drive, Morganton, NC	S2-SYN1636574	ZA Consolidated	126 BEECHMONT DR, NULL, MORGANTON, NC
false_merge	0.891481491940672	S1-89327608	Avc Teja Private Limited	Plot No. 59, Sector-6, Phase I Industrial Model Township, Manesar, Gurgaon, Haryana	S2-SYN2159879	AVC TEJA PRIVATE LIMITED	PLOT NO. 1-59 , SECTOR-6, PHASE I INDUSTRIAL MODEL TOWNSHIP, MANESAR, GURGAON, Haryana
false_merge	0.9940612602213944	S1-219279567	Cross and Jones LLC	1411 Calle Pensamiento, Thousand Oaks, CA	S3-150458259	Cross and Jones Partners	1411 Calle Pensamiento, Thousand Oaks, California
false_merge	0.8427292191267609	S1-103874842	Altruistic (India) Technologies Limited	2/12A Kurunji Street, Ram Nagar P And T Nagar, Madurai North, Madurai, Tamil Nadu	S3-SYN1417614	Altruistic (India) Téchnologies Limited	Madurai North, Keela Panangadi, 1/12A Kurunji Street, TN, Ram Nagar P And T Nagar
false_merge	0.9894574709756421	S1-249291709	City Industries Private Limited	E-1/32Nd Floor Malviya Nagar, New Delhi, South Delhi, Delhi	S2-SYN1512051	सिटी इंडस्ट्रीज प्राइवेट लिमिटेड	E-1/32ND FLOOR MALVIYA NAGAR, NEW DELHI, SOUTH DELHI, Delhi
false_merge	0.7031857943936368	S1-390671904	Dream Logistics Private Limited	New Delhi, Delhi, Third Floor, Right Side, W.E.A Karol Bagh Near Main Road, Central Delhi, 18/14	S3-SYN1894855	Dream Logistics Private	Hn 692. 18/14, Third Floor, Right Side, W.e.a Karol Bagh Near Main Road, DL, New Delhi, Central Delhi
false_merge	0.8417710009595252	S1-590663980	Surbhi Circle (India) Private Limited	No. 2E-1306, Provident Park Square, Judicial Layout, Bangalore South, Bangalore, Karnataka	S3-SYN1783727	surbhi circle (india) private limited	No. E-1319, Provident Park Square, Judicial Layout, Bangalore South, Bangalore, KA
false_merge	0.9692888231341645	S1-435111326	Shankeshwar Foundation Private Limited	Wework, 32Nd Milestone, Galaxy Hotel Nh-8 Sector-15, Part-2, Gurugram, Gurgaon, Haryana	S2-829214478	M/s Shankeshwar Limited [Foundation]	NO 86 WEWORK, 32ND MILESTONE, GALAXY HOTEL NH-8 SECTOR-15, PART-2, GURUGRAM, Haryana
false_merge	0.8076508700676924	S1-503560399	Jai Foods Private Limited	Githanjali No. 744, 13Th Cross, Jayanagar 7Th Block, Bangalore South, Bangalore Rural, Karnataka	S3-628198590	Jai F0undation Private	#197/1., Jayanagar, Bangalore, KA
false_merge	0.8996197216949151	S1-427521772	Grace Trading Private Limited	3Rd Floor, Opp- R.D Mansion Apartment, Ashiyana Digha Road, Raja Bazar, Patna, Bihar	S3-SYN1664121	Grace Limited Private Trading	1-3Rd Floor, Opp- R.d Mansion Apartment, Ashiyana Digha Road, Raja Bazar, Patna, BR
false_merge	0.6831463873327966	S1-590349940	Orbon Express Inc	10600 E Ave NW, Clinton Twp, IA	S2-SYN211306	Orrbon Express Inc	10609 EAST AVE NORTHWEST, CLINTON TWP, IA
false_merge	0.7809724439607428	S1-677614586	Pankaj Trust	M -4/21 Model Town Iii 2Nd Floor, Delhi	S2-SYN2096265	PANKAJ CENTER	Delhi, M -5/21 MODEL TOWN III 2ND FLOOR, DELHI
false_merge	0.7192293732820334	S1-712476404	Butts, Laurella N., DDS, P.C.	5017 Indiana Street, Unit APT 2, South Charleston, WV	S2-483683794	Butts, Laurella N., DDU, LLC	5017 INDIANA ST, SOUTH CHARLESTON, WV
false_merge	0.6966481458955477	S1-147202166	Taproot Science (India) Private Limited	Fl No C-603 S No 685/1 Mudra, Society Satara Road, Pune City, Pune, Maharashtra	S3-459587843	*** Taproot  Science (India) Limited	Fl No C-603 S No 685/10 Mudra, Society Satara Road, Pune City, Pune, MH
false_merge	0.9946093324934523	S1-952573445	Star Medical Digital Inc.	6475 Fish Hatchery Road, Mohawk, TN	S2-896701388	Star Medical Digital Inc.	
false_merge	0.8951706098826931	S1-146650227	Shirdi Consumer Private Limited	Basai Road, Pivotal Ridhi Sidhi Appt., Flat 507 Tower 4 Sec 99, Gurgaon, Haryana	S3-SYN1666142	Shirdi Consumer Private Ltd	Hn ##759 Flat 507 Tower 4 Sec 99, Pivotal Ridhi Sidhi Appt., Basai Road, Sukhrali, HR
false_merge	0.9314603144560916	S1-274547131	Chakra (India) Properties Pvt Ltd	Unit No 423-424 & 426 4Th, Floor Spazedge, Sector 47, Haryana, Gurgaon, Sadar Bazar	S3-924658509	Chakra (India)  Services Pvt Ltd	Sadar Bazar, Unit No 23-424 & 426 13Th, Gurgaon, HR
false_merge	0.7309430964100113	S1-84243827	Nippon Services LLP	5 Floor, A Wing, Aurobindo Galaxy, Plot.# 1, Sy 83/1 Hyderabad Knowledge City, Tsiic, Raidurg, Am Village, Hyderabad, Rangareddy, Telangana	S2-SYN1773631	Nippon LLP Services	DOOR NO 1- FLOOR, A WING, AUROBINDO GALAXY, PLOT.# 1, SY 83/1 HYDERABAD KNOWLEDGE CITY, TSIIC, RAIDURG, AM VILLAGE, HYDERABAD, Andhra Pradesh
false_merge	0.6708975734988436	S1-474446425	Bishrakh Formworks Private Limited	Flat.No-305, Tower-C3, Spring Meadows, Tech Zone-4, Bishrakh, Gautam Buddha Nagar, Uttar Pradesh	S2-SYN2369838	Bishrakh Formworks Limited Center	#983 FLAT.NO-305, TOWER-C3, SPRING MEADOWS, TECH ZONE-4, BISHRAKH, Uttar Pradesh
false_merge	0.9495147866768077	S1-66562297	Trigen Research (India) Private Limited	Plot No. B-13/7A, Ground Floor, Kh No. 825, New Delhi, South West Delhi, Delhi	S3-SYN1418338	Trigen Résearch (India) Private Limited	Plot No. B-1-3/7a, Ground Floor, Kh No. 825, New Delhi, South West Delhi, DL
false_merge	0.8524478965656306	S1-629708177	Noble Services (India) Private Limited	Road No. 80, Jubilee Hills, Hyderabad, 2Nd Floor Of H.No. 8-2-293/82/J-Iii Plot No. 358, Hyderabad, Telangana	S3-SYN1948896	Noble Servhhsices (India) Private Limited	14Nd Floor Of H.no. 8-2-293/82/J-Iii Plot No. 358, Hyderabad, TG
false_merge	0.8486910766976901	S1-904828455	South Canadian Inc.	390 Park Avenue, Marion, NC	S3-809409248	Onyxonyx	390 Park Avenue, New York
false_merge	0.9307209015267434	S1-889449910	Kestic Navios Inc.	8301 Alexander Cavet Drive, Knoxville, TN	S2-971470183	Cestic Navios	8301 ALEXANDER CAVET DR, KNOXVILLE, TN
false_merge	0.6785280325051002	S1-655221062	Future Infrastructure Private Limited	45/155, Kol Pol, Bada Bazar, Udaipur, Girwa, Udaipur, Rajasthan	S3-874744706	Future Infrastructure  Limited	45/158, Kol Pol, Bada Bazar, Udaipur, Udaipur, राजस्थान
false_merge	0.9918934571980295	S1-239213873	EQA Ds Pvt Ltd	C/O Modiboina Raviteja, No.26, S No.1899 Ab1900, Near D.No.14-18, Kaveri Nagar, B - Block, Nellore, Andhra Pradesh	S3-674170653	EA  Ds Ltd Pvt	C/o Modiboina Raviteja, Nellore, AP
false_merge	0.6924916254578063	S1-80430803	Manjil & Co	Unicorn, 02, Amit Bloom Field S. No 59, Ambegaon, Ambegaon, Pune, Maharashtra	S3-SYN1372310	Manjil & Company	H.no D/415 Unicorn, 02, Amit Bloom Field S. No 59, Ambegaon, Pune, Ambegaon, MH
false_merge	0.8888976157731607	S1-157177134	Raj Baba Care	New Delhi, Delhi, New Delhi, Ansari Road, 7/19	S2-SYN2188436	राज बाबा केयर	ANSARI ROAD, D/6 7/19, NEW DELHI, Delhi, NEW DELHI
false_merge	0.7435049284938569	S1-656925366	Innovative Creative Holdings	Salt Lake City, Unit 206, 938 Washington Street, UT	S2-SYN1422184	Innovative Creative Hóldings	932- WASHINGTON STREET, SALT LAKE CITTY, UT
false_merge	0.7025659994965814	S1-395406060	Ventures Girna Homes Limited	West Bengal, Santashree Pally (Mukumda Das Pally) M.G.Road, Thakurpukur, Kolkata, 349, Howrah, Kolkata	S2-298627366	Ventures Girna Homes Limited	
false_merge	0.8348232393888992	S1-593987012	Nexara Therapy	3215 791, Falls City, TX	S3-252197976	Nexaique Therapy	215 791, Texas, Falls CIY CDP
false_merge	0.680212508761094	S1-753912732	Baroque Hospital	604 Ravi Jangid Complex Chs Ltd Mira Bhayendar Rd Opp J & K Bank Mira Road(E), Mumbai, Thane, Maharashtra	S2-893336664	Baroque Hospital	
false_merge	0.9990754527919679	S1-963882780	Solelle Property Solutions	282 Main Street, Plymouth, CT	S2-222117439	Sollelle Property	282 MAIN STREET, TERYVILLE CDP, CT
false_merge	0.9691849581211288	S1-909716276	Oncology Anchor Group	30 Vernon Street, Bristol, CT	S2-SYN1130126	Anchor Group	30 MAPLE ST, BRISTOL, IN
false_merge	0.9616289086423481	S1-40981418	867-868 North Owners Corp	105 Dakota Lane, Saltillo, TN	S3-861210864	867-868 North Owners Corp Corporation	107 Dakota Ln, Saltillo, Tennessee
false_merge	0.9310124325212885	S1-811385924	Golden Jay Products Limited	Urvashi Apartment, 3, Picasso Bithi, 1St Floor (Fortmerly Hungerford Street), Kolkata, Kolkata, Howrah, West Bengal	S2-SYN1638409	Golden Jay Products Ltd	DOOR NO 862 URVASHI APARTMENT, 3, PICASSO BITHI, 1ST FLOOR (FORTMERLY HUNGERFORD STREET), KOLKATA, KOLKATA, West Bengal
false_merge	0.6805273353686302	S1-164975887	CBA Solar Limited	118, Ground Floor, Pocket-40 Chittranjan Park, New Delhi, South Delhi, Delhi	S2-SYN1504473	CBA SOLAR LTD	H.NO 804 118, GROUND FLOOR, POCKET-40 CHITTRANJAN PRAK, NEW DELHI, Delhi
false_merge	0.6556383140222612	S1-628717123	Cosonis LLC	1725 Williamson Road, Nashville, TN	S2-678555097	Cosonis [LLC]	
false_merge	0.8227933969074961	S1-381618724	WEE Flex	Delhi, Block-Rz, Karan Vihar, Ph 1, Landmark Near Mcd Sch, Ool, House No 203, North West, Delhi	S3-SYN2478750	Wee Flex	No 755 Huse No 203, Delhi, North West, DL
false_merge	0.8785235158186848	S1-398064673	Schroeder Premier Shore LLC	Brilliant, AL, 116 Orange Street	S3-SYN2368321	Schroeder Premier Shore LLC	Alabama, Brilliant, 1 Orange St
false_merge	0.9988141427920737	S1-92171988	Taraita Exim Private Limited	Building No 1A, Flat 30 2/C, Netaji Subhas Road, Liluah, Howrah, West Bengal, Santinagar Housing Colony	S2-391778683	Tarraita Exim Private Ltd	SANTINAGAR HOUSING COLONY, BUILDING NO ##1A, FLAT 30 2/C, NETAJI SUBHAS ROAD, LILUAH, HOWRAH, <NULL>, West Bengal
false_merge	0.9456081294949883	S1-449458830	All International Private Limited	Plot No 56 Khasra No 22/2, Block D Shyamvihar Phase1, New Delhi, South West Delhi, Delhi	S3-SYN2605136	M/s All International Private Ltd	South West Delhi, New Delhi, Block D Shyamvihar Phase1, दिल्ली, #56 Khasra No 22/2
false_merge	0.9985841591182032	S1-457689422	Rigg Pinnacle Rate of Morgantown	1105 Bear Creek Drive, Morgantown, WV	S3-846825145	Ltd Rigg Pinnacle Rate of Morgantown	1105 Bear Creek Dr, Morgantown, West Virginia
false_merge	0.9923014699994397	S1-208709846	Krishna Productions (India)	Vivekanand Pally, Pani Tanky, Raniganj Municipality, Bardhaman, West Bengal	S3-762806573	Yumaquoveraio	Vivekanand Pally, Pani Tanky, Raniganj Municipality, Bardhaman, West Bengal
false_merge	0.8991366465922215	S1-662705189	Empire Institute of Technology	384 2, Lander, WY	S3-SYN2278420	Empire Institute of Technology Inc.	PMB 8405, Wyoming, 384 2, Lander
false_merge	0.8772817166642395	S1-157957127	Rp Square Private Limited	11C5 Vbk Complex Ist Floor Ramasamy Road, Coimbatore, Tamil Nadu	S3-SYN2077604	Rp Square	1C5 Vbk Complex Ist Floor Ramasamy Road, Coimbatore, Tamil Nadu
false_merge	0.7855981993155818	S1-677233705	Holy Fellowship	463 Fox Ridge Drive, Princeton, TX	S2-SYN2111831	Holy Fellowship	701  FOX RIDGE DRIVE, TX, PRINCETON
false_merge	0.918256639243455	S1-365250690	NLK Marine, LLC	4331 Keaton Lane, James City County, VA	S3-155691198	NRLK Marine, LLC	4331 Keaton Lane, Williamsburg, Virginia
false_merge	0.6794128601912525	S1-776917398	Radheyshyam Housing Pvt Ltd	B204 Shubham Centre 1, Chakala Andheri East, Mumbai, Maharashtra	S3-SYN2512646	Radheyshyam Pvt Ltd [Center]	#264 B204 Shubham Centre 1, Mumbai, महाराष्ट्र
false_merge	0.8433651264862914	S1-102788984	Greenwood Accessories Co	1282 Vivekananda Road, New Barrackpore, Habra - I, North 24 Parganas, West Bengal	S3-807099266	Greenwood Accessories Accessories	30, New Delhi, दिल्ली
false_merge	0.7745030590665652	S1-313133301	Kshetra (India) Exports Private Limited	Room No. 10/105B, Thadathil Complex, Vythiri, Wayanad, Kerala	S3-SYN2277577	Kshetra (India) Exports Private [Limited]	Plot 5-9 Room No. 10/105B, Thadathil Complex, Vythiri, Wayanad, Keralam
false_merge	0.9314551167219437	S1-974279853	Agro Brothers Ltd	215Empire Plaza Mehrauli Gurgaon Road Sultanpur, New Delhi, South Delhi, Delhi	S3-758436250	Rizaveo	215Empire Plaza Mehrauli Gurgaon Road Sultanpur, New Delhi, South Delhi, Delhi
false_merge	0.8185368329523752	S1-513731269	Jord Trust Corporation	Plot No-N1 A/17, Nayapalli, Bhubaneswar, Khordha, Orissa	S3-SYN1756274	Jord Tnuh Corporation	Plot No-n25-1 A/17, Bhubaneswar, Khordha, ଓଡ଼ିଶା
false_merge	0.8464715116374187	S1-179534338	Trinity Fellowship	600 4th Street, Unit 270, Phoenix, AZ	S2-535868383	Trinity Fellowship	4th Street, HARLINGEN, TX
false_merge	0.7794857485417239	S1-275553830	Nagendra Trading Group	D.No:1-28/A, Devarapalli Post Parchoor Mandal, Parchoor, Andhra Pradesh	S2-746941169	Nagendraer Trading Group	D.NO:1-30/A, DEVARAPALLI POST PARCHOOR MANDAL, Andhra Pradesh
false_merge	0.7321903185989453	S1-443757316	Redwood Inc	4092 Highland Lick Road, Russellville, KY	S2-SYN889392	Rredcwood LLC	4092 HIGHLAND LICK ROAD, RUSSELLVILLE, KY
false_merge	0.9990637642535287	S1-485074378	Meenaya Brain Private Limited	S.F.: 230, Gujarat, Ahmedabad, Arth Business, Centre, Opp. Torrent S/S	S2-SYN809788	Meennaya Brain Private Ltd	Gujarat, S.F.: 230, ARTH BUSINESS, CENTRE, OPP. TORRENT S/S, AHMEDABAD
false_merge	0.9809598823843281	S1-945250767	Birch Networks LLC	1602 10th Street, Fargo, ND	S2-520748318	Birch Nétworks LLC	
false_merge	0.9643180028778078	S1-817333796	Ferrify Central	1412 101st Street, Seattle, WA	S2-113444494	Ferrifya Cltral	1412 101ST SAINT, SEATTLE, WA
false_merge	0.7164588794868639	S1-986868419	Clyola Pet Care Inc	1270 Fisher Farm Road, Henry County, VA	S3-442921699	Clyoade Pet Care Ínc	9281 Fisher Farm Rd, Henry County, Virginia
false_merge	0.7243249203298646	S1-247380168	Surgical Partners Inc.	1143 Boyd Road, Street, MD	S2-SYN2627839	Surgical Inc. Partners	768 Boyd Road, STREET, MD
false_merge	0.815126546493855	S1-839233225	Vineet Investment	Plot No.D-2/Ch-126, Gidc Dahej-2, Industrial Estate Dahej, Gidc Dahej, Bharuch, Gujarat	S2-SYN2294762	VINEET INVESTMENT	PLOT NO.D-1/CH-126, GIDC DAHEJ-2, INDUSTRIAL ESTATE DAHEJ, GIDC DAHEJ, Gujarat
false_merge	0.7417581741395818	S1-908153291	<CITY_NAME> Flex Private Limited	Bhakti Apartment, Gajanan Nagar, Ulhasnagar-4, Maharashtra, Thane, 301	S2-SYN1347361	<CITY_NAME> Limited Private (Flex)	303, BHAKTI APARTMENT, GAJANAN NAAR, ULHASNAGAR-4, Maharashtra
false_merge	0.9096380329541278	S1-298415120	Laxmi Big Care Private Limited	C/O Pravin Jadhav, Plot No. 55, Ganesh Nagar, Dindori, Nashik, Maharashtra	S3-534711489	Laxmi Big Care Limited	Plot No. 55, Ganesh Nagar, MH, Navi Mumbai Region, Nashik, H.no 46 C/o Pravin Jadhav
false_merge	0.946019102873742	S1-880021249	Patriot Renewables LLC	90944 Southview Lane, Florence, OR	S2-745798541	PATRIOT RENEWABLES, LLC CENTER	
false_merge	0.8824659761072287	S1-728167460	South Trading LLP	No. 305, Brigade Business Suites, No. 44, T Mariyappa Road, Jayanagar 2Nd Block, Bangalore, Karnataka	S3-SYN2316549	South Trading L.L.P.	1-305, Bangalore, Brigade Business Suites, No. 44, T Mariyappa Road, Jayanagar 2Nd Block, KA, Bangalore
false_merge	0.9689776880937081	S1-316831713	Creative Spac LLC	Wichita, Fl 0, 530 Macarthur Road, KS	S2-599831266	Creative Spiace LLC	
false_merge	0.9415153544566501	S1-387302339	Ferric Four LLP	4334 Ratcliffe, Unit 0, Belvidere, IL	S2-502809447	Ferruc Ferruc Four	4334B RATCLIFFE, BELVIDERE, IL
false_merge	0.9103238848975175	S1-448964965	Liberty Silver Ameren	421 Mack Street, Joliet, IL	S3-SYN1322343	Liberty Silver Ameren	68 Mack St, Incorporated, Illinois
false_merge	0.9149923463040922	S1-62854439	Solutions Artemis Producer LLP	Mnra- 2, Near Bsnl Head Quarters, Vellayittambalam Thirumullavaram Po Manayilkulangara Koll, Am, Manayilkulangara, Kollam, Kerala	S3-SYN1713113	Solutions Artemis Producer L.L.P.	Mnra- 1, KL, Manayilkulangara, Near Bsnl Head Quarters, Vellayittambalam Thirumullavaram Po Manayilkulangara Koll, Am, Kollam
false_merge	0.6765217863010111	S1-580888940	Bhuvi Vidyalaya	C/O Ramesh Ramrao Goralig, Aon Dist Parbhan, Kalamnuri, Hingoli, Maharashtra	S2-81073092	bhuvi vidyalaya	
false_merge	0.7997308933204819	S1-629160310	Division of Veterans Affairs	1929 Richardson Road, Arnold, MO	S2-143532114	Division Affairs Veterans of Ltd	##1931 RICHARDSON RD, ARNOLD CITY, MO
false_merge	0.9981708997017296	S1-412668751	Soliq Pgim LLC	Rio Rico, AZ, 543 Ramanote	S2-222788856	Solliq Pgim LLC	543 Ramanote, RIO RIC OCITY, AZ
false_merge	0.9941239845874796	S1-947569965	Suryaika Foundation Group	4C/166, Near Chitrakoot Stadium, Vaishali Nagar, Jaipur, Rajasthan	S3-266279526	Suryaiki Group Foundation	RJ, 4C/166, Jaipur, Near Chitrakoot Stadium, Vaishali Nagar, Jaipur
false_merge	0.9868433270957991	S1-477313038	Timothea D. Hansel, CPA	602 Bell Drive, Danville City, VA	S3-SYN384914	TIMOTHEA D. HANSEL, CPA CO	602 Bell Drive, Danville City, Virginia
false_merge	0.9162224377378227	S1-996065477	Cure Cafe PC	4430 Chandler Highway, Tyler, TX	S2-SYN1403122	CURE CAFE	4696 CHANDLER HWY, TYLER CITY, TX
false_merge	0.8952745903035882	S1-918153260	Orbara Colombier	3523 Crossgate Circle, Colleyville, TX	S3-740941269	Orbaeon Colombier	03523 Crossgate Cir, Colleyvillle CITY, Texas
false_merge	0.6850771999040512	S1-151953611	Span Traders Private Limited	B - 705, 7Th Floor, Ajnara Grace, Raj Nagar, Extension, Ghaziabad, Uttar Pradesh	S2-SYN2584488	Private Span Traers Limited	GHAZIABAD, Uttar Pradesh, NO. 558 B - 705, GHAZIABAD
false_merge	0.6639881131793568	S1-201986941	Savage Certified Indigo Clinic	52 Wood Scent Court, Spring, TX	S2-792489084	Pena Certified Indig0 Clinic LP	52-C WOOD SCENT CT, SPRING, TX
false_merge	0.6758308856463777	S1-638252824	Aarvin Services	552 Marshall House33 1 Netaji Subhas Rd, Kolkata, Calcutta, West Bengal	S3-434692501	Aarvin Services	
false_merge	0.9731729219394428	S1-718978285	Alpha Logistics Private Limited	C/O Maya Pathak, Bansgora Mouja, Balarampur, Puruliya, Purulia, West Bengal	S3-SYN72393	Alpha Logistics Limited	Door No 1 C/o Maya Pathak, Bansgora Mouja, Balarampur, South Bengal Region, Purulia, WB
false_merge	0.8168534241938022	S1-121691146	Vijay Foundation Limited	Kolkata, West Bengal, Calcutta, 113 N S Road5Th Floor Room No 93	S2-SYN1541827	Vijay Foundation Limited	12 N S ROAD5TH FLOOR ROOM NO 93, KOLKATA, পশ্চিমবঙ্গ
false_merge	0.7296175658084225	S1-308617344	Law, Tran & Wallace LLC	412 Martin Street, Benson, NC	S2-SYN1765308	Law, Tran & Wallace LLC	284 MARTIN ST, BENSON, NC
false_merge	0.7391285983451825	S1-109754838	Supreme Consulting Private Limited	C-207, Gopalan Residency, Telecom Layout, Pipeline Vijaya Nagar, Bangalore, Karnataka	S2-SYN1620791	ಸುಪ್ರೀಮ್ ಕನ್ಸಲ್ಟಿಂಗ್ ಪ್ರೈವೇಟ್ ಲಿಮಿಟೆಡ್	BANGALORE, Karnataka, BANGALORE, NO. 966 C-207
false_merge	0.8974408515622329	S1-52886768	Mithun Enterprises	D-205, Mohan Willows, Phase 1, Bhosale Nagar, Ambarnath, Thane, Maharashtra	S2-SYN1508366	Mithun Enterprises	D-B1/205, MOHAN WILLOWS, PHASE 1, BHOSALE NAGAR, AMBARNATH, Maharashtra
false_merge	0.8788039464873988	S1-108110514	Tirupati East Foundation Private Limited	139/1, 1St Floor, Kalaignar Karunanidhi St, Saidapet, Kanchipuram, Tamil Nadu	S3-281376377	Tirupati East Foundation Limited	139/12, 1St Floor, Kalaignar Karunanidhi St, Saidapet, Kanchipuram, TN
false_merge	0.8162526705833084	S1-148100686	Sarasaksh Clicks Center	Thane, Maharashtra, Rd No.28, Kail Thane, Naik Chawl	S2-579619224	SARASAKSHA CLICKS CENTER	#76 NAIK CHAWL, RD NO.28, KAIL THANE, THANE, Maharashtra
false_merge	0.7959940026831009	S1-933074562	Raj Healthcare Limited	Office No.135, 1St Floor, Solaris One, N.S Phadke Marg, Andheri East, Mumbai, Maharashtra	S2-SYN2224472	राज हेल्थकेयर लिमिटेड	#241- OFFICE NO.135, 1ST FLOOR, SOLARIS ONE, N.S PHADKE MARG, ANDHERI EAST, MUMBAI, Maharashtra
false_merge	0.8499146465465924	S1-242392316	Wellman & Sons Private Limited	215/10C, Sarjapur Main Rd, 1St Floor Trinity Complex, Anekal, Bangalore, Karnataka	S2-SYN1537571	WELLMAN & SONS PRIVATE LTD	BLOCK G-965 215/10C, SARJAPUR MAIN RD, 1ST FLOOR TRINITY COMPLEX, ANEKAL, Karnataka
false_merge	0.6908324357165945	S1-801654617	Sun Impex Pvt Ltd	8-3-228-224/104, Rahmath Nagar Yousufguda, Hyderabad, Telangana	S2-SYN2289932	సన్ ఇంపెక్స్ ప్రైవేట్ లిమిటెడ్	NO. 166 8-3-228-224/104, HYDERABAD, తెలంగాణ
false_merge	0.9983548929484639	S1-7961561	Seex LLC	3344 Acushnet Avenue, Unit 1R2, New Bedford, MA	S3-SYN2192991	Seex LLC	Acushnet Ave, Unit 1R2, New Bedford, Massachusetts
false_merge	0.9775381253967254	S1-358535604	Green Environmental Enterprises LLC	1149 Esters Road, Unit 1211, Irving, TX	S3-902146518	Green Environmental Enterprises	
false_merge	0.9175149142875928	S1-189966367	Caldon Scuti Clinic	146 Jewett Street, Newton, MA	S2-143468817	Caldan Scuti Clinic	146- Jewett St, NEWTON, MA
false_merge	0.9985610102207053	S1-26272364	Physical Therapy Pacific Partners	10140 Shore Road, Town Of Gibraltar, WI	S3-SYN567067	Physical Therapy Pacific Partners  Partners	10140 Shore Rd, Town Of Gibraltar, Wisconsin
false_merge	0.8385280254872146	S1-627344013	Portia Flynn Tri-State Schwab LLC	3918 Oldfield Road, Charlotte, NC	S2-SYN2608203	Portia Flynn Tri-State Schwab	3917 OLDFIELD RD, CHARLOTTE, NC
false_merge	0.7497024463371117	S1-832403862	Pillai Traders Private Limited	Delhi, Ramgarh, Delhi, A89 1St Floor Middle Side, North West Delhi	S2-750091572	Pillai Traders Limited	AC-89 22ST FLOOR MIDDLE SIDE, RAMGARH, DELHI, Delhi
false_merge	0.9855204163094147	S1-679370208	Pediatric Dental Certified Group	1596 Millbrook Way, Bountiful, UT	S2-SYN944224	Pediatric Dental Certified Group Group	1596 MILLBROOK WAY, BOUNTIFUL, UT
false_merge	0.7821810655493252	S1-258423510	East Delhi India Private Limited	East Delhi, C-43 Bhagat Singh Colony, East Delhi, New Usmanpur, Delhi	S3-SYN1870057	East Delhi India Private Limited	Plot 773 C-43 Bhagat Singh Colony, New Usmanpur, East Delhi, Noida, DL
false_merge	0.9839531459362819	S1-54355460	Rocky Trusted Sky Center	4414 Highpoint Drive, Tuscaloosa, AL	S2-SYN986253	Rocky Trusted Sky Center [Ltd]	4414 HIGHPOINT DR, TUSCALOOSA, AL
false_merge	0.6853964853524706	S1-547434755	Brightance Oyster	20813 Mintwood Court, Loudoun County, VA	S3-107264826	Brightanco 0sr	20813 Mintwood Ct, Ashbrun, Virginia
false_merge	0.7182622196984565	S1-894335755	Perfect Constructions Pvt Ltd	Thanjavur, Kumbakonam, 41 Kumbeswarar South Street, Tamil Nadu	S3-SYN1595603	perfectconstructions.com	H.no 1-41 Kumbeswarar South Street, Thanjavur, Kumbakonam, TN
false_merge	0.9698773048629684	S1-102420172	YHR Cornerstone Cannabis Inc	6560 Weatherfield Court, Maumee, OH	S3-57632623	YHH C0rnerstone Cannabis Inc	6560  Weatherfield Court, Monclova Twp, Ohio
false_merge	0.7481833104043384	S1-187262982	Vantova Abony, LLC	202 Johnston Street, Goshen, IN	S2-584932923	Vanntova Abony, Llc	04 JOHNSTON STREET, GOSHEN, IN
false_merge	0.7083774678015753	S1-44469179	Atlantic Marine Systems, Inc.	Fort Worth, 2400 Cold Springs Road, TX	S3-SYN19090	Atlantic Marine Systems, Inc	399 Cold Springs Rd, FT Worth, Texas
false_merge	0.8060908719006807	S1-410604164	Murphy Safe Jena Inc	1770 92nd Street, Unit Apt 10107, West Des Moines, IA	S3-283855861	Twaddle Sáfe Jena Inc	01770 92rd St, Unit Apt 10107, West Des Moines, Iowa
false_merge	0.9165060919459295	S1-683837121	TRV Dream Limited	Office No. C-3, Building - F, Stilt Floor, Suryoday Complex, Kalbhornagar, Pune City, Pune, Maharashtra	S2-SYN2490047	TRV Dream	Maharashtra, OFFICE NO. C-G-1, BUILDING - F, STILT FLOOR, SURYODAY COMPLEX, KALBHORNAGAR, PUNE CITY
false_merge	0.7600665825182304	S1-630007672	Smart Global Private Limited	Shop No.6, Raviraj Complex, S No. 171/A, Mangarwar Peth, Taluka Bhor, Pune, Maharashtra	S2-SYN2122115	स्मार्ट ग्लोबल प्राइवेट लिमिटेड	SHOP NO.8, RAVIRAJ COMPLEX, S NO. 171/A, MANGARWAR PETH, TALUKA BHOR, PUNE, Maharashtra
false_merge	0.8700462251410669	S1-443021242	GQ American Enclave LLC	IA, Cedar Rapids, 6235 Langdon Ave SW	S3-146661990	Nylawex	Cedar Raapids CDP, 6235 Langdon Ave SW, Iowa
false_merge	0.9951132226078262	S1-166619162	Chaudhary Foundation	Ahmedabad, 1 Shripath Appartments Opp St Xaveir School Road Navrangpura, Gujarat, Ahmedabad	S3-SYN1383578	Chaudhary Foundation	1 Shripath Appartments Opp St Xaveir School Road Navrangpura, Ahmedabad, GJ
false_merge	0.9987065689437248	S1-464948944	Jarlio Bsp PLLC	8849 Terrace Ridge Court, Pickerington, OH	S3-837763452	Jarrlio Bsp	08849 Terrace Ridge Ct, PMB 2381, Pickerington, Ohio
false_merge	0.7806917654141426	S1-252829238	Eastern Developers Private Limited	Office No. 201, Wing A, Krrishnakunj Society, Pune City, Pune, Maharashtra	S2-SYN2131249	ईस्टर्न डेवलपर्स प्राइवेट लिमिटेड	PLOT 324 OFFRCE NO. 201, WING A, KRRISHNAKUNJ SOCIETY, PUNE CITY, Maharashtra
false_merge	0.9253738933187795	S1-815175256	Horizon Technology Inc	254 479, Albertville, AL	S2-621201530	HALOMIRA	479, null, ALBERTVILLE, AL
false_merge	0.7287588569116318	S1-199568733	Dnv Solutions Private Limited	C/O Sushma Rani, Khata No, 9, Plot No. 401, Tetari, Sasaram, Rohtas, Bihar	S2-379851356	Dnv Solutions Limited	NO 99 C/O SUSHMA RANI, KHATA NO, 9, PLOT NO. 401, TETARI, SASARAM, Bihar
false_merge	0.7620407496526694	S1-740381437	Charms Medicare Center	Block-J, 220, New Alipore, Kolkata, Kolkata, Howrah, West Bengal	S2-506569414	Charms Medicare Center Limited	NO 21 BLOCK-J, 220, NEW ALIPORE, KOLKATA, KOLKATA, West Bengal
false_merge	0.9193739686679201	S1-644400105	Aurus Stifel LLC	53 Ocean Avenue, Unit Apartment 206, Islip, NY	S2-551367999	AURUZ STIFEL LLC	53 OCEAN AVE, BAY  SHORE, NY
false_merge	0.6511099407354336	S1-803932564	Silver Colonial Ftai Inc.	151 Palmetto Avenue, Unit UNIT C, Ontario, CA	S2-808289109	SILVER COLONIAL FTAI FTAI INC	16 PALMETTO AVENUE, ONTARIO, CA
false_merge	0.9979623846804022	S1-618286210	Olanola Velos LLC	TX, Tyler, 4965 380	S3-579837031	OLLANOLA VELOS LLC	496 380, Tyler, Texas
false_merge	0.6855946448415015	S1-691829508	Apex Trading Private Limited	Dss-362P, Sector- 16-17., Hisar, Hissar, Haryana	S3-SYN2098954	एपेक्स ट्रेडिंग प्राइवेट लिमिटेड	Dss-b6/362p, Hisar, Hissar, हरियाणा
false_merge	0.9968940223893002	S1-915309374	Apex Products Private Limited	Delhi, G. Floor, Sultanpur, Kh.No.300, New Delhi, South West Delhi	S3-SYN2346384	एपेक्स प्रोडक्ट्स प्राइवेट लिमिटेड	Hn 1019 Kh.no.300, G. Floor, Sultanpur, New Delhi, South West Delhi, DL
false_merge	0.8853299894395125	S1-187184518	Kolkata Aggregator LLP	107/2/2 Monoharpukur Road, Kolkata, Calcutta, West Bengal	S2-671189117	Kolkata Aggregator Limited	107/2/23 MONOHARPUKUR ROAD, KOLKATA, West Bengal
false_merge	0.947046041823467	S1-1152745	Star Investment Private Limited	Deswal Complex, 37Km, Delhi Jaipur Road, Nh-8 Defence Colony, Village Khandsa, Gurugram, Haryana, Gurgaon, Haryana	S3-SYN2592107	स्टार इन्वेस्टमेंट प्राइवेट लिमिटेड	#42 Deswal Complex, 37Km, Delhi Jaipur Road, Nh-8 Defence Colony, Village Khandsa, Gurugram, Haryana, Gurugram, Gurgaon, HR
false_merge	0.8475069561168507	S1-530181497	Maa Healthcare	Plot No. 1, Railway, Station Road, Halvad, Surendra Nagar, Gujarat	S2-SYN893400	Maa Héalthcare LLP	PLOT NO. 1, RAILWAY, STATION ROAD, HALVAD, Gujarat
false_merge	0.9694612661689304	S1-163214552	Marudhar International School	1 Tarlika 216 Sirbhalchandra Rd Matunga, Mumbai, Maharashtra	S2-SYN1408799	Marudhar International School Ltd	#1 TARLIKA 216 SIRBHALCHANDRA RD MATUNGA, MUMBAI, Maharashtra
false_merge	0.9599515137243557	S1-492741831	Goodman Allegro	1308 Rockridge Road, Unit Apartment 103, City Of Waukesha, WI	S2-SYN1068319	Goodman Allegro Corp.	1308 ROCKRIDGE ROAD, WAUKESHA, WI
false_merge	0.7147744280671623	S1-169452172	Ashok Pharmaceuticals Private Limited	Delhi, North Delhi, 2739, Office No 115, First Floor, Zere Fasil, Naya Bazar, Delhi	S3-537305850	Ashok Phármaceutica1s Limited	275, Office No 115, First Floor, Zere Fasil, Naya Bazar, Delhi, Delhi, North Delhi, DL
false_merge	0.986160476632922	S1-537295340	Urban Ventures Private Limited	Flat No.6, Pune, S. No. 15/1B, Varad Shree Apartment, Ganesh Nagar, Opposite Tinytots School, Dhayari, Maharashtra	S3-444456460	अर्बन वेंचर्स प्राइवेट लिमिटेड	Office No 6, Pune City, Pune, MH
false_merge	0.8753665620353343	S1-324457196	Primary Care Partners Partners	3365 Hayden Road, Unit 203, Owensboro, KY	S2-452640665	PRIMARY CARE PÁRTNERS PÁRTNERS	
false_merge	0.9865369667485057	S1-170665194	Baugh, Ermina M., DO, P.C.	6253 32, Park River, ND	S3-842837997	Baugh, Ermina M., DO, P.C.	
false_merge	0.8742447017209908	S1-14053021	Sarasansh Fortune Private Limited	303, Block 5, Skyline City Apartment, No.140, Nagarabhavi, Chandra Layout, Bangalore North, Bangalore, Karnataka	S3-235169437	Sarasanora Fortune  Private Limited	Hn 480 303, Block 5, Skyline City Apartment, No.140, Nagarabhavi, Chandra Layout, Bangalore North, Bangalore, KA
false_merge	0.6876055316704458	S1-55252092	Rvp Commercial Limited	Fl A-1/704 Shashitara Vihar Apts 31 Anandnagar Hingane Khurd, Pune, Maharashtra	S2-SYN2192147	Rvp Commercial [Limited]	FL A-1/704 SHASHITARA VIHAR APTS 31 ANANDNAGAR HINGANE KHURD, PUNE, Maharashtra
false_merge	0.9907466256117398	S1-240866881	Indore Motors Pvt. Ltd.	Unit No. 201, 21 Diamond Colony Indraprasth Tower, Indore, Indore, Madhya Pradesh	S2-SYN1828287	Indore Motors Pvt. Ltd.	UNIT NO. 1, 21 DIAMOND COLONY INDRAPRASTH TOWER, INDORE, INDORE, Madhya Pradesh
false_merge	0.87493284299561	S1-270788359	Bright Premier	415 Mcewen Drive, Belgrade, MT	S2-542016355	Bright Premier	
false_merge	0.9985906034547104	S1-956992580	Physical Therapy Partners LLC	6318 Talbott Road, Belington, WV	S3-SYN2292649	Caloevo+ Southside DBA Physical Therapy Partners LLC	6318 Talbott Road, Belington, WV
false_merge	0.9896763231003354	S1-246487317	GOV Sai	C/O Raj Hotel Jalna Road, Beed, Bid, Maharashtra	S2-849515172	TOV (Sai)	C/O RAJ HOTEL JALNA ROAD, BEED, Maharashtra
false_merge	0.9849430529883213	S1-328747532	Colonial Heights City Precision Nexera	1177 Cumberland Drive, Colonial Heights City, VA	S2-SYN69885	colonial heights city precision nexera co	1177 CUMBERLAND DR, COLONIAL HEIGHTS, VA
false_merge	0.6837365664024074	S1-597979274	Trina Pina, P.A.	4864 Petes Lane, Petersburg, KY	S3-SYN1945932	Trina Ptn,a P.A.	4865 Petes Ln, Boone County, Kentucky
false_merge	0.8319818697538748	S1-872474399	Dupree, Mclean & Sells	705 Grindstone Hollow Road, Dickson, TN	S3-333463315	Dupree,-Mclean & Sells Inc	07 Grindstone Hollow Rd, Dickson, Tennessee
false_merge	0.7155858901766201	S1-40460965	Great Fund LLC	8233 Secluded Cove Lane, Dundalk, MD	S3-SYN1114293	Great Fund Corp.	8233 Secluded Cove Lane, Dundalk, Maryland
false_merge	0.7174600732626044	S1-824953687	Raviaksh Cables Private Limited	Juginda Biswas Para, Domkal, Murshidabad, West Bengal	S3-SYN1409521	Raviaksh Cables Private Private Ltd	Block A-715 Juginda Biswas Para, Murshidabad, পশ্চিমবঙ্গ
false_merge	0.9871534852856395	S1-419571196	Foot & Ankle Partners of Tempe	1345 14th Street, Tempe, AZ	S2-SYN876772	Foot & Ankle Partners of Tempe Inc	#1345 14TH STREET, TEMPE, AZ
false_merge	0.9350512367295928	S1-175883426	Ujjain Quick Private Limited	No.22/43, G4, Ground Floor, Swathi Court Vijaya Raghava Road, T Nagar, Chennai, Tamil Nadu	S3-667284593	Ujjain Quick  Company	
false_merge	0.7091141716707292	S1-793515890	EN Stock Partners	29/65, 4Th Block, Kumarapark West, Bangalore, Karnataka	S2-673210608	EZ Stock Partners	29/65, 4TH BLOCK, KUMARAPARK WEST, BANGALORE, Karnataka
false_merge	0.7526162468759487	S1-405355500	Star Technologies Limited	36, Chawla Complex, A-215 Shakarpur, Vikas Marg, Delhi, East Delhi, Delhi	S2-SYN1789128	Star Technologies Ltd	DOOR NO 50 36, CHAWLA COMPLEX, A-215 SHAKARPUR, VIKAS MARG, DELHI, Delhi
false_merge	0.8004357271390965	S1-84620296	Dynamic Verde LLC	KY, Louisville, 17314 Deer Crossing Trl	S3-289967493	Veramiraarc	017314 Deer Crossing Trl, Fisherivlle, Kentucky
false_merge	0.879297061241929	S1-392397119	WF Innovations	D/210 Crystal Plaza, New, Link Rd, Opp, Infinite Mall, Jogeshwari West, Mumbai, Maharashtra	S3-SYN2132208	WF (Service)	Block C-536 D/210 Crystal Plaza, Mumbai, Jogeshwari West, महाराष्ट्र
false_merge	0.6755212101416318	S1-827905367	Sachish Hindustan Partners	No.32, 1St Cross, Gangadharnagar, Near Metro Station, Saarakki Gate, 1St Phase, Jp Nagar, Bangalore South, Bangalore, Karnataka	S3-SYN1635702	Sachish-Hindustan Center	No. 1, Bangalore, KA
false_merge	0.887256899571834	S1-210477485	Bell Modern Mines	622 9th Avenue, Williston, ND	S3-810675506	Steuber Mines Modern	622 Ninth Ave, Williston, North Dakota
false_merge	0.9824010168573426	S1-486870196	New Delhi Services Private Limited	H.No.67, 1St Floor Block-A, Kewal Park Extn., New Delhi, North West, Delhi	S3-859564897	De1hi Limited Services	No ##67, North West Delhi, DL
false_merge	0.6675647793147439	S1-48973893	Caldial Translational	1020 Goodwin Avenue, Lancaster, OH	S2-170400388	calditis translational	1020 GOODWIN AVENUE, PO BOX 5932, LANCASTER, OH
false_merge	0.6780646574938298	S1-504661998	Ziravi Agro Limited	Mumbai, Mumbai City, Banu Mansion, 1St Floor, 16 Nadirsha Sukhia Street Off Cawsji Patel Street, Fort, Maharashtra	S3-SYN1685751	Ziravi Agro Límited	No 679 Banu Mansion, <NULL>, Mumbai City, Mumbai, महाराष्ट्र
false_merge	0.9622810180008828	S1-788997298	V 6 Best Waste PLLC	9679 Meadow Drive, Omaha, NE	S2-SYN312638	Inc V 6 Bést Waste	9679- MEADOW DRIVE, OMAHA CITY, NE
false_merge	0.8932214058469035	S1-896516534	Alpha Properties Private Limited	18/309, Parappurathu, Nellimala Road, Near Krstc, Muvattupuzha, Ernakulam, Kerala	S2-SYN1914272	ആൽഫ പ്രോപ്പർട്ടീസ് പ്രൈവറ്റ് ലിമിറ്റഡ്	PLOT 806 18/309, PARAPPURATHU, NELLIMALA ROAD, NEAR KRSTC, MUVATTUPUZHA, ERNAKULAM, കേരളം
false_merge	0.6791555067105031	S1-832761949	Layton, Gillespie & Poteat	30 Main Street, Unit Apartment 2, Scottsville, NY	S3-156490	Layt0n, Gillespie  and Poteat	
false_merge	0.7906562169740181	S1-581702279	Family Initiative	AR, 501 10th Street, Danville	S2-643646405	-- Family Ínitiative Corp	501 MERRITT AVENUE, NASHVILLE, TN
false_merge	0.9880047237077549	S1-905115521	Gold Products Private Limited	No1/3, S. G. Kavalu, Hegganahalli Main Road, Bangalore North, Bangalore, Karnataka	S3-SYN1584044	Dr Gold Limited Private Products	H.no 1/3, S. G. Kavalu, Hegganahalli Main Road, Bangalore North, Bangalore, KA
false_merge	0.9976373304740821	S1-824324690	Orion Group of Companies Corp	Shop H.No.1-95, Veera Reddy Colony, Street No. 8, Boduppal, Medipally, Ghatkesar, Hyderabad, Telangana	S2-SYN1870361	Orion Group Of Companies Corp	SHOP H.NO.1-95, VEERA REDDY COLONY, STREET NO. 8, BODUPPAL, MEDIPALLY, GHATKESAR, NULL, తెలంగాణ
false_merge	0.9202535260312298	S1-874851024	Delta Guild III	5904 Lincoln Avenue, Vancouver, WA	S3-313457994	De1ta Guild [IIP]	5904 Lincoln Avenue, Vancoouver, Washington
false_merge	0.7813509680710066	S1-765596075	Healthcare & Co	Haryana, Railway Road, M3M Woodshire, Sector-107, Gurgaon, B3-1404	S3-SYN2001625	Smt Healthcare & Co	Gurgaon, M1m Woodshire, Sector-107, Plot 970 B3-1404, Gurgaon, HR
false_merge	0.9949390698740082	S1-512904633	Vaayuam Marbles Private Limited	A/302, Viva Atharvaveda Chsl, Gokul Township Agasi Road, Virar West, Palghar, Palghar, Thane, Maharashtra	S3-576079477	Private Vaayuamm Limited Marbles	A/##302, Viva Atharvaveda Chsl, Gokul Township Agasi Road, Virar West, Palghar, Thane, Palghar, MH
false_merge	0.9892969594379223	S1-724107517	Bright Learning Company	Provincetown, Unit 219, 542 Commercial Street, MA	S2-SYN2719	Bright Learning Company LLC	542 COMMERCIAL STREET, MA, PROVINCETOWN
false_merge	0.7083169554283595	S1-518952093	SC Allied Enbridge Inc.	37148 Stoney Run, Selbyville, DE	S3-756437788	SC Allied Enbridge Inc	37150 Stoney Run, Selbyville, Delaware
false_merge	0.7327869134698843	S1-667710272	Sweet Hair Studio	1452 Mertensia Road, Farmington, NY	S2-222843225	ECTOKORBRIX	MERTENSIA RD, NY, FARMINGTON
false_merge	0.9886025253100141	S1-863943434	Oncology Health of City Of Reedsburg	WI, City Of Reedsburg, 1802 Taylor Circle	S2-SYN78705	Oncology Health of City Of Reedsburg Ltd	WI, REEDSBURG, 1802 Taylor Cir
false_merge	0.9951502017394486	S1-762954535	South Power Private Limited	4Th Main, 4Th Cross, Netaji Road, T.R.Nagar, Bangalore, Karnataka, 122/1	S3-278228374	South Power Limited	Bangalore, 122/1, 4Th Main, 4Th Cross, Netaji Road, T.r.nagar, Bengaluru, KA
false_merge	0.9360559124369692	S1-616278856	Star Management Private Limited	305, 3Rd Floor, Siddartha Apts. Ananthngr, Main Road Banglore, Kr, Bangalore, Karnataka	S3-SYN2415245	ಸ್ಟಾರ್ ಮ್ಯಾನೇಜ್‌ಮೆಂಟ್ Private Limited	1Rd Floor, Siddartha Apts. Ananthngr, Main Road Banglore, Kr, 305, KA, Bangalore
false_merge	0.6530945290968078	S1-776456028	Zaid Solutions Ltd	H No 1-49, Hosur Village, Pattikonda, Kurnool, Andhra Pradesh	S3-266392092	Ltd Zaid Services	Door No 1-56, Pattikonda, Kurnool, Hosur Village, ఆంధ్రప్రదేశ్
false_merge	0.97437721344864	S1-490999022	Black Solutions Private Limited	B-2204, 2Nd Floor, Ajmera Zeon Building, Anik Wadala Link Road, Antop Hill, Wadal, A, Mumbai, Mumbai City, Maharashtra	S2-SYN1987005	ब्लैक सॉल्यूशंस प्राइवेट लिमिटेड	B-1-2204, MUMBAI, महाराष्ट्र
false_merge	0.9178978712897852	S1-129535496	Hutchinson & Griffith LLC	303 Fargo Street, Muldrow, OK	S2-134861034	autoalliedmcfalls.com	FARGO ST, MULDROW, OK
false_merge	0.895534743475916	S1-525117655	Cascade, LLC	Sunrise Beach, 693 Brush Creek Road, MO	S2-694115783	LYRAPYRA	693 BRUSH CREEK ROAD, SUNRISE BEACH, MO
false_merge	0.6773450030660868	S1-740099903	First Properties Private Limited	Suncity Business Tower, 2Nd Floor, Sector 54, Village Haiderpur, Viran, Dlf Qe, Gurgaon, Haryana	S2-488293439	First Properties Limited	NO 9-89 SUNCITY BUSINESS TOWER, 2ND FLOOR, SECTOR 54, VILLAGE HAIDERPUR, VIRAN, DLF QE, Haryana
false_merge	0.8712033713482159	S1-797868233	A Direct Software L.L.C.	2863 Oakcrest Avenue, Walnut, IA	S3-199662691	A Direct Software L.L.C.	2865 Oakcrest Avenue, Walnut, Iowa
false_merge	0.990256320673222	S1-936639540	East Advisory Private Limited	C-1, New Agra, Agra, Uttar Pradesh	S2-SYN1372184	East Advis0ry Private Limited	उत्तर प्रदेश, C-#1, NEW AGRA
false_merge	0.8602877306358233	S1-441276428	Nrk Brothers Private Limited	Po- Pirrauta, Plot No. 194/1344/22D, Pipra Jaipal, Ara, Bihar	S3-115765839	Brothers Nrk Limited	Plot No. 194/1344/29D, Ara, बिहार
false_merge	0.662865244271225	S1-896666229	KP Finance Private Limited	D-440, 441 Swaminarayn Bus, Opp. Gokulesh Petrol Pump, Daskroi, Ahmedabad, Gujarat	S2-675924225	kaprivate.com	BLOCK F-924  D-440, 441 SWAMINARAYN BUS, OPP. GOKULESH PETROL PUMP, DASKROI, AHMEDABAD, Gujarat
false_merge	0.9922349948734397	S1-724116157	Konkan Healthcare Private Limited	P No. 1548/80 Jagannath Puram, Sanigawan Road, Kanpur, Sanigawan, Kanpur Nagar, Uttar Pradesh	S3-SYN1941505	Nylayumariza Sweets d/b/a Konkan Healthcare Private Limited	Sanigawan Road, Kanpur, Sanigawan, Kanpur Nagar, Uttar Pradesh, P No. 1548/80 Jagannath Puram
false_merge	0.8537984640800063	S1-949799576	Maid Seafood of Archdale	221 Beard Avenue, Archdale, NC	S3-127080010	Maid Seafood of Archdale Archdale Corp.	22 Beard Ave, Highp OINT CITY, North Carolina
false_merge	0.9365217376594662	S1-80957959	Lexus & Brothers Private Limited	Sri Anandasai Nilayam, 5 Th Floor, Plot 3, Vijayawada (Urban), Andhra Pradesh, Krishna	S2-88650111	Lexus + Brothers [Limited]	NO 68 SRI ANANDASAI NILAYAM, 5 TH FLOOR, PLOT 3, VIJAYAWADA (URBAN), Andhra Pradesh
false_merge	0.9862289160961447	S1-738341861	Ram Infrastructure Pvt Ltd	1St Floor, 485, 13Th Cross, 4Thphase Peenya Industrial Area, Bangalore, Karnataka	S3-SYN1572075	Ram Innfrastructfre Pvt Ltd	H.no 1St Floor, 485, 13Th Cross, 4Thphase Peenya Industrial Area, Bangalore, ಕರ್ನಾಟಕ
false_merge	0.9541206626077651	S1-162755887	Novay Mobile	54 Lorain Street, Unit 1/2, Oberlin, OH	S3-126035191	Novayyn Mobile	Ohio, 54 Lorain Street, PO Box 8602, Oberlin
false_merge	0.7475152205582642	S1-343241768	Verrus Media	230 Wolfhunters Lane, Mcalester, OK	S2-612505069	Verruz Ma	#230 WOLFHUNTERS LN, MCALESTER, OK
false_merge	0.7125189743092671	S1-269400450	Prem Capital Limited	Andhra Pradesh, Calingapatnam, Door No 2-6 Vadapalem Street, College Road Port Calingapatnam	S2-SYN1999292	Prem Capital Ltd	DOOR NO 1-6 VADAPALEM STREET, COLLEGE ROAD PORT CALINGAPATNAM, Andhra Pradesh
false_merge	0.9902453706077059	S1-600460248	Big It Private Limited	1St First Floor C-1/280 Vikrant Khand Gomti Nagar, Lucknow, Uttar Pradesh	S2-SYN2135253	बिग आईटी प्राइवेट लिमिटेड	1ST FIRST FLOOR C-1/280 VIKRANT KHAND GOMTI NAGAR, LUCKNOW, Uttar Pradesh
false_merge	0.9978863239846005	S1-939177023	Clyay Gss LLC	8116 Indian Springs Road, Chesterfield County, VA	S3-847183541	Klyay Gss L.L.C.	##8116 Indian Springs Rd, Chesterfield County, Virginia
false_merge	0.7414694402058603	S1-669409944	Hitech Developers Private Limited	Flat-1011, Tower-I, G C-2, Galaxy North Avenue 2, Bishrakh, Gautam Buddha Nagar, Uttar Pradesh	S3-SYN2402375	Hitech Deve1opers Private Limited	Flat-b1, Tower-i, G C-2, Galaxy North Avenue 2, Bishrakh, Gautam Buddha Nagar, UP
false_merge	0.7728366375496767	S1-882731013	Grace Synagogue	1405 W Broadway, Unit 219, Louisville, KY	S3-SYN2121359	Grace Synagogue	2398 W Broadway, # 219, Louisvlle CITY, Kentucky
false_merge	0.8724103546537374	S1-730639555	Lucky Bike Shop	1528 Canyon Way, Fl 1, Chandler, AZ	S3-SYN1130952	LUCKY BIKE SHOP [INC]	138 Canyon Way, Arizona, Fl. 1, Chandler
false_merge	0.6965498670618986	S1-195346154	Roopya Learning Care	1B, Floor-1, Plot-176, Mehta Mansion, Jagannath Shankarsheth Marg, Gaiwadi, Mumbai, Maharashtra	S3-845070073	Roopique  Learning Care	Floor-1, Plot-176, Mehta Mansion, Jagannath Shankarsheth Marg, Gaiwadi, MH, 5B, Mumbai
false_merge	0.6686612530175039	S1-153744797	Midwest Ethereum LP	24400 Perdido Beach Boulevard, Unit Unit 5401, Orange Beach, AL	S3-SYN1974924	Midwest Ethereum LP	2417 Perdido Beach Blvd, # Unit 5401, Baldwin County, Alabama
false_merge	0.692159036310228	S1-182520692	Grid Solutions Private Limited	Vl T-27, Floor-Grd, Kumbharwada 1 St Wadi, Mumbai, Maharashtra	S3-407388132	Mr Grid Solutions Limited	Vl T-29, Mumbai, MH
false_merge	0.814633376065749	S1-196910208	Liberty Omega PLLC	839 59th Place, Merrillville, IN	S3-491758904	Liberty  Omega	
false_merge	0.9770322232738564	S1-840499328	Holy Israel Inc.	151 Clifton Road, Hohenwald, TN	S2-967409669	Inc Holy Israel	152 CLMFTON RD, HOHENWALD, TN
false_merge	0.867897670488965	S1-910299002	Jarlyx Array Inc.	37 Autumn Road, West Springfield, MA	S3-147069294	Jarlyks Array lnc	037 Autumn Road, West Springfield, Massachusetts
false_merge	0.7274048055372667	S1-227656688	Surgical Care Inc.	2419 Bruner Dr, Bldg BUILDING, Ames, IA	S2-SYN1290958	Surgical Care Inc	IA, 428 BRUNER DR, AMES
false_merge	0.7129940562625285	S1-24408867	Rinku Memorial Trust	503 B Block Shipra Krishna Vista Plot No. 14 Ahinsa Khand Indirapuram, Ghaziabad, Uttar Pradesh	S2-SYN2310760	Rinku Mmodial (Trust)	#B2/503 B BLOCK SHIPRA KRISHNA VISTA PLOT NO. 14 AHINSA KHAND INDIRAPURAM, GHAZIABAD, Uttar Pradesh
false_merge	0.6797844016761878	S1-388832016	Devika Producer Limited	24 Hemanta Basu Saranimangalam A Room No 309, Kolkata, Calcutta, West Bengal	S3-720733767	Deviki Producer Limited	No 0024 Hemanta Basu Saranimangalam A Room No 309, Calcutta, Netaji Subhas Road, পশ্চিমবঙ্গ
false_merge	0.8488419337525321	S1-239591750	Mayur Metrology Limited	2, Tolstoy Marg, New Delhi, Delhi	S3-SYN1398532	Mayur Metrology Limited	Hn 830 2, Tolstoy Marg, New Delhi, DL
false_merge	0.6635331421383573	S1-68800515	Varshesh (india) Private Limited	Office No 205, Konark Shram, 156, Tardeo Road, Mumbai, Mumbai City, Maharashtra	S2-974609488	VARSHESH INODIA-PRIVATE LIMITED	
false_merge	0.812778614910608	S1-121742902	Youth Initiative IV	4 Dwight Road, Newport News City, VA	S3-610584282	Youth Initiative IS	4 Dwigt Rd, Virginia, Newport NEWS DCP
false_merge	0.9063286514991443	S1-125683878	Lundberg Systems LLC	1686 Mason Knoll Court, Fl 0, Saint Louis, MO	S2-871898422	*** HAVERLAND SYSTEMS LLC	1686  MASON KNOLL COURT, SAINT LOUIS, MO
false_merge	0.8848153541852538	S1-524937715	Aditaya India Ltd	Door No.26-03-108, Ii Floor, Nrp Road, Gandhi Nagar, Vijayawada, Krishna, Andhra Pradesh	S3-249990507	Aditayi Aditayi India Ltd	Krishna, ఆంధ్రప్రదేశ్, H.no 26-03-108, Ii Floor, Nrp Road, Gandhi Nagar, Vijayawada
false_merge	0.799103189202944	S1-437033021	Keleix LLC	56 Weber Road, Lackawanna, NY	S2-SYN2421288	Keilx LLC	PO BOX 8278, NY, #56 WEBER ROAD, BUFFALO
false_merge	0.8549474308729742	S1-955451042	Nitya Tradelink Private Limited	Office No 4/1, Upper Ground Floor, Prem Nagar Tihar, New Delhi, West Delhi, Delhi	S3-SYN2442295	Dr Nitya Tradelink Private Limited	West Delhi, New Delhi, DL, Office No 1/1
false_merge	0.89072778308223	S1-199642175	Leder Fork Private Limited	Alappuzha, Ambalapuzha, Alappuzha, Amcw 45/587 Survey No Bl/36 Rsy. 4, Kerala	S2-239002622	Mr Wexnylazeph	Keralam, AMBALAPUZHA, ALAPPUZHA, AMCW #45/587 SURVEY NO BL/36 RSY. 4
false_merge	0.9501746796097416	S1-849227981	Family Preferred Partners Inc.	94-24 133 Avenue, Ozone Park, NY	S3-749400692	Family Preferred Partners  Inc	94-33 133 Ave, Ozone Park, New York
false_merge	0.7847335625370742	S1-563427317	Rectus Enterprises	Kolkata, Howrah, Motilal Nehru Road, 3Rd Floor, Kolkata, West Bengal, 132	S3-SYN1423255	Rectus-Enrpris	1-32, Motilal Nehru Road, 3Rd Floor, Kolkata, Kolkata, Howrah, WB
false_merge	0.9558201998302692	S1-62419019	TPJ Good PLLC	404 Buffalo Grass Lane, Draper City (sl Co), UT	S2-41451856	Good TBPJ PLLC	404 BUFFALO GRASS LANE, DRAPEER TOWNSHIP, UT
miss:assigned_elsewhere	0.000013151412889901407	S1-596505413	NU Diamond Ltd	Gautam Buddha Nagar, D-304, Uttar Pradesh, Noida, Golf City Plot No. 8, Sector 75	S3-978482287	ND	D-304, Golf City Plot No. 8, Sector 75, Noida, Gautam Buddha Nagar, Uttar Pradesh
miss:not_in_candidates		S1-799561754	VJS Infrastructure Center	614 A, M3M Urbana, Sector 67, Golf Course Extension Road, Badshahpur, Gurgaon, Haryana	S2-867398151	VJ5 INFRASTRUCTURE	H.NO 614 A, GURGAON, BADSHAHPUR, Haryana
miss:not_selected	0.017151008331388704	S1-321075056	Ear Nose & Throat Care Associates	789 F Street, Colton, CA	S3-279023144	Ear Nose & Throat Care Associates Ltd	787 F St, Colton, California
miss:not_selected	0.5726267613105634	S1-735742110	Brightify Futurecorp	107 Palm Drive, Palestine, TX	S3-504517700	Brightify (Futureceorp)	
miss:assigned_elsewhere	0.23489253762848938	S1-70070199	Zemoia Capital Partners LLC	3110 Yale Avenue, Memphis, TN	S2-43004301	Zemoia Capital LLC Services - 8178288472	
miss:not_in_candidates		S1-261086004	Bangalore North Kuries Private Limited	No. 22, 23, 24/28, Flat No. C404 Munnekolal, Bangalore North, Bangalore, Karnataka	S2-708181910	Limited Bangalore North Private Services	NO. 22, BANGALORE NORTH, BANGALORE, Karnataka
miss:not_in_candidates		S1-644889251	Jai Hospitality	Adhikari Villa, Jvpd Scheme, 501/5Th Flr Hatkesh Chs, 46, Rd 7, Juhu, Vile Parle-W, Mumbai, Mumbai City, Maharashtra	S2-419199857	जय हॉस्पिटैलिटी	ADHIKARI VILLA, MUMBAI II, MUMBAI CITY, महाराष्ट्र
miss:not_in_candidates		S1-114767705	Highland Animal Hospital	Dekalb, 746 Leonard Avenue, IL	S3-863062166	Highland Animal Hospital Corporation	
miss:not_selected	0.021030354260086963	S1-598201636	Golden Cafe	111 Valley Road, Hempstead, NY	S3-278134281	Golden  Cafe	115 Valley Road, New York, Hempstead
miss:not_in_candidates		S1-394595277	Indian Exports	Plot No 39, Akki Colony, Near Mallikarajuna Ashram, Bijapur, Bijapur(Kar), Karnataka	S2-72938357	INDIAN EXPORTS Enterprises	
miss:not_selected	0.5342019112288953	S1-208304546	Burbach, Misti G., O.D.	Waterbury, 219 Ledgeside Avenue, CT	S2-854920869	BURBACH, BURBACH, MISTI G., O.D. LTD	
miss:not_in_candidates		S1-821918670	Bhubaneswar Apparels Pvt. Ltd.	Lig-21, Udayagiri Vihar, Patrapada, Bhubaneswar, Khordha, Orissa	S3-803547377	Lumsol	Lig-21, Bhubaneswar, Khordha, OD
miss:not_selected	0.08482433735161765	S1-119109834	Olive Hospital Private Limited	3Rd Floor, Pardhi House, M.G.Road, Opp: Jain Temple, Vile Parle, Mumbai, Mumbai, Mumbai City, Maharashtra	S3-628940190	Olive Hospital Private Ltd	8Rd Floor, Pardhi House, M.g.road, Opp: Jain Temple, Vile Parle, Mumbai, Mumbai, महाराष्ट्र
miss:not_in_candidates		S1-429750481	Hi Matrix Private Limited	Barra, Plot No. 4 W-2, Kanpur Nagar, Juhi Kalan Barra Bypass, Uttar Pradesh	S3-750932876	Hi Private Límited Límited Partners	Plot No. ##4 W-2, Barra, Kanpur Nagar, उत्तर प्रदेश
miss:assigned_elsewhere	0.0000147088690667911	S1-149809337	Bright Tech Private Limited	3Rd Floor, Building No.11, New Delhi, South Delhi, Delhi	S3-421500839	Smt Bright  Tech Private Limited	G-3rd Flor, New Delhi, DL
miss:not_in_candidates		S1-473694232	Brina T. Barden, Ph.D.	1222 Sam Street, El Campo, TX	S2-625403320	BRINA T. BARDEN, PH.D. CORPORATION	
miss:not_in_candidates		S1-34958732	Metro Institute	151 6100, Unit 312, Murray, UT	S2-536486862	METRO  CENTER	SALT LAKE CITY TOWNSHIP, UT, 151. 6100
miss:not_in_candidates		S1-164710471	Suryaa Communications Private Limited	S.No.114/6, Divya Asso. Bhise Colony, Comman, Pune City, Pune, Maharashtra	S3-892863729	Suryaa Suryaa Private Limited Services	S.no.0114/6, Pune City, Pune, MH
miss:not_selected	0.578070184431218	S1-179658825	Silver Infotech Private Limited	F 2/ 24, Sector 3Eb, Kalamboli, Thane, Maharashtra	S3-296063073	Limited Silver Infotech Private	Hn 852 F 2/ 24, Thane, MH
miss:not_in_candidates		S1-875138318	Urology Total Clinic PC	2037 99th Avenue, Town Of Osceola, WI	S3-431303884	Urology Total  Clinic	
miss:not_in_candidates		S1-437936099	Jay Foundation Private Limited	41 Shakespears Sarani, Kolkata, Calcutta, West Bengal	S3-666835566	জয় ফাউন্ডেশন প্রাইভেট লিমিটেড	#43 Shakesepars Sarani, Kolkata, Calcutta, পশ্চিমবঙ্গ
miss:not_in_candidates		S1-822209900	Fateh & Brothers Private Limited	F-360 Sudershan Park, Moti Nagar, New Delhi, Delhi	S2-222397279	Fateh & Brothers  Private Limited	
miss:not_in_candidates		S1-348815115	Urology Group	2530 Hazelwood Street, Phoenix, AZ	S3-843830770	Urology [Group]	
miss:not_selected	0.4471507918756924	S1-349828611	Art & Co Co	302, Third Floor, M Square Building Patrika Nagar, Madhapur, Serilingampally, Telangana	S3-323986579	Art Co Co &	
miss:not_in_candidates		S1-550499536	Green Foods Private Limited	801, Wave Silver Tower, Plot No. D-6, Sector-18, Noida, Gautam Buddha Nagar, Uttar Pradesh	S3-322447759	Private Green Foods Limited	8-01, Gautam Buddha Nagar, Noida, UP
miss:not_in_candidates		S1-37083490	Family Prime Associates Group	Georgetown, TX, Unit 7204, 800 Wolf Ranch Parkway	S2-65446548	primefamilyassoc.com	800 WOLF RANCH PKWY, GEORGETOWN, TX
miss:not_selected	0.5744257503926594	S1-273574623	Maid Tavern	306 3rd Street, 02, IA	S3-190424963	Maid Tavern	02, Iowa, 306-308 Third St
miss:not_selected	0.07768577464345079	S1-660031501	Beus Inc	512 Van Cleve Avenue, WI, City Of Marinette	S3-18701741	Inc. Beus	531-B Van Cleve Ave, Wisconsin, City Of Marinette
miss:not_in_candidates		S1-337727915	Guru Infotech Private Limited	Kolkata, Howrah, West Bengal, Brabourne Road, R. No. 801, 27	S3-415717806	Guru Private Limited Center	27, Calcutta, Howrah, WB
miss:not_in_candidates		S1-778768933	Gold Infrastructure Limited	Mumbai City, Plot-17, Orient House, Adi Marzban Path, Ballard Estate, Floor-5, Mumbai, Maharashtra	S2-358526312	(Infrastructure) Gold Limited	FLOOR-B3/5, GREATER BOMBAY, MUMBAI CITY, महाराष्ट्र
miss:not_in_candidates		S1-81890607	Best Care	Block-C/13, G.F, Bansidhar Estate, Ahmadabad City, Ahmedabad, Gujarat	S3-570230114	Best-Care | www.bestcare.com	
miss:not_in_candidates		S1-335386967	Star Auto Pvt. Ltd.	Shop No. 1, Ground Floor, A- Wing, Shree Raam Apartment, Bopele, Karjat, Raigad, Raigarh, Maharashtra	S3-306413413	Star Pvt. Ltd. Service | www.starpvt.com	Shop No. 1, Raigad, Raigarh, महाराष्ट्र
miss:not_selected	0.42861517432520174	S1-109747991	Bambie Deffenbaugh, MD, DDS PC P.C.	11945 1150 Road, KS, Mound City	S3-180109569	Bambie Deffenbaugh, MD, P.C. PC DDS	
miss:not_selected	0.3111699867721602	S1-156889501	4563 Lake Way Associates	3000 Spence Springs Road, Unit Unit 302, Prescott, AZ	S2-395913871	4563 LAKE WAY ASSOCIATES LLC	3002 SPENCE SPRINGS ROAD, PRESCOTT, AZ
miss:assigned_elsewhere	0.042526282785658	S1-875365976	Goodwin Inpoint	IL, 4N 224 Briar Lane, Bensenville	S2-507078607	Goodwin Inhpont	
miss:not_in_candidates		S1-827879765	Life Infrastructure Private Limited	No 3, Ugf Laxmi Complex, Neeligin Road, Hubli, Karnataka	S3-394126577	ಲೈಫ್ ಇನ್‌ಫ್ರಾಸ್ಟ್ರಕ್ಚರ್ ಪ್ರೈವೇಟ್ ಲಿಮಿಟೆಡ್	No #3, Karnataka, Dharwad, KA
miss:not_in_candidates		S1-785235924	XR Foundation Private Limited	Plot No. 1 A, Road No 2B, 3-8-273, Chandrapuri Colony, L.B. Nagar, Hyderabad, Telangana	S3-522925844	Dovaflux	Ranga Reddy District, A, Andhra Pradesh
miss:not_in_candidates		S1-352297766	Golden Trading Private Limited	Flat No. 101, Wing E, 1St Floor, Vasant Aishwarya Chs, Mathurdas Extn Road, Kandivali West, Kandivali West, Mumbai, Maharashtra	S3-997199683	Golden Golden Trading	H.no 101, Mumbai, Kandivali West, MH
miss:not_selected	0.2658517641238621	S1-585679462	Rocky Security Care	555 Mount Carmel Avenue, Wichita, Fl 0, KS	S3-58253032	Rocky Security Care Corporation	554 Mount Carmel Ave, Kansas, Fl 0, Wichita
miss:not_in_candidates		S1-399426659	Liu Continental Lightwave	2011 Hosea L Williams Drive, Atlanta, GA	S2-847760015	Liu Cóntinental	
miss:not_selected	0.6241528900275211	S1-931306909	Verde Superior Translational, LLC	NY, East Fishkill, 21 Spring View Lane	S2-414914912	Verde Superior	PO BOX 1091, HOPEWELL JUNCTION TOWNSHIP, NY, 21 SPRING VIEW LN
miss:assigned_elsewhere	0.6130004888078762	S1-439369055	Modern Clean Cal	TX, 130 Stallings Drive, Nacogdoches	S2-670484411	Modern Cal Clean	
miss:not_in_candidates		S1-505063370	Express Archimedes PLLC	2635 Orchard Drive, Unit 4, Cedar Falls, IA	S3-981013583	Services Express PLLC	2636 Orchard Dr, <NULL>, Cedar Falls, Iowa
miss:not_in_candidates		S1-426005310	Tech Resortsprivate LLP	B-137, P.No.-50, Parshva, Nath Cghs, Patparganj, East Delhi, Delhi	S2-564895610	Dr Tech LLP Services	B-137, P.NO.-50, PARSHVA, NATH CGHS, PATPARGANJ, EAST DELHI, Delhi
miss:not_in_candidates		S1-314731038	SA Web Partners	C/O-Bashishtha Prasad, S/O-Sri Surendra Kumar, Sheikhpura, New Capital, Patna, Bihar	S3-18345605	SA Web Service	C/o-bashishtha Praasd, Patna, BR
miss:not_in_candidates		S1-382115568	Satwik & Co	10, Ankur Complex, B/H Town Hall Ashram Road, Ellisbridge, Ahmedabad, Gujarat	S3-73737530	& Sfatk Co	10, Ahmedabad, Ahmadabad, GJ
miss:not_in_candidates		S1-431156327	NJ Consultancy Co	Nagpur, Patel Nagar Borgaon, Maharashtra, 919/11	S2-71770632	NJ Co Services	919/11, PATEL NAGAR BORGAON, NAGPUR, Maharashtra
miss:not_in_candidates		S1-546826060	Gurudev Foundation	Plot No. 27 (A), 28(B) And 27(C), 2Nd Phase, Peenya Industrial Area Bangalore, Bangalore North, Bangalore, Karnataka	S3-83919089	Dr Gurudev Service	Plot No. 27 (A), KA, Bangalore, Bangalore North
miss:not_in_candidates		S1-891525739	Vijay Investment Private Limited	1St Floor, Udaya Building, Ernakulam, Kerala	S3-899159814	വിജയ് ഇൻവെസ്റ്റ്മെന്റ് പ്രൈവറ്റ് ലിമിറ്റഡ്	Ernakulam, KL, Kochi, St Floor
miss:not_in_candidates		S1-286722199	Guru Industries Private Limited	No.761, 2Nd Cross, Chowdeshwari Layout, Behind Tulasi Theatre, Marathahalli Po, Bengaluru, Bangalore, Karnataka	S3-605895292	Guru Industries Private  Limited	
miss:not_selected	0.6254601553675491	S1-678568766	Sukh (India) Health	3F-Cs-11, Ansal Plaza Sector 1, Vaishali, Ghaziabad, Uttar Pradesh	S3-701941193	Drexecto	A-3f-cs-11, Ghaziabad, Vaishali, UP
miss:not_in_candidates		S1-5341225	Apex Technical Services Inc	2627 45th Avenue, Unit 2158, Phoenix, AZ	S3-920076979	Apex Services Inc Center	2627 45nd Avenue, Unit 2158, Maryvale, Arizona
miss:not_in_candidates		S1-334848612	Shree Consultants Private Limited	353, Mani Mahal, 2Nd Floor, Room 2, Kalbadevi Road, Mumbai, Maharashtra	S2-948976721	श्री कंसल्टेंट्स प्राइवेट लिमिटेड	353, MUMBAI, VASAI, Maharashtra
miss:not_in_candidates		S1-629491991	The Dent Coffee	14626 Catalpa Drive, Urbandale, IA	S2-513243090	The Dent-Coffee	
miss:assigned_elsewhere	0.00007765856555710871	S1-402640263	Good Hospitality Private Limited	Mumbai, Borivali West, Maharashtra, 102, Yogeshwar Kripa, Cts 649/A, Near Pratap Heritage, L.T. Road	S3-475400095	Good Hospitality Private-Limited	C-102, Mumbai Suburban, MH
miss:not_selected	0.5675369417425841	S1-889119640	Montium Electricity L.L.C.	4017 Broadway Avenue, Unit APT B, Evansville, IN	S2-3923387	Montium Electricity	4016 BROADWAY AVENUE, EVANSVILLE, IN
miss:not_in_candidates		S1-930666588	Eye Federal Care Associates LLC	66 66 Street, New York, NY	S3-284450404	Eye Care Associates LLC Center	66 66 Street, New York
miss:not_selected	0.4090159301108605	S1-237557170	DDJ (india) Private Limited	Ssi Academy Nansa Gate, Nawalgarh, Jhunjhunun, Rajasthan	S2-735808320	DDJ (india) Private	DOOR NO 958 SSI ACADEMY NANSA GATE, NAWALGARH, राजस्थान
miss:not_selected	0.1958063166997024	S1-730381573	Switch Brothers Corp	C/Oshri Hamid Akhtar Usman Gani Tukra No.1 C S No.1509, Malegaon, Nashik, Maharashtra	S3-354485028	Switch  Brothers Corp	C/oshri Hamid Akhtar Usman Gani Tukra No.2 C S No.1509, Nashik, Malegaon, महाराष्ट्र
miss:not_in_candidates		S1-894623087	Velazquez Efes	6357 2107, Medina, TX	S2-465452351	Velazquez Efes Efes	
miss:not_selected	0.5642059871216739	S1-725996841	Shree Networks Limited	No 24/25, Rajashree, 2Nd Floor 2Nd Cross, Journalist Colony, Bengaluru, Bangalore, Karnataka	S2-303333627	Shree Networks	
miss:not_in_candidates		S1-586907749	Od Enterprises Center	Gwalior, C/O Laxman Das Sapra, Madhya Pradesh, Near Prem Motors In Front Of Rangmahal Garden	S3-854008160	0d Enterprises	C/o Laxman Das Sapra, <NULL>, Gwalior, MP
miss:not_selected	0.033694044888965415	S1-467160861	Eleanore Gilmore, DPM	Columbus, 1387 Glenn Avenue, OH	S3-646311210	Eleanore Gilmore, Partners	1388 Glenn Ave, PO Box 8673, Columbus, Ohio
miss:not_in_candidates		S1-516643024	Summit Global LLC	2020 50th Way, Fl 1, Hillsboro, OR	S2-232801343	Summit LLC Services	2020 50TH WAY, HILLSBORO, OR
miss:not_in_candidates		S1-482664624	Penao Inc	6053 2150th Road, Hume, IL	S3-18899675	Peglsao Inc	6053 1/2 2150th Rd, Shiloh, Illinois
miss:not_selected	0.5735304590476054	S1-841770398	Blue Logistics Pvt Ltd	Madhukund Terraces, Fl 304, Ram Nagar Colony Bavdhan, Pune, Maharashtra	S3-661488537	ब्लू लॉजिस्टिक्स प्रा. लि.	Pune, #249. Madhukund Terraces, Pune, महाराष्ट्र
miss:not_in_candidates		S1-765652041	Raj Developers Private Limited	3Rd Floor, Plotno Cp 52And 53 Chandrasekharpur, Commercial Complex Sector Iv, Sailashree Vihar, Bhubaneswar, Khordha, Orissa	S3-425321655	Raj  Developers Private	Floor, Bhubaneswar, Khurda, OD
miss:not_in_candidates		S1-664377214	Surya Finance Pvt Ltd	Bangalore, No 27, Bangalore, Ii Cross, 10Th Main Indiranagar 2Nd Stage, Karnataka	S2-659882587	Surya Finahcoce Pvt Ltd	
miss:assigned_elsewhere	0.0013221910474361693	S1-803959653	Health Developers Pvt. Ltd.	No.C-8, 3Rd Floor, Kudermukh Colony, Iind Block Koramangala, Hosur Sarjapur Road, Bangalore, Karnataka	S3-107416228	Health Pvt. Ltd. Center	
miss:not_in_candidates		S1-443297789	One Marketing Private Limited	121/94, Mandapa Street, Erode, Tamil Nadu	S2-778461491	ஒன் மார்க்கெட்டிங் பிரைவேட் லிமிடெட்	121/94, ERODE, Tamil Nadu
miss:not_in_candidates		S1-221497600	Urgent Care Group	Montgomery, 9220 Autumnbrooke Way, AL	S2-250512222	Urgent (Care) Enterprises	
miss:not_in_candidates		S1-367795498	Capital Plumbing	1636 Briar Rose Place, Unit 172, Salt Lake City, UT	S3-14181457	Capital Plúmbing	
miss:not_in_candidates		S1-798149046	Mona Green LLP	11-1-471, Aravind Nagar, Ananthapuram, Ananthapuram, Anantapur, Andhra Pradesh	S3-514005262	Mona  LLP Center	11-1-471, Anantapur, AP
miss:not_selected	0.4133217008483754	S1-586935722	Glasgow Regional Services	54 Keith Avenue, Glasgow, MT	S2-31687405	GLASG0W REIONBEL [SERVICES]	#54 KEITH AVE, GLASGOW, MT
miss:not_in_candidates		S1-410247904	Christmas & Marshall Diagnostics Inc.	1404 Hadleigh Pl, Hurstbourne, KY	S2-778505818	CHRISTMAS & INC. DIAGNOSTICS (MARSHALL)	
miss:not_selected	0.578196287934114	S1-146462697	Hyderabad Mineral Private Limited	304-A, Vanamali Apartments, Road No. 78, Ambedkar Nagar, Jubilee Hills, Hyderabad, Telangana	S2-683456256	Hyderabad Mineral  Limited Private	#339 304-A, VANAMALI APARTMENTS, ROAD NO. 78, AMBEDKAR NAGAR, JUBILEE HILLS, HYDERABAD, Telangana
miss:not_in_candidates		S1-647234929	Trusted Bridge Corp	2116 Forest Oak Drive, Akron, OH	S2-99054891	Trusted Bdgreo Corp	
miss:not_selected	0.21340423080387652	S1-838502337	Boon Corp	981 Breakwater Place, Polk City, IA	S3-373129690	Boon Córp	
miss:not_in_candidates		S1-358446008	Jai Projects Private Limited	A/87, Saffron City Vatika, Village-Jolva, Dahej, Vagra, Vagra, Bharuch, Gujarat	S3-556169169	M/s jai projects private limited	
miss:not_in_candidates		S1-605770457	Hotel All Exports Private Limited	Flat No.331, B-Block, Raghavendramirrapanchajan, Tirumalagiri, Hyderabad, Telangana	S3-167968359	Hotel	Tirumalagiri, B-Block, Raghavendramirrapanchajan, Hyderabad, Flat No.331, Telangana
miss:not_selected	0.3598418670153659	S1-570585245	Clark Dental Associates	430 Orchard Island Road, Russells Point, OH	S3-454528198	Clark Dental Associates LP	
miss:not_in_candidates		S1-420774336	Ongole Constructions Private Limited	Ff 30 Avishkar Complexold Padaroad Vadodara, Gujarat, Vadodara, Gujarat	S2-610839281	ONGOLE PRIVATE LIMITED CENTER	
miss:not_in_candidates		S1-126972356	Laxmi Investment LLP	Khasra No. 7/21, Village Nangli Poona, Near Jain Man, Delhi, New Delhi, Delhi	S2-787877364	Laxmi LLP-Partners	KHASRA NO. /21 , VILLAGE NANGLI POONA, NEAR JAIN MAN, DELHI, Delhi
miss:assigned_elsewhere	0.0010374409780471142	S1-829411967	Urgent Care Partners, LLC	13821 Village Mill Drive, Maugansville, MD	S2-752713285	Urgent Care Partners, L.L.C.	
miss:not_in_candidates		S1-198016064	Blue Association	13 Dolores Road, Portland, CT	S3-151829120	Blue Assogciaion	
miss:not_in_candidates		S1-215384076	Maa Estate Private Limited	Sr. No. 201, Office No. D-103, Aristoliya, 17 1/2, Pune City, Pune, Maharashtra	S3-333598590	Maa Private Limited Partners	Sr. No. 201, Office No. D-103, Aristoliya, 17 1/2, Pune City, Pune, MH
miss:not_selected	0.3346709915256778	S1-856811854	Foods Machino Finance Private Limited	Sahyog Colony, In Front, Of Colony Garden, Near Kolte Nurshing Home, Ganesh, Nagar, Gondia, Gondiya, Maharashtra	S2-712279589	Foods Máchino Finance Private	BLOCK G-C-825 SAHYOG COLONY, IN FRONT, OF COLONY GARDEN, NEAR KOLTE NURSHING HOME, GANESH, NAGAR, GONDIA, महाराष्ट्र
miss:not_in_candidates		S1-99583509	Devsons Farms LLP	Floor-5, Plot-195, Arcadia Building, Vinayak Kumarshah Marg, Nariman Point, 1, Mumbai City, Maharashtra, Mumbai	S2-945021227	FÁYEKELO	1, MUMBAI, Maharashtra
miss:not_selected	0.253542656817913	S1-897154500	Orissa Star	Iit Madras Research Park, Oifa First Floor Kanagam Road, Taramani, Chennai, Tamil Nadu	S2-329851715	ORI5SA  STHDAR	IIT MADRAS RESEARCH PARK, OIFA FIRST FLOOR KANAGAM ROAD, TARAMANI, CHENNAI, Tamil Nadu
miss:not_in_candidates		S1-150728631	L 4 I Allstate PLLC	CA, 5995 York Glen Way, Sacramento	S2-732204151	L 4 I Enterprises	
miss:not_in_candidates		S1-6372835	Guru Threads Ltd	Pt No 853 H Road No 44, Jubilee Hills, Hyderabad, Telangana	S3-748482040	Guru Ltd Services	Pt No 853 H Rad No 44, Hyderabad, Jubilee Hills, Andhra Pradesh
miss:not_in_candidates		S1-703770160	Reor Inc	AR, 3012 Main Street, Brinkley	S2-991775528	Rero Inc	3012D MAIN STREET, BRINKLEY, AR
miss:not_selected	0.26580305577385893	S1-833935434	Aditya Marketing Private Limited	284, Venkatpeth, Bagalkot, Karnataka	S2-366861959	ಆದಿತ್ಯ ಮಾರ್ಕೆಟಿಂಗ್ ಪ್ರೈವೇಟ್ ಲಿಮಿಟೆಡ್	286, VENKATPETH, BAGALKOT, Karnataka
miss:not_selected	0.17576398625852097	S1-868802096	Oracle Overseas Private Limited	Pune, Pune City, Sr No 95/1, Landge Nagar, Pune Nashik Highway, Maharashtra	S3-756786881	Oracle Overseas Private	
miss:not_in_candidates		S1-285298697	Karni & Sons Private Limited	Jaipur, 5A & 5D, Corporate Tower A-2, Near Jawahar Circle Jawahar Lal Nehru Marg, Rajasthan, Jaipur	S3-742631376	KS	5A & 5D, Corporate Tower A-2, Near Jawahar Circle Jawahar Lal Nehru Marg, Jaipur, Rajasthan
miss:not_in_candidates		S1-112852408	Big Deli	17 10th Street, Woodbine, IA	S3-712582236	Zetaviohalo	17 Tenth Street, Woodlawn Addition, Iowa
miss:not_selected	0.3021754589956734	S1-947469538	Gsd Laboratries (India) LLP	Room No.-3, Shabira Chawl, Jawahar Nagar, Khar, Mumbai, Maharashtra	S2-523894360	Gsd Laboratries	
miss:assigned_elsewhere	0.4908791107383349	S1-815413368	Wetzel Rapid Pet Care LLC	119 Alden Drive, NY, Port Jefferson	S3-692672374	Wetzel Rapid Pet Care (LLC)	
miss:not_selected	0.6088010562691811	S1-847473617	Piedmont Midland	8443 Ice Dam Hollow, Catlettsburg, KY	S2-452302879	Piedmont Midland	
miss:not_selected	0.18529847898847848	S1-636994175	Finchum & Morris LLC	3620 Coolidge Avenue, Baltimore, MD	S3-839517043	Finchum & Mórris	
miss:not_in_candidates		S1-839151516	Great International Pvt Ltd	704/60, South Delhi, Seventh Floor, 60, Skylark Building, New Delhi, Delhi	S2-53714540	M/s Great Íhterantonal Pvt Ltd	
miss:not_selected	0.440875663757627	S1-321720785	Prk Educational Society	62/1/15, Bommanahalli Layout, Kodichikkanahalli Main Road, Bommanahalli Village, Begur H, Obli, Bangalore, Karnataka	S3-204691653	Prkeducationalsociety.Com	H.no 243 62/1/15, Bangalore, KA
miss:not_selected	0.2537055006919922	S1-610448735	Dream Public School Pvt. Ltd.	8-2-682/B/6/A Road No. 12, Banjara Hills, Hyderabad, Andhra Pradesh, Telangana	S3-992420893	Dream Public School Pvt.	
miss:not_selected	0.052972677083421627	S1-864500234	Direct Investment Dynamics	2512 Jasmin Lane, Huachuca City, AZ	S3-330797445	Direct Investment Services	2511 Jasmin Lane, Huachuca City, Arizona
miss:not_selected	0.460716608314104	S1-585108697	SBE Uranium LLC	703 Muirkirk Lane, Ballwin, MO	S2-880588629	SBE Uranium	
miss:not_selected	0.1469648544831886	S1-845721066	Height Solutions Private Limited	Tirumalagiri, Telangana, Srinivasa Nagar, Colony, Temple Alwal, Hyderabad, P No.59	S3-671735951	heightsolutionscom	H.no 8-299 P No.59, Srinivasa Nagar, Colony, Temple Alwal, Tirumalagiri, Hyderabad, TG
miss:assigned_elsewhere	0.00006485066395324966	S1-331045405	Kavita Housing Private Limited	Plot No.12B, Road No.2, Banjara Hills, Hyderabad-34., Telangana	S2-954735843	pkhousing.com	DOOR NO 12B, HYDERABAD-34., Andhra Pradesh
miss:not_in_candidates		S1-250300722	Blue International	H. No. 350 A, Main Road Gali No.1 Hadi Nagar Dhorra Mafi, Aligarh, Uttar Pradesh	S3-790703999	Blue Service	H. No. 0350 A, Main Road Gali No.1 Hadi Nagar Dhorra Mafi, Aligarh, UP
miss:assigned_elsewhere	0.014078889764945502	S1-444852614	Mount Cathedral	Kiryas Joel, NY, Unit Unit 402, 1 Preshburg Boulevard	S3-860070677	Mount Mount Cathedral	
miss:not_selected	0.3659198426538279	S1-9656820	ZU Infratech Private Limited	Mr. Sundardas Landge, 405, Swami Vivekanand Nagar Saidapur, Malwadi, Taluka & Dist Satara, Malwadi Saidapur Satara, Satara, Maharashtra	S2-912230549	ZU-Limited ZU-Limited Private Infratech	HN 528 MR. SUNDARDAS LANDGE, MALWADI SAIDAPUR SATARA, SATARA, Maharashtra
miss:not_in_candidates		S1-60569461	Engineering Mercantile Private Limited	House No. 130, Najjik Pangri, Badnapur, Jalna, Maharashtra	S3-901546270	Engineering Private Limited Services	House No. 130, Jalna, महाराष्ट्र
miss:not_selected	0.2990092923359156	S1-309322761	Stone Proem	4225 12th Street, Unit 2503, Phoenix, AZ	S3-169405985	Stone Proem Corporation	
miss:not_in_candidates		S1-241602595	Shiv Business Pvt Ltd	No. 27, K. No. 46/1/27, 3Rd Main, 1St Block Ayyappanagar, Bangalore, Karnataka	S2-235394234	Ltd Shiv Business Pvt	Karnataka, BANGALORE, NO 2-27, BENGALURU
miss:not_in_candidates		S1-328068942	Lopez's Financial	2965 Fenwood Drive, Columbus, OH	S3-603764945	Lopez's Financial Co	
miss:not_in_candidates		S1-44053277	Lakshmi Builders Private Limited	1301 Signia High, Borivlai East, Maharashtra, Mumbai, Off. Western Express Highway, Magathan, Cts 166/A, 166/B, 166/C, 166/D, Borivali East, Mumbai	S2-966687569	लक्ष्मी बिल्डर्स प्राइवेट लिमिटेड	#130 SIGNIA HIGH, BORIVLAI EAST, BORIVALI EAST, Maharashtra
miss:not_in_candidates		S1-28935952	Smith Oncology Co	1111 110th Avenue E, Tulsa, OK	S2-580195562	SMITH ONCOLOGY (CO)	
miss:not_in_candidates		S1-796040418	Scott Elite Third	1323 7900, Unit 200, West Jordan City, UT	S2-581252903	Scott Elite	
miss:not_in_candidates		S1-219083439	Physical Therapy Clinic Corporation	4333 Montgomery Road, Mary Ann Twp, OH	S2-127583343	Physical Therapy Clinic & Co	
miss:assigned_elsewhere	0.06541584700010601	S1-383435404	Harbor Medical Center	658 Garnette Road, Akron, OH	S2-915307071	Harbor Médical Center	
miss:not_in_candidates		S1-875699848	Jsm Products Private Limited	Jg-1/114B Vikas Puri, New Delhi, West Delhi, Delhi	S2-662731477	Jsm Products Private	
miss:not_in_candidates		S1-49762359	Department of Parks and Recreation	5400 Seabrook Circle, Sioux Falls, SD	S2-419158201	Department of Parks and Recreation Inc	
miss:not_in_candidates		S1-840298726	Naa	6221 Occoquan Forest Drive, Prince William County, VA	S3-747464620	Naa C0rp	Occoquan Forest Dr, Virginia, Manassas
miss:not_in_candidates		S1-423325574	Summit College	201 2nd Street, Beaver, WV	S2-540511961	Summit  Center	2ND SAINT, BEAVER, WV
miss:not_selected	0.484116856393887	S1-98275796	KMQ Wellness Public Limited	Emerald Chamber, Flat No. 902, Vishnupuri, Kesa Colony, 4/285A, Uttar Pradesh, Kanpur Nagar	S2-805917304	KMQ Wellness Public | www.kmqwellne.com	
miss:not_selected	0.596849777602029	S1-35045033	Soliq Saul LLC	1360 Telegraph Street, Unit 101, Washington City, UT	S2-193561786	Soliq Saul	WASHINGTON CITY, PO BOX 3074, 1360-A TELEGRAPH STREET, UT
miss:not_in_candidates		S1-672132334	Sanya Educational Society	Room No-851, Dr. Baba Saheb Ambedkar Nagar Sadhu T L Vaswani Marg, Opp Cuffe Parade, Police St, Colaba, Mumbai City, Maharashtra	S3-337515792	Sanya Society Partners	Room No-851/1, Colaba, Mumbai City, MH
miss:not_selected	0.6234448391499083	S1-271161944	Eye Center of Roma	14 Placido Pena Road, Roma, TX	S2-421522848	Dovakorflux	1 PLACIDO PENA RD, TX, ROMA
miss:not_in_candidates		S1-636708707	Precision Media Holdings LLC	210 Hillcrest Road, Reidsville, NC	S3-341974386	Precision Media Holdings	
miss:not_in_candidates		S1-710909094	Halley Parker American Corporation	4502 Indian School Road, Unit 221, Phoenix, AZ	S3-17904782	Nylatavo	4502 Indian School Rd, PMB 9847, Arcadia, Arizona
miss:not_in_candidates		S1-718405896	Shyam Logistics Private Limited	H No 2-132, Bl-2 Engineering Enclave, Chandanagar, Hyderabad, Telangana	S3-414381742	Shyam Logistics  Private Limited	
miss:not_selected	0.35436495082041364	S1-106989790	Nano Traders Private Limited	C/O Ashok Singh Thakur, New Town, Prabhakar Nagar, Sagar, Madhya Pradesh	S3-404624452	Nano-Traders Private Limited	Hn 224 C/o Ashok Singh Thakur, New Town, Prabhakar Nagar, Sagar, MP
miss:assigned_elsewhere	0.05139448884529919	S1-829895042	Baba International Private Limited	H. No. 137, Lasura, Chinckhede, Ambad, Jalna, Maharashtra	S2-923241258	Baba International Limited Center	
miss:not_in_candidates		S1-258042712	Classic Foods Private Limited	12, Vaikunth Colony, Gotri Road, Vadodara, Gujarat	S3-17237976	classic foods private limited	12, Baroda, Vadodara, ગુજરાત
miss:assigned_elsewhere	0.000010333352404890411	S1-416077759	Education Alliance	East Dundee, IL, 540 Reese Avenue	S3-943622663	Lumaria	Illinois, 54 Reese Ave, Dundee
miss:not_selected	0.6150475974733778	S1-35967812	Elkay Farmer Private Limited	Chennai, Tamil Nadu, Dhanalakshmi Apartments, No:20/74, 1St Avenue, Chennai, Door No: 5	S3-490788591	Elkay Farmer Private  Limited	Plot 866 Door No: 5, Chennai, TN
miss:not_in_candidates		S1-259240432	Surgical Express Physicians Inc	OK, 425 Fourth Street, Langley	S2-867410530	Surgical Express Physicians	
miss:assigned_elsewhere	2.1666466172542147e-6	S1-383298628	Gujarat International LLP	Sr No. 149/2A, Pl No 3, 1St Floor Panchsheel Lake Aundh, Pune, Maharashtra	S3-213933979	ginternational.com	Sr No. 149/2A, Pl No 3, 1St Floor Panchsheel Lake Aundh, Pune, MH
miss:not_in_candidates		S1-696485289	Black Hospitality Private Limited	H.No.8-2-293/82/A/64, Phase No.1 Jubilee Hills, Hyderabad, Telangana	S2-694608771	Black Private Limited Center	H.NO.8-2-293/2/A/64, PHASE NO.1 JUBILEE HILLS, HYDERABAD, తెలంగాణ
miss:not_in_candidates		S1-616092981	Jai Solutions Pvt. Ltd.	Building J, 5Th Floor, Flat No. - J 502, Survey No 130/140/, Mpt 2320, Laburnum Park, Mag, Arpatta, City Hadpsar Pune, Pune, Maharashtra	S2-128047007	Ltd. Jai Pvt. Center	BUILDING J, CITY HADPSAR PUNE, PUNE, Maharashtra
miss:not_in_candidates		S1-641024167	Bombay Global Private Limited	14Th Main Hal 2Nd Stage, Bangalore, No. 3478/C Wardno. 88, Karnataka, Bangalore North	S3-126932367	Bombay Global Private Ltd	
miss:not_in_candidates		S1-475349778	Metropolitan Enhanced PC	OK, 511 2nd Street, Ponca City	S2-450004394	Metropolitan PC (Service)	OK, PONCA CITY, 2TH STREET
miss:not_in_candidates		S1-725711377	Aditya Impex Private Limited	76 E, Pocket-A3 Mayur Vihar, Phase-3, New Delhi, East Delhi, Delhi	S3-782620559	Aditya Impex Private  Limited	
miss:not_in_candidates		S1-947874137	Carlynne Kitch Consumer	29940 Priscilla Court, Elkhart, IN	S3-502352986	CARLYNNE KITCH CONSUMER	
miss:not_in_candidates		S1-119749345	Rustom Solutions Co	B-51, 2Nd Floor, Butler Plaza, Civil Lines, Bareilly, Uttar Pradesh	S3-167429554	Rustom (Solutions)	
miss:not_in_candidates		S1-477508699	Rev It Up Bakery	8734 Tara Loop, Laredo, TX	S3-506287687	Rev  Up It Bakery	
miss:not_selected	0.2586058219609972	S1-682304772	United Animal Hospital	2600 Hillsborough Street, Unit 326, Raleigh, NC	S2-768596704	United  Animal Hospital	2610 HILLSBOROUGH STREET, RALEIGH, NC
miss:not_selected	0.21124876351685726	S1-905284748	Creative Winvest LLC	11830 Scott Simpson Drive, City Of El Paso, TX	S2-390408163	CREATIVE WÍNBEST LLC	11829 SCOTT SIMPSON DR, CITY OF EL PASO, TX
miss:not_in_candidates		S1-661548376	Fresh India Private Limited	4 Chandrakala, R/H B/Hgeeta Nagar, Nashik, Maharashtra	S3-560422229	Fresh India Private  Limited	
miss:not_in_candidates		S1-448146310	Edie Layne Pinnacle Research	5104 Glenhaven Drive, TX, Baytown	S2-981324689	Edie Layne Pinnacle Research Corp	
miss:not_selected	0.6361761222247403	S1-755291955	Morris Proshares Corp	1615 Avenue N, Huntsville, TX	S2-704921217	Morris Corp Proshares	
miss:not_in_candidates		S1-123873899	Cultural Fund	453 Palmetto Avenue, Seneca, SC	S3-990231983	Cultural (Fund)	
miss:not_selected	0.19230945753493536	S1-193875709	Dorsey Independence	107 1st Avenue, Tripoli, IA	S2-238722677	DORSEY-INDEPENDENCE CORPORATION	FIRST AVENUE, FREMONT TOWNSHIP, IA
miss:not_in_candidates		S1-317804430	Clark Lane LLC	13806 Bentpath Drive, Houston, TX	S3-309427726	Clark LLC Center	Texas, 13816 Bentpath Drive, Houston CITY
miss:assigned_elsewhere	1.195124906014749e-6	S1-66430903	Super Trading Pvt Ltd	D-138/Ist G.F, Krishna Park, Khanpur Near Lakshmi State, New Delhi, South Delhi, Delhi	S3-167263315	Super Trading Trading Pvt	
miss:not_in_candidates		S1-416454001	AH Revolutions Limited	A-374 Kalkaji, New Delhi, South Delhi, Delhi	S2-766254249	AH Revolutions	
miss:not_in_candidates		S1-30966023	Dream Builders	B-9, Basement, Plot No-121, Alis Chembers, Sahar Rd, Mumbai, Maharashtra	S3-276632057	Dream Builders Limited	
miss:not_in_candidates		S1-140733698	Star Industrial Solutions Inc	613 Terrace Drive, Winamac, IN	S2-905748735	STAR INDUSTRIAL  SOLUTIONS INC	
miss:not_in_candidates		S1-392217045	Agarwal (India) Click LLP	No.14, Anjanadri Layout, Kalthamanahalli Main Road, Guniagrahara, Hesarghatta Hobl, I, Bangalore, Karnataka	S3-318885155	Agarwal (India)	Door No 14, Bangalore, KA
miss:not_in_candidates		S1-502446827	Youth Rapid Services	2360 Watson Circle, Owensboro, KY	S3-977400047	Youth Youth Services Services	2360c Watson Circle, PO Box 4921, Owensboro, Kentucky
miss:assigned_elsewhere	3.828197959985706e-6	S1-686053669	Modern Investments Private Limited	Rnb Heights 2 Floor Opp Dominos, Idpl X Roads, Chintal Hyderab, Ad, Hyderabad, Telangana	S3-326998679	Sri Modern Private Limited Center	Rnb Heights 2 Floor Opp Dominos, Hyderabad, TG
miss:not_selected	0.008725243658747111	S1-473305697	City Black Consulting Private Limited	37/3983 A2, Ak Tower, Ernakulam, Kerala	S2-22683210	സിറ്റി ബ്ലാക്ക് കൺസൾട്ടിംഗ് പ്രൈവറ്റ് ലിമിറ്റഡ്	#37/3983 A2, AK TOWER, KERLALA, ERNAKULAM, Kerala
miss:not_in_candidates		S1-694261382	Maa Estate Private Limited	Burhanpur, East Nimar, Madhya Pradesh, Mig-01, Sanjay Nagar	S2-760357032	मां एस्टेट प्राइवेट लिमिटेड	BURHANPUR, MIG-01, मध्य प्रदेश, EAST NIMAR
miss:not_in_candidates		S1-705769622	Willow Inc	9273 Old Keene Mill Road, Unit STE 16, Fairfax County, VA	S3-892746872	Willow Inc & Co	
miss:not_in_candidates		S1-112307230	KIN Great Biopharma	306 Hayden Avenue, Syracuse, NY	S2-468851928	KIN  Great Biopharma	
miss:not_selected	0.6139336306184022	S1-18612020	Labarbera Wen Company	725 Maine Avenue, Unit B, Bessemer City, NC	S2-470422173	Labarbera Wen Co	NC, BESSEMER CITY, 725 Maine Ave
miss:not_selected	0.36700355204721646	S1-983501603	Green Enterprises	S-160A Pandav Nagar, Delhi, East Delhi, Delhi	S3-265923025	ग्रीन एंटरप्राइजेज	S-159a Pandav Nagar, East Delhi, Shahdara, DL
miss:not_selected	0.3714251684912233	S1-702762056	HZS Vii LLC	15725 John Diskin Circle, Prince William County, VA	S3-186519261	HZS Víi Víi LLC	
miss:not_selected	0.5614267278135744	S1-67674994	Dyanne Vassar Highland Highland LLC	3213 64th Street, Seattle, WA	S2-970654952	Dyanne Vasser Highland  Highland LLC	64TH ST, PMB 5920, SAETTLE, WA
miss:not_in_candidates		S1-719363387	Horizon Trusted Mountain	92 Battlefield Drive, Charles Town, WV	S3-764350690	Horizon Trusted Center	
miss:not_selected	0.3425694609282919	S1-16158368	Thomson Farmer Limited	Sr No 11/8A Office No 101, 1St Floor Sonali Complex, Pune City, Pune, Maharashtra	S2-728266679	THOMSON FR LIMITED	
miss:not_in_candidates		S1-66075111	M&a Trading Private Limited	D-133, Floor-1, Plot-181(Pt), D Wing, Sant Rohidas Marg, Dharavi, Mumbai, Mumbai City, Maharashtra	S3-714066416	M+a-Taraiing Private Limited	Block D-100 D-133, Mumbai, Mumbai City, MH
miss:not_in_candidates		S1-929431672	Orange Traders Private Limited	2 F F., Sun Rise Avenue, Nr. Darshan Society, Navrangpura, Ahmedabad, Gujarat	S3-580296535	Orange Private Limited Center	#2 F F., Ahmedabad, GJ
miss:not_selected	0.5017174391127152	S1-191610328	Jandy's Mountain Catering	250 Pleasant Valley Road, Unit 116, Oxnard, CA	S3-755083668	jandysmountaincatering.com	Oxnard, Unit 116, California, 250 1/2 Pleasant Valley Rd
miss:not_in_candidates		S1-781724831	Sree Consultants Limited	Office No-411, 4Th Floor Situated At Sunejatower-Ii District Centre, Janakpuri, West Delhi, Delhi	S2-581710118	श्री कंसल्टेंट्स लिमिटेड	OFFICE NO-411, 4TH FLOOR SITUATED AT SUNEJATOWER-II DISTRICT CENTRE, JANAKPURI, WEST DELHI, Delhi
miss:not_selected	0.3092722618330123	S1-955778661	King Pioneer Dragon	560 Blackstone Street, IL, Lasalle	S3-318361587	kpdragon.com	PMB 3976, Lasalle, Blackstone St, Illinois
miss:not_in_candidates		S1-370098175	Bangalore Developers Pvt Ltd	Flat No.S-7, Shreekari Residency, No.10 3Rd Floor, Hebbal, Kempapura, Bangalore, Karnataka	S3-578704987	Bangalore Pvt Ltd Center	Block G-31 Flat No.s-7, Shreekari Residency, No.10 3Rd Floor, Hebbal, Kempapura, Bangalore, KA
miss:assigned_elsewhere	0.0001839817950630393	S1-952226511	Jain Foundation LLP	3036, Koshthi Galli, Barshi, Dist Solapur (Mh), Barshi, Solapur, Maharashtra	S3-289455596	jain foundation llp	
miss:not_in_candidates		S1-495950110	Commission on Motor Vehicles	385 Little Israel Road, Tuscumbia, AL	S2-103575820	Commission on Motor Vehicles #3750	
miss:not_in_candidates		S1-273314774	Dental Green Care Associates LLC	NY, Chester, Unit Unit 1, 14 Vista View Drive	S3-164729326	Dental Green Care Associates Llc	
miss:not_in_candidates		S1-266992679	Nischint Aqua Private Limited	Beltala, Chamrail, Howrah, West Bengal	S3-105692781	Nischint Aqua	
miss:not_selected	0.5333038378635079	S1-157533931	Bright Cafe	2560 Fillmore Avenue, Ogden City, UT	S2-980554671	cafebright.com	OGDEN, UT, 2560 1/2 FILLMORE AVE
miss:not_in_candidates		S1-288801688	XL Polymer LLP	C/O-Ram Briksh Sah, Dumri, Gober Sahi Mahavir Chauk, Muzaffarpur, Bihar	S3-472744266	XL  Polymer LLP	
miss:not_selected	0.4985588174472764	S1-652461636	Apex Analytics Labs LLC	202 Prickly Pear Drive, Saratoga Springs, UT	S3-516416716	Apex Labs Analytics Analytics LLC	203 Prickly Pear Drive, Saratoga Springs, Utah
miss:assigned_elsewhere	0.1805183601732843	S1-642313713	Jasper LLC	3481 79, Colesville, NY	S2-690580957	JASPER LLC Ventures	
miss:not_selected	0.36790254349078594	S1-12412114	Harman Living Co	C/O. Sk Ahidul Islam, Dalapatipur, Kharagpur, West Midnapore, West Bengal	S3-636745561	harman living c0	Door No 323 C/o. Sk Ahidul Islam, Kharagpur, West Midnapore, পশ্চিমবঙ্গ
miss:not_selected	0.026601932580402186	S1-353954426	Direct Clear Neighborhood LLC	629 Briarglen Drive, Coppell, TX	S2-761218482	Direct Clear Neighborhood L.L.C.	620 BRIARGLEN DRIVE, COPPELL, TX
miss:not_in_candidates		S1-533039493	Carpenters Local 781	3321 36th, Yuma, AZ	S2-257263181	Carpenters [Services] Local	
miss:not_in_candidates		S1-974027973	Lords Carrier Limited	Chennai, No.22 F.No-2A 1St Street, Tamil Nadu, Dr Kothari Nagar, Ramapuram	S3-52155534	L0rds Limited Services	Door No C-22 F.no-2a 1St Stseet, Chennai, Nandambakkam, தமிழ்நாடு
miss:not_in_candidates		S1-205412895	Hill Arts Co	Duxbury, 204 Bianca Road, MA	S3-865760644	Hill Alnts Co	
miss:not_in_candidates		S1-311389578	Smits Garden Inc	Smithfield, NC, 141 Melvin Court	S2-630737560	Ectonex	MELVIN COURT, PO BOX 8347, SMITHFIELD, NC
miss:not_in_candidates		S1-549389872	Developers Brothers Private Limited	C/O Bhunda Ram, Seeriyar, Marwad Junction, Ranawas, Marwar Jn., Pali, Rajasthan	S3-477675751	Smt Fluxzeta	C/o Bhunda Ram, Seeriyar, Marwad Junction, Ranawas, Pali, राजस्थान
miss:not_in_candidates		S1-521224221	24HR Fitness	3729 Lane Avenue, Phoenix, AZ	S3-760463098	24HR  Fitness Trading	
miss:not_selected	0.6062266252174955	S1-780110035	Lewis, Hicks & Ortiz Stores	413 Travis Street, Deer Park, TX	S2-435004106	lewis, hicks & ortiz stores	
miss:not_in_candidates		S1-604394149	Ganga Investments Group	B-120, Ground Floor, Sector-88, Gautam Buddha Nagar, Uttar Pradesh, Dadri, Gautam Buddha Nagar, Uttar Pradesh	S3-74400857	Ganga Investments	
miss:not_in_candidates		S1-994587698	Mount Chapel Corp	50 West Street, Unit Apartment B6B, Harrison, NY	S3-542828670	Mount Cheapel Corp	
miss:not_selected	0.4735145152692153	S1-393889535	Hovis Metro Consultants LLC	2800 Baker Street, Kimmell, IN	S2-391841603	HOVIS METRO CONSULTANTS LLC	
miss:not_in_candidates		S1-86785032	National Health Center	OK, 6917 76th Street, Tulsa	S2-615256687	Haloverariza	OK, TULSA, 6917 76ST STREET
miss:not_in_candidates		S1-428370098	Red Swastik Enterprises Private Limited	Flat No.02 Plot No. 06, Sector 42, Nerul, Thane, Maharashtra	S3-306664788	Red	Flat No.02 Plot No. 06, Sector 42, Nerul, Thane, Maharashtra
miss:not_selected	0.43519478539477735	S1-156651400	Prakhar (india)private Pvt Ltd	Khasra 115, Azad Nagar, Barkhedapathani80Feetroad, Huzur, Bhopal, Madhya Pradesh	S3-292024561	Prakhar (Índia)Private Pvt	Khasra 113, Bhopal, Huzur, MP
miss:not_selected	0.1410714643636142	S1-960387990	Desoft Inc.	4100 Pioneer Woods Drive, Lincoln, NE	S2-754508454	desoft inc.	4110 PIONEER WOODS DRIVE, LINCOLN  TOWNSHIP, NE
miss:not_in_candidates		S1-870664712	Silver Diner LLC	633 Barnard Avenue, Hempstead, NY	S3-716934953	Silver Diner (LLC)	
miss:not_selected	0.28629087177025053	S1-983997796	Merkle Municipal	118 Kittredge Road, Pittsfield, MA	S3-767820738	Merkle Municipal	
miss:not_in_candidates		S1-495841428	Jai Developers Private Limited	G-51/3A, Abul Fazal Enclave-Ii Shaheen Bagh, New Delhi, Delhi	S2-661359948	जय डेवलपर्स प्राइवेट लिमिटेड	G-51/3A., ABUL FAZAL ENCLAVE-II SHAHEEN BAGH, NEW DELHI, Delhi
miss:not_in_candidates		S1-201785577	Verriq Trg Inc	702 9th Avenue, Langdon, ND	S2-456631165	Vhdreri Trg Inc	702 9RD AVE, ND, LNGDON
miss:not_in_candidates		S1-280380467	All Learning Works LLC	113 Alpine Street, Oxnard, CA	S3-771192504	All-Learning Works LLC	
miss:not_selected	0.13384877322220584	S1-834215178	Stonehenge Trading Private Limited	Gujarat, Daskroi, South Tower, 1203 - 12 Th Floor, Nr Ashok Vatika, Iskon - Ambli Road, Ambli, Ahmedabad, Iskon - Ambli Road, Ambli, One42, Ahmedabad	S3-58318834	@stonehengetrading	One042, Daskroi, GJ
miss:not_in_candidates		S1-448708179	Coastal Group	609 Normandy Road, Newton, KS	S3-572940767	Coastal.Com	09 Normandy Rd, Newton, Kansas
miss:assigned_elsewhere	0.000014073622137330237	S1-602743232	Lakshmi Developers Private Limited	C-56 G/F, Kh.No-180, Chankya Marg Chhajjupur, Shahdara, Delhi	S2-26082331	लक्ष्मी डेवलपर्स प्राइवेट लिमिटेड	SHAHDARA, KH.NO-180, CHANKYA MARG CHHAJJUPUR, दिल्ली, C-56. G/F, SHAHDARA
miss:not_selected	0.18587799737175414	S1-538697056	Swami Traders Private Limited	Bs Bhavan, Kallamvila, Thiruvananthapuram, Thiruvananthapuram, Trivandrum, Kerala	S3-791590488	Swami Traders Private	
miss:not_selected	0.5566218290464874	S1-885107288	Tayal Brothers Private Limited	Shop No. 28 Royal Mart, Phirni Road, Fazilka, Firozpur, Punjab	S3-371675729	Tayal Brothers Private [Limited]	
miss:not_in_candidates		S1-406494776	My Power Private Limited	A.F., Jhitkahiya Road, Near Sai Vivah Bhawan, Mushahari, Muzaffarpur, Bihar	S3-584973971	माय पावर प्राइवेट लिमिटेड	A.f., Jhitkahiya Road, Near Sai Vivah Bhawan, Mushahari, Muzaffarpur, बिहार
miss:not_selected	0.5099116718893242	S1-816990516	Sunvision & Brothers Private Limited	C 426, Beta I Greater Noida, Greater Noida, Gautam Buddha Nagar, Uttar Pradesh	S3-183602899	Sunvision Brothers Private Límited Center	
miss:not_in_candidates		S1-280971824	Aroma Packaging	Unit-227, Delhi, Newdelhi, S/F, Plot No 7, Vardhman Jaypee Plaza, Comm.Centre, Sec.4, Dwarka, South West Delhi	S2-22405686	Aroma Services	
miss:not_in_candidates		S1-223744233	Miller & Rodriguez Franklin PC	93 Isaiah Smith Lane, Morris, CT	S3-810555720	Miller & & Rodriguez	
miss:not_selected	0.22985389448155802	S1-823282056	Chemical & Sons Pvt. Ltd.	21/4, Subhash Road Ganeshpeth, Nagpur, Maharashtra, Nagpur	S2-800452897	Chemical & Soss Pvt. Ltd.	
miss:not_in_candidates		S1-222472589	Liberty Committee III	619 Olde River Court, Village Of Allouez, WI	S2-518274829	Liberty Cómmittee III	
miss:not_in_candidates		S1-104601512	Surya Investments	Flat No 15 Vcr Estates Behind Velagapudi Cold Storage Ashok Nagar, Vijayawada, Krishna, Andhra Pradesh	S3-285838290	Mr Surya Investments  Limited	
miss:not_in_candidates		S1-537529367	West Surgical	309 Regency Oaks Circle, Apex, NC	S2-872690494	West Surgical	
miss:not_in_candidates		S1-565590585	Physical Therapy Health LP	3333 Dunlap Avenue, Unit 296, Phoenix, AZ	S2-120486355	@physica1therapy	DUNLAP AVE, WASHINGTON, AZ
miss:not_selected	0.6137258084360376	S1-858892790	Unified Freight Technologies LLC	1144 Birmingham Street, Tarrant, AL	S3-266718108	Unified Fréight Technologies LLC	
miss:not_in_candidates		S1-797693736	Optimal Materials Technologies	2392 Belmont Avenue, Ashdown, AR	S3-216684156	Umbrafaye	Belmont Ave, Ahsdown, Arkansas
miss:assigned_elsewhere	0.07561385188245305	S1-873787615	National Foundation Inc	3065 28, Webb, NY	S3-342608777	National Fondulion Inc	
miss:not_in_candidates		S1-260656198	Big Properties Private Limited	Delhi, Gali No. 17, I Block, Hari Nagar Extension, New Delhi, Badarpur, 402 B	S3-119935793	बिग प्रॉपर्टीज प्राइवेट लिमिटेड	#412 B, South East Delhi, New Delhi, DL
miss:not_in_candidates		S1-195954541	Total Pinnacle Asset LLC	318 Menkhus Manor Drive, Pevely, MO	S3-309216143	Total Asset LLC Services	
miss:not_in_candidates		S1-518440197	Slv Brothers Private Limited	A 198 Gujrawala Town Delhi, Delhi, North Delhi, Delhi	S2-956150232	Slv Brothers Limited Private	
miss:not_in_candidates		S1-831325027	Green & Co	H.No 654, Sawari, Bhandara Dt Near Gram Vikas School, Indiranagar, Sawari, Bhandara, Maharashtra	S3-607114422	Green Co [Services]	Door No 65, Bhandara, MH
miss:not_in_candidates		S1-157358613	Dickinson Orange Inc	455 Lincolnshire Drive, Sycamore, IL	S2-441145576	dickinson orange inc	
miss:not_in_candidates		S1-570029234	Catapult Bharat (India) Pvt Ltd	Narayan 5 Gaurang Societykarve Nagar, Pune, Maharashtra	S2-348398029	CATAPULT BHARAT PVT LTD SERVICES | (www.catapultb.com)	
miss:not_in_candidates		S1-75468437	Perfect Care Pvt Ltd	Ground Floor, Ward No - 3 Bharpet Galli, Near Jambagi Road, Jamkhandi, Bagalkot, Karnataka	S2-133740192	Ltd Perfect Pvt Sérvices	GROUND FLOOR, BAGALKOT, Karnataka
miss:not_in_candidates		S1-282897446	Johnson Peak Dynamix Care	708 Cherokee Street, Jonesborough, TN	S3-331918695	Johnson Peak Dynamix Partners	
miss:not_in_candidates		S1-473345040	International Solutions	1, N. S. Road 2Nd Floor, Kolkata, Kolkata, Howrah, West Bengal	S3-37761311	International Services	01, N. S. Road 2Nd Floor, Kolkata, Kolkata, Howrah, WB
miss:not_selected	0.5015415021314891	S1-547478620	Ravindra Tulsi Private Limited	C 6 Sector G, Lda Colony Kanpur Road, Ashiyana, Lucknow, Uttar Pradesh	S3-110062850	Ravindra Tulsi  Private	C 3 Sector G, Lda Colony Kanpur Road, Ashiyana, Lucknow, UP
miss:not_selected	0.19766964638302478	S1-21811113	Apex It Private Limited	Fl 506, A-W, Shivam Heights, Opp. Water Tank, Belawali, Ambarnath, Thane, Maharashtra	S2-57745559	एपेक्स आईटी प्राइवेट लिमिटेड	FL 507, A-W, SHIVAM HEIGHTS, OPP. WATER TANK, BELAWALI, AMBARNATH, ULHASNAGAR, महाराष्ट्र
miss:not_in_candidates		S1-510665441	Unique Management Private Limited	Manaskumardas Radha Kanta, Mothabari Stand Kaliachak, Mothabari, Malda, West Bengal	S2-116372621	Unique Management Prdieate Limited	
miss:not_in_candidates		S1-885661189	Sweet Pub Inc	Boston, Unit 7B, MA, 1 India Street	S2-449846040	Quolyra	1 INDIA ST, BOSTON, MA
miss:assigned_elsewhere	0.00010080998499421409	S1-883147389	Aditya Services Private Limited	505, Tulsiani Chambers, 5Th Floor Free Press Journal Marg, Nariman Point, Mumbai, Mumbai City, Maharashtra	S3-761003477	Aditya Srnervices  Private Limited	505, Mumbai, Mumbai City, MH
miss:not_in_candidates		S1-762898647	Ward and Puig Floating LLC	1315 Avenue I, Council Bluffs, IA	S2-190403496	Ward and Puig Floating Llc	
miss:not_selected	0.45700806295775387	S1-575602566	Tirupur District Technologies Pvt. Ltd.	Survey No 356 & 391, Periyakumarapalayam Village Gudimangalam, Dharapuram Taluk, Tirupur District, Coimbatore, Tamil Nadu	S2-307256379	Tirupur District Technologies Pvt.	0339 & 391, PERIYAKUMARAPALAYAM VILLAGE GUDIMANGALAM, DHARAPURAM TALUK, TIRUPUR DISTRICT, Tamil Nadu
miss:assigned_elsewhere	0.0035598152996940834	S1-795706193	OIM Estates Private Limited	1-4-355, Chaitanya Nagar, Nsf Road, Metpally, Karimnagar, Telangana, Karimnagar, Telangana	S3-398281163	OIM Private Limited (Services)	1-4-355, Karimnagar, TG
miss:not_selected	0.2811220730964668	S1-684199767	Blue Investment	S205 2Nd Floor, Crystal Arc Building, Mangalore, Dakshina Kannada, Karnataka	S2-972660807	B1ue Investment (LLP)	S05 2ND FLOOR, CRYSTAL ARC BUILDING, DAKSHINA KANNADA, Karnataka
miss:not_in_candidates		S1-44950671	Lower River LLC	NY, Islip, 134 Juniper Avenue	S3-511159989	Lower LLC Services	13 Juniper Ave, Islip, New York
miss:not_in_candidates		S1-317814256	Kolkata Builders Private Limited	Shree Krishna Square, 2A Grant Lane 6Th Floor, Unit No. 6B, Kolkata, Kolkata, Howrah, West Bengal	S3-684578993	Builders	Shree Krishna Square, 2A Grant Lane 6Th Floor, Unit No. 6B, Kolkata, Kolkata, Howrah, West Bengal
miss:not_selected	0.5847519240578896	S1-116968392	Hinojosa, Lavery & Lara	4536 Tacoma Terrace, Fort Worth, TX	S2-542707039	... LAVERY HINOJOSA, &	4523 TACOMA TERRACE, FORT WORTH, TX
miss:not_selected	0.47345845351838817	S1-497847562	Bombay Developers LLP	Ambrosia Chsl Off W E Highway, Devipada, Maharashtra, 902, Borivali East, Mumbai	S3-65070696	Bombay  Develods LLP	90, Ambrosia Chsl Off W E Highway, Devipada, Borivali East, Greater Mumbai, MH
miss:not_selected	0.6083105369010174	S1-894207631	Knots Consultancy Private Limited	West Bengal, 9 Ram Sevak Mullick Lane3Rd Floor, Calcutta, Kolkata	S2-786188556	Kn0ts Consultancy Private	#9 RAM SEVAK MULLICK LANE3RD FLOOR, KOLKATA, GIRISH PARK, West Bengal
miss:not_in_candidates		S1-884526565	City Constructions LLP	Office No 405, 4Th Floor, Landmark 26 Ravapar Road, Morbi, Rajkot, Gujarat	S2-134621127	Mr City Constructions Llp	
miss:assigned_elsewhere	0.0039588300478827065	S1-165896148	Anchor Omega LLC	370 3rd Street, Clymer, PA	S3-708731660	Anchor LLC Services	370- 3rd St, Clymer, Pennsylvania
miss:not_in_candidates		S1-184670639	Human Rights Trust	3797 370 Road, Spaulding, OK	S3-301697470	Human Relghts Trust	
miss:not_in_candidates		S1-770632056	Delhi Commerce Company	Kh. No. 771 Ground Floor Kirari Suleman Nagar, Karan Vihar Ph 5, Delhi, North Delhi, Delhi	S3-685837303	Delhi Company Center	Karan Vihar Ph 5, Delhi, Kh. No. 771 Ground Floor Kirari Suleman Nagar, North Delhi, DL
miss:not_selected	0.6262332287517148	S1-312745938	Mumbai Marine Private Limited	805, 8Th Flr., 19A, Pinnacle Corporate Park Bandra Kurla Complex, Bandra East, Mumbai, Mumbai City, Maharashtra	S3-356264192	Mumbai Mumbai Marine-Private Limited	05, Mumbai City, Bombay, MH
miss:not_selected	0.40838479234523	S1-654117201	Jai Finance Private Limited	Sec-57, Chinese, Please Mkm Market, Gurgaon, Shop No 18, Sector -45, Haryana	S3-295947219	Smt Jai Finance Prívate (Limited)	Sector -45, 18/6, Gurgaon, HR
miss:not_in_candidates		S1-606339684	Raj Consulting LLP	466, Shree Vihar Chandrasekharpur, Bhubaneswar, Khordha, Orissa	S3-115490653	ରାଜ କନସଲଟିଂ ଏଲ୍‌ଏଲ୍‌ପି	Khordha, 66, OD
miss:not_in_candidates		S1-263751645	Nj & Co Company	36Harvey Road Tirupur, Coimbatore, Tamil Nadu	S3-804816529	Nj Co Company Services	36Harvey Road Tirupur, Coimbatore, தமிழ்நாடு
miss:not_selected	0.12278153481350623	S1-24599793	Prashant Farm Pvt. Ltd.	Hno 71 3Rd Floor, Blk-B, Delhi, North West Delhi, Delhi	S3-974865105	Prashant Farm Pvt. [[Ltd.]]	G-68 3Rd Floor, Blk-b, North West Delhi, N/A, DL
miss:not_selected	0.39061610600798125	S1-824442830	VH Finance Pvt. Ltd.	Thodupuzha, Building #44, Kizhakkevelikkakath Pazhayamattom Ottalloor P.O, Karimkunnam, Ward 10, Idukki, Kerala	S3-995570502	VH Fance Pvt. (Ltd.)	Ward 10/7, Thodupuzha, Idukki, കേരളം
miss:assigned_elsewhere	0.00035727405100327553	S1-620327377	Abel Wealth, Inc	Amarillo, 8604 Binder Street, TX	S3-372677973	Abel Inc Services	
miss:not_in_candidates		S1-229085302	Shyam Marketing LLP	5Th Floor, Sky One, S.No.210, Plot No72, Kalyani Nagar, Villageyerwada, Taluka Ha, Veli, Pune, Maharashtra	S3-183399105	Shyam Marketing	5Th Floor, Pune, MH
miss:not_selected	0.6388507228868815	S1-66131636	Walter Tinto LLC	2255 Fox Sedge Way, Unit G, OH, West Chester	S3-388718410	Walter Tinto  LLC	
miss:not_selected	0.014435259128179823	S1-908558975	Manjira Solution Limited	Vanniar Street, 15/25, Ambattur, Tamil Nadu, Tiruvallur	S2-786227857	MANJlRA SOLUTION	13/25, VANNIAR STREET, AMBATTUR, Tamil Nadu
miss:not_selected	0.602913273071778	S1-78303383	Indo Agency	Flat No.Gb, Ground Floor, Rabindra Pally Af-357, Krishnapur, Hanapara, Kolkata, Parganas North, West Bengal	S2-548576043	Indo (Agency)	H.NO 866 FLAT NO.GB, GROUND FLOOR, RABINDRA PALLY AF-357, KRISHNAPUR, HANAPARA, KOLKATA, West Bengal
miss:not_in_candidates		S1-737363619	Alpha Infrastructure Private Limited	34, Manjushri Society, Ranna Park, Ghatlodia, Ahmedabad, Gujarat	S2-293462934	આલ્ફા ઇન્ફ્રાસ્ટ્રક્ચર પ્રાઇવેટ લિમિટેડ	AHMEDABAD, AHMEDABAD HQ REGION, B3/34, Gujarat
miss:not_in_candidates		S1-920820655	Cascade Fund	467 Tanager Drive, Redmond, OR	S2-208753299	Cascade Center	TANAGER DR, null, REDMOND, OR
miss:not_selected	0.18113259425754913	S1-271211440	Lenee Longmire Pioneer Aimei Partners	8705 Waterrock Road, Charlotte, NC	S2-78324433	Lohgme, Lenee Pioneer Aimei Partners	8716 WATERROCK RD, CHAROLTTE, NC
miss:not_in_candidates		S1-181873529	HM Oleochem	105 B Wing Plt No 2, Cts 22 Majas Jogeshwari, Jogeshwari East, Mumbai, Maharashtra	S3-449752532	HM Services	H.no C-105 B Wing Plt No 2, Cts 22 Majas Jogeshwari, Jogeshwari East, Mumbai, MH
miss:not_in_candidates		S1-235636319	Empire Pediatrics	360 Pharr Road, Unit 332, Atlanta, GA	S3-38131630	Empire Services	Unit 332, Georgia, 360 Pharr Road, Atlanta
miss:not_in_candidates		S1-442321850	Lakshmi Properties Private Limited	628 - S/373/4, Shakti Nagar, Indira Nagar, Lucknow, Uttar Pradesh	S3-713730871	Lakshmi Properties Prfisea Limited	
miss:not_selected	0.46947226790034946	S1-871225078	Farrah Mitchell Resource P.C.	53 Teed Drive, Randolph, MA	S3-904838084	Farrah Mitchell Resource Inc	114-116 Teed Drive, Randolph, Massachusetts
miss:not_in_candidates		S1-69324533	IE Systems Corporation	Surendranagar, Ceratune Ceramic, Gujarat, Surendra Nagar, Ls 202, Thangadh	S3-434388326	Jaxonyx	Ceratune Ceramic, Rajkot Region, GJ
miss:not_in_candidates		S1-455129918	Danni Garciasanchez Charlton Inc	4 Timber Lane, Vernon, CT	S3-236375136	Danni Garciasanchez Charlton Inc	
miss:assigned_elsewhere	0.3316762308198817	S1-385002418	Good Marketing Limited	Plot No 422, Road No 6, Gali No-11 Mahipalpur Ext., Near Tnt, New Delhi, South West Delhi, Delhi	S2-873294130	गुड मार्केटिंग लिमिटेड	PLOT NO 42, SOUTH EAST DELHI, SOUTH WEST DELHI, Delhi
miss:not_in_candidates		S1-32327343	Galaxy Management Private Limited	103, Balaji Residency, Mamletdarwadi Liberty Garden, Malad W, Mumbai, Mumbai City, Maharashtra	S3-757673572	गैलेक्सी मैनेजमेंट प्राइवेट लिमिटेड	No C-423 103, Mumbai, Mumbai City, MH
miss:not_selected	0.4416658397779596	S1-825575753	Anchor Infrastructure Alliance LLC	9809 Jarboe Street, MO, Kansas City	S3-377922591	Anchor Infrastructure Alliance  LLC	809 Jarboe Saint, Kansas City, Missouri
miss:not_selected	0.23390421271374104	S1-938165456	Calcutta Brothers Private Limited	6, 620, Ansal Chamber-2, Bhikaji Cama Place, New Delhi, Delhi	S2-900015831	Calcutta Brothers Private Ltd	
miss:not_selected	0.11677847002688517	S1-436636282	Pioneer Brothers Private Limited	494, B-21, Sadhana Chs Ltd, 16Th Road Corner, 1St Floor, Khar (West), Mumbai, Maharashtra	S3-587629027	Mr Pioneer Brothers Private	महाराष्ट्र, H.no 853 494, Kharghar
miss:not_in_candidates		S1-775976356	Hudson and Claudio LLC	529 Ellison Court, Frederick, MD	S3-394635477	Hudson And Claudio	
miss:not_selected	0.31245625050070636	S1-51485874	Sunrise Finance Private Limited	Gno 59 Hno 748 At Chimbali Tal Khed, Pune, Maharashtra	S2-454339731	सनराइज फाइनेंस प्राइवेट लिमिटेड	HN 97 GNO 59 HNO 748 AT CHIMBALI TAL KHED, PUNE, Maharashtra
miss:not_in_candidates		S1-930682476	Jay Products Private Limited	'Nioton' Building, 3Rd Floor11 Palace Road, Bangalore, Karnataka, Bangalore, Karnataka	S2-255374025	ಜೇ ಪ್ರೊಡಕ್ಟ್ಸ್ ಪ್ರೈವೇಟ್ ಲಿಮಿಟೆಡ್	HN 231 'NIOTON' BUILDING, 3RD FLOOR11 PALACE ROAD, BANGALORE, KARNATAKA, BANGALORE, ಕರ್ನಾಟಕ
miss:not_in_candidates		S1-891323735	Indraksh India Pvt Ltd	3A, Tamil Nadu, 3Rd Floor, Jayam Kondan Apratment Murrays Gate Road, Alwarpet, Chennai	S2-533826543	INDRAKSH PVT LTD CENTER	
miss:assigned_elsewhere	0.06564848427439185	S1-169211211	Colonial Alliance	3415 Howard Street, Unit 102, Skokie, IL	S2-732743184	Colonial Álliance	
miss:not_in_candidates		S1-63367299	Platinum Atlanticus Group	7533 75th Avenue, Glendale, AZ	S2-827719937	PLATINUM  GROUP SERVICES	75RD AVE, GLENDALE, AZ
miss:not_in_candidates		S1-880650746	7-Legged Dog	134-15 Hawtree Street, NY, Ozone Park	S2-422573323	7-LEGGED PARTNERS	
miss:not_in_candidates		S1-735046068	Anand Ventures Private Limited	No.9, 1St Cross, Obel Reddy Layout, Banaswadi, Bangalore, Karnataka	S2-517519534	ಆನಂದ್ ವೆಂಚರ್ಸ್ ಪ್ರೈವೇಟ್ ಲಿಮಿಟೆಡ್	#9, BANGALORE, BANASWADI, Karnataka
miss:not_selected	0.2866769826611322	S1-898492738	Arts Program Inc	15 Westchester Road, Unit 2, Newton, MA	S3-274031662	Arts Program  Incorporated	Newton, Massachusetts, Unit 2, Westchester Road
miss:not_in_candidates		S1-310518119	Smith Optimal Webster Inc	3314 Beaver Drive, Yorktown, NY	S2-234876861	Smith Webster Inc Center #77333	
miss:assigned_elsewhere	0.006564932412827387	S1-367007848	Ludhiana Daddy	# 2720, Main Road Ward No. 19, Sunder Nagar, Ludhiana, Punjab	S2-74409173	Ludhiana Center	
miss:not_selected	0.38143539971384105	S1-76783543	Quality Plains	166 Stevenson Lane, Roseburg, OR	S2-393775570	Quality Plains Enterprises	
miss:not_in_candidates		S1-630358264	Shree Enterprises Private Limited	1115/11 Nagia Distt Centre, Janak Puri, New Delhi, West Delhi, Delhi	S3-707473264	श्री एंटरप्राइजेज प्राइवेट लिमिटेड	West Delhi, New Delhi, 1114/11 Nagia Distt Centre, DL, Janak Puri
miss:not_in_candidates		S1-211876850	Maa Media Pvt Ltd	Manglam Angan, Villa No. 4, Mahapura, Sez Road, Jaipur, Rajasthan	S3-316962136	Nexavi	Manglam Agnan, Villa No. 4, Mahapura, Sez Road, Jaipur, RJ
miss:not_in_candidates		S1-191054382	Jmj Works Limited	30A, Brindaban Garden Rajbagh, Sahibabad, Ghaziabad, Uttar Pradesh	S3-272967434	Jmj Limited Service	30A, Brindaban Garden Rajbagh, Rae Bareli, <NULL>, UP
miss:not_selected	0.4516479180194435	S1-39738562	Nielsen and Fernandez	323 Truett Road, TX, Alpine	S2-438275546	NIELSEN FERNANDEZ AND	32 TRUETT RD, ALPINE, PMB 5568, TX
miss:not_in_candidates		S1-143847018	Orthopedic Health LLC	20616 Fruit Dove Cove, Pflugerville, TX	S2-46855240	Orthopedic Health Trading	
miss:not_selected	0.351069595589069	S1-132050468	Synergy Services Pvt Ltd	A 1402, 14Th Floor, Ansal Heights, Dr. G.M. Bhosle Road, Worli Naka, Mumbai, Mumbai City, Maharashtra	S3-125114906	Synergy Services Pvt  Ltd	
miss:not_in_candidates		S1-44766581	Big Infra Private Limited	201-204, Jwala Mansion, Asaf Ali Road, Delhi	S3-627030498	Big Private Limited Service	201-204/7, Asaf Ali Road, Delhi, DL
miss:not_selected	0.025852792287177247	S1-482097237	Hunger Guild	10100 12th Avenue, Airway Heights, WA	S3-523162084	Hunger  Guild Trading	
miss:not_in_candidates		S1-63531803	Mumbai Estate Pvt Ltd	101/B, Nirma Plaza, 1St Floor, Makwana Road, Marol Naka, Off. A. K Road, Andheri (East), Mumbai, Maharashtra	S3-214481173	Estate	101/B, Nirma Plaza, 1St Floor, Makwana Road, Marol Naka, Off. A. K Road, Andheri (East), Mumbai, Maharashtra
miss:not_in_candidates		S1-445787567	Almighty Industries Group	195 7Th Cross Bapuji, Layout, Bangalore North, Bangalore, Karnataka	S3-851577079	Almighty  Group Center	
miss:not_in_candidates		S1-449577692	Cascade Guild Inc.	85 24th, Paris, TX	S2-919756697	Cascade  Guild Inc	
miss:not_in_candidates		S1-772345154	Bharat & Co	Fl-A/102 Jijau Chs. Plot-4 5 6 7 Sec-17 Kamothe, Kamothe, Mumbai City, Maharashtra	S2-254246377	8MAT AND CO	FL-A/102 JIJAU CHS. PLOT-4 5 6 7 SEC-17 KAMOTHE, MUMBAI CITY, KAMOTHE, Maharashtra
miss:not_in_candidates		S1-192182377	Anand Systems	Webel Bhavan Block Ep&Gp Salt Lake Bidhannagar, North 24 Parganas, West Bengal, Kolkata	S2-558685848	আনন্দ সিস্টেমস	WEBEL BHAVAN BLOCK EP&GP SALT LAKE BIDHANNAGAR, KOLKATA, NORTH 24 PARGANAS, West Bengal
miss:not_in_candidates		S1-742892874	Zior	Scottsdale, Unit STE 125, 18261 Pima Road, AZ	S3-240739312	Zer (ID: 45559)	18261 Pima Road, Unit STE 125, Scottsdale, Arizona
