kind	p	s1	s1_name	s1_addr	q	q_name	q_addr
false_merge	0.9305257712234566	S1-393144025	Apex Vijay Hospitality Private Limited	Kariyammutti, No.195A, Ottappalam, Kerala, Palakkad	S2-SYN2246849	അപെക്സ് വിജയ് ഹോസ്പിറ്റാലിറ്റി പ്രൈവറ്റ് ലിമിറ്റഡ്	NO.512A, KARIYAMMUTTI, OTTAPPALAM, PALAKKAD, Keralam
false_merge	0.7570126677290688	S1-443854682	Chiropractic Express Health Inc	WA, Tacoma, 14811 Bingham Avenue	S3-573458043	Chiropractic  Express	
false_merge	0.9491511856676564	S1-423860957	Chandrendra Labs Private Limited	C/O.- Bidhan Chandra Hati, Banamalipur P.O Keshabpur, Hooghly, West Bengal	S3-266094764	chandrendri labs private limited	C/o.- Bidhan Chandra Hati, Banamalipur P.o Keshabpur, Hooghly, WB
false_merge	0.8813996126887339	S1-11302083	VD Hill Inc	NC, 204 W Stanly Street, Stanfield	S3-744632006	Papadakis Hill Ínc	04 West Stanly St, Stanfield, North Carolina
false_merge	0.48469594543114813	S1-544175451	Coia Motors LLC	1950 Sweeney Lane, Chapel Hill, TN	S2-725473358	Coia Motors	
false_merge	0.47379287656340274	S1-120561893	Pugliese Dynamic Principal Inc	4301 Verde Lane, Phoenix, AZ	S3-527013584	Pugliese Dynamic Principal	
false_merge	0.711648028448249	S1-871006736	Gavaum	418 3rd Street, Lakeside Marblehead, OH	S2-915172840	GÁVAUM	
false_merge	0.9024385512411537	S1-860996596	Brown & Nordby Apogee LLC	215 Private Road 8185, Buna, TX	S3-SYN1904488	Center Brown & Nordby LLC	5 Private Road 8185, Buna, Texas
false_merge	0.9326110393486673	S1-367370972	Pediatric Dentistry Fresh Associates	75 Powerhouse Road, Genesee, NY	S2-SYN1745876	Pediatric Dentistry Fresh Ássociates	3- POWERHOUSE ROAD, GENESEE, NY
false_merge	0.9007173646833534	S1-168666741	Sahil Ispat Pvt Ltd	Cts N 8/22, S No 541A, F No 9, Mukund Ngr, Gultakdi, Pune, Maharashtra	S3-SYN1583959	SAHIL ISPAT PVT LTD	Pune, MH, Pune, S No 549A, F No 9, Mukund Ngr, Gultakdi, Cts N 8/22
false_merge	0.9060541537059063	S1-384377253	Ss Constructions Private Limited	Opp Ranganathaswamy Temple Sakarayapattana, Chikamaglur, Karnataka, Chikmagalur, Kadur Taluk	S3-332684313	Sri Ss C0nstructions [Limited]	No #62 Opp Ranganathaswamy Temple Sakarayapattana, Chikmagalur, Chikamaglur, KA
false_merge	0.998025971561477	S1-16154529	Vijay Finance Private Limited	Shop No.-02, Village Khilarpur, Tijara, Alwar, Rajasthan	S2-829137445	विजय फाइनेंस प्राइवेट लिमिटेड	02, ALWAR, Rajasthan
false_merge	0.9280350397122198	S1-196246000	Kaveriya Equipment Private Limited	6, S.S.I Industrial Area G.T. Karnal Road, Delhi, North West, Delhi	S3-SYN1805812	Kaveriya Equipment Private	#B1/869 6, S.s.i Industrial Area G.t. Karnal Road, Delhi, North West, DL
false_merge	0.9685401117693209	S1-187089800	Visakhapatnam Manufacturers Private Limited	3-65/10/4, Flat. No.Sf1, Lakshmi Ganapathi Nivas, Pm Palem, Visakhapatnam, Vishakhapatnam, Andhra Pradesh	S2-SYN2512002	Visakhapatnam [Manufacturers]	516/7 3-65/10/4, FLAT. NO.SF1, LAKSHMI GANAPATHI NIVAS, PM PALEM, VISAKHAPATNAM, NULL, ఆంధ్రప్రదేశ్
false_merge	0.7729084799722504	S1-101478113	Foot & Ankle Clinic LLC	1322 Dale Avenue, Stephenville, TX	S2-SYN2514782	Foot & Ankle Clinic LLC	1226 DALE AVENUE, STEPHENVILLE, TX
false_merge	0.9607534350315556	S1-461846333	Credence Infotech Private Limited	Aastha, Madhukunjhousingsociety, Panchavati, Pashanroad, Pune, Maharashtra, Plotno.8	S2-SYN2561012	Private Credence Infotech Limited	DOOR NO B4/8, PUNE, Maharashtra
false_merge	0.9025792875741456	S1-664060818	Lumari Hill LLC	8951 Warner Road, Unit 106, Mesa, AZ	S3-699618596	Lumade Híll Llc	8951 Warner Rd, Unit 106, Mesa, Arizona
false_merge	0.7543809263432478	S1-206846127	Suryaita Foundation Private Limited	Plot No. G-2, Scheme, Rajmahal, Parivahan Marg, Jaipur, Rajasthan	S3-SYN998472	Surryaita Foundation	Plot No. G-1, Jaipur, RJ
false_merge	0.3763860835726911	S1-396637015	Jai Software Pvt Ltd	762, Fl. No.-2A Aditi Plaza, Opp. To Iti Hotel, Kolhapur, Maharashtra	S3-SYN1346161	Jai 5oftware Pvt	Plot 50 762, Fl. No.-2a Aditi Plaza, Opp. To Iti Hotel, Kolhapur, महाराष्ट्र
false_merge	0.9986497904822765	S1-464268345	Kalyan Cast Private Limited	Shop No.1 Ashtvinayak Apt, Block No. A 523 Ro, Kalyan, Thane, Maharashtra	S2-SYN2410715	Kalyan Cast Private Limited	DOOR NO 1 ASHTVINAYAK APT, BLOCK NO. A 523 RO, KALYAN, Maharashtra
false_merge	0.9831099708903499	S1-351636720	The Dent Massage	4601 Perth Court, Unit 4, Charlotte, NC	S3-SYN961034	The Dent Massage LLC	4601 Perth Ct, # 4, Charlotte, North Carolina
false_merge	0.8138505884628465	S1-221087957	Saint Lutheran Church	2494 Hunter Road, Towanda, KS	S2-SYN2270117	SAINT LUTHERAN	2244 HUNTER RD, TOWANDA, KS
false_merge	0.8229978533287795	S1-138925471	Maruti Construwell Pvt Ltd	1/1/1, Madho Setu Lane Brij Go Seva Market, Shop No. 25/26, Kolkata, Howrah, West Bengal	S3-SYN1415866	Dr Maruti Construwell	7/1/1., Madho Setu Lane Brij Go Seva Market, Shop No. 25/26, Kolkata, Howrah, WB
false_merge	0.9945631508268041	S1-348807954	Pediatric Care LLC	75 Black Willow Lane, Unit APT 1, Charleston, WV	S3-SYN2181880	Pediatric-Care LLC	Black Willow Lane, Unit APT 1, Charleston, West Virginia
false_merge	0.8709213396278972	S1-492276689	Om Agro Private Limited	Dlf Phase-1, Haryana, A-56/12A, Gurgaon, Dlf Qe	S3-994198707	Om Agro Limited	A-56/23a, Dlf Phase-1, Gurgaon, Dlf Qe, हरियाणा
false_merge	0.801426811277614	S1-441646730	Majestic Creations (India) Private Limited	Vill Tola -Kanti Khurd Panch-Madhopur Dulam Urf Dhelaha Block-Kanti Muzaffarpur Muzaffar, Pur, Muzaffarpur, Bihar	S3-233187098	Majestic Creations (Inmaa Limited	C-98 Vill Tola -Kanti Khurd Panch-madhopur Dulam Urf Dhelaha Block-kanti Muzaffarpur Muzaffar, Muzaffarpur, BR
false_merge	0.9822605435407588	S1-225839362	1207 Second Plaza Apartments PC	7910 Farmington Boulevard, Germantown, TN	S3-SYN565606	LLC 1207 Second Plaza Apartments	7910. Farmington Blvd, Tennessee, Germatown
false_merge	0.9247297936316952	S1-68229878	Olaneon Harmony Group	1101 Lorewood Grove Road, Middletown, DE	S2-402669198	Olaneova Harmony	1101A Lorewood Grove Road, MIDDLETOWN, DE
false_merge	0.8053391362209015	S1-919335136	Zavala's Interstate Transport	360 El Camino Real, Greers Ferry, AR	S3-SYN1674010	Zavala's Interstate Transport	175 El Camino Real, Higden, Arkansas
false_merge	0.9014080646920921	S1-142655455	Foundry PC	6466 Ash Rock Circle, Bldg 7, Columbus, OH	S3-SYN2282235	foundry.com	2470 Ash Rock Cir, Columbus, Ohio
false_merge	0.9929007623299826	S1-327747915	Allied Network Inc.	42 Preakness Way, Saratoga Springs, NY	S2-670455594	ALLIED  NETWORK INC AUTHORITY	52 PREAKNESS WAY, SARATOGA SPRINGS, NY
false_merge	0.949427891664828	S1-450279640	Maryellen K. Kumar, Esq., M.D., P.C.	135 Powell Road, Collierville, TN	S2-SYN959833	Maryellen K. Kumar, Esq., M.D., P.C. (Ltd)	35 POWELL RD, COLLIERVILLE, TN
false_merge	0.9403854365904807	S1-418874348	Indel Memorial Trust	Bangalore, 33/34, Bangalore, Karnataka, 1St Floor, Shop Street, 8Th Main, 8Th Cross Jayanagar 2Nd Block	S2-SYN1540198	Indel Memorial #33542	1-33/34, 1ST FLOOR, SHOP STREET, 8TH MIAN, 8TH CROSS JAYANAGAR 2ND BLOCK, BANGALORE, Karnataka
false_merge	0.8164438804495595	S1-874699003	Great Lotus Food Private Limited	Maharashtra, Aurangabad, Sheed No.01 P No A 8/2 Near Mahavir Rolling Mill Midc Chikhalthana	S2-188661379	Great Limited Food [Lotus]	SHEED NO.001 P NO A 8/23 NEAR MAHAVIR ROLLING MILL MIDC CHIKHALTHANA, AURANGABAD, Maharashtra
false_merge	0.9985732598765488	S1-884755854	Dynamic Wireless Advisors LLC	1 Pierce Way, Freetown, MA	S3-SYN1331853	Dynamic Wireless Advisors L.L.C.	1. Pierce Way, EAST Freetown CDP, Massachusetts
false_merge	0.8281259122723378	S1-289723849	Helaina Lee, DMD	297 Fairfield Avenue, Hartford, CT	S2-680092732	HELAINA-LEE, MD	297 FAIRFIELD AVENUE, CT, HARTFORD
false_merge	0.9908083140232171	S1-560994774	Platinum Services Limited	Bldg No A13/207 Fl No 207, Shantisadan Co Op Hsg, Pune City, Pune, Maharashtra	S2-779623548	Platinum Services	
false_merge	0.9828870576085116	S1-254781506	Vaayuesh Dairy Care	16, R. N. Mukherjee Road, Kolkata, Howrah, West Bengal	S2-192286643	Vaayueshyn Care Dairy	16, R. N. MUKHEHJEE ROAD, KOLKATA, West Bengal
false_merge	0.9277464397951051	S1-739530057	Anny's Select Design	44 Lake Ridge Road, Southbury, CT	S3-SYN220465	Anny's Sélect Design Corp	Connecticut, #44 Lake Ridge Road, Soutbury
false_merge	0.703959033090935	S1-270061056	Primary Care Center Inc	Unit 118, 7077 Mcdowell Road, Phoenix, AZ	S2-SYN2124173	Primary Care Inc. Center	#6426 MCDOWELL ROAD, PHOENIX, AZ
false_merge	0.9901466243665924	S1-608439033	Cassella Post Inc	1505 Lewis Drive, TX, Garland	S3-136769110	Cassella Post	
false_merge	0.9531501429200055	S1-370435953	Pavana College LLP	Plot No: 13, 14, 15, 16, 23, 24, 25, Flat No: 402 Serlingampally, Tara Nagar, Hyderabad, Rangareddy, Telangana	S2-4492237	Pavana  College Limited	PLOT NO: 16, 14, 15, 16, 23, 24, 25, FLAT NO: 402 SERLINGAMPALLY, TARA NAGAR, HYDERABAD, తెలంగాణ
false_merge	0.8044595926897367	S1-412830537	Mosby Assets Inc	5054 45 East Service Road, Pflugerville, TX	S2-SYN2137024	Mosby Assst Inc	PFLUGERVILLE, TX, PMB 1575, 5054  45 EAST SERVICE ROAD
false_merge	0.6739618613604784	S1-155697463	Eat Switchgear Private Limited	Door No. 59/7899, Hymod Workspace, Pushpa Junction, Chalappuram P.O, Kozhikode, Kerala	S3-423824807	Korfaye	#59/7914, Hymod Workspace, Pushpa Junction, Kozhikode, KL
false_merge	0.9825099451401412	S1-13413482	Diamond Mortgage Solutions	3230 13th Street, Temple, TX	S2-344591220	Diamond Mortgage Solutions	
false_merge	0.9986650833631158	S1-270752153	Bidar Infra LLP	Karnataka, Bidar, Mailoor Mailoor Road, H No.1-17-230, Bidar	S2-SYN1702649	Bidar Bidar Infra LLP	NO D/1-17-230 , MAILOOR MAILOOR ROAD, BIDAR, ಕರ್ನಾಟಕ
false_merge	0.9971709627683544	S1-299762187	Balaji Developers Private Limited	Siliguri, Bhopal Building Dr. Kalinath Road, West Bengal, 1St Floor	S2-SYN1545637	বালাজি ডেভেলপারস প্রাইভেট লিমিটেড	1ST FOLOR, BHOPAL BUILDING DR. KALINATH ROAD, SILIGURI, West Bengal
false_merge	0.9544761246833174	S1-257615566	Gaa Sterling Mountain L.L.C.	211 Arlington Road, Hoyt Lakes, MN	S3-8822796	Gaa Sdfecring Mountain (LLC)	Hoyt Lakes, Minnesota, 212 Arlinghon Rd
false_merge	0.9181125954277424	S1-324650686	Anilva Farm Pvt Ltd	11, Srinivasa Road, Pondy Bazaar, Parthasarathi Puram, T. Nagar, Chennai, Tamil Nadu	S3-468197236	Anilva Fchme Pvt Ltd	
false_merge	0.9020566404939272	S1-488945706	Marz, Mason & Peres LLC	220 Cedar Street, Bearden, AR	S3-SYN1614571	Marz, Mason &	Cedar Saint, PMB 9702, Bearden, Arkansas
false_merge	0.9563553251087646	S1-628915614	Sk & Co LLP	Sohna, T-11-1004, Haryana, Gurgaon, Gls, T-11-1004, Gls	S2-SYN2456476	Sk Co LLP Center	T-31-1004, GLS, T-11-1004, GLS, SOHNA, हरियाणा
false_merge	0.996103184078042	S1-569634170	Rohini Institute of Technology Corp	B 93, S/F, Left Side, Mayapuri Ind. Area Ph 1, New Delhi, South West Delhi, Delhi	S3-SYN1650114	Fayedeltariza Restaurant trading as Rohini Institute of Technology Corp	B 93, S/F, Left Side, Mayapuri Ind. Area Ph 1, New Delhi, South West Delhi, Delhi
false_merge	0.9853470508154796	S1-812511014	Kush Solutions Ltd	401 Floor 4Th Plot 64/66, Levata Nagdevi Street Mandvi, Mumbai, Maharashtra	S2-SYN1700535	Kush Solutions	NO B1/401 FLOOR 4TH PLOT 64/66, LEVATA NAGDEVI STREET MANDVI, MUMBAI, Maharashtra
false_merge	0.8648980629647773	S1-229658984	ALQ Maruti Private Limited	Pbh-Pure Tulai Dekhai, Pratapgarh, Uttar Pradesh	S2-460794164	ACLQ Máruti Prívate Limited	PBH-PURE TULAI DEKHAI, PRATAPGARH, Uttar Pradesh
false_merge	0.999405236415413	S1-128915118	Verrial Short	4659 Rimrock Loop, Gold Canyon, AZ	S2-502002300	VERRRIAL SHORT	4659  RIMROCK LOOP, PMB 4157, GOLD CANYON, AZ
false_merge	0.9082707413923367	S1-793112670	Novio Communications Corp	Sugar Grove, 256 Bastian Drive, IL	S2-88956202	NOVVIO COMMUNICATIONS CORP	26 BASTIAN DR, SUGAR GROVE, IL
false_merge	0.96140535877692	S1-755087798	Halcex Israel, LLC	2611 Nasa Parkway, Seabrook, TX	S3-436392042	Halceks Israel, L.L.C.	Texas, 2611 Nasa Pkwy, Seabrook
false_merge	0.8798526520734434	S1-542836340	Mccarthy, Emmie B., MD	5104 Destination Way, TX, Leander	S3-496176091	Mccarthy, MZ B., Emmie	005104 Destination Way, Leander, Texas
false_merge	0.825895612968662	S1-381618724	WEE Flex	Delhi, Block-Rz, Karan Vihar, Ph 1, Landmark Near Mcd Sch, Ool, House No 203, North West, Delhi	S3-SYN2478750	Wee Flex	No 755 Huse No 203, Delhi, North West, DL
false_merge	0.8578337489004477	S1-676389237	DKD Better Idea	182 Cottonwood Drive, Toquerville City, UT	S3-424223356	DKM  Better Idea	95 Cottonwood Drive, Toquerville City, Utah
false_merge	0.9865595645166237	S1-649781703	Unified Dime	53 Dahlia Lane, Babylon, NY	S3-SYN1666615	UNIFIED DIME	##1 Dahlia Ln, PO Box 8265, Deer Park, New York
false_merge	0.7513791175673086	S1-777836121	Physical Therapy Group	26338 9th Street, Zimmerman, MN	S2-885645937	Physical Therapy Group	56345 9TH STREET, ZIMMERMAN, MN
false_merge	0.761878365661495	S1-118667221	Payyanur (India) Consulting Pvt Ltd	No. 7, Raghava Colony Ii Nd Link Street, Ashok Nagar, Chennai, Tamil Nadu	S3-SYN2552228	Payyanur (bIia) Consulting Pvt Ltd	No. 1-7, Raghava Colony Ii Nd Link Street, Ashok Nagar, Jafferkhanpet, TN
false_merge	0.99639050677824	S1-4732753	Orthopedic Integrated Center	Fl Floor 1, Colonie, 737 Albany Shaker Road, NY	S3-SYN1651294	Orthopedicintegratedcenter.Com	Albany Shaker Rd, Fl. Floor 1, Albany, New York
false_merge	0.9822512967088426	S1-929117937	Mohini Biotech Private Limited	Indhulakha, Agra 53, 12/337 Akshya Gardens, Thiruvananthapuram, Thiruvananthapuram, Trivandrum, Kerala	S2-SYN1740706	Private Mohini Limited Biotech	PLOT B1/95 INDHULAKHA, AGRA 53, 12/337 AKSHYA GARDENS, THIRUVANANTHAPURAM, THIRUVANANTHAPURAM, TRIVANDRUM, കേരളം
false_merge	0.7654064310060202	S1-795606176	Auric Rogers Inc	508 Monroe Street, Mobile, AL	S2-892529218	AURIK RÓGERS INC	508 MONROE STREET, MOBILE, AL
false_merge	0.9081479470763838	S1-476462798	Kaverika Lifestyle Private Limited	House No. 572 2Nd Floor, Blk Y, Jj Colony, Delhi, North West Delhi, Delhi	S3-SYN2122360	Kaverika Lifestyle Privrate Limited	DL, North West Delhi, Delhi, Blk Y, Jj Colony, Block B-203 House No. 572 2Nd Floor
false_merge	0.7632732801645444	S1-361119459	Crista's Select Vision Center LLC	11643 Broad Street, Henrico County, VA	S2-SYN1990500	Crista'S Select Vision Center LLC	11654 BROAD STREET, HENRICO COUNTY, VA
false_merge	0.9980609548948507	S1-733012423	Arts Alliance	TN, 285 Railroad Avenue, Henry	S3-SYN2576918	Zephdrexlum Midtown formerly Arts Alliance	285 Railroad Avenue, Henry, TN
false_merge	0.6600652882164174	S1-916430890	Lopez Equity Partners	771 Country Club Road, Unit 17, Greensville County, VA	S2-291749946	Lopez Equity Partners	
false_merge	0.9333626131786602	S1-830712054	Aurova Presidio LLC	NY, Unit Lot C05, Volney, 2657 3	S2-598783781	Auroari Presidio-LLC	FULTON, 2657 3, NY
false_merge	0.40679878171072337	S1-321700308	Timber Group	TX, Stamford, 603 Moran Street	S3-108188879	Timber Group	
false_merge	0.819842934249395	S1-833995193	Heritage Packaging Labs LLC	4229 Alden Drive, Edina, MN	S3-SYN1370371	Heritage Packaging Labs	4228 Alden Drive, Mineapolis, Minnesota
false_merge	0.6773382956906068	S1-633620252	Angels Travel Private Limited	H.No.8-3-214/22/5, Flat No.302, Sai Surya Tata Towers, 3Rd Floor, Harsha Mess Road, Ame, Erpet, Hyderabad, Telangana	S2-918758829	Angels Trls Private Limited	
false_merge	0.9201248830669819	S1-785919331	Murga's Select Appliance Inc	Christiansburg Town, 100 Arbor Drive, VA, Unit STE 109	S2-SYN1483590	Murga's Select Appliance Inc	102 ARBOR DR, CHRISTIANSBURG, VA
false_merge	0.8737991440535826	S1-548142817	Suryaora Coal Pvt Ltd	41, Pantheon Road, Egmore, Egmore Nungambakka, Chennai, Tamil Nadu	S3-388218027	Suryaoex Coal Pvt Ltd.	41, Pantheon Road, Egmore, Chennai, Egmore Nungambakka, TN
false_merge	0.9798511342918625	S1-695695884	King Tours (India) Private Limited	603 Etc, F.P.No.45, 6Th Road Santacruz East, Cts-244 A, Mumbai, Mumbai City, Maharashtra	S2-SYN1538037	kingindiatours.com	1-03 ETC, F.P.NO.45, 6TH ROAD SANTACRUZ EAST, CTS-244 A, MUMBAI, Maharashtra
false_merge	0.7808378181851511	S1-780192819	Modern Wholesale Works Inc	1834 Monroe Avenue, Islip, NY	S2-SYN1385792	Modern Wholesale Works	1832 MONRE AVE, ISLIP, NY
false_merge	0.5739651191234606	S1-678895615	Huston, Davis & Goulding	3935 121, Rockford, AL	S3-973195498	Huston, Davis & Góulding	
false_merge	0.9221021420105214	S1-726200558	Srv Seva Samiti	Pl No 63, Kishan Ind Area, Near Akshar Sortex, Gondal, Rajkot, Gujarat	S3-SYN1556371	srv seva samiti	Door No 595 Pl No 63, Kishan Ind Area, Near Akshar Sortex, Gondal, Rajkot, ગુજરાત
false_merge	0.9738899650203122	S1-680051492	Yamuiya It Limited	Aligarh, Green Park Apartment 3Rd, Asadpur Qayam, Aligarh, Uttar Pradesh, E 506	S3-913567889	Yamuiyaer It Limited	E 506, Green Park Apartment 3Rd, Asadpur Qayam, Aligarh, UP
false_merge	0.9091815011450053	S1-484960178	GXQ Advertising Private Limited	Lucknow, Uttar Pradesh, 60A, Lonapur, Lucknow/Lesa, Lucknow	S2-SYN1551786	Private GXQ Advertising Límited	7A, LONAPUR, LUCKNOW/LESA, LUCKNOW, LUCKNOW, Uttar Pradesh
false_merge	0.5474857066868758	S1-68947826	Krc Millet Private Limited	246, Ground Floor, Jagriti Enclave, New Delhi, East Delhi, Delhi	S3-281937780	Krc Millet Piltae Limited	
false_merge	0.872807652710053	S1-25489048	Agro Ceramic Agro Ltd	Indira Nagar, 14/165 Sector 14, Lucknow, Uttar Pradesh, Lucknow	S2-579427599	AGRO CERAMIC LTD  CENTER	14/17 SECTOR 14, INDIRA NAGAR, LUCKNOW, Uttar Pradesh
false_merge	0.9956107588903019	S1-25608711	Jacquie Price, O.D.	2710 Pennsylvania Avenue, Baltimore, MD	S3-SYN2074935	Orbiecto Riverside DBA: Jacquie Price, O.D.	2710 Pennsylvania Avenue, Baltimore, MD
false_merge	0.9289508700154903	S1-955819383	Ans Consultancy Limited	New Door No: 9/1/171(Oldno : 9/1) Panduranga Nagar, Hindupur, Anantapur, Andhra Pradesh	S2-SYN2632298	ANS CONSULTANCY	NO B1/619 NEW DOOR NO: 9/1/171(OLDNO : 9/1) PANDURANGA NAGAR, HINDUPUR, Andhra Pradesh
false_merge	0.8460554911357104	S1-653366493	Gelya Sanchez, D.C., M.D., P.C.	1973 Stoney Hill Drive, Hudson, OH	S2-SYN88411	Gelya Sanchez, D.C., M.D., P.C. Corp	1973 STONEY HILL DR, HUDSON, OH
false_merge	0.783298091832567	S1-839233225	Vineet Investment	Plot No.D-2/Ch-126, Gidc Dahej-2, Industrial Estate Dahej, Gidc Dahej, Bharuch, Gujarat	S2-SYN2294762	VINEET INVESTMENT	PLOT NO.D-1/CH-126, GIDC DAHEJ-2, INDUSTRIAL ESTATE DAHEJ, GIDC DAHEJ, Gujarat
false_merge	0.8774646103290035	S1-296828368	Regional School of Medicine LLC	Pound Ridge, 25 A Eastwoods Road, NY	S3-SYN1499102	Regional School of	323 Eastwoods Rd, Pound Ridge, New York
false_merge	0.929726565647956	S1-785902130	TL Royal Metal Works Corp	4521 Berkley Avenue, Fort Smith, AR	S3-423689630	TLE Royal Metal Works Corp.	4521 Berkley Ave, Fort Smith, Arkansas
false_merge	0.7466759941304837	S1-611655527	Sequoia Enterprises, LLC	700 7th Avenue, Galva, IL	S3-252479873	Sequoia LLC Service Enterprises	
false_merge	0.9941314701554751	S1-936588083	Ferguson, Mantel and Martell PC	4014 Newburgh Drive, Unit APT C, Indianapolis, IN	S3-SYN2330224	Dovaorbi Riverside Labs trading as Ferguson, Mantel and Martell PC	4014 Newburgh Drive, Unit APT C, Indianapolis, IN
false_merge	0.6512538746279383	S1-468847412	Cornerstone Marketing Industries	9037 Contee Road, Unit 101, Laurel, MD	S3-583955062	Cornerstone  Marketing Industries	
false_merge	0.9515099644994159	S1-673495192	Raman Industries LLC	729 17th Street, IL, Rock Island	S2-SYN1698637	RAMAN INDUSTRIES LLC	ROCK ISLAND, PO BOX 7928, IL, 729  17TH STREET
false_merge	0.8858282268969587	S1-952740457	Verreus Electronics L.L.C.	22 Edwards Street, Unit Apartment 2, Binghamton, NY	S3-111041276	Verreant  Electronics L.L.C.	22 Edwards Saint, New York, # Apartment 2, Binghamton
false_merge	0.9026073202010007	S1-840744504	Little Hair Studio	864 Norwood Drive, Lincoln, NE	S3-SYN906630	Little Hair Studio Co	864 Norwood Drive, Lincoln, Nebraska
false_merge	0.9663862985102176	S1-551517780	Highland Imaging	1040 Wendover Road, Unit D, Charlotte, NC	S3-SYN2107326	Highland Imaging	1193a Wendover Road, Unit D, Charlotte, North Carolina
false_merge	0.8098629159123762	S1-210143374	Solan Tavia Inc.	139 Carolina Drive, West Jefferson, NC	S2-516504409	Tavia Solin Inc	0139 CAROLINA DRIVE, WEST JEFFERSON, NC
false_merge	0.9095089157187375	S1-728065463	Metropolitan Investments Inc.	3318 Misty Alcove Court, Kingwood, TX	S2-SYN1698551	Metropolitan Inc. Investments	3336 MISTY ALCOVE CT, PO BOX 3227, KINGWOOD, TX
false_merge	0.7936569426223629	S1-722502365	Didynify	2128 Jackson Street, Wilmington, NC	S2-SYN678398	DIDYNIFY  CO	2128 1/2 JACKSON ST, NC, WILMINGTON
false_merge	0.9888230001843845	S1-861749814	Shree International Private Limited	Karnataka, Bangalore - 8., Bangalore, 169/B, I Floor, 13Th Main, Hal Ii Stage, Indiranagar	S3-776574603	Shree Limited International	No.8, Bangalore North, Bangalore, ಕರ್ನಾಟಕ
false_merge	0.9548759406986981	S1-322266547	Novify Gsr	Kingston, Unit Apartment 16E, NY, 305 Hurley Avenue	S3-191941646	Novifya Novifya Gsr	305 Hurley Avenue, # Apartment 16E, Kingston, New York
false_merge	0.9280772862641042	S1-29342307	Annabel Heider Muzero LLC	197 Constitution Avenue, MA, Unit 1, Revere	S3-SYN2592210	Annabel Heider Múzero LLC	587 Constitution Ave, Revere Township, Massachusetts
false_merge	0.9477485500907944	S1-610799835	Proman Group of Companies	3/9, Raje Raghuji Nagar, Nagpur, Maharashtra	S3-333799419	Proman Group Of Companies	3/30, Nagpur, Raje Raghuji Nagar, MH
false_merge	0.9031451046410618	S1-884944787	Abhishek Software Private Limited	Thrissur, Kerala, House No 12, Vijaya Nagar, Cheruparambu Housingcolony, Near Karthyayani Temple, Ayyanthole, Thrissur	S2-SYN1942457	Abhishek Software Private Ltd	HOUSE NO B32/12, VIJAYA NAGAR, CHERUPARAMBU HOUSINGCOLONY, NEAR KARTHYAYANI TEMPLE, AYYANTHOLE, THRISSUR, കേരളം
false_merge	0.9235889472030918	S1-450639308	Perfect Constructions Pvt Ltd	Mansarover Park Shahdara, Delhi, New Delhi, C-30	S2-83859417	Zetaquo	C-30, MANSAROVER PARK SHAHDARA, DELHI, दिल्ली
false_merge	0.9906809633454075	S1-224674282	Chandrtech People Private Limited	Madhya Pradesh, Indore, 224-B, Sanwer Road Industrial Road, 225-A, Sector-F	S2-134730244	KHANDRTECH KHANDRTECH PEOPLE PRIVATE LIMITED	BLOCK G-56 224-B, 225-A, SECTOR-F, SANWER ROAD INDUSTRIAL ROAD, Madhya Pradesh
false_merge	0.9612947145328606	S1-5556983	Kasliwal & Co	Sur. No. 220/2/4, F.P.304/3, T.P. 50 Shilp House, Opp Rajpath Clubrajpath Rangoli Raod, Bo, Dakdev, Ahmedabad, Gujarat	S2-937702009	Kasliwal &	
false_merge	0.766464409041501	S1-24832133	Chandraya Winners Limited	5Th Floor, Isprout, My Home Twitza, Plot No. 30/A, Survey No. 83/1, Raidurgam, Hitech City, Main Road, Hyderabad, Telangana	S2-618237385	CHANDRAYI WNNCERS (LIMITED)	5TH FLOOR, ISPROUT, MY HOME TWITZA, PLOT NO. 30/A, SURVEY NO. 83/1, RAIDURGAM, HITECH CITY, MAIN ROAD, HYDERABAD, Telangana
false_merge	0.8273428560634489	S1-506225945	Caldance China Care	5 Doran Lane, Sidney, NY	S3-431524566	Caldanco China-Care	6- Doran Ln, Sidney, New York
false_merge	0.9983441680468179	S1-674169520	Solelle Grade, LLC	MO, 11401 Cottleville Trails Drive, Cottleville	S3-556198586	Sollelle LLC Center	11401 Cottleville Trails Dr, Cottleville, Missouri
false_merge	0.9995356416303469	S1-987514522	Brightay Permian	6910 Sun River Drive, Fishers, IN	S2-489514546	Brrightay Permian	6910  SUN RIVER DRIVE, FISHERS, IN
false_merge	0.8887306651120712	S1-300733201	Brown, Lark & Jennings LLC	10545 School Street, Fairfax City, VA	S2-SYN2436954	Brown, Lark & Jennings	SCHOOL STREET, PMB 3996, FAIRFAX, VA
false_merge	0.8898727076216416	S1-214144859	Strategic Grand Rocky	5015 Sunny Creek Lane, NC, Apex	S3-342040927	Strategic Grand	
false_merge	0.9864356113886261	S1-160248151	Aditya Silver Power Private Limited	Second, Floor, Kh No. 124/2, New Delhi, Office No. 2/A, Delhi, West Delhi	S2-SYN1595144	आदित्य सिल्वर पावर प्राइवेट लिमिटेड	OBFICE NO. 1/A, NEW DELHI, WEST DELHI, Delhi
false_merge	0.7858634095853224	S1-224930493	Rupnarayan Chit (India) Pvt Ltd	C-4D/48-B Janakpuri, New Delhi, West Delhi, Delhi	S3-449911788	Jaxavi	48-B, NULL, Janakpuri, New Delhi, DL
false_merge	0.8834166158131677	S1-304690085	Garza Elite Black LLC	UT, Clinton, 1823 2700	S3-SYN1674583	Garza Elite	2072 2700, Clinton, Utah
false_merge	0.6721425214389789	S1-174596679	Guevara Guggenheim LLC	1322 Chinook Trail, Unit 5, Frankfort, KY	S2-167751577	GUEVARA LLC (GUGGENHEIM)	
false_merge	0.5061127385563294	S1-897693223	Lyrus Safety	8600 Citrus Avenue, Unit UNIT 195, Fontana, CA	S2-141699601	Lyrutis (5afety)	8600. CITRUS AVENUE, FONTANA, CA
false_merge	0.9406005022252159	S1-656281718	Physical Therapy Center P.C.	4337 53rd Lane, Unit 222, Phoenix, AZ	S3-SYN2385377	Physical Therapy [Center]	4408 53nd Ln, Unit 222, Maryvale, Arizona
false_merge	0.6596287331177983	S1-889519722	All Freight International Inc	UT, 1488 Loveland Lane, Saratoga Springs	S2-577276961	All Freight Ínternational Inc	
false_merge	0.9185528628780955	S1-598817924	Sree Raj Industries Private Limited	Jhansi, Uttar Pradesh, 34/1 Parvaran Jhansi I/S Bada Gaon G, Jhansi	S2-SYN1926805	Sree Raj Industries Private (Ltd)	1-4/1 PARVARAN JHANSI I/S BADA GAON G, JHANSI, Uttar Pradesh
false_merge	0.9441469687570136	S1-737806186	Meenva Solutions Public Limited	Haryana, Jagadhri, Huda, Sector-17, Jagadhri, House No.235, Yamuna Nagar	S2-SYN578404	... MEENIX SOLUTIONS PUBLIC (LIMITED)	HOUSE NO.235, JAGADHRI, YAMUNANAGAR, हरियाणा
false_merge	0.8074137053592725	S1-689197654	PFZ Ubs	NC, 8416 Market Street, Greensboro	S3-167539238	IPFZ Cénter	North Carolina, Greensboro, 8416 Market St
false_merge	0.9917711918813926	S1-623020500	New Delhi Services Pvt. Ltd.	B-22, Ff, Krishna Park, Devli Road, Khanpur, New Delhi, South West Delhi, Delhi	S3-858479444	New Delhi Pvt Ltd Services	B-22., New Delhi, South Delhi, DL
false_merge	0.9833793845308829	S1-900809696	Producer Alliance (i) Private Limited	North Madavala St, S.Kannanur, Tamil Nadu, Tiruchirapalli, 7, Tiruchirappalli	S3-180460113	Lyraxylo	Tiruchirapalli, 7, Tiruchirappalli, Tamil Nadu, North Madavala St, S.Kannanur
false_merge	0.9836697792127352	S1-305188593	Lyreon Pyrophyte LLC	3217 Croft Drive, Saint Anthony, MN	S3-923301017	Lyreona LLC Pyrophyte	3217 Croft Dr, Saint Anthony, Minnesota
false_merge	0.7247072656937497	S1-5170889	Services Ary Organics Private Limited	Property No 224, 3Rd Floor80/3, Vijinapur Village Oldmadras Road, Kr Puram Hobli Bengluru, Bangalore North, Bangalore, Karnataka	S2-SYN1729444	SERVICES ARY ORGANICS PRIVATE	PROPERTY NO 18, 3RD FLOOR80/3, VIJINAPUR VILLAGE OLDMADRAS ROAD, KR PURAM HOBLI BENGLURU, BANGALORE NORTH, Karnataka
false_merge	0.9840390479587097	S1-621686151	Pinacle Services Limited	298, Eldeco Greens, Gomti Nagar, Lucknow, Uttar Pradesh	S2-879622378	Shri Pinnacle Services	
false_merge	0.957095730756316	S1-359248286	Gomez Highland Living Inc.	48605 210th Avenue, Scarville, IA	S2-760473374	Gomez Living Inc Services	48607 210TH AVENUE, SCARVILLE, IA
false_merge	0.5357312689861321	S1-243957833	Siyaram Trading Private Limited	Chandani Chowk, Deewan Hall, 3Rd Floor Bhagirath Place, Delhi, 11, North Delhi	S3-405246608	Siyaram Trading Limited	DL, North Delhi, #32, Chandani Chowk
false_merge	0.9088899412430191	S1-428949621	Vanguard Textile Networks L.L.C.	1390 Pettytown Road, Dale, TX	S2-SYN1351194	VANGUARD TEXTILE NETWORKS LLC	1331 PETTYTOWN RD, DALE, TX
false_merge	0.7625721828808016	S1-766296916	WF Atlantic Apple LLC	4944 Mingo Road, Unit APARTMENT  247, Tulsa, OK	S3-SYN2124878	WF Atlantic Apple LLC	Tulsa, NULL, Oklahoma, 5237 Mingo Road
false_merge	0.9529846829262243	S1-408403605	Dnp Fms LLP	Gno 3155/2 Mangalwedha, Solapur, Maharashtra	S3-SYN2096187	dnp fms llp	Solapur, MH, Hn 365 Gno 3155/2 Mangalwedha
false_merge	0.8838228618864928	S1-78621207	Randall's Brewing	18715 Blackhawk Trail, Independence, MO	S3-597783069	Pyrapyrawex	Blackhawk Trail, Independence, Missouri
false_merge	0.8103929833294902	S1-71043886	Two College	Delhi, Kh No. 70/1/1, North West Delhi, A-8, 4Th Floor, Mangolpur Kalan, Near Punjab Sweets, Marble Market, Delhi	S3-697448790	Two College LLP	Kh No. 70/1/2, A-8, 4Th Floor, Mangolpur Kalan, Near Punjab Sweets, Marble Market, Delhi, North West Delhi, DL
false_merge	0.968739209730498	S1-984399729	Ferriq Associates Inc.	380 Waco Place, Waukee, IA	S3-192260119	Ferriq Associates Center	
false_merge	0.9994530218234509	S1-125880243	Jarlyn Plutonian Co	71 Purple Finch Loop, Etna Twp, OH	S2-175717940	Jarrlyn Plutonian Co.	71 PURPLE FINCH LOOP, ETNA, OH
false_merge	0.7628811085839466	S1-254146316	Clyiq End Inc	159 Zahn Road, English, IN	S2-832983580	Clyiant End Inc	159 ZAHN ROAD, NULL, ENGLISH, IN
false_merge	0.9890461743248938	S1-668706711	Halciq Oyj	3732 4501, Jacksonville, TX	S2-752143991	Halcix Óyj | www.halcixyj.com	3732 4501, JACKSONVILLE, TX
false_merge	0.9284980880487416	S1-20544980	PU Education Private Limited	S-151Greater Kailash Ii, New Delhi, South Delhi, Delhi	S3-SYN2174673	Pu Education Private Limited	New Delhi, S-30greater Kailash Ii, South Delhi, DL
false_merge	0.6735291249442799	S1-599526949	Real It	Village-Balganga, Raghunathpur, Block Turkauliya, Purbi Champaran, Motihari, East Champaran, Bihar	S3-SYN1615615	Real It Company	Motihari, East Champaran, #889 Village-balganga, BR
false_merge	0.9995708765237065	S1-225092369	Novora Cion LLC	Rondo, 11714 Highway 121, AR	S3-329312797	Novvora Cion Llc	1714 Highway 121, Rondo, Arkansas
false_merge	0.779132134020302	S1-726377575	Pioneer Management	Kanpur Nagar, Naveen Nagar, 26Q-Block, Uttar Pradesh, Rajeev Puram, Naveen Nagar, Kanpur	S2-SYN2193415	पायोनियर मैनेजमेंट	20-26Q-BLOCK, RAJEEV PURAM, NAVEEN NAGAR, KANPUR, NAVEEN NAGAR, KANPUR NAGAR, उत्तर प्रदेश
false_merge	0.9984482543558989	S1-24985300	Astha Infra Ltd	Gali No. 1, Old G.T Road, Pritam Nagar, Karnal, Haryana	S2-SYN1474734	Astha lnfra (Ltd)	BLOCK D-604 GALI NO. 1, OLD G.T RAD, PRITAM NAGAR, KARNAL, Haryana
false_merge	0.9999737149748015	S1-212853548	Jarlio Midcap	5810 425, Jasper, IN	S3-780795617	Jarrlio Midcap LP	5810 425, Jasper, Indiana
false_merge	0.7517362208109308	S1-93097547	Nehru Place Telecom Private Limited	207, Skipper House 62-63, Nehru Place, New Delhi, Delhi	S2-SYN1713503	Nehru Place Telecom Private Limited	24, SKIPPER HOUSE 62-63, NEHRU PLACE, Delhi
false_merge	0.799971664205168	S1-462732159	Anilika India Corporation	No. 15/16, 2Nd Floor, Rajarajeshwari Complex, Vajapeyee Nagara, Bommana Halli, Hosur Main Road, Bangalore, Karnataka	S3-95998008	Aniliki  India Corporation	No. 15/16, Bangalore, KA
false_merge	0.775957236002406	S1-761281272	Universal Group of Companies	58/16-A First Floorbirhana Road Kanpur, Kanpur, Uttar Pradesh	S3-998587644	Universal Group of	No 58/17-A First Floorbirhana Road Kanpur, Kanpur, UP
false_merge	0.90327820880128	S1-829951826	Emilia Vila, M.D., PC	3 Fresh Meadows Lane, Darien, CT	S2-SYN89306	Emilia Vila, M.D., PC Ltd	1 Fresh Meadows Ln, DAIEN TOWNSHIP, CT
false_merge	0.964436579443165	S1-926267444	Vaayutech Security Ltd	L-143 Street No.-5 C Road No.- 7 Mahipalpur Extension, New Delhi, Delhi	S3-369248656	Vaayutecha Security Ltd	New Delhi, L-143 Street No.-5 C Road No.- 7 Mahipalpur Extension, दिल्ली
false_merge	0.9534056303639368	S1-389952072	Mumbai Services Private Limited	101 Cts No 492 Village, Marol A.K. Road, Mumbai, Maharashtra	S3-414769016	Mumbai Limited Services	No 101 Cts No. 492, Opp. Apurva Indl. Estate, Makwana Road, A. K. Road, Marol Naka, An, Dheri (E), Bombay, Mumbai City, महाराष्ट्र
false_merge	0.9990588046946866	S1-77933621	Construction Esther Engineering Private Limited	Sy No.18/12, 9/183/204, Hosur Road Roopena Agrahara, Hsr Layout, Sector 6, Bangalore, Karnataka	S3-SYN2480454	Construction Esther Engineering-Private Limited	##422 Sy No.18/12, 9/183/204, Hosur Road Roopena Agrahara, Hsr Layout, Sector 6, Bangalore, KA
false_merge	0.9231864804674068	S1-583311601	Chandran Enterprises Center	N R Shettyy, No 578 6Th Block, 2 Phase Banashankari, Bangalore, Karnataka	S2-88691917	CHANDRADE ENTERPRISES CENTER	DOOR NO 61 N R SHETTYY, NO 578 6TH BLOCK, 2 PHASE BANASHANKARI, BANGALORE, ಕರ್ನಾಟಕ
false_merge	0.9243129270174612	S1-826510298	Mira Road East Castings Partners	A/001 Jay Satyam Chs Ltd Sundaram Bldg Next To Federal Bank, Mira Road East, Maharashtra	S2-SYN2258627	Mira Rgdd Partners Castings East	A/1 JAY SATYAM CHS LTD SUNDARAM BLDG NEXT TO FEDERAL BANK, MIRA ROAD EAST, Maharashtra
false_merge	0.9175137225977632	S1-501008453	Heera Vidyalaya	Ins-002, Chi-05, Greater Noida, Gautam Budh Nagar, Gautam Budh Nagar, Gautam Budh Nagar, Gautam Buddha Nagar, Uttar Pradesh	S3-946420363	Heera Vidyalaya Ltd	
false_merge	0.968274043992684	S1-541887310	Polley, Pascucci and Wallace Care	4057 Damien Court, Unit UNIT B, East Helena, MT	S2-47191459	KEMPE, AND PASCUCCI WALLACE CARE	4057 DAMIEN CT, EAST HELENA, MT
false_merge	0.9965209924274764	S1-19021374	Akshaya Cork Private Limited	01 Village - Jibhiyanav, Post - Kudraha, Basti, Uttar Pradesh	S3-SYN1960016	#Akshayacork	No #1 Village - Jibhiyanav, Post - Kudraha, Basti, UP
false_merge	0.9167468987704993	S1-614662140	High Enterprises LLP	Unit No. 8B & 8C, 8Th Floor 23, Circus Avenue, Kolkata, Kolkata, Howrah, West Bengal	S3-SYN2318084	High Enterprises L.L.P.	Unit No. #1B & 8C, 8Th Floor 23, Circus Avenue, Kolkata, Calcutta, Howrah, WB
false_merge	0.7608542288058524	S1-424929302	Premier Supply Labs	185 Monroe Street, Unit Apartment 1, Lockport, NY	S3-340633403	Premier Supply Labs Ltd	
false_merge	0.9172449956742881	S1-395299929	ECD Aurora LLC	12 Quinlan Avenue, Meriden, CT	S3-856836316	LLC SCD Aurora	12- Quinlan Ave, Meriden, Connecticut
false_merge	0.9914432141271892	S1-122227723	Shiva Infra Private Limited	Maharashtra, Thane, Shop No. 24 Behind Zakat Naka Achar Gali Shil	S3-SYN1891996	Shiva Infra Private Limited	Shop No. 1-24 Behind Zakat Naka Achar Gali Shil, Thane, MH, Thane
false_merge	0.9801536871382008	S1-400026428	Oncology Midwest Health	WI, City Of Clintonville, 185 Maize Street	S3-SYN946028	oncology midwest health ltd	185- Maize St, N/A, City Of Clintonville, Wisconsin
false_merge	0.8816950300203265	S1-387844375	Novova Central LLC	105 Lea Acres Road, Little Sandy, KY	S2-447410269	NOVVOVA CÉNTRAL LLC	10 LEA ACRES ROAD, GRENUP, KY
false_merge	0.5017709734564003	S1-169748829	Gulf Pediatrics	412 Hill Street, Unit 412, Spur, TX	S3-595149953	Gulf Pediatrics Inc	433 Hill Saint, Unit 412, Spur, Texas
false_merge	0.9400442798851246	S1-539786104	Geetanjali Life Private Limited	#128, 1090I, 3Rd Floor, 18Th Cross Road, Hsr 3Rd Sector, Banaglore, Bangalore, Karnataka	S3-SYN2093181	geetanjalilife.com	H.no B18/128, Bangalore, KA
false_merge	0.8171244343557627	S1-828698839	International Food Private Limited	Pune, Maharashtra, Suit No12, A-Wing, Anandmayee Society, Off Karve Road, Near Icici Bank, Pune	S3-SYN2320353	इंटरनेशनल फूड प्राइवेट लिमिटेड	Suit No11, A-wing, Anandmayee Society, Off Karve Road, Near Icici Bank, Poona, Pune, MH
false_merge	0.9179210983453752	S1-666463214	Tandie Jacobs Phoenix LLC	403 Front Street, Washington, NC	S2-SYN1601537	Tandie Jacobs Phóenix LLC	404 FRONT STREET, WASHINGTON CITY, NC, PO BOX 3902
false_merge	0.8888562242556196	S1-580402950	Next Integrated Pvt Ltd	Flat 2A/7, 2Nd Floor 441, Canal Street, Kolkata, Kolkata, Howrah, West Bengal	S2-SYN1369672	Next Integrated Pvt Ltd.	FLAT 23A/7, 2ND FLOOR 441, CANAL STREET, KOLKATA, KOLKATA, পশ্চিমবঙ্গ
false_merge	0.8915652822357822	S1-391736567	Peridari Next LLC	120 Silver Lane, Sunderland, MA	S2-813773728	LLC Peridaru Néxt	120 SILVR LN, SUNDERLAND, MA
false_merge	0.8949641625615387	S1-290126106	Keystone Better Convertible LLC	2640 425, North Vernon, IN	S2-162762577	9chilecom	425, NORTH VERNON, IN
false_merge	0.744776670914877	S1-793538380	Sky Constructions Private Limited	3Rd Floor, Office No. 309, ShopperâS Orbit Bldg-H, Sno.44A/1, Plot No.1, Alandi Rd, Vis, Hrantwadi, Pune, Maharashtra	S3-SYN2497049	स्काई कंस्ट्रक्शंस प्राइवेट लिमिटेड	#1Rd Floor, Pune, Office No. 309, Shopperâs Orbit Bldg-h, Sno.44a/1, Plot No.1, Alandi Rd, Vis, Hrantwadi, Pune, MH
false_merge	0.9475020415722288	S1-526807159	Ivenara State Inc	209 Arroyo Drive, Payson, AZ	S2-971266015	Ivenaova State Inc	209 ARROYO DR, PAYSON, AZ
false_merge	0.9848868155858158	S1-513585527	Finance Sai Automotives Ltd	3, Prasanna Das Road Haltu, Kolkata, Howrah, West Bengal	S3-SYN1462522	Finance Sai-Automotives Ltd #33489	1, Prasanna Das Road Haltu, Kalikapur, পশ্চিমবঙ্গ
false_merge	0.8643497589438014	S1-219010281	Bombay Impex Private Limited	D.No 3-103/3, Balagi Veedi, S Annavaram Tuni Mandal, East Godavari, Andhra Pradesh	S2-796650146	Bombay Services Private Limited	NO 3-103/12 , BALAGI VEEDI, S ANNAVARAM TUNI MANDAL, EAST GODAVARI, Andhra Pradesh
false_merge	0.9735148008684652	S1-678056542	Bright Consultants Private Limited	A-1/5, G/F, Paschim Vihar, Delhi, New Delhi, West Delhi, Delhi	S2-SYN1713537	Smt brightconsultants.com	दिल्ली, A-1/5, G/F, PASCHIM VIHAR, DELHI, NEW DELHI
false_merge	0.9474634450356298	S1-293080691	Lyreus Credit	22 Rocky Hill Drive, Brunswick, ME	S3-818204822	Lyreusa Credit	22 Rocky Hill Dr, Brunswick, Maine
false_merge	0.8590728922027568	S1-973568646	Bombay Producer Private Limited	A-2/32-33 Sector 82Nd Floor Rohini Rohini, New Delhi, North Delhi, Delhi	S2-SYN2577942	बॉम्बे प्रोड्यूसर प्राइवेट लिमिटेड	A-1/32-33 SCTOR 82ND FLOOR ROHINI ROHINI, NEW DELHI, NORTH DELHI, दिल्ली
false_merge	0.8855706635268752	S1-615464206	Kritaksh Vidya Limited	Amns House, Amns Township, 27Th K. M., Surat - Hazira Road, Hazira, Surat, Surat, Gujarat	S3-SYN2558702	KRITAKSH VIDYA LÍMITED	GJ, Surat, Block E-356 Amns House, Surat
false_merge	0.7745121856345947	S1-328671573	Nagika Product Private Limited	Off 0601 Corporate Office, Lbs Marg Mumbai Mulund (W, Mumbai, Maharashtra	S3-81907466	Nagica Product Private Ltd	Off 0601 Corporate Office, Mumbai, MH
false_merge	0.9911933958677062	S1-976884425	Dulac, Odetta S., CPA, M.D., P.C.	7801 Old Tree Run, Lyndon, KY	S3-857601929	Dulac, Odetta S., CPAL,	7801 Old Tree Run, Lyndon, Kentucky
false_merge	0.9332279128022855	S1-61009963	Priyal Nursing Home Private Limited	Fltno7Bwingdr Ambedkar Rd, U P Nagar Nr Gulshandairy, Mumbai, Maharashtra	S3-423030710	Nylaonyx	Fltno7Bwingdr Ambedkar Rd, U P Nagar Nr Gulshandairy, Mumbai, Maharashtra
false_merge	0.9951290437138413	S1-612792356	Brightify Massage	20236 Hillsong Place, Poulsbo, WA	S2-212685457	BRRIGHTIFY  MASSAGE INC	20236 HILLSONG PLACE, POULSBO, WA
false_merge	0.9978737291598407	S1-782825535	Olanial Intelligent	Sunbury, OH, 134 71	S2-402261518	Ollanial  Intelligent Corp	134 71, SUNBURY, OH
false_merge	0.8639853501707757	S1-110363248	KU Securities Clinic	68 V O C Colony Ellai Thottam Road, Peelamedu, Coimbatore, Tamil Nadu	S2-276695957	Securities KH Clinic	##68 V O C COLONY ELLAI THOTTAM ROAD, PEELAMEDU, COIMBATORE, Tamil Nadu
false_merge	0.79282953791894	S1-357580173	Sbm Impex Private Limited	747, 80 Feet Road, Vi Block, Rajajinagar, Bangalore - 560 010., Bangalore, Karnataka	S3-591790509	Sbm Impex Limited	Block F-451 754, 80 Feet Road, Vi Block, Rajajinagar, Bangalore - 560 010., Bangalore, ಕರ್ನಾಟಕ
false_merge	0.7891661386043318	S1-208784184	Pollachi (india) Private Limited	Pollachi, P.N Noor Village Hl: Families:1, Coimbatore, Tamil Nadu, Sf. No. 264/1B2	S3-SYN2080758	Private Pollachi (india) Limited	Sf. No. 258/1B2, P.n Noor Village Hl: Families:1, Coimbatore, NULL, TN
false_merge	0.7719513207454672	S1-155868267	BOB Academy Corporation	No. 99, 2Nd Floor, Lakshmana Swamy Salai, Tamil Nadu, K.K. Nagar, Chennai - 600 078.	S2-89866514	Lumumbra	தமிழ்நாடு, CHENNAI - 600 078., 2ND FLOOR, LAKSHMANA SWAMY SALAI, 99, K.K. NAGAR
false_merge	0.7311823983242222	S1-247692145	Sai Builders	147, Pocket-M, Sector-5 Bawana Industrial Complex, Bawana, Delhi, North West, Delhi	S3-SYN709801	Sai Builders	DL, #G-329 B-75, Delhi, Sector-5, Dsidc Bawana, Bawana
false_merge	0.9811044188487724	S1-137275933	Royal International Limited	Ii-A/E-13, Nehru Nagar, Ghaziabad, Uttar Pradesh	S3-272684200	Lumevotavo - 9749906033	Iii-e-13 Nehru Nagar, Ghaziabad, उत्तर प्रदेश
false_merge	0.9837247855297105	S1-995937719	XTM Cafe	37141 Row River Road, Dorena, OR	S2-337309237	XTMM Cafe Ltd	37141-C ROW RIVER RD, DORENA, OR
false_merge	0.9988096911476992	S1-469419743	Real Constructions Limited	Shop No.1, Jaipur, 68/36 Sector-6, Mansarovar, Rajasthan	S2-SYN1330218	रियल कंस्ट्रक्शंस लिमिटेड	DOOR NO 1, 68/36 SECTOR-6, MANSAROVAR, JAIPUR, राजस्थान
false_merge	0.9187661407497383	S1-848109320	Soliz, Mel, Ph.D., PC	N2654 Ay, Town Of Byron, WI	S2-195566403	LLC So1iz, Mel, PhD, PC	N265 AY, TOWN OF BYRON, WI
false_merge	0.97601498092467	S1-717390494	Share Line Ltd	Chennai, 1St Floor, Gangai Amman Colony Vadapalani, Chennai, Tamil Nadu, 11/6	S2-418189117	Share Line-Limited	Tamil Nadu, 11, ERRABALU STREET, CHENNAI
false_merge	0.8361898166248013	S1-42828568	Turbo Stars Private Limited	No: 4/1, Gandhi Street, Kennady Square Sembium, Chennai, Tamil Nadu	S2-SYN2519665	PRIVATE TURBO STARS LTD	NO: 1/1, GANDHI STREET, CHENNAI, Tamil Nadu
false_merge	0.8278317877029937	S1-841305142	Frontier Program Corp	20487 Baymont Court, Lewes, DE	S2-SYN1051886	LLC Frontier Prógram	DE, LEWES, 20487 BAYMONT CT
false_merge	0.7772686789200278	S1-699559166	Mehta Ventures Pvt Ltd	A9, Delhi, Qutab Institutional, Shaheed Jeet Singh Marg, South West Delhi, New Delhi	S2-SYN2204718	Mehta Vetngasr Pvt Ltd	A32-9, QUTAB INSTITUTIONAL, SHAHEED JEET SINGH MARG, NEW DELHI, दिल्ली
false_merge	0.9993207952086199	S1-674986377	Meenaya Floor Pvt Ltd	C/O Jay Prakash Singh, Dargah Sarif, Chunar, Mirzapur, Uttar Pradesh	S2-897573619	Meennaya Floor Pvt Limited	C/O JAY PRAKASH SINGH, DARGAH SARIF, CHUNAR, MIRZAPUR, Uttar Pradesh
false_merge	0.8925892816863646	S1-756893924	Quality Intelligence Services	2477 Highway 35, Monticello, AR	S2-SYN2505402	quality intelligence services	AR, 2206 HIGHWAY 35, MONTICELLO
false_merge	0.8279314102845736	S1-589131004	Bertsch Appliance Inc.	Unit 20, Louisville, 205 Paradise Ln, KY	S3-352673878	Bertsch Appliance LLC	Louisville, Kentucky, Unit 20, 208 1/2 Paradise Ln
false_merge	0.9165825398642985	S1-563907784	Kritaya Services Private Limited	P.No. A-59, Todi Ramjanipura Viddha Nagar, Bagru, Jaipur, Rajasthan	S3-549448871	Kritayi Services Private Limited	P.no. A-59, Todi Ramjanipura Viddha Nagar, Bagru, Jaipur, RJ
false_merge	0.9902970604683956	S1-625746126	Kas Services Private Limited	1-B Flag Staff Road Civil Lines, New Delhi, North Delhi, Delhi	S2-SYN2168575	Kas Services Private Ltd	Delhi, H.NO 1-B FAG STAFF ROAD CIVIL LINES, NEW DELHI
false_merge	0.864303207805032	S1-279272475	Watkins Fidelity Inc.	NC, Fayetteville, 4715 Pony Run Drive	S2-SYN1547522	Watkins Fidelity	4930 PONY RUN DRIVE, FAYETTEVILLE, NC
false_merge	0.9441711134255552	S1-24580265	Royal Opendoor, LLC	4038 Arnold Street, Houston, TX	S2-SYN1076887	Royal Opendoor Inc	#4038 ARNOLD SAINT, HOUSTON, TX
false_merge	0.8444245762590624	S1-611655527	Sequoia Enterprises, LLC	700 7th Avenue, Galva, IL	S2-301113733	Sequoia Corp Enterprises	
false_merge	0.8867262940481899	S1-529675108	Esmeralda's Patriot Vision Center	1931 Faulkner Road, Portville, NY	S2-SYN2580728	Esmeralda's Vision Patriot Center	1754 FAULKNER ROAD, PORTVILLE, NY
false_merge	0.6719725267898015	S1-769826783	Southern Global Private Limited	First Floor, 6/12, Primrose Road, Gurappa Avenue, Bangalore, Karnataka	S3-182430577	gglobal.com	94 6/12, Primrose Road, Gurappa Avenue, Bangalore, Karnataka, Bangalore, Bangalore North, ಕರ್ನಾಟಕ
false_merge	0.8198177859033497	S1-390416234	Silver Printing Services	421 Bernard Street, Unit 211, Costa Mesa, CA	S3-551379529	Silver [Printing]	
false_merge	0.9371064199160236	S1-342532551	Apex Silver Metal, LLC	3540 Maize Road, Unit APT 503, Wichita, KS	S3-611978364	Apex Silver Metal, Inc	3540 Maize Rd, Unit APT 503, Wichita, Kansas
false_merge	0.9279083682992098	S1-441885862	Bay Strategic L.L.C.	VA, Isle Of Wight County, 307 Herons Cove	S2-617632645	Bay Strategic	
false_merge	0.9993890731734587	S1-643422030	Aarvva Fiscal Private Limited	Plot No 212, 1St Floor, Ushodaya Enclave, Tirumalagiri, Hyderabad, Telangana	S2-53403047	Limited Aarrvva Fiscal Services	PLOT NO 212, HYDERABAD, TIRUMALAGIRI, Telangana
false_merge	0.8924051052699769	S1-499284291	Allen Box LP	1436 Godwin Street, Houston, TX	S2-385822598	Allen Box	
false_merge	0.798527738035867	S1-209899770	Olly Draper, D.C., P.C.	11 Nathan Pratt Drive, Unit 1, Concord, MA	S3-SYN1304541	Olly Draper, D.C., P.C. Inc	1 Nathan Pratt Dr, NULL, Cocord, Massachusetts
false_merge	0.9004382750398283	S1-390691091	Dragon Ahar Private Limited	1A, Floor 1St, Plot-350, Neelam Manzil Dr Dadasaheb Bhadkamkar Marg, Grant Road, Mumbai, Mumbai City, Maharashtra	S2-863488326	DRAGON AHAR LIMITED	D/4A, FLOOR 1ST, PLOT-350, NEELAM MANZIL DR DADASAHEB BHADKAMKAR MARG, GRANT ROAD, MUMBAI, Maharashtra
false_merge	0.998674758116233	S1-488367546	Gonzalez and Dealba Inc.	1 Kingsbridge Court, Warrenton Town, VA	S2-SYN1967204	GONZALEZ AND DEALBA ÍNC.	WARRENTON TOWN, 1  KINGSBRIDGE COURT, VA
false_merge	0.5299989716750667	S1-662899504	Riddhi India Private Limited	Puyada, Bybattarhat, Nandakumar, Nandakumar, East Midnapore, West Bengal	S2-907393325	Riddhi India Limited	NO ##36 PUYADA, BYBATTARHAT, NANDAKUMAR, NANDAKUMAR, West Bengal
false_merge	0.9613334307939626	S1-596832360	Gangraj Superstructure Private Limited	A-1/26, Ugf, Block-A-1, Freedam Fighter Neb Sarai, South Delhi, Delhi	S3-26793219	Ganngraj Superstructure Private Limited	A-1/27, N/A, South Delhi, DL
false_merge	0.9884379586880222	S1-677577906	Precision Solutions Private Limited	204, Madan Lal Block, Asiad Village, Khel Gaon Marg, New Delhi, South Delhi, Delhi	S3-SYN1722213	Shri Precision Solutions Private Limited	B1/204, Madan Lal Block, Asiad Village, Khel Gaon Marg, New Delhi, South Delhi, DL
false_merge	0.9937852877265518	S1-949954287	Ghaziabad Ventures Private Limited	C-87/1 & C-88 Site 1 Bsr Road, Ghaziabad, Uttar Pradesh	S3-SYN1868235	Ghaziabad Ventures Private Limited	Door No 189 C-87/1 & C-88 Site 1 Bsr Road, Lucknow Hq Region, Ghaziabad, UP
false_merge	0.7740246257636607	S1-493251574	Stafford Launchpad LLC	3601 Eastview Lane, Wilmington, DE	S2-SYN1200004	Stafford Launchpad Co	3601 1/2 EASTVIEW LANE, WILMINGTON, DE
false_merge	0.8467802096773057	S1-241330077	Sunrise Power Private Limited	Rdb Boulevard, 8Th Floor, Plot - K -1 Sector - V, Block - Ep & Gp, Salt Lake, Kolkata, Kolkata, Howrah, West Bengal	S3-362092853	Nexectokelo	Rdb Boulevard, Block Ep & Gp, Salt Lake- Kolkata, WB
false_merge	0.9719671170671613	S1-836639717	Elite Illumination	1419 Grove Street, City Of Boscobel, WI	S3-SYN1055522	elite illumination co	1419 Grove Street, Boscobel, Wisconsin
false_merge	0.919821044106738	S1-429773851	Estrella Resources-Indira Nagar	H.No C-1/208, Indira Nagar, Kanpur Nagar, Uttar Pradesh	S2-SYN1526599	ESTRELLA REOSURICES-IONLGDIRA NAGAR	H.NO C-1/208/9, INDIRA NAGAR, INDIRA NAGAR, Uttar Pradesh
false_merge	0.8333756235204436	S1-826388814	Do Certified Property Solutions LLC	10800 W Ridge Road, Elyria, OH	S3-SYN1462188	Do Certified Property (Solutions)	10437 W Ridge Rd, Elyria, Ohio
false_merge	0.9913026318692071	S1-282142121	Family Desert Clinic, LLC	127 The Boulevard St Louis Street, Fl 1, Saint Louis, MO	S3-SYN1547689	Family Desert Clinc, LLC	Fl 1, 127 The Boulevard St Louis St, Missouri, Saint Louis
false_merge	0.9955716118451868	S1-771146286	NS Project Corp	Anchor 202, 2Nd Floor, D-Mall, Netaji Subhash Place, New Delhi, East Delhi, Delhi	S3-624899356	NS  Project Limited	202, East Delhi, DL
false_merge	0.9643838549529269	S1-322500200	Vega, Myers & Starnes Inc.	1500 25th Street, Wichita Falls, TX	S3-SYN1727560	Vega, Myers & Starnes - 1612625223	14th St, PO Box 8682, Wichita Falls, Texas
false_merge	0.9968740929741609	S1-108333552	Aurangabad Law Private Limited	Nillod Nillod, Aurangabad, Maharashtra	S3-931199736	aurangabad law limited	Nillod Nillod, Chhatrapati Sambhaji Nagar, Aurangabad, MH
false_merge	0.9963855630165979	S1-308593859	Meenendra Builders Private Limited	Delhi, F/F, Main Khaira Mode, Gopal Nagar, Najafgarh, South West Delhi, Plot No.1, New Delhi	S3-203139439	Meennendra Builders Private	H.no 1, South West Delhi, New Delhi, दिल्ली
false_merge	0.7048842447618118	S1-70088525	Siddhi Clinic	New Delhi, Delhi, South West Delhi, Vardhman Crown Mall, Plot No. 2, Sector-19, Dwarka, Unit No. 154	S2-773757805	Siddhi-Clinic	
false_merge	0.8034061111585978	S1-174678431	Great Center	Woodinville, WA, 22503 102nd Avenue	S3-SYN2271843	Great Center	22255 102nd Ave, Woodinville, Washington
false_merge	0.8715518428952723	S1-778256745	Aarvva Commercial Pvt Ltd	Gujarat, Dharmaj, Etu Bunglow, Ayodhyapuri, Navi Pole, 12, Anand	S2-61804515	Aarrvva Pvt  Commercial Ltd	14, ETU BUNGLOW, AYODHYAPURI, NAVI POLE, DHARMAJ, ગુજરાત
false_merge	0.7528083405555686	S1-109923503	CTS Construction Private Limited	310, Surat, Gokulam Arcade, Nr. Rise On Plaza, Sarthana Jakatnaka, Varachha Road, Gujarat, Surat	S3-SYN1492082	CTS Construction Private	Hn 600 310, GJ, Surat, Gokulam Arcade, Nr. Rise On Plaza, Sarthana Jakatnaka, Varachha Road, Surat
false_merge	0.8612135813145217	S1-35596261	Dermatology Secure Medicine	9408 Century Oaks Lane, Elk Grove, CA	S2-SYN1872086	Dermatology Secure	9410 CENTURY OAKS LN, CA, ELK GROVE
false_merge	0.9275546812222625	S1-285665775	Gulf Financial	919 Francill Drive, Chesterfield County, VA	S2-37805431	GULF FINANCIAL CENTER	
false_merge	0.8610549831131057	S1-252829238	Eastern Developers Private Limited	Office No. 201, Wing A, Krrishnakunj Society, Pune City, Pune, Maharashtra	S2-SYN2131249	ईस्टर्न डेवलपर्स प्राइवेट लिमिटेड	PLOT 324 OFFRCE NO. 201, WING A, KRRISHNAKUNJ SOCIETY, PUNE CITY, Maharashtra
false_merge	0.984416371107538	S1-218263763	Liberty Association IV	10921 Gay Avenue, Cleveland, OH	S3-773699087	Liberty Association SIV	10921 Gay Avenue, Clevland CITY, Ohio
false_merge	0.9128198628780971	S1-927326327	Gingee India Private Limited	22/1B 3Rd Street, Rajenthira Nagar, Gingee, Villupuram, Tamil Nadu	S2-792092273	Gingee (india) Private Limited	DOOR NO ##22/10B 3RD STREET, RAJENTHIRA NAGAR, GINGEE, தமிழ்நாடு
false_merge	0.9223536874116759	S1-596523020	Kestance Healthcare Inc	17 Prospect Street, Clinton, MA	S3-218266426	Kestanceyn Inc Healthcare	17-C Prospect Street, Clinton, Massachusetts
false_merge	0.9736917940772037	S1-863530335	Govardhan Advertising (India) Partners	House No. 403/26 Gali No.15, Baldev Nagar, Gurgaon, Gurugram, Haryana	S2-63183937	GOVARDHAN ADVERTISING (INDIA) PARTNERS LLP	HOUSE NO. 403/26 GALI NO.26, BALDEV NAGAR, GURUGRAM, Haryana
false_merge	0.998593610986753	S1-954816230	Pioneer Global Pvt Ltd	Uttar Pradesh, 243 Udyog Kendra Extn 1, Noida, Gautam Buddha Nagar, Greater Noida	S2-SYN1538174	पायोनियर ग्लोबल प्रा. लि.	UDYOG KENDRA EXTN 1, NOIDA, Uttar Pradesh
false_merge	0.9309093885177295	S1-779234162	Developers Horizon Developers	C/O W/O Kailash Mehto, H.No.171 Flat No.2 Khasra, New Delhi, South West Delhi, Delhi	S2-257914289	Developers Services Horizon	NO 64 C/O W/O KAILASH MEHTO, H.NO.171 FLAT NO.2 KHASRA, NEW DELHI, Delhi
false_merge	0.7994706575151107	S1-913528064	Jordan Coastal	Unit 813, TX, 227 Buchanan Road, Decatur	S3-SYN1686693	Jordan Coastal Inc.	256 Buchanan Road, N/A, Decatur CITY, Texas
false_merge	0.9185714639393419	S1-721502788	Sandoval Commodities L.L.C.	379 Idas Chapel Road, Sneedville, TN	S3-114062079	Sandoval Commodities Llc	581 Idas Chapel Rd, Sneedville, Tennessee
false_merge	0.9836695932823332	S1-17906700	Noix	1186 Miami Street, West Milton, OH	S3-SYN689458	Noix LLC	##1186 Miami St, West Milton, Ohio
false_merge	0.9475136044819317	S1-218000907	Beth Emanuel	CA, Redding, 205 Woodhill Drive	S2-SYN1567083	BETH EMANUEL	483D WOODHILL DRIVE, REDDING, CA
false_merge	0.9199039507869746	S1-695566560	Shakti Industries Private Limited	Thane, Maharashtra, Thane, Ram Nagar, Rd No- 28	S3-SYN2510625	Shakti Inoohhc Private Limited	BR, Patna, Adarsh Nagar Road No. #28
false_merge	0.9871024602998772	S1-606628595	Fortune Trading Private Limited	D-53 Sector-2, Noida, Gbn Noida, Gautam Buddha Nagar, Uttar Pradesh	S2-846939541	फॉर्च्यून ट्रेडिंग प्राइवेट लिमिटेड	OFFICE NO. 2, NOIDA, GAUTAM BUDDHA NAGAR, Uttar Pradesh
false_merge	0.9928481019312028	S1-713723280	Apex Builders Private Limited	Plot No 133, Street No 2, Avenue 7, Road No 3, Banjara Hills, 8-2-326/4/A/1, Khairatabad, Telangana, Hyderabad	S2-SYN2382895	ఏపెక్స్ బిల్డర్స్ ప్రైవేట్ లిమిటెడ్	1-2-326/4/A/1, KHAIRATABAD, HYDERABAD, Telangana
false_merge	0.9722663987447555	S1-842697974	Big Seafood Center	236 Park Road, West Hartford, CT	S3-798867844	Big Seafood (Center)	
false_merge	0.7572241838093493	S1-158864505	Peridan Pelican, LLC	2103 Broad Street, PA, Hatfield Township	S2-562797252	PERRIDAN PELICAN, LLC	#2104 BROAD STREET, LANSDDALE, PA
false_merge	0.8762304334923665	S1-474230757	Eastern Smart Sciences-Prince William County	Prince William County, 12800 Silvia Loop, VA	S3-SYN2309377	Eastern-Smart Sciences-Prince	13052 Silvia Loop, Prince William County, Virginia
false_merge	0.8176834868423117	S1-15433709	Royal Projects Private Limited	No. 2254/1 M 63//1 Mh Road Mandi Mohalla, Mysore, Karnataka	S2-342930073	ರಾಯಲ್ ಪ್ರಾಜೆಕ್ಟ್ಸ್ ಲಿಮಿಟೆಡ್	NO. 2254/6 M 63//1 MH ROAD MANDI MOHALLA, MYSORE, MYSURU, Karnataka
false_merge	0.994643408415858	S1-417767406	Petrick, Odilia, Ph.D.	17 Judys Lane, Chatham, MA	S3-137575145	Ciraaria	17 Judys Lane, Chatham, MA
false_merge	0.9734645730442489	S1-587664151	Lucky Seafood Clinic	6102 Raisin Tree Lane, Charlotte, NC	S3-595732706	Lucky Seafood  Center	
false_merge	0.7905991637835973	S1-377758515	Montance Alliancebernstein LLC	2030 Nadenbousch Lane, Inwood, WV	S3-517510158	Montanke Alliancebernstein  LLC	203 Nadenbousch Ln, Inwood, West Virginia
false_merge	0.9900413470490718	S1-442805340	Touch Timbers Pvt. Ltd.	Villa 180, Casa Grande Urbano Vengadamangalam, Ponmar Post, Chennai, Tamil Nadu	S3-SYN1452980	Touch Timbers Pvt.	Chennai, தமிழ்நாடு, Villa 1-80, Chennai
false_merge	0.8742883535195151	S1-746031909	Little Technologies Private Limited	Tillore Khurd, Mandir Ke Samne, Indore, Madhya Pradesh	S2-348128674	Shri Little Technologies Limited	NO #71 TILLORE KHURD, MANDIR KE SAMNE, INDORE, Madhya Pradesh
false_merge	0.8807174688007287	S1-89735759	Vanguard Innovative Interiors	8926 Syndicate Avenue, Lexington, MN	S2-108014998	Brixyumaavi	SYNDICATE AVENUE, LEXINGTON, MN
false_merge	0.7795238958002274	S1-592064277	Surya Constructions Limited	Sh 10, Ashok Nagar, Bldg 2 B, Vazira Naka, Borivali West, Mumbai, Maharashtra	S3-SYN2560297	Surya Constructions	947 Sh 10, Ashok Nagar, Bldg 2 B, Vazira Naka, Borivali West, Mumbai, MH
false_merge	0.8062611622145153	S1-625795985	Life Impex Pvt Ltd	D-1004 First Floor, New Friends Olony, New Delhi, Delhi	S3-196408861	Life Impex	Ground Floor, New Delhi, South Delhi, दिल्ली
false_merge	0.9475021873705206	S1-657632452	Mask Conclave Limited	C/O Late Dr. N C Samantsinghar H.No 106, Gali No 5, Chilika Road, Balugaon, Khordha, Orissa	S2-SYN1566245	MASK CONCLAVE LIMITED	C/O LATE DR. N C SAMANTSINGHAR H.NO 35, GALI NO 5, CHILIKA ROAD, BALUGAON, Odisha
false_merge	0.8253929310376095	S1-438680812	National Project of Galion	211 Boston Street, Galion, OH	S2-SYN1610744	National Project of	1 BOSTON ST, GALION, OH
false_merge	0.9980715503958117	S1-295189803	Universal Management Public Limited	Bangalore, 1St & 2Nd Floor, Ibis Hotel, 26/1 Hosur Road, Bommanahall, I, Bangalore, Regus Gem Business Centre, Karnataka	S2-SYN2194542	Universal Management Purlcic Limited	REGUS GEM BUSINESS CENTRE, #1ST & 2ND FLOOR, IBIS HOTEL, 26/1 HOSUR ROAD, BOMMANAHALL, I, BANGALORE, Karnataka
false_merge	0.9904354301752206	S1-458222068	Surya Prime Services Private Limited	Office No-1, 4Th Floor, Kakaria Excellenza, Royal Fortune-B, Chala Daman Road, Pardi, Valsad, Gujarat	S3-SYN1430136	Surya Prime Services Private Ltd #68793	ગુજરાત, Office No-1, Pardi, 4Th Floor, Kakaria Excellenza, Royal Fortune-b, Chala Daman Road, Valsad
false_merge	0.883198998224986	S1-595496384	Carmon Travers Choice Pet Care Inc	2814 Gallia Pike, Franklin Furnace, OH	S3-866334722	Mewborn Pet Choice Travers Care  Inc	#2814 Gallia Pike, Franklin Furnace, Ohio
false_merge	0.9267811247312921	S1-471542662	IAV Fashion LLP	Shrushti, #92/1, 1Stfloor, Between8Thand10Thcross, Templeroad, Mallesh, Waram, Bangalore, Karnataka	S2-SYN1889736	IAV Fashion	SHRUSHTI, #B9/92/1, 1STFLOOR, BETWEEN8THAND10THCROSS, TEMPLEROAD, MALLESH, WARAM, BANGALORE, Karnataka
false_merge	0.9573220687482349	S1-293058272	United Consultancy Private Limited	Plot No. B-18, Infocity 1, Sector 34, New Colony, Gurgaon, Haryana	S2-SYN1408969	यूनाइटेड कंसल्टेंसी प्राइवेट लिमिटेड	PLOT NO. B-1, NEW COLONY, GURGAON, हरियाणा
false_merge	0.8172758411320075	S1-371279768	Solex Restaurants Corp	3008 Kilkenny Road, City Of El Paso, TX	S2-SYN1626859	SOLEX RESTAURANTS CORP	5979 KILKENNY RD, CITY OF EL PASO, TX
false_merge	0.8544244447044201	S1-538021172	BKJ Crystal Nuveen PLLC	AL, 7531 Doris Ruth Lane, Huntsville	S3-326126348	Zetaecto	7531 Doris Ruth Lane, Alabama, Huntsville
false_merge	0.7753059743488536	S1-135938102	Adriena Case Xrp	100 Gordon Lane, Unit Trailer 113, Wilton, NY	S2-SYN2463868	ADRIENA CASE	88- GORDON LANE, null, WILTON, NY
false_merge	0.8372191162658231	S1-168330243	Tech Aditya Tours Pvt Ltd	Off No - A-1-002, Upper Basement Area, Boomerang Equity Business Park, Cts No. 4, Chandivali Farm Road Kurla Near Hindustan Transmission Compou, Andheri (E), Mumbai, Maharashtra	S2-SYN1389792	Tech Aditya Tours Pvt	PLOT 804 OFF NO - A-1-002, UPPER BASEMENT AREA, BOOMERANG EQUITY BUSINESS PARK, CTS NO. 4, CHANDIVALI FARM ROAD KURLA NEAR HINDUSTAN TRANSMISSION COMPOU, ANDHERI (E), MUMBAI, महाराष्ट्र
false_merge	0.7678082790848648	S1-509145053	Jalgaon Enterprises Private Limited	S.No 173, Jilha Peth Visawi Nagar, Jalgaon, Jalgaon, Maharashtra	S3-246227089	Jalgaon Enterprises Límited	Gandhi Teerth, Jain Hills, Shirsoli Road, Jalgaon, MH
false_merge	0.9927333057641519	S1-389364748	Vision Elite Partners LLC	2321 Drusilla Lane, Baton Rouge City, LA	S2-481145185	Pyrakor	2321  DRUSILLA LN, BATON ROUGE, LA
false_merge	0.8270014153396905	S1-474370556	Fortune Hospitality Private Limited	C-10/4 Block-C, Krishna Nagar, Delhi, East Delhi, Delhi	S2-SYN1490510	फॉर्च्यून हॉस्पिटैलिटी प्राइवेट लिमिटेड	KRISHNA NAGAR, DELHI, 240 C-10/4 BLOCK-C, EAST DELHI
false_merge	0.9201350722848817	S1-157177134	Raj Baba Care	New Delhi, Delhi, New Delhi, Ansari Road, 7/19	S2-SYN2188436	राज बाबा केयर	ANSARI ROAD, D/6 7/19, NEW DELHI, Delhi, NEW DELHI
false_merge	0.9899078862064958	S1-977504524	Torres, Thompson and Scheib Marine LLC	949 1st Street, Unit 709, Washington, DC	S2-SYN2341198	Torres, Thompson and Scheib LLC Center	1ST ST, WASHINGTON CITY, DC
false_merge	0.8282469905085845	S1-438007264	Vision Partners	114 Chestnut Street, Geneva, OH	S2-SYN2338398	VISION PARRNTRS	CHESTNUT STREET, PO BOX 3786, GENEVA, OH
false_merge	0.9852152719074897	S1-271706391	MZC Valley Lending Inc.	1045 Stanton Circle, Meadview, AZ	S3-24025603	HZC Valley Lending Incorporated	045 Stanton Circle, Meadview, Arizona
false_merge	0.9904103827126087	S1-670854802	Foot & Ankle Group	1625 Summerhill Drive, Knoxville, TN	S2-SYN212376	FOOT  & ANKLE GROUP [INC]	1625 Summerhill Drive, TN, KNOXVILLE
false_merge	0.9888228575469733	S1-949978863	Bushey Vanguard Biopharmaceuticals Inc.	9601 169th Avenue, Redmond, WA	S2-789438513	Aoroa	##9601 169TH AVE, REDMOND, WA
false_merge	0.750210592388274	S1-783654005	Zephyx Floating Inc	6983 Dixie Hwy, Louisville, KY, Unit 208	S3-538389294	Zophyx Floating	6983. Dixie Hwy, # 208, Louisville, Kentucky
false_merge	0.6866520480118607	S1-753965132	Prime Engineering Private Limited	Nalgnda, Nalgonda, 12-98/5Srinivasa Nagar Kodad, Telangana	S3-SYN2196368	ప్రైమ్ ఇంజనీరింగ్ ప్రైవేట్ లిమిటెడ్	Door No 1-98/5Srinivasa- Nagar Kodad, Nalgnda, Nalgonda, TG
false_merge	0.7694920010513574	S1-656017289	XJ Foods Pvt Ltd	Bilash Enterprise, Rabindra Avenue Ps: English Bazar, Malda, West Bengal	S2-410189635	Pvt XD Foods Ltd	পশ্চিমবঙ্গ, MALDA, RABINDRA AVENUE PS: ENGLISH BAZAR, MALDA, BILASH ENTERPRISE
false_merge	0.8901330417051279	S1-639876285	Advanced Global PLLC	575 Trail W, Etna Twp, OH	S3-SYN111741	Advanced Global Corp	575 Trail W, Etna Twp, Ohio
false_merge	0.8955271240266055	S1-65654715	Eye Specialists LLC	2 Kaitlyn Lane, Augusta, ME	S3-SYN2374967	Lyraquocira Greater doing business as Eye Specialists LLC	1 Kaitlyn Lane, Augusta, ME
false_merge	0.9213262958626688	S1-892309488	Balaji Creative Developers Private Limited	B2501 Flr 25 Plot63, 34 Bwing Lodha Bellissimo Nm Joshi Marg Apolo Mill Comp Mahalaxmi, Ja, Cob Circle, Mumbai, Mumbai City, Maharashtra	S2-SYN1565507	बालाजी क्रिएटिव डेवलपर्स प्राइवेट लिमिटेड	B2520 FLR 25 PLOT63, BOMBAY, MUMBAI CITY, Maharashtra
false_merge	0.6784757563401405	S1-830456309	Retail Traders Private Limited	237, K-3, Pollachi Main Road Sundarapuram, Kurichi, Coimbatore, Tamil Nadu	S2-SYN1483047	M/s Retail Tbroes Private Limited	H.NO 589 237, K-3, POLLACHI MAIN ROAD SUNDARAPURAM, KURICHI, COIMBATORE, Tamil Nadu
false_merge	0.7849910218113504	S1-343324596	Boyd's Legacy Cleaning Service LLC	201 Huntington Park Dr, Poplar Hills, KY	S2-7658469	COSBY  LEGACY CLEANING SERVICE LLC	201- Huntington Park Dr, POPLAR HILLS, KY
false_merge	0.9821685795506739	S1-209456776	Jarlio Fast	604 24th Avenue, Battle Ground, WA	S2-435218433	Jarrlio Fást	04 24TH AVENUE, BATTLE GROUND, WA
false_merge	0.9928044972321668	S1-603862936	Bangalore Services Corp	Spring Field Apt, # 304, Sy No - 3, Gangappa L/O, Outer Ring Rd, Mahadevpura, Bangalore, Karnataka	S3-678866128	Bangalore Ltd Services	304, Bangalore, KA
false_merge	0.8167801341235499	S1-555312409	Ramaco LLC	422 Franz Anderson Road, Unit 103, Olympia, WA	S3-SYN2261229	ramaco.com	Franz Anderson Road, # 111, Olympia, Washington
false_merge	0.8081357934329655	S1-330712771	Innovative Ace Software Private Limited	Transcon Triumph, Cts No. 704, Veera Desai Road, Oshiwara Village, Andh, Eri (W), Mumbai, Mumbai City, Maharashtra	S3-293386770	इनोवेटिव एस सॉफ्टवेयर लिमिटेड	H.no 15 Transcon Triumph, Cts No. 704, Veera Desai Road, Oshiwara Village, Andh, Eri (W), Bombay, Mumbai City, MH
false_merge	0.8533242398781676	S1-35453478	Ronny's Interstate Audio Installation	636 Bethel Road, Clinton, TN	S2-SYN2539033	Ronny's Interstate Audio	638 BETHEL RD, CLINTON, TN
false_merge	0.9712834094854795	S1-473917776	Bhagalpur Systems Co	1St Floor, Near Registry Office, Ward No. 23, Red Cross Road, Adampur, 9B, Bhagalpur, Bihar	S2-SYN2018361	Co Bhagalpur Sysdteeis	1B, BHAGALPUR, Bihar
false_merge	0.997243532973674	S1-279436299	Black Industries Private Limited	Maharashtra, Shop No. 2, Mumbai City, Mumbai, Ground Floor, Vasundhara Building, Vikrant Circle, Tilak Road, Ghatkopar (E, Ast)	S2-508152743	ब्लैक इंडस्ट्रीज प्राइवेट लिमिटेड	2, MUMBAI, MUMBAI CITY, Maharashtra
false_merge	0.9627356684506996	S1-82506829	Clyos Builders	5732 Waverly Lynn Lane, Charlotte, NC	S3-26999094	Klyos Builders	5732 Waverly Lynn Ln, Charlotte, North Carolina
false_merge	0.9903825085912772	S1-818178063	Concorde Infrastructure Private Limited	95, Ananth Nagar, Manipaludupi, Karnataka, Udupi	S3-SYN1809500	Concorde Infrastructure Private Ltd	Block F-592 95, Ananth Nagar, Manipaludupi, Udupi, KA
false_merge	0.7733541884903582	S1-501399762	Pediatric Dentistry Group of Clarkstown	14 304, Clarkstown, NY	S3-9541310	Pediatric Dentistry Group of Clarkstown	16 304, New York, Clarkstown, null
false_merge	0.9361134644582795	S1-723199924	DZ Services	A-803, Shree Ganesh Chs Ltd, Rajendra Nagar, Dattapada Road, Borivali (East), Mumbai, Mumbai City, Maharashtra	S3-524770277	DZ Services	
miss:not_in_candidates		S1-639106300	Rocky Safe Virtus	308 Redwood Street, Birmingham, AL	S2-695322799	ROCKY SAFE VIRTUS LLC	
miss:not_selected	0.15065223377883047	S1-978635990	Hernandez and Perez Inc.	1010 Broadmore Drive, IA, Marshalltown	S3-764632145	Hernandez and Perez	
miss:not_in_candidates		S1-769944609	Anchor Highland Silicon Care	7 Doe Run Drive, Spring, TX	S3-699389739	Anchor	7 Doe Run Drive, Spring, TX
miss:not_in_candidates		S1-735045951	Lakshmi Business Limited	60/64 A3-1 Third Floor, Indira Nivaas Mysore Road, Bangalore South, Bangalore, Karnataka	S3-764251884	Dr Lakshmi Limited [Partners]	
miss:not_selected	0.7064316554051359	S1-103766989	Jackson Precision Aegon Associates	2345 Portola Way, CA, Sacramento	S3-316895935	Jackson Precision Aegon Center	
miss:not_in_candidates		S1-556185063	Precision Broadcast Global PLLC	ME, Augusta, 313 Church Hill Road	S2-976754700	Precision Broadcast Global	
miss:assigned_elsewhere	0.000015393561361849142	S1-757083358	Indra Clinic	Shed No 115, Ahmadabad City, Ahmedabad, Gujarat, Ashirwad Ind. Estate, Nr. Forge And Blower, Opp. Fruit Market	S2-410554892	clinicindra.com	AHMEDABAD, NIKOL, NO. 360 SHED NO 115, Gujarat
miss:not_in_candidates		S1-840264313	Blue Fund Clinic	100 Henry Avenue, Seneca, SC	S3-912733568	Clínic Fund Blue	South Carolina, 100 1/2 Henry Ave, Seneca
miss:not_selected	0.5279541398989301	S1-70724140	Devi Solutions Private Limited	Xl/1637 F 131First Floor Pioneer Towers Marine Drive, Ernakulam, Idukki, Kerala	S2-505865246	DEVI SOLUTIONS PRIVATE LTD	
miss:not_in_candidates		S1-10842925	Sun East Energy Limited	New Delhi, Delhi, C-441 S/F, Nirman Vihar New Delhi, New Delhi	S3-654410889	Sun	C-441 S/F, Nirman Vihar New Delhi, New Delhi, Delhi
miss:not_in_candidates		S1-57676378	Family Associates	318 Dewey Burk Road, Fentress County, TN	S2-780534238	Family Center	FENTRESS COUNTY, TN, 318 DEWEY BURK ROAD
miss:not_in_candidates		S1-706788874	Commission on Motor Vehicles	12 Volunteer Road, Petersburg, TN	S3-901340973	Vehohes On Motor Commission	Petersburg CITY, Tennessee, N/A, 12 Volnteer Rd
miss:not_selected	0.44141131069793044	S1-839267857	P V & A Vertical Inc	OR, 92067 Sharewater Lane, Cheshire	S2-959455718	P V & A	
miss:not_in_candidates		S1-789261178	Blue Apex Stifel Inc	6509 Ocean Drive, Emerald Isle, NC	S3-229145298	Blue Ápex	
miss:not_in_candidates		S1-606622109	Vanguard Integrated Rock	141 Little Plains Road, Southampton, NY	S2-894790218	Vanguard Integrated	
miss:assigned_elsewhere	2.731908729662719e-7	S1-226473724	Vrg & Associates Private Limited	No 36 First Floor, Thambu Chetty Street, Tondiarpet Fort St George, Chennai, Tamil Nadu	S2-28287665	Nexzeta	NO 36 FIRST FLOOR, TONDIARPET FORT ST GEORGE, CHENNAI, Tamil Nadu
miss:not_in_candidates		S1-756472957	Shree Energy Limited	197 Narmada Apartment, Alaknanda New Delhi, New Delhi, South Delhi, Delhi	S2-204055131	श्री एनर्जी लिमिटेड	NO 0197 NARMADA APARTMENT, ALAKNANDA NEW DELHI, NEW DELHI, SOUTH DELHI, दिल्ली
miss:assigned_elsewhere	0.00007771408329708098	S1-206497508	Family Clinic of Sterling	20928 Hoover Road, Sterling, IL	S2-983642096	Family  Clinic of	
miss:not_selected	0.24297189980208894	S1-19512563	OL Allied Machine Works	NM, Placitas, 14 Plaza De Sonadores	S3-58973864	OL Allied	
miss:not_selected	0.5251800390753574	S1-303634659	Fanava Frontier Trailblazer	70 Fifth Avenue, Saint Johnsbury, VT	S3-704078219	Frontier Fanava Trasilblazer	5nd Avenue, Saint Johnsbury, Vermont
miss:not_in_candidates		S1-534384102	Sai Consultants Limited	C/O Rama Devi, Gajapati Nagar, Berhampur, Ganjam, Orissa	S3-6326520	Sri Sai Limited Center	
miss:not_in_candidates		S1-733477794	One Agro Private Limited	No 79/3 19Th Main 1St Stage 5Th Block Hbr Lay Out Kalyan Nagar Bangalore, Bangalore, Karnataka	S3-184040907	One Agro Límited Private	
miss:not_in_candidates		S1-37758084	Khed Investment Limited	H No.1745, Mhetrewadi, Chikhali, Khed, Pune, Maharashtra	S3-742249652	Khed Limited Center	1745, Khed, MH
miss:not_in_candidates		S1-797333804	Sai Sree Investments Private Limited	Shop No- 9A, Near Bagherwal Market, New Dhan Mandi, Kota, Rajasthan	S2-160671618	साई श्री इन्वेस्टमेंट्स प्राइवेट लिमिटेड	PLOT 680 SOP NO- 9A, KOTA, Rajasthan
miss:not_in_candidates		S1-754546300	Heritage Association LLC	635 7th Avenue, Unit 105, Nashville, TN	S2-374406862	Heritage LLC Services	635 7RD AVE, NASHVILLE, TN
miss:not_in_candidates		S1-692324231	RA Bakery Corp	238 Dowling Road, Unit APT B, Anchorage, AK	S3-940900382	Service RA Corp	238 Dowling Rd, # APT B, Anchorage, Alaska
miss:not_in_candidates		S1-801156020	Jay Management Private Limited	Flat No. 501, Ravi Mansion Boring Road, Patna, Bihar	S2-103023134	जय मैनेजमेंट प्राइवेट लिमिटेड	DOOR NO 301, RAVI MANSION BORING ROAD, PATNA, बिहार
miss:not_in_candidates		S1-850957365	Shree Technology Private Limited	Tirupattur, Sivarajpet, Koviloor Road, 92/1D, Tamil Nadu, Vellore	S2-535044075	M/s Shree Private Limited Service	92/1D, SIVARAJPET, KOVILOOR ROAD, TIRUPATTUR, Tamil Nadu
miss:not_selected	0.7083899431490951	S1-75769018	Pitampura Reflection Pvt Ltd	105, H-3, Vardhman Plaza Tower, Netaji Subhash Place, Pitampura, Delhi	S2-732495434	Pitampura Rneflection Pvt Ltd	दिल्ली, 105, H-3, VARDHMAN PLAZA TOWER, NETAJI SUBHASH PLACE, PITAMPURA
miss:not_in_candidates		S1-855086643	Uptown Pilates Inc	418 Martin Drive, New Castle, DE	S2-382220999	UPTOWN PALNITSE INC - 1566784888	
miss:not_in_candidates		S1-493841989	Roberts & Lee Efes	4126 Eastover Glen Road, Charlotte, NC	S3-845760803	Roberts & (Es) Lee	
miss:not_in_candidates		S1-62783860	Green Overseas Pvt Ltd	3Rd Floor, Raj Pinnacle, Plot No. 7F, 1St Phase, 6Th Cross, Doddanekundi Industrial Area, Bangalore North, Bangalore, Karnataka	S3-3042173	Ltd Green Pvt Services	B3/3rd Floor, Raj Pinnacle, Plot No. 7F, 1St Phase, 6Th Cross, Doddanekundi Industrial Area, Bangalore North, Bangalore, KA
miss:not_in_candidates		S1-8100379	Quality Transit Union Inc	402 Lincoln Street, Nooksack, WA	S2-336167911	(Center) Quality Union Inc	402 LINCOLN STREET, WA, NOOKSACK, PO BOX 5908
miss:not_selected	0.4058210415408778	S1-741237988	Mountain Managers	Festus, 129 Twin City Drive, MO	S3-15842801	Mountain Msnflgrrs	127 Twin City Dr, Festus, Missouri
miss:not_in_candidates		S1-578069539	Pediatric Dentistry Medicine of Indianapolis	120 Sherry Lane, Indianapolis, IN	S3-117255733	Pediatric Dentistry Medicine of	20 Sherry Ln, Indianapolis, Indiana
miss:not_selected	0.4384097048710795	S1-351351487	Cardiology Specialists	8918 Stream Lane, Laredo, TX	S3-1084525	Cardiology Specialists Inc	891 Stream Lane, Laredo, Texas
miss:not_selected	0.4477812643018722	S1-548228638	Villarreal Zeo Inc	5001 -101 Coltfield Court, Virginia Beach City, VA	S3-944997503	Villarreal Zeo Incorporated	
miss:not_in_candidates		S1-183630772	Grace Cathedral PLLC	18112 Spoon Road, Kirkland, AZ	S3-780763003	Grace Cathedral [P.L.L.C.]	
miss:not_selected	0.007636227616816323	S1-132886606	Stanley & Michaels Jackson Inc	22034 Heartwood Circle, Lewes, DE	S3-905725608	Stanley Michaels Jackson Inc Partners	2203 Heartwood Cir, Lewes, Delaware
miss:not_selected	0.6948832495839584	S1-495369608	Securities (India) Management LLP	I-518, Gaur City-1, Greater Noida West 1 Avenue Sector-4, Ps-Bisrakh, Tahshil-Dadri, Na, Greater Noida, Gautam Buddha Nagar, Uttar Pradesh	S3-971002134	Securities (India) LLP Services	#0798 I-518, Greater Noida, Gautam Buddha Nagar, UP
miss:not_in_candidates		S1-827645920	United Services Inc	17618 Barrowfield Lane, Richmond, TX	S3-29217476	United Services Enterprises	
miss:not_in_candidates		S1-392599479	New Delhi Buy Private Limited	1310 Dr. Mukharji Nagar, New Delhi, North Delhi, Delhi	S3-766329102	New Buy Private Private Limited Center	
miss:not_in_candidates		S1-140297377	Blue Power Private Limited	Gujarat, C/O Ms/ R S Procon, Ahmedabad, The Retail Park Opp. Bhavya Park, Brts Bus Stand, Bopal, Ahmedabad	S2-224067147	M/s Blue Power [Private]	
miss:not_selected	0.5149375077931861	S1-143305142	Atkins Innovative Willow	4404 Hayden Street, WA, Lakewood	S3-507722915	Atkins  Innovative	
miss:not_in_candidates		S1-95845764	Ace Developers Private Limited	Flat No. 15, 4Th Floor, A-Wing, Gaurav Apartment Nahur Road, Mulund(W), Mumbai, Mumbai City, Maharashtra	S3-639060493	Ace  Developers Private Limited	#1-5, Mumbai City, MH
miss:not_in_candidates		S1-811869807	Gcg India Company	C/O Birendra Kumar, L.I.G.H-6/216 Housing Colony, Kankarbagh, Patna, Bihar	S3-537204871	Gcg Company Service	C/o Birendra Kumar, Patna, BR
miss:not_selected	0.31641377736007853	S1-826299064	Ahmadabad City Industries Private Limited	3 Hirabhai Market, Diwan Ballubhai Road, Kankaria, Ahmadabad City, Ahmedabad, Gujarat	S3-672419605	Ahmadabad City Industries Private	
miss:not_selected	0.232562643998148	S1-148275619	Rmm Producer Private Limited	Room No 04, Mangal Kuverti Chawl, Divrukhar Wadi Chincholi Bunder Rd, Malad West, Nr Bata, Company, Mumbai, Mumbai City, Maharashtra	S2-245605696	Rmm Pr0ducer Private Ltd	
miss:not_selected	0.5952623770804226	S1-367977628	Waibel, Jette and Schloemer Inc	5526 Lowell Avenue, IL, Chicago	S2-800708284	Waibel, Jette and Schloemer Incorporated	
miss:not_in_candidates		S1-473136175	Cancer Initiative	2849 Big Road, Unit Unit 4015, Upper Frederick Township, PA	S2-754880855	The Cancer Initiative	
miss:not_selected	0.16169941031975937	S1-45175648	Sandoval, Muniz & Hoke Vernal Care	2753 Milburn, Mesa, AZ	S2-630687791	SANDOVAL, MUNIZ &-HOKE VERNAL	2751 MILBURN, MESA FOUR PEAKS, AZ
miss:not_in_candidates		S1-674398905	SN Infracon-Barabanki	Shanti Niketan Azad Nagar, Barabanki, Uttar Pradesh	S2-66757318	SN Center	SHANTI NIKETAN AZAD NAGAR, BARABANKI, Uttar Pradesh
miss:not_selected	0.1622779532092076	S1-801919828	Molina Paceline of Elk Grove	9589 Four Winds Drive, Unit APT 422, Elk Grove, CA	S2-721466253	MOLINA GROVE OF PACELINE PARTNERS	9603 FOUR WINDS DR, ELK GROVE, CA
miss:not_selected	0.7348315256678821	S1-822076486	Sai Lifestyles Private Limited	F. No -102, Sai Krishna Residency Kavuri Hills Road, Cbi Colony, Shaikpet, Shaikpet, Hyderabad, Telangana	S2-145944788	Sai Lifestyles Private Ltd	BLOCK B-61 F. NO -102, SAI KRISHNA RESIDENCY KAVURI HILLS ROAD, CBI COLONY, SHAIKPET, SHAIKPET, Telangana
miss:not_in_candidates		S1-264684342	East Trust	1137, Chatta Madan Gopal Maliwara, Delhi	S3-859476378	East	1137, Chatta Madan Gopal Maliwara, Delhi
miss:not_in_candidates		S1-203322183	Competent & Co	North West, Delhi, H. No. 4, Delhi, 3Rd Floor, Blk -H Pkt 2, Sec 11 Rohini, Nr Bhagwan Prsuram College	S2-278381254	Smt ... Coipetent & Co	DOOR NO ##4, RITHALA, Delhi
miss:not_in_candidates		S1-964547597	Desert Biosciences LLC	Town Of Oak Grove, WI, 2206 24th Avenue	S3-106410021	Desert LLC Services	2184 24st Ave, RICE LAKE, Wisconsin
miss:not_in_candidates		S1-882765114	Sai Software Private Limited	8, 9 Khari Faliya, Mota Varchha Surat, Chorasi, Surat, Gujarat	S2-831512560	Shri Sai Private Limited Center	DOOR NO 591 8, 9 KHARI FALIYA, MOTA VARCHHA SURAT, CHORASI, ગુજરાત
miss:not_in_candidates		S1-287465264	Mkb Charitable Trust	J-102, Ahmedabad, Sun Real Homes, Near Gst Crossing B/H Savan Bunglows, Khodiyar Temple Road, Gujarat, Ahmedabad	S2-659940010	M/s mctrúst.com	J-102, AHMEDABAD, Gujarat
miss:not_in_candidates		S1-649251669	Osprey, LLC	12505 Wilshire Avenue, Albuquerque, NM	S3-579230703	Osprey, LLC Enterprises	
miss:not_selected	0.6122360050045198	S1-253318632	Supan and Hernandez Inc.	1469 Park Avenue, Unit 15, Woodburn, OR	S3-280253884	Supan and  Hernandez Inc.	
miss:assigned_elsewhere	0.000044773226888764293	S1-290986396	Delta Software, Inc	8110 Livingston Street, Houston, TX	S3-686198259	Delta Sfitare,-Inc	
miss:not_in_candidates		S1-257013108	Slate LLC	Franklinville, Unit Apartment 2, NY, 7 Elm Street	S3-147626338	Slate LLC Holdings	
miss:not_in_candidates		S1-390870813	Best Engineering Private Limited	253-254/3, 4Th Floor, Near Panjabi Juti Gali No.3, Govind Puri Kalkaji, Newdelhi, South Delhi, Delhi	S3-63692204	Best Private Limited  Services	No 144 253-254/3, 4Th Floor, Near Panjabi Juti Gali No.3, Govind Puri Kalkaji, Newdelhi, South East Delhi, DL
miss:not_in_candidates		S1-95293670	Tech One Food Pvt Ltd	38/74, Mass Tower, 2Nd, Floor Bazullah Road, Chennai, Tamil Nadu	S2-739800163	டெக் ஒன் ஃபுட் பிரைவேட் லிமிடெட்	38/74, CHENNAI, தமிழ்நாடு
miss:not_in_candidates		S1-841770398	Blue Logistics Pvt Ltd	Madhukund Terraces, Fl 304, Ram Nagar Colony Bavdhan, Pune, Maharashtra	S3-12990398	Smt Blue Pvt Ltd [Service]	#249. Madhukund Terraces, Pune, MH
miss:not_in_candidates		S1-79036405	Foods Primelink Technologies Corporation	11/41 Apt Ug-3, West Punjabi Bagh, New Delhi, West Delhi, Delhi	S2-645014622	FOODS PRIMELINK TECHNOLOGIES CORPORATION	
miss:not_in_candidates		S1-190341288	United Freight	1807 Birch Street, Bentonville, AR	S2-809226226	UNITED UNITED SERVICES	1807 BIRCH ST, BENTONVILLE, AR
miss:not_selected	0.3197799865917402	S1-441803658	Shakti Builders Private Limited	C/O Santosh Kumar Mohit, Near Post Office, Mauganj, Rewa, Madhya Pradesh	S3-923740650	Shakti Builders  Private	H.no 7 C/o Santosh Kumar Mohit, Mauganj, Rewa, मध्य प्रदेश
miss:not_selected	0.5082387108359468	S1-248485696	Hyderabad Marketing Private Limited	P.No-1/P First Avenue Colony Quthbullapur, Medchal, Hyderabad, Rangareddy, Telangana	S3-852329497	Hyderabad Marketing Private (Ltd)	Door No 760 P.no-1/p First Avenue Colony Quthbullapur, Rangareddy, TG
miss:assigned_elsewhere	0.08434585676015567	S1-626093656	Rion Consulting Inc	315 South Avenue, Unit 16, Tallmadge, OH	S2-7114021	Rion Inc Service	
miss:assigned_elsewhere	0.00004110301072955361	S1-44776545	Shipp Grade Inc	107 Holly Lane, Bristol City, VA	S3-659784403	Shipp Inc Service	Holly Lane, Virginia, Bristol City
miss:not_in_candidates		S1-110016054	Fernandez Churchill	Aulander, NC, 1034 Nc 305	S2-267722715	Fernandez Services	
miss:not_in_candidates		S1-769772896	Katerina Mabe Photonics	306 Western Ave, Fergus Falls, MN	S3-952634392	Katerina Mabe  Photonics	
miss:assigned_elsewhere	0.000016886998124152994	S1-99734204	East Exports	#106, I Floor, Laa Residency, No.3, L3 Lane, Thimma Reddy Colony, Jeevan Bhima Nagar, Hal 3R, D Stage, Bangalore, Karnataka	S3-196073353	East Ecorts	
miss:not_selected	0.20812144740795613	S1-828334888	Geetika Infratech Pvt Ltd	No 7/672, Near Railway Under Passage Hospital Junction, Kundara P O, Kollam, Kerala, Kollam	S2-6649427	GEETIKA INFRATECH PVT LIMITED	DOOR NO 7/67 , NEAR RAILWAY UNDER PASSAGE HOSPITAL JUNCTION, KUNDARA P O, KOLLAM, കേരളം
miss:not_in_candidates		S1-608607157	Jay Investment Private Limited	3Rd Floor, Pkp Empire, Equitas Bank Building E Ward Shahupuri 5Th Lane, Kolhapur, Maharashtra	S3-870899903	जय इन्वेस्टमेंट प्राइवेट लिमिटेड	Door No 3Rd Floor, Pkp Empire, Equitas Bank Building E Ward Shahupuri 5Th Lane, Kolhapur, महाराष्ट्र
miss:not_selected	0.6927302578747206	S1-982549490	Supreme It Private Limited	C/O Balasaheb Raosaheb Paygude 653, Wadebolhai, Pune, Maharashtra	S2-605606594	सुप्रीम आईटी प्राइवेट लिमिटेड	#505- C/O BALASAHEB RAOSAHEB PAYGUDE 653, PUNE, Maharashtra
miss:not_selected	0.7519154696123704	S1-535927470	Love Freedom Inc	Virginia Beach City, 144 Yaqui Street, VA	S3-225040461	Love Fereom Inc	144 Yaqui St, Virginia Beach, Virginia
miss:not_selected	0.6515368257308936	S1-55946860	Elite Automation Digital	902 Biggs Street, Laurinburg, NC	S3-469521254	Xylosyn	502 Biggs St, Laurinburg, North Carolina
miss:not_in_candidates		S1-831056853	First Lutheran Church	5021 Waddell Street, Fort Worth, TX	S2-206227586	Church Ltefran First	TX, 5021 WADDELL STREET, FORT WORTH
miss:assigned_elsewhere	9.175198084754515e-7	S1-977924179	Heartland Management LLC	TX, 7619 Breezeway Street, Houston	S2-418421455	Heartland LLC Services	#7619 BREEZEWAY ST, HOUSTON, TX
miss:not_in_candidates		S1-273030978	Dermatology Specialists	97 Clinton Avenue, Brookhaven, NY	S3-253919530	Dermatology Specialists Corp	
miss:not_in_candidates		S1-726689449	International Engineering Pvt Ltd	24 Parvati Nagargirna Tank Road Near Church, Jalgaon, Maharashtra	S3-980358239	International Éngineering Pvt Ltd	
miss:assigned_elsewhere	0.02485603523088206	S1-176103374	Blakeley's Express Pilates Inc	156 Latham Boulevard, AZ, Miami	S2-451073542	Solnylacalo	156 LATAHM BLVD, MIAMI, AZ
miss:not_selected	0.47691037348745635	S1-607305226	Tri-State Endocrinology	230 Mccrary Road, Guston, KY	S2-837961946	Nylasyn	230 MCCRARY ROAD, GUSTON, KY
miss:not_in_candidates		S1-144140429	Dental Physicians	1420 Brentwood Terrace, Nashville, TN	S2-227924100	Dental 5ervices	1420 BRENTWOOD TERRACE, NASHVILLE, TN
miss:not_selected	0.2022240452431801	S1-139138795	Coker's Ventures	1476 Mccarty Lane, Unit APT 6312, San Marcos, TX	S2-980000063	Coker's Ventures-Inc.	1626 MCCARTY LN, SAN MARCOS, TX
miss:not_in_candidates		S1-889399491	Shiva Infrastructure Private Limited	Residence Of B R Darurat Abd Post Harugeri, Taluk Raibag, Belgaum, Karnataka	S3-674717774	ಶಿವ ಇನ್‌ಫ್ರಾಸ್ಟ್ರಕ್ಚರ್ ಪ್ರೈವೇಟ್ ಲಿಮಿಟೆಡ್	KA, Belgaum, Taluk Raibag, Residence Of B R Darurat Abd Post Harugeri
miss:assigned_elsewhere	5.958351675312622e-7	S1-410256598	Metropolitan Cbre	805 Windingwood Place, Hope Mills, NC	S2-402102919	Metropolitan Service	805 WINDINGWOOD PL, HOPE MILLS, NC
miss:not_in_candidates		S1-375574769	International Energy Pvt Ltd	B202, Rameshwaramheights, Viproad, Vesu, Surat, Gujarat	S2-911213362	ઇન્ટરનેશનલ એનર્જી પ્રા. લિ.	SURAT, BB3/202, Gujarat
miss:not_in_candidates		S1-445969253	Laxmi Global Private Limited	4Th Floor, Flat No 4/D 8/1/41 Arabinda Sarani, Kamalpur, Kolkata, Kolkata, Howrah, West Bengal	S3-146888300	লক্ষ্মী গ্লোবাল প্রাইভেট লিমিটেড	4Th Floor, Kolkata, Dumdum Cantonement, পশ্চিমবঙ্গ
miss:not_in_candidates		S1-138023221	Anand All Management Limited	Malad (W), Rambaug, Chincholi Bunder Rd, Maharashtra, Mumbai, Swastik Compound	S2-647987777	आनंद ऑल मैनेजमेंट लिमिटेड	SWASTIK COMPOUND, RAMBAUG, CHINCHOLI BUNDER RD, MALAD (W), MUMBAI, Maharashtra
miss:not_selected	0.053789472452321914	S1-26227326	Three & Sons Pvt Ltd	Hno 988, Sno. 178, Pl 176, Opp Bhosale Village, Phursungi, Pune, Maharashtra	S3-250528252	three & sons pvt ltd	H.no 88, Pune, MH
miss:not_in_candidates		S1-176875172	Environmental Program LLC	Town Of La Grange, 24236 Jefferson Street, WI	S2-665246756	Environmental LLC Services Services	
miss:not_in_candidates		S1-995151614	Senter, Kiessling and Landis Clinic	2836 Apple Street, Lincoln, NE	S2-804236141	SENTER, KIESSLING  AND LANDIS	
miss:not_in_candidates		S1-630281701	Heritage Physical Therapy	1776 Highland Boulevard, Hoffman Estates, IL	S3-474894376	Heritage Therapy Physical	Illinois, Hoffman Estates CDP, 1776 1/2 Highland Boulevard
miss:not_selected	0.37959466696608873	S1-701484582	Blue Engineering Limited	C/O Gopal Saraf, M 166, D 2007, Vill. Talchinan, Puinan, Hooghly, West Bengal	S2-883448017	ব্লু ইঞ্জিনিয়ারিং লিমিটেড	DOOR NO A-201 C/O GOPAL SARAF, PUINAN, HOOGHLY, West Bengal
miss:not_selected	0.6020497740962262	S1-370756133	Cemanet Home Care	257 El Freda Road, AZ, Tempe	S3-749365246	Care Hmoe Cemanet	586 El Feda Road, Tempec DP, Arizona
miss:not_in_candidates		S1-786438340	Udgam Charitable Trust	Shop No-1 D-1A/268, Near Sai Mandir, New Delhi, South Delhi, Delhi	S3-526405968	Udgam Trust Charitable	
miss:not_selected	0.21922536904033946	S1-171023094	Dodi Zins Reliable Citizens Inc	749 Charleston Oaks Drive, Ballwin, MO	S2-51331078	Dodi Zins Reliable Citizens	
miss:not_in_candidates		S1-432327371	Sage India LLP	Flat.No.102, P.No.132 Sr, Savarkar Res. Ameenpur, Tirumalagiri, Hyderabad, Telangana	S3-57836327	Sage LLP Service	#102, Tirumalagiri, Hyderabad, TG
miss:not_selected	0.30889878174836966	S1-274810923	Cornerstone Industrial Industries LLC	1368 Buena Vista Boulevard, Unit APT 2, Roanoke City, VA	S2-824447760	Dréxvera	1368 BUENA VISTA BOULEVARD, ROANOKE, VA
miss:not_selected	0.40636129328918047	S1-918418788	Gabriellia Cedillo Adr PC	13 Cross Road, Chester, CT	S2-249418882	Gabriellia Cedillo PC Center	
miss:not_in_candidates		S1-330277553	Indo Logistics	Chaudhary Dharmvir Market, Badarpur, Shop No 6, East Delhi, Delhi, New Delhi	S2-152765447	Smt Indo Services	#6- , CHAUDHARY DHARMVER MARKET, BADARPUR, NEW DELHI, Delhi
miss:not_in_candidates		S1-518350993	Sky Investments Private Limited	Mumbai, 1 St Floor, 731 Polson, Jahangir Vima Dalal Road, Maharashtra, Mumbai, Flat No.7	S3-282366541	Sri Sky Investments Private (Limited)	7, Mumbai, Gotheghar, MH
miss:not_in_candidates		S1-429637165	Sarasiya Mills Ltd	3-143/2, Village, Pedapatnam, Agraharam, Mamidikuduru, East Godavari, Andhra Pradesh	S2-957335254	Sarasiya Mílls	
miss:not_in_candidates		S1-116055552	Krishna Technologies Private Limited	S/No 182/1, At:- Rangpurda, Ta:- Kadi, Dist.:- Mehsana, Gujarat, Kadi, Mahesana	S3-319772183	Krishna [Technologies]	
miss:not_in_candidates		S1-354535987	Value Grand Taiwan	129 Oak Street, Unit 2, Gardner, MA	S3-987358505	Value 6rand Center	00129 Oak Street, # 2, Gaardner, Massachusetts
miss:not_selected	0.4960757567597814	S1-529464355	Simmons All Inc	5401 Garfield Avenue, Unit APT 85, Sacramento, CA	S3-978944257	Simmons All  Inc	
miss:not_in_candidates		S1-241089942	Apex Tech Private Limited	1St Floor, Office No A, 1249, Opp. Goodluck Hotel, Fc Road, Shivajinagar, Pune City, Pune, Maharashtra	S3-366794699	AT	1St Floor, Office No A, 1249, Opp. Goodluck Hotel, Fc Road, Shivajinagar, Pune City, Pune, Maharashtra
miss:assigned_elsewhere	0.000052821839213247364	S1-940689392	Sree Engineering Limited	130/1, Ulsoor Road, Bangalore North, Bangalore, Karnataka	S2-596202855	ಶ್ರೀ ಇಂಜಿನಿಯರಿಂಗ್ ಲಿಮಿಟೆಡ್	130/1, ULSOOR ROAD, BANGALORE, BENGALURU URBAN, ಕರ್ನಾಟಕ
miss:not_in_candidates		S1-713309077	YAS Solutions Ltd	No.56/4, P Block Vi Th Avenue, Anna Nagar, Chennai, Tamil Nadu	S3-743850988	Center YAS Ltd	No.0056/4, Chennai, தமிழ்நாடு, Chennai
miss:not_in_candidates		S1-96778346	Cornerstone Greenland	2418 Mississippi Drive, Xenia, OH	S3-420337707	Cornerstone  Center	2418 Mississipi Dr, Ohio, Xenia
miss:assigned_elsewhere	0.00001550919236576986	S1-331045405	Kavita Housing Private Limited	Plot No.12B, Road No.2, Banjara Hills, Hyderabad-34., Telangana	S2-954735843	pkhousing.com	DOOR NO 12B, HYDERABAD-34., Andhra Pradesh
miss:not_in_candidates		S1-732432915	Laxmi Software Pvt Ltd	No.56, Old No.112, 7Th, Main Road, Sri Ramanagar, Ittamadu, Bsk 3Rd Stage, Bangalore, Karnataka	S3-896629674	Laxmi	Old No.112, 7Th, Main Road, Sri Ramanagar, Ittamadu, Bsk 3Rd Stage, Bangalore, Karnataka, No.56, Bangalore
miss:not_in_candidates		S1-559697248	Orthopedic Medicine	2368 Cable Avenue, Memphis, TN	S2-266382041	Orthopedic Center	MEMPHIS, TN, 2349 CABLE AVE
miss:not_in_candidates		S1-729496977	Pioneer Memorial Trust	4/356A, Business Arcade, Palacode Main Road, Dharmapuri, Tamil Nadu	S3-305119869	Pioneer Services Trust	Block F-202 4/356A, Dharmapuri, தமிழ்நாடு
miss:not_in_candidates		S1-30851950	Apex Semiconductor Works Group	Euclid, 24240 Wildwood Drive, OH	S3-550168097	Apex Works Semiconductor Group	
miss:not_in_candidates		S1-651565226	Miller Scientific Inc.	IL, Unit 2E, 7771 Lake Street, River Forest	S2-212182106	Miller Inc. Center	
miss:not_in_candidates		S1-661260437	Round Rock Family American Services PC	1307 Hermitage Drive, Round Rock, TX	S3-42192363	Family	1307 Hermitage Drive, Round Rock, TX
miss:not_in_candidates		S1-574515692	Regional Office Inc.	7352 Theodore Drive, Arlington, TX	S3-596728357	Miraonyx	7347 Theodore Drive, Arlington, Texas
miss:not_selected	0.7533879860202717	S1-870195052	Dental Center	8904 Edmonston Drive, Prince William County, VA	S3-416835524	Dental Center	904 Edmonston Drive, Bristow, Virginia
miss:not_in_candidates		S1-166249599	Citadel	GA, Atlanta, 44 Kirkwood Road	S2-616414291	citadel.com	
miss:not_in_candidates		S1-796234364	Gulf League	330 Burnside Road, Henderson, NC	S3-585643676	Gulf Léague	
miss:assigned_elsewhere	2.2119506944301337e-7	S1-618471872	Kcp (India) Serv Pvt Ltd	Plot No. 20, Kh. No. 3996/2496/1929/2 3Rd Floor, Vill. Basai Darapur, Raja Gar, Den, Delhi, West Delhi, Delhi	S3-256496374	Kcp Serv (India) Pvt Ltd	Plot No. 20, West Delhi, Delhi, DL
miss:not_selected	0.5275931204769615	S1-967381400	Tech Infotech Private Limited	3/24B, Sf.381/1A, Varatha Iyangar Palayam Kondaiampalayam (Po), Coimbatore, Tamil Nadu	S3-711890964	டெக் இன்ஃபோடெக் பிரைவேட் லிமிடெட்	Coimbatore, 8-3/24B, Coimbatore, TN
miss:not_selected	0.26947200322301457	S1-854005192	Meneus Inc	36 Annunciation Road, Boston, MA	S2-809642380	Meneus Inc	38 ANNUNCIATION ROAD, ROXBURY CROSSING, MA
miss:not_in_candidates		S1-479697998	Liberty Council	241 Angley Overlook Drive, TN, Fentress County	S2-18123620	Liberty Center	241 1/2 ANGLEY OVERLOOK DRIVE, FENTRESS COUNTY, TN
miss:not_in_candidates		S1-102278833	Creative Global Private Limited	2Nd Floor, Cd Tower Bypass Road, Calicut, Kerala	S3-837727798	M/s Creative Global Private	
miss:not_in_candidates		S1-769346899	A Best Direct LLC	VA, Unit LOT 2, 112 First Street, Christiansburg Town	S2-400072515	A Direct LLC Service	112 1ST STREET, PMB 6038, CHRISTIANSBURG, VA
miss:not_in_candidates		S1-58076922	Interstate Biopharma Inc.	7077 Chino Drive, Golden Valley, AZ	S3-756301714	Interstate Inc. Services	Arizona, 7077 Chino Dr, Golden Valley
miss:not_in_candidates		S1-520767343	Gold Trading Private Limited	229 Kutchery Roadmylapore Madras 4 Tamilnadu, Tamilnadu, Chennai, Tamil Nadu	S3-957358242	Gold  Trading Private Limited Enterprises	
miss:not_selected	0.10296816998284526	S1-898277346	Pocket Technologies Pvt Ltd	Fj/38, Jayngar Sarada Polly Baguiati, North 24 Parganas, Kolkata, Kolkata, Howrah, West Bengal	S3-214246722	M/s Pocket Technology Pvt Ltd	Fj/c-38, Kolkata, Howrah, WB
miss:not_in_candidates		S1-2468645	Bharat Impex Private Limited	Flat F2, Plot 2B, Annapoorani Nagar, Annex Ii, Chennai, Tamil Nadu	S3-474365119	பாரத் இம்பெக்ஸ் பிரைவேட் லிமிடெட்	TN, Tiruvallur, Flat F2, Plot 2B, Annapoorani Nagar, Annex Ii, Chennai
miss:not_selected	0.02739830000523252	S1-261482198	Commission on Transportation	5003 Silver Valley Way, Suitland, MD	S2-318349432	Commission on Transportation Co	020 SILVER VALLEY WAY, SUITLAND CCITY, MD
miss:not_selected	0.5684531243987698	S1-962737756	Fortune Shiva Management Private Limited	1318, 4Th Floor, 24Th Main Road, Sector Ll, Hsr Layout, Bangalore, Karnataka	S3-274220914	ಫಾರ್ಚೂನ್ ಶಿವ ಮ್ಯಾನೇಜ್‌ಮೆಂಟ್ ಪ್ರೈವೇಟ್ ಲಿಮಿಟೆಡ್	H.no 873 1318, Bangalore, KA
miss:not_selected	0.36401539069615535	S1-651215134	Coastal Summit LP	75-52 181 Street, Fresh Meadows, NY	S3-774065325	Coastal Summit LLC	PMB 8766, 75-52 181 Street, New York, Fresh Meadowss CITY
miss:not_in_candidates		S1-715866578	Fresh Marine Global	998 Hacienda Court, Westminster, MD	S3-831219581	Fresh Global Services	Westminster, Hacienda Ct, Maryland
miss:not_in_candidates		S1-522765421	United Surgical	27 Fort Hill Circle, Staten Island, NY	S3-567618565	United Sérvices	Fort Hill Circle, Staten Island, New York
miss:not_in_candidates		S1-270174378	NG Buildcon Private Limited	H.No. 11-5-290/1, Ground Floor Ravindra Nagar, Guntur, Andhra Pradesh	S2-181220618	NG Private Limited Service	1153086, GROUND FLOOR RAVINDRA NAGAR, GUNTUR, ఆంధ్రప్రదేశ్
miss:not_in_candidates		S1-25392020	Archisha Memorial Trust	Bangalore-1., 94/N, Infantry Road, Bangalore, Karnataka	S3-901950556	Haloavi	Door No B3/299 94/N, Bangalore-1., Bangalore, ಕರ್ನಾಟಕ
miss:not_in_candidates		S1-574480488	Laxmi Infra Private Limited	448A Enkay Square 6Th Floor Udyog Vihar Phase V, Gurugarm, Gurgaon, Haryana	S2-446283367	लक्ष्मी इंफ्रा प्राइवेट लिमिटेड	448A ENKAY SQUARE 6TH FLOOR UDYOG VIHAR PHASE V, GURUGARM, GURGAON, Haryana
miss:not_in_candidates		S1-649113023	Vijay Developers Pvt Ltd	38, Adarsh Nagar Ward No. 45, Ajmer Road, Beawar, Ajmer, Rajasthan	S3-861145331	Smt Vijay Pvt  Ltd Service	Ajmer, Beawar, Hn 115 38, Adarsh Nagar Ward No. 45, Ajmer Road, RJ
miss:not_in_candidates		S1-119749345	Rustom Solutions Co	B-51, 2Nd Floor, Butler Plaza, Civil Lines, Bareilly, Uttar Pradesh	S3-167429554	Rustom (Solutions)	
miss:not_selected	0.6538839111361555	S1-932249935	Balaji Services Pvt Ltd	Flat No.1303, Vasavi Mpm Building, Ameerpet Road, Khairatabad, Hyderabad, Telangana	S3-920375167	M/s Balaji Services (Pvt)	Flat No.130, Hyderabad, Khairatabad, తెలంగాణ
miss:assigned_elsewhere	6.997890138619586e-6	S1-993071332	Pi & Partners Pvt Ltd	2Nd Floor Room No. 38/2214, 38/2215, 38/2216 & 38/2217, Grand Mall Building, Shakarayyar Junction, Westfort, Thrissur, Kerala	S2-66336769	#pi	#2ND FLOOR ROOM NO. 38/2214, 38/2215, 38/2216 & 38/2217, GRAND MALL BUILDING, SHAKARAYYAR JUNCTION, WESTFORT, THRISSUR, കേരളം
miss:not_in_candidates		S1-319812003	Smart Industries Private Limited	Mahatma Gandhi Road Haridevpur, Kolkata, West Bengal, Kolkata, 72/2, Howrah	S3-916053392	Evoecto	2/2, Howrah, WB
miss:not_in_candidates		S1-198347601	Montay Services Inc	631 Lakeshore Drive, Edelstein, IL	S3-196229136	Montay Srhvces Inc	
miss:not_in_candidates		S1-85146998	National Futurecrest LLC	1325 Frank Clark Road, Sheridan, AR	S2-976003162	National Famturrfst  LLC	
miss:not_in_candidates		S1-799235525	Tech Foundation LLP	4/300 Vijayant Khand, Gomti Nagar, Lucknow, Uttar Pradesh	S2-952989512	Smt Tech LLP Partners	300 VIJAYANT KHAND, GOMTI NAGAR, LUCKNOW, उत्तर प्रदेश
miss:not_selected	0.4420800111614433	S1-167351696	Grand Continental Advisory LLC	4374 Roaring Timber Drive, Conroe, TX	S2-452810518	Grand Continental Advisory	
miss:assigned_elsewhere	2.1467175500044855e-6	S1-696546154	OHL Integrated Paloma Group	4691 Acorn Road, Tell City, IN	S2-995247954	OHL Inc Paloma Integrated	
miss:not_in_candidates		S1-355495289	Jay Industries Private Limited	Flat No. 328, Bldg No. 21, Smruti Chs Ltd Adarsh Nagar, Worli, Mumbai, Mumbai City, Maharashtra	S2-742999358	जय इंडस्ट्रीज प्राइवेट लिमिटेड	H.NO 328, MUMBAI CITY, MUMBAI, Maharashtra
miss:not_in_candidates		S1-354480339	Laxmi Management Private Limited	H.No.13/24 Indira Nagar, Lucknow, Uttar Pradesh	S3-125749630	लक्ष्मी मैनेजमेंट प्राइवेट लिमिटेड	No #13/24 Indira Nagar, Lucknow, UP
miss:not_in_candidates		S1-469995851	Stick Intelligence Private Limited	Shop No:4, Sy No:61/1, Hennagara Main Road Kachanayakanahalli, Anekal Taluk, Bengaluru, Bangalore, Karnataka	S3-301699187	siprivate.com	Door No 00460 Shop No:4, Bangalore, KA
miss:not_selected	0.7502190317630317	S1-107639809	Shivam Infotech Private Limited	5/2, 15Th Cross, 2Nd Blockjayanagar, Bangalore. Jayanagar, Bangalore, Karnataka	S2-7730428	ಶಿವಂ ಇನ್‌ಫೋಟೆಕ್ ಪ್ರೈವೇಟ್ ಲಿಮಿಟೆಡ್	BANGALORE, ಕರ್ನಾಟಕ, HN D/596 5/2, 15TH CROSS, 2ND BLOCKJAYANAGAR, BANGALORE. JAYANAGAR
miss:not_selected	0.6655551887207414	S1-378771348	Global Construction Private Limited	Maharashtra, Mumbai, Floor-1St, Plot-8(Pt), Ct-05, Lodha, Supremus, Ct-05 Commercial Tower, Wadala Truck, Terminal Road, New Cuff Parede, Ct-5-111A/111B, Mumbai	S2-766914996	ग्लोबल कंस्ट्रक्शन प्राइवेट लिमिटेड	C-5-111A/111B, Maharashtra, MUMBAI
miss:not_selected	0.6191301902276087	S1-356489000	Bright Digital Enterprises LP	5205 Cortland Boulevard, Unit Apt 337, Flagstaff, AZ	S2-290021970	Bright Digital Enterprises (LP)	
miss:not_in_candidates		S1-11782297	Gujarat Welfare Society Limited	Mumbai, Daulat Nagar Borivali (E), Maharashtra, 18 Devchand Building 3Rd	S2-163875695	GUJARAT WELFARE SOIGTY LIMITED	
miss:not_selected	0.3715523714918331	S1-643278441	Sukhada & Sons Corporation	C/O Tukaram Ramchandra Shinde, Tal Ashti, Ashti, Beed, Maharashtra	S3-947559137	Smt Sukhada-+ Sóns Corporation	
miss:not_in_candidates		S1-352490782	Jay Impex Pvt Ltd	Malayamkubam, Ambasamudramtirunvelveli Dt Tamil Nadu, Tamil Nadu	S3-334360717	ஜெய் இம்பெக்ஸ் பிரைவேட் லிமிடெட்	Malayamkubam, Ambasamudramtirunvelveli Dt Tamil Nadu, Tamil Nadu, தமிழ்நாடு
miss:not_in_candidates		S1-340498	Dynamic Logistics Corporation	KY, 219 Breckenridge Ln, Louisville	S3-869129108	Dynamic Corporation Services	Kentucky, Louisville, 219 Brekcenridge Ln
miss:assigned_elsewhere	4.4568592051760885e-7	S1-936441791	Seri Lingampally Insulation Partners	Sy No 30/P, 36/P, 39/P, Kondapur, Seri Lingampally, K.V.Rangareddy, Telangana	S3-443132682	Fluxtavo	Sy No 30/P, Seri Lingampally, K.v.rangareddy, TG
miss:not_in_candidates		S1-159828595	Drum Supreme Inpoint LLC	117 West Street, Medway, MA	S3-531686938	Drum Inpoint LLC (Partners)	
miss:not_in_candidates		S1-630507636	Jay International Private Limited	Obeya Roses, No. 62, Municipal No. 93/62, 11Th Main Road, Sector 6, Hsr Layout, Bangalore South, Bangalore, Karnataka	S2-496998623	ಜೇ ಇಂಟರ್‌ನ್ಯಾಷನಲ್ ಪ್ರೈವೇಟ್ ಲಿಮಿಟೆಡ್	BLOCK F-173 OBEAY ROSES, NO. 62, MUNICIPAL NO. 93/62, 11TH MAIN ROAD, SECTOR 6, HSR LAYOUT, BANGALORE, BANGALORE SOUTH, Karnataka
miss:not_in_candidates		S1-133575120	Jarlola Appliance Inc	10628 Wildlife Court, Alvaton, KY	S2-778376033	Synev0	10628 WILDLIFE COURT, ALVATON CITY, KY
miss:not_selected	0.6562128802874548	S1-175396224	Middle Village Dental Unified Medicine	82-92 61 Drive, Middle Village, NY	S3-255948522	Middle Víllage Dental Unified Medicine	61 Dr, Middle Ivllage CITY, New York
miss:not_in_candidates		S1-871951753	Shree Software Private Limited	378, Sanjeevani Nagar Opps Lal Maidan, Veer Sawarkar Ward, Jabalpur, Madhya Pradesh	S2-844836377	श्री सॉफ्टवेयर प्राइवेट लिमिटेड	378, JABALPUR, मध्य प्रदेश
miss:assigned_elsewhere	6.013738533021052e-6	S1-741653311	City Investments LLP	Tamil Nadu, New No .26 Old No. R-3/3, Chennai, Kaveri Salai, Besant Nagar, Chennai	S3-657759234	City LLP Services	New No .26 Old No. R-3/3, Madras, Besant Nagar, TN
miss:not_in_candidates		S1-166829400	Shree Foundation	Howrah, 7C, West Bengal, Kolkata, Rani Rashmani Road	S3-788895166	Dr Shree  Foudftrion	Hn 678 7C, Rani Rashmani Road, Howrah, Kolkata, WB
miss:not_selected	0.7236851412477645	S1-113483339	Unique Krishna Hospitality Private Limited	3/341, 1A, Rajiv Chs Ltd, Madhusudan Kalekar Marg, Bkc, Bandra East, Mumbai, Mumbai City, Maharashtra	S2-972911501	यूनिक कृष्ण हॉस्पिटैलिटी प्राइवेट लिमिटेड	7/341, 1A, RAJIV CHS LTD, MADHUSUDAN KALEKAR MARG, BKC, BANDRA EAST, MUMBAI, MUMBAI CITY, महाराष्ट्र
miss:not_selected	0.7102059455047579	S1-808453510	Hagen Soulpower	77 48, Unit Unit 19, Granby, NY	S3-197749824	HAGEN SOULPOWER	48, Unit Unit 19, Phoenixx CITY, New York
miss:not_in_candidates		S1-984397984	Beacon P.C.	2810 7th Street, Kansas City, KS	S2-130786893	Beensc P.C.	KANSAS CITY, 2443 7TH STREET, KS
miss:not_in_candidates		S1-296817140	Internal Medicine All Associates	Blacksburg Town, 11200 Foxtrail Lane, VA, Unit APT G	S2-314696681	Internal Medicine Associates Services	011200 FOXTRAIL LN, BLACKSBURG, VA
miss:not_in_candidates		S1-794847556	Barrientos Income, L.L.C.	3002 Deer Path Drive, City Of Wilson, NC	S3-302512331	Barrientos  Income, Llc	
miss:not_in_candidates		S1-889041038	Trautman Capital Inc	985 Executive Boulevard, Delaware, OH	S2-306391742	Trautman Capital	
miss:not_in_candidates		S1-555973111	Hotel Infra LLP	Sy No 48/9, Markandeya Nagar, Rajendranagar, Hyderabad, Telangana	S3-163221424	Hotel LLP Center	Sy No 48/9, Markandeya Nagar, Rajendranagar, Hyderabad, TG
miss:not_in_candidates		S1-971490950	Gujarat Impex Private Limited	Rajasthan, Bali, Tani, Pali	S3-557013609	Gujarat Impex Private	
miss:not_selected	0.37417002331781024	S1-775054172	Ricci's Coastal Fashion	116 Tarboro Street, City Of Wilson, NC	S3-138628583	Umbraxylo	Tarboro St, null, City Of Wilson, North Carolina
miss:not_selected	0.47061404248077726	S1-180359849	Westfield Point Corporation	20931 Promontory Lane, Westfield, IN	S3-688415788	Westfield Point	20932 Promontory Ln, Westfield, Indiana
miss:assigned_elsewhere	0.02242391438120911	S1-8264388	Atlantic Fund Inc	6676 Us 290, Johnson City, TX	S3-96965633	Atlantic Fund  Inc	
miss:not_selected	0.24847689061109457	S1-458924924	Surgical Medicine LLC	475 Pipevine Street, Unit 406, Sacramento, CA	S3-59656552	Surgical LLC Medicine	California, Unit 406, 460-C Pipevine Street, Sacramento
miss:not_selected	0.3489472195050983	S1-961218194	Slattery Holdings	1256 John Ross Road, East Ridge, TN	S2-7458778	SALNHRTERY HOLDINGS	##1511 JOHN ROSS ROAD, EAST RIDGE, TN
miss:not_in_candidates		S1-273433258	Sree Foods Private Limited	Office No. 01, Survey No. 15, Sukhsagar Nagar. Katraj, Pune, Pune City, Pune, Maharashtra	S3-45265209	श्री फूड्स प्राइवेट लिमिटेड	Pune, Pune City, महाराष्ट्र, Office No. 7-01
miss:not_in_candidates		S1-8611585	Alpha My Impex LLP	Pune, Gopadma Apartments, Lane No. 9, Sr. No 39/18, Prabhat Road, Erandwane, Flat No. 5, Pune, Maharashtra	S2-684511926	अल्फा माय इम्पेक्स एलएलपी	5, PUNE, महाराष्ट्र
miss:assigned_elsewhere	0.053432414702979415	S1-259586764	Allied Foundation Inc	3932 Deodar Street, East Chicago, IN	S3-283955491	Allied  Foundation Enterprises	
miss:not_in_candidates		S1-590891357	Shree Construction Private Limited	Ward 34, Shri Shyam Kunj, Oppside Of Baroda Bank, Sikar, Rajasthan	S3-515139155	Shree Coltsurtino Private Limited	
miss:not_selected	0.6023939567698469	S1-488534821	Kiran Printing Private Limited	A-8 Shreeji Niketan541-D Dr B Rd King Circle Matunga, Mumbai, Maharashtra	S3-369673483	Kiran Printing Psrivate Limited	#178 A-8 Shreeji Niketan541-d Dr B Rd King Circle Matunga, Mumbai, महाराष्ट्र
miss:not_in_candidates		S1-407334235	T & D Spa	2966 Navarre Avenue, Oregon, OH	S2-653523684	T  +	
miss:assigned_elsewhere	0.000013989570030186494	S1-632418575	Health & Co Ltd	21/95, Rajasthan, Near Mansarovar Metro Station, Kaveri Path, Mansarovar, Jaipur	S3-82483278	Hbelash & Co Ltd	<NULL>, 21/95/3, Jaipur, RJ
miss:not_in_candidates		S1-869821240	Infra Guru Solution Private Limited	7/1A Grant Lane, 4Th Floor, Room No. 4D, Kolkata, Kolkata, Howrah, West Bengal	S2-393605762	igsolution.com	DOOR NO 7/1A GRANT LANE, 4TH FLOOR, ROOM NO. 4D, KOLKATA, CALCUTTA, HOWRAH, West Bengal
miss:assigned_elsewhere	0.004581521939725734	S1-319014508	Rodriguez Energy	921 Midpark Drive, City Of Appleton, WI	S3-353594151	Rodriguez Etlfgy	
miss:not_in_candidates		S1-258557043	One Vijay Food Limited	No.2382, 3Rd Floor, 'E' Block, Sahakara Nagar, Bangalore North, Bangalore, Karnataka	S3-823269558	ಒನ್ ವಿಜಯ್ ಫುಡ್ ಲಿಮಿಟೆಡ್	No.238, 3Rd Floor, 'E' Block, Sahakara Nagar, Bangalore, Bangalore North, KA
miss:not_in_candidates		S1-795315639	International Management	Tamil Nadu, No.39, Chennai-600 091., Rajaji Nagar2Nd Street Madipakkam, Chennai	S3-272735980	Viowex Sys	No.39, Rajaji Nagar2Nd Street Madipakkam, Chennai-600 091., Chennai, Tamil Nadu
miss:not_in_candidates		S1-956652198	Swastik Infra Pvt Ltd	Wing A, Floor - Fifth, Statesmen House, New Delhi, Central Delhi, Delhi	S3-464326509	स्वस्तिक इंफ्रा प्रा. लि.	Whng A, New Delhi, DL
miss:not_in_candidates		S1-942210178	Stag LLC	508 Edgewater Way, Surf City, NC	S2-218846012	Stag-LLC	
miss:not_selected	0.4011480857826965	S1-822845287	Doleo Management LLC	11487 Camp Holland Road, Mason, TX	S2-631567147	Doleo Management L.L.C.	11488 CAMP HOLLAND ROAD, MASON, TX
miss:not_selected	0.34531751490427315	S1-780304363	Doon Management Pvt Ltd	C-227 Site-1 I/A, Bsr Road Gzb, Ghaziabad, Uttar Pradesh	S2-69276463	D0on Maanngefmnt Pvt Ltd Ltd	C-227/7 SITE-1 I/A, N/A, GHAZIABAD, HAPUR (PANCHSHEEL NAGAR), Uttar Pradesh
miss:not_in_candidates		S1-300312448	Safe Materials Networks	6876 Rainbow Lane, Port Arthur, TX	S2-671530881	Safe Networks Services	6876 Rainbow Ln, PORT ARTHUR CITY, TX
miss:not_in_candidates		S1-812698028	Elma Ginger Limited	Agra, Uttar Pradesh, H. No. E-361 Kamla Nagar	S2-876109974	Elma Limited (Partners)	
miss:not_in_candidates		S1-416682213	Life Laxmi Energy Private Limited	Karnataka, Second Floor, No.4C-303/2, 3Rd Block, Hrbr Layout, Bangalore	S3-580718054	ಲೈಫ್ ಲಕ್ಷ್ಮಿ ಎನರ್ಜಿ ಪ್ರೈವೇಟ್ ಲಿಮಿಟೆಡ್	Second Floor, No.4c-303/2, 3Rd Block, Hrbr Layout, Bangalore, KA
miss:not_in_candidates		S1-742490770	Lotus Systems Private Limited	Osian Building 12, Delhi, New Delhi, 411, Nehru Place	S3-453126694	Lotus Systems Prdaoet Limited	No 539 411, Nehru Place, Osian Building 12, दिल्ली, New Delhi
miss:not_selected	0.6352494145421255	S1-375963600	Thomas and Sturm Inc	1542 Baronet Lane, Palatine, IL	S3-692362051	Thomas and Stmrm Inc	1542 Baronet Ln, Palatine, Illinois
miss:not_selected	0.07557513942850756	S1-497553094	Blume, Flannery & Smith LLC	11031 Sr 18, Fostoria, OH	S3-942087409	Blume, Flannery & Smith	11033 Sr 18, Fostoria, Ohio
miss:not_in_candidates		S1-138705800	Anand Technology Private Limited	Faridabad, Haryana, Sector-16, Jiya Lal Jain Marg, Faridabad, 1933	S3-413756420	Anand Technology Limited (Center)	
miss:not_in_candidates		S1-433957149	Shree Services Private Limited	W-48 Greater Kailash - Ii, New Delhi, South Delhi, Delhi	S2-946527790	श्री सर्विसेज प्राइवेट लिमिटेड	DOOR NO 591 W-48 GREATER KAILASH - II, NEW DELHI, SOUTH DELHI, दिल्ली
miss:not_in_candidates		S1-818002460	Y & G Tower	185 County Line Circle, Bldg 6, Sale Creek, TN	S2-687234204	Y AND G	185 COUNTY LINE CIRCLE, SALE CREEK, TN
miss:not_in_candidates		S1-155660699	Anand Lakshmi Investments Private Limited	Flat No.424, Pocket-10, 03Rd Floor, Sfs Flats, Golden Jubilee Apartment, Rohini, Sector-11, North West, Delhi	S2-909314618	आनंद लक्ष्मी इन्वेस्टमेंट्स प्राइवेट लिमिटेड	Delhi, SECTOR-11, NORTH WEST, 00424
miss:not_selected	0.41877554051000326	S1-652171697	Monell, Bassett and Conklin Saratoga P.C.	637 Town Boulevard E, Unit 433, Mesquite, TX	S3-374065937	Monell, Bassett and Conklin Sáratoga P.C.	
miss:not_in_candidates		S1-689431130	Primary Care Great Clinic Inc	801 Federal Street, Unit 2120, Chandler, AZ	S2-539926511	Primary Care Great Clinic Incorporated	
miss:not_in_candidates		S1-930065670	Indus Engineering Private Limited	Shop No15 Swapnapurti Sra, Kandivali East, Maharashtra, Co Operating Housing Soc, Mumbai	S2-913465147	peindus.com	SHOP NO15 SWAPNAPURTI SRA, KANDIVALI EAST, MUMBAI, Maharashtra
miss:not_in_candidates		S1-891372250	Mountain Association	NY, Bath, 6 Washington Street, Unit Apartment 101	S2-358037062	Mountain Association Association	
miss:not_in_candidates		S1-920827405	Buzz & Brothers LLP	Plot No 17, H. No. 358/216Ka Nr Trt Colony, Rjp, Rajajipuram, Lucknow, Uttar Pradesh	S2-119538731	Buzz &	
miss:assigned_elsewhere	0.00016887993341715597	S1-167135614	Rm India (India) Pvt Ltd	Hyderabad, Telangana, Plot No. 40, 41 And 42, Survey No. 54, Kondapur, Cws One, Serilingampally	S2-19654134	riindia.com	CWS ONE, HYDERABAD, SERILINGAMPALLY, తెలంగాణ
miss:not_in_candidates		S1-7087938	Gerladina Lietz Metropolitan Bancorp	6337 Three Way Road, Decaturville, TN	S2-384686052	Gerladina Lietz [Metropolitan-Bancorp]	
miss:not_in_candidates		S1-882914312	My & Partners	G.No 682/11, At Post Narodi Tal-Ambegaon, Pune, Maharashtra	S2-217381803	My & Partners Limited	
miss:not_in_candidates		S1-589803811	Shivam Jay Marketing Limited	Second Floor, Dda Sheds, Okhla Industrial Area Phase - I, A -10, New Delhi, Delhi, New Delhi	S2-230501014	शिवम जय मार्केटिंग लिमिटेड	A -4-10, NEW DELHI, Delhi
miss:not_in_candidates		S1-303257542	Sree Investments Private Limited	Ahmedabad, F-9, Gujarat, Kadamb Flat, Opp. Swaminarayan Temple, Opp. G.E.B., Nr. Government Tubewell, Bo, Pal, Ahmedabad	S3-520413927	શ્રી ઇન્વેસ્ટમેન્ટ્સ પ્રાઇવેટ લિમિટેડ	ગુજરાત, Ahmedabad, F-9
miss:not_selected	0.7642059361859408	S1-162930575	Hill Williams Inc.	KY, Henderson, 422 Elm Street	S3-484206743	Hi1l  Williams	422A Elm Street, Henderson, Kentucky
miss:assigned_elsewhere	0.24304311855662689	S1-899039346	Zeo	3869 Apex Mine Drive, Magna City, UT	S2-313618668	Zeo	
miss:not_in_candidates		S1-109747991	Bambie Deffenbaugh, MD, DDS PC P.C.	11945 1150 Road, KS, Mound City	S3-180109569	Bambie Deffenbaugh, MD, P.C. PC DDS	
miss:not_selected	0.2678675333155562	S1-245393964	Bailey Argentina Inc	101 Wagon Lane, Angleton, TX	S2-177659643	Bailey Argentina Incorporated	
miss:not_in_candidates		S1-906790305	Ensol Institute of Technology	K-75A, Basement Kalkaji, New Delhi, South Delhi, Delhi	S3-686170468	Ensol of Technology Service	
miss:not_in_candidates		S1-927140863	Vp Technocracy Limited	Flat No. 5, 2Nd Floor, Plot 6, Sunbeam Chambers Vitthaldas Thackarsey Marg, New Marine L, Ines, Mumbai, Mumbai City, Maharashtra	S2-201838552	Dovahalodelta	FLAT NO. 5, MUMBAI, MUMBAI CITY, Maharashtra
miss:not_selected	0.5338480544072228	S1-946934237	Vh (India) India Limited	C/O Ravindra Kumar Sharma, Rassi Bzr, Jiyaji Chowk, Gird, Gwalior, Madhya Pradesh	S2-862397432	vh (india) india limited #42309	
miss:not_in_candidates		S1-103323584	New Sree Investments Pvt Ltd	B- 814 8Th Flr, Atrium Co Op Prem Soc Ltd Vlg., Mulgaon, M.V Road, Opp Divine Child School Andheri East, Mumbai, Maharashtra	S2-601110263	न्यू श्री इन्वेस्टमेंट्स प्रा. लि.	B- 14 8TH FLR, ATRIUM CO OP PREM SOC LTD VLG., MULGAON, M.V ROAD, OPP DIVINE CHILD SCHOOL ANDHERI EAST, BOMBAY, MUMBAI, Maharashtra
miss:not_in_candidates		S1-304620688	Real Hospitality Private Limited	C-3/9, G/F, Kh No-85 Kabir Nagar, Delhi, New Delhi, Delhi	S2-547821315	Real Hóspitality Prívate Limited	
miss:not_in_candidates		S1-58923535	Interstate Property Works Inc	14 Roberts Road, Plymouth, MA, Unit 6	S3-736199767	Interstate	14 Roberts Road, Unit 6, Plymouth, MA
miss:assigned_elsewhere	4.608348007604363e-7	S1-271635909	Heartland Home Care Inc	9164 150, Linwood, NC	S3-617225166	Heartland  Care Inc Service	9164-9166 150, Linwood, North Carolina
miss:not_in_candidates		S1-830869838	My Consultancy Private Limited	Flat No. 701, Plot No. 11, Ramakrishna Building, Happy Homes Society, Nehru Road, Vile Pa, Rle (East), Mumbai, Maharashtra	S3-597278644	माय Consultancy प्राइवेट लिमिटेड	70, Plot No. 11, Ramakrishna Building, Happy Homes Society, Nehru Road, Vile Pa, Rle (East), Mumbai, MH
miss:not_in_candidates		S1-288025733	Mccray Better Eye Care LLC	8501 63rd Street, Unit APARTMENT  G, Tulsa, OK	S2-850722073	Zephkorjax	8501 63TH STREET, <NULL>, TULSA, OK
miss:not_in_candidates		S1-617578669	Jain Infotech Private Limited	C/O- Chanchala Devi, 2Nd Floor, Near Govt. Middle School, Ward -28, Patna Sadar, Patna, Bihar	S3-938719779	Jain Private Limited Center	C/o- Chanchala Devi, Patna Sadar, Danapur, BR
miss:not_in_candidates		S1-711156912	Kri & Co	H. No. 1222 A/P Pawas T/D Ratanagiri, Ratanagiri, Ratnagiri, Maharashtra	S2-139294985	Kri Co 5ervice	H. NO. 1222 A/P PAWAS T/D RATANAGIRI, RATANAGIRI, महाराष्ट्र
miss:not_in_candidates		S1-805001902	Bhiwandi Foundation Public Limited	House No. 1528, Tulsi Nagar, Khoni Village, Khadipar, Bhiwandi, Thane, Maharashtra	S3-93320985	Foundation	House No. 1528, Tulsi Nagar, Khoni Village, Khadipar, Bhiwandi, Thane, Maharashtra
miss:not_in_candidates		S1-713407	Raj Business	Office No 036, Kalpataru Avenue Premises Csl, Akurli Road, Opp Esic Hospital, Kandivali East, Kandivali East, Mumbai, Maharashtra	S3-507189265	M/s Raj Raj Business	
miss:not_in_candidates		S1-842161774	Smart Hospitality Private Limited	G-11, Ganpati Paradise, Central Spine Vidhyadhar Nagar, Jaipur, Rajasthan	S3-498925267	Smart Private Limited Limited Center	Karauli, Jaipur, G-11, Ganpati Paradise, Central Spine Vidhyadhar Nagar, RJ
miss:not_selected	0.3515341864253183	S1-988742712	Big India LLP	Hd-031, Wework Salarpuria Symbiosis, Arekere Village, Begur Hobli, Bannerghatta Road, Bengaluru, Bangalore, Karnataka	S3-304546392	Big India	Door No 334 Hd-031, Wework Salarpuria Symbiosis, Arekere Village, Begur Hobli, Bannerghatta Road, Bengaluru, Bangalore, KA
miss:not_selected	0.4841777618967583	S1-608890240	Cascade Btc Inc	18 Burns Avenue, Huntington, NY	S3-767977256	Ectokordova	1 Burns Ave, Huntington, New York
miss:not_in_candidates		S1-778811753	Taum Holdings Inc.	2734 2086 Road, Hugo, OK	S2-904059221	Taum Inc. Holdings	
miss:not_selected	0.5084044056786622	S1-866105899	Sheldon American Crown P.C.	212 Creek Avenue, OK, Haskell	S2-733602144	sheldon sheldon american crown p.c.	
miss:not_selected	0.6068314297556043	S1-835544153	Ann Solutions Pvt. Ltd.	Flno 604 Wing Dreams Nandini Manjari Stud Farm, Slr Road, Pune, Maharashtra	S2-93751291	Ann Solutions Ltd. Pvt.	
miss:not_in_candidates		S1-652548575	Laxmi Agro Private Limited	Delhi, South Delhi, New Delhi, 13/328 Dakshinpuri Extn	S2-592795409	लक्ष्मी एग्रो Private Limited	13/328 DAKSHINPURI EXTN, NEW DELHI, SOUTH, Delhi
miss:not_in_candidates		S1-22749361	Pediatric Dental Physicians, LLC	3011 7th Street, Tacoma, WA	S3-190251362	Pediatric-Physicians, LLC Center	3011-3013 7th St, N/A, Tacoma CIY, Washington
miss:not_in_candidates		S1-9169092	Liberty Federal Xsolla PC	14680 Hinton Drive, Fishers, IN	S2-912672918	Liberty Federal Xsolla	
miss:not_in_candidates		S1-812671019	Sree Healthcare Private Limited	322, Sai Baba Nagar, Dwarkapuri, Indore, Madhya Pradesh	S2-620371094	Sree Healthcare Private	
miss:not_in_candidates		S1-825903969	Malhotra (India) Collective Ltd	Shop No 1, 31, Dhakshina Murthy Layout, Magadi Main Road, Channenahalli, Bangalore, Karnataka	S3-294874995	Malhotra (India)	
miss:not_selected	0.5289377363671125	S1-647731747	Mellor, Angst & Moore Home Care LLC	33-24 60 Street, Woodside, NY	S2-376855473	Mellor, Angst & Moore Hóme Cáre LLC	
miss:not_selected	0.051861209017055876	S1-319868525	Sm Residency	C/O Wave Industries Pvt. Ltd. Amroha Road Malasiatehsil Dhanaura, Dhanaura, Jyotiba Phule Nagar, Uttar Pradesh	S2-955285263	Sm Residency Limited	H.NO ##148 C/O WAVE INDUSTRIES PVT. LTD. AMROHA ROAD MALASIATEHSIL DHANAURA, DHANAURA, Uttar Pradesh
miss:not_in_candidates		S1-823147992	Ratnagiri Files Private Limited	Shop No. G-006, Shri Gajanan Chs, Ratnagiri, Maharashtra	S2-822209264	Pyramiradelta	SHPO NO. G-0-06, SHRI GAJANAN CHS, RATNAGIRI, महाराष्ट्र
miss:not_in_candidates		S1-802905926	Ss Properties Pvt Ltd	Gujarat, 10, Thaltej, B-Block, Second Floor, The Acropolis, S.G.Road, Ahmedabad	S3-333425225	Ss Pvt Ltd Partners	10, B-block, Second Floor, The Acropolis, S.g.road, Thaltej, Ahmedabad, GJ
miss:not_selected	0.6275586843979584	S1-759331792	Armstrong, Johnson & Johnston Grayscale PLLC	128 Debbie Drive, Eaton, OH	S2-7598275	Onyxveokelo	DEBBIE DRIVE, EATON, OH
miss:not_in_candidates		S1-607754914	Grace Presbyterian Church	OH, Akron, 275 Springside Drive	S2-140763455	Grace  Presbyterian Enterprises	
miss:not_selected	0.6225837902344206	S1-460464936	Continental Wholesale Systems	Round Rock, 533 Trinity Bend, TX	S2-696174851	Continental Wholesale - (8956371743)	477 TRINITY BEND, PO BOX 376, ROUND ROCK, TX
miss:not_selected	0.3680463115188735	S1-724102059	Nikon & Brothers Private Limited	H. No. 1074, Panchkula, Haryana, Sector 10, Ambala City	S2-202628726	Nik0n & Brothers Private Limited	H. NO. 1074, SECTOR 10, AMBALA CITY, हरियाणा
miss:not_in_candidates		S1-152408628	City Eastern Media Pvt Ltd	H.No. 7-4-96/A/Nr, Telangana, Hyderabad, Plot No. 6, Survey No. 34 Ferozguda Village, Balanagar Mandal, Med, Chal	S3-605602567	City	H.No. 7-4-96/A/Nr, Plot No. 6, Survey No. 34 Ferozguda Village, Balanagar Mandal, Med, Chal, Hyderabad, Telangana
miss:not_in_candidates		S1-921332319	First Creative Partners	6312 Spyglass Court, NC, Greensboro	S2-906012183	First-Partners Center	6298 SPYGLASS CT, GREENSBORO, NC
miss:not_in_candidates		S1-422137980	Education Initiative	3026 Willow Wood, Mesa, AZ	S2-567553342	Education Center	WILLOW WOOD, MESA FOUR PEAKS, AZ
miss:not_in_candidates		S1-713274787	Sky Producer Pvt Ltd	House No. 138/1 Gaharu Anshik, Lucknow, Uttar Pradesh	S3-439919215	Ltd Sky Pvt Center	House No. 138/1 Gaharu Anshik, Patna, Lucknow, UP
miss:not_selected	0.4056953370657938	S1-21575378	Rutherford Anchor Earth LP	413 -306 Harbour Point, Virginia Beach City, VA	S2-787620562	Rutherford Anchor Edth LP	
miss:not_selected	0.2096468379745856	S1-623494249	Innovative Dream Agro	1354 C Birwadi, Taluka Mahad, Raigarh, Maharashtra	S3-872905329	Onyxnovixylo	H.no 1354 C Birwadi, Taluka Mahad, Raigarh (MAHARASHTRA), Raigarh, MH
miss:not_selected	0.026819230478799288	S1-781778391	Hayes Blue Karman	NY, 172 Village Circle, Brookhaven	S3-489739126	Hayes-Blue Corp Karman	173 Village Cir, New York, Brookhaven
miss:not_in_candidates		S1-643895543	One New Developers Private Limited	No 38/39 Temple View 3, 1St Cross, Behind Gutte Anjanneya Temple, Bangalore South, Bangalore Rural, Karnataka	S2-73985726	ಒನ್ ನ್ಯೂ ಡೆವಲಪರ್ಸ್ ಪ್ರೈವೇಟ್ ಲಿಮಿಟೆಡ್	H.NO 038/39 TEMPLE VIEW 3, BANGALORE RURAL, BANGALORE SOUTH, Karnataka
miss:not_in_candidates		S1-259528195	Urban Estate Private Limited	Viii/191M5 Navar Complex, Mannarkkad, Palakkad, Kerala	S2-714940409	അർബൻ എസ്റ്റേറ്റ് പ്രൈവറ്റ് ലിമിറ്റഡ്	VIII/191M5 NAVAR COMLEX, PALAKKAD, Kerala
miss:not_in_candidates		S1-983641083	Business & Co	#10, 5Th A Block, 17Th B Main Road, Koramangala., Bangalore., Karnataka	S3-689298090	b.com	#10, 5Th A Block, 17Th B Main Road, Bangalore, Bangalore., KA
miss:not_selected	0.5497575834177719	S1-635493859	Vallejos Boston LLC	9448 Leamington Avenue, Skokie, IL	S3-724896748	Vallej0s Bono LLC	9448 Leamington Ave, Skkokie, Illinois
miss:not_in_candidates		S1-432495220	Aasaan Solutions Pvt Ltd	11 3 3, Flat No.D 1, Priya Riviera Apartments Ramaraopeta, Kakinada, East Godavari, Andhra Pradesh	S3-70839605	Aasaan Sloutdcirns Pvt Ltd	AP, 11 3 3
miss:not_selected	0.46303631940385226	S1-613970509	Avalos Law Group Corp	21 A Ministerial Drive, Concord, MA	S3-981640092	Aalos Law Group Corp Corp	21 A Ministerial Dr, Concord, Massachusetts
miss:not_in_candidates		S1-334490836	Foot & Ankle Physicians LLC	240 Williams Street, Ripley, TN	S3-734373765	Foot &  Ankle Physicians Industries	
miss:assigned_elsewhere	0.3893492877951048	S1-540312647	Green (India) Services Pvt Ltd	64, Ground Floor, Back Portion, Poorvi Marg, Vasant Vihar, New Delhi, South West Delhi, Delhi	S2-317091969	Green(India) Services Pvt Ltd	
miss:not_in_candidates		S1-631792486	Om Ventures	100 A Guru Angad Nagar Extention Laxmi Nagar, Delhi, New Delhi, Delhi	S2-669642732	Om (Services)	100 A GURU ANGAD NAGAR EXTENTION LAXMI NAGAR, DELHI, Delhi
miss:not_in_candidates		S1-718268138	Prime Shree Infrastructure Pvt Ltd	Delhi, C/O Hpg Consulting I Pltd, South West Delhi, Dwarka Sec8 Metro Station, New Delhi	S2-259939958	प्राइम श्री इंफ्रास्ट्रक्चर प्रा. लि.	HN 286 C/O HPG CONSULTING I PLTD, DWARKA SEC8 METRO STATION, NEW DELHI, SOUTH WEST DELHI, दिल्ली
miss:not_selected	0.7204517204659622	S1-259574971	Sunrise Hospitality Pvt Ltd	Powai Vihar Complex, B4/605 Lake Palace Bld, Near Gopal Sharma Schoo, L, Powai Mumbai, Mumbai City, Maharashtra	S3-717646613	Sunrise-Hospitality  Pvt Ltd	Door No #725 Powai Vihar Complex, MH, Mumbai City, Powai Mumbai
miss:not_in_candidates		S1-234662620	Integrated Street Inc	32 College Road, Burlington, MA	S3-254410793	Integrated Inc Center	32 College Rd, Massachusetts, Burlington
miss:not_in_candidates		S1-324006956	Ace Energy LLP	Vp 7/441 E, Keerankayil Building, First Floor, Santhinagar, Velom, Vadakara, Kozhikode, Kerala	S3-407120993	Ace LLP Service	Vp 7/441 E, Kozhikode, Vadakara, KL
miss:not_in_candidates		S1-710790888	Jai Consulting Private Limited	Carnation Shop No 4 A Wing Off Yari Road Versova Andheri West, Mumbai, Maharashtra	S2-422840879	जय कंसल्टिंग Private Limited	CARNATION SHOP NO 4 A WING OFF YARI ROAD VERSOVA ANDHERI WEST, MUMBAI, महाराष्ट्र
miss:not_in_candidates		S1-904147041	West Educational Society	Property No. D-41, Common For S/F, F/F, D- Block, Sector-8, Dwarka, New Delhi, South West Delhi, Delhi	S3-418252364	Pyrazeph	Property No. D-41, Common For S/f, F/f, D- Block, Sector-8, Dwarka, New Delhi, Dwarka, दिल्ली
miss:not_in_candidates		S1-436017469	Desert Council Center	13419 Dahlgren Road, King George County, VA	S2-96631498	Desert Center-Council	
miss:not_in_candidates		S1-556316386	Cascade Management Ltd	2101 Main Street, Unit 304, Sunset, UT	S3-418872914	Cascade	Sunset, UT, 2101 Main Street, Unit 304
miss:not_in_candidates		S1-533038319	Rnn Group	Shopno03 Saragi Residency, Dhadge Mala Chakan Ct, Khed, Pune, Maharashtra	S3-961753440	rnn.com	Shopno03 Saragi Residency, Dhadge Mala Chakan Ct, Khed, Pune, MH
miss:not_in_candidates		S1-102043549	North Cardiology	4898 Westchester Drive, Unit 2, Youngstown, OH	S2-244541187	North Services	WESTCHESTER DR, YOUNGSTOWN, OH
miss:not_in_candidates		S1-480356360	Empire Initiative LLC	1240 Campbell Street, Toledo, OH	S2-462997309	Empire LLC Center	1240 CAMPBELL STREET, TLEDO, OH
miss:not_in_candidates		S1-230429181	Star Energy Pvt Ltd	729 Masjid Bati Road Milonnagar, Kanchrapara, North Twentyfour Parganas, Parganas North, West Bengal	S2-713572138	STAR EEMRGY PVT LTD	729 MASJID BATI ROAD MILONNAGAR, KANCHRAPARA, NORTH TWENTYFOUR PARGANAS, West Bengal
miss:assigned_elsewhere	0.22657520760557265	S1-33792474	Tri-State Enterprises LLC	2718 Dupont Street, Pasadena, TX	S2-479602815	TRI-STATE [ENTERPRISES]	
miss:not_selected	0.615735220189786	S1-665895131	Kube Markets	474 Thompkins Lane, Clarksville, TN	S3-387407706	Kube Markets Co	47 Thompkins Lane, Clarksville, Tennessee
miss:not_selected	0.4420804734128223	S1-289081508	International Care Private Limited	A/66, Madhya Pradesh, Ratlam, Industrial Area, Ratlam	S2-310970043	INTERNATIONAL  CARE PRIVATE	#00494 A/66, INDUSTRIAL AREA, RATLAM, Madhya Pradesh
miss:not_in_candidates		S1-207144451	Silver Auto Body	2724 Mistwood Court, Grand Forks, ND	S2-813615606	Silver Atbou Body	2724 MISTWOOD CORT, GRAND FORKS, ND
miss:not_selected	0.6618294663939427	S1-362273472	Diamond Charter	4388 Highland Drive, Unit 4, Millcreek, UT	S2-519387103	Diamond Charter Co	5388 HIGHLAND DR, MILLCREEK, UT
miss:not_selected	0.3744018773439765	S1-959151878	Merrielle's Heartland Bakery	545 Broken Island Road, Fluvanna County, VA	S2-750956347	Merrielle's Herantlind Bakery	
miss:not_in_candidates		S1-91191073	Blue Consultancy Private Limited	G-49, Sector-03, Ground Floor Bawana Industrial Area, Delhi, North West, Delhi	S2-641183584	Blue Consultancy Prihvascte Limited	
miss:not_selected	0.33157554873402134	S1-660790690	Ofilia's Realty Inc.	44 Ellington Avenue, Fl Floor 1, Depew, NY	S2-920277001	Ofilia's Inc. Partners	
miss:not_in_candidates		S1-695692335	My Enterprises Private Limited	M.Z.A. Mulla Timber Mart, Near Police Station, Kashimira Road, Bhayander (West), Mumbai, Thane, Maharashtra	S3-463298808	माय एंटरप्राइजेज प्राइवेट लिमिटेड	M.z.a. Mulla Timber Mart, Near Police Station, Kashimira Road, Bhayander (West), Mumbai, Thane, महाराष्ट्र
miss:not_in_candidates		S1-866283357	Rank Foundation	1St Floor, Mount Kailash East Of Kailash, South Delhi, New Delhi, B-137, Delhi	S3-834499354	rfoundation.com	दिल्ली, South Delhi, 1St Floor, Mount Kailash East Of Kailash, New Delhi, B-137
miss:not_in_candidates		S1-993618951	Maurya Traders Private Limited	Plot No-32K No-77/1, Almas Bagh Baroura Husain Bari, Balaganj, Lucknow, Uttar Pradesh	S3-203057308	Maurya  Traders	
miss:not_selected	0.6357923361584246	S1-799867432	GHU Generating P.C.	9302 College Avenue, Unit APARTMENT  1803, Tulsa, OK	S3-678187285	ghu generating p.c.	Oklahoma, 9486 College Ave, Tulsa
miss:not_in_candidates		S1-47238557	Super Marketing Limited	C-910, Bcc Greens, Naubasta Kala, Lucknow, Uttar Pradesh	S3-847938376	Super [Marketing] [Marketing]	C-910, Lucknow, UP
miss:not_in_candidates		S1-844746739	Black Developers Pvt Ltd	13, 1St Floor, Shakti Tenament, Ahmadabad City, Ahmedabad, Gujarat	S3-379557385	બ્લેક ડેવલપર્સ પ્રા. લિ.	13, Ahmadabad City, Ahmedabad, GJ
miss:not_in_candidates		S1-633548361	Seline's Regional Metal Works	218 Preston Street, Unit APT 4A, Baltimore, MD	S3-502338161	rmse1ines.com	218 Preston Street, PMB 3743, Baltimore, Maryland
miss:not_in_candidates		S1-338596405	Shakti It Limited	C/O P.Malathi, Krishna, #9-123 Beside Chinna Gudi Main Road, Penamaluru, Andhra Pradesh, Vijayawada	S2-199536621	Shakti-Limited Center	C/O P.MALATHI, #9-123 BESIDE CHINNA GUDI MAIN ROAD, PENAMALURU, VIJAYAWADA, Andhra Pradesh
miss:not_in_candidates		S1-149299514	Highland Trust	919 Pleasant Street, Paris, KY	S2-356322035	Highland  Service	
